timestamp,actual,predicted,model
2024-08-09 08:00:00,1428.1394445,1507.4166096582908,LSTM
2024-08-09 09:00:00,1502.3298155,1503.5352812343815,LSTM
2024-08-09 10:00:00,1500.6971535,1498.9938179400658,LSTM
2024-08-09 11:00:00,1597.17066175,1495.0595908437456,LSTM
2024-08-09 12:00:00,1493.36172575,1493.8635158865393,LSTM
2024-08-09 13:00:00,1621.98228825,1493.3893834680973,LSTM
2024-08-09 14:00:00,1461.04581375,1494.867552486668,LSTM
2024-08-09 15:00:00,1522.956482,1496.4184662336615,LSTM
2024-08-09 16:00:00,1334.7961705,1499.5870266945785,LSTM
2024-08-09 17:00:00,1602.23658075,1499.5187485359395,LSTM
2024-08-09 18:00:00,1449.39122325,1501.2201977564528,LSTM
2024-08-09 19:00:00,1685.3365815,1503.4949131009853,LSTM
2024-08-09 20:00:00,1514.67295825,1503.317988650311,LSTM
2024-08-09 21:00:00,1402.69781425,1504.8674296364568,LSTM
2024-08-09 22:00:00,1530.453833,1505.3319528939587,LSTM
2024-08-09 23:00:00,1482.826826,1507.7541374722136,LSTM
2024-08-10 00:00:00,1429.33877625,1509.8875643498595,LSTM
2024-08-10 01:00:00,1599.70526175,1507.0993624855478,LSTM
2024-08-10 02:00:00,1546.37596775,1507.8346805900426,LSTM
2024-08-10 03:00:00,1563.7369525,1503.607905244702,LSTM
2024-08-10 04:00:00,1503.677489,1500.5195981781685,LSTM
2024-08-10 05:00:00,1377.91943975,1494.8128430427232,LSTM
2024-08-10 06:00:00,1408.88759025,1494.4736251753686,LSTM
2024-08-10 07:00:00,1328.2098341,1492.3259052744152,LSTM
2024-08-10 08:00:00,1375.43432325,1486.4710048838747,LSTM
2024-08-10 09:00:00,1563.50470875,1480.9226318985966,LSTM
2024-08-10 10:00:00,1407.25367875,1477.6433970815262,LSTM
2024-08-10 11:00:00,1559.76824675,1477.427504827442,LSTM
2024-08-10 12:00:00,1712.339355,1476.5910249532521,LSTM
2024-08-10 13:00:00,1464.28523275,1476.5714203334448,LSTM
2024-08-10 14:00:00,1412.59615275,1478.4906208668174,LSTM
2024-08-10 15:00:00,1534.31492675,1476.5408786535727,LSTM
2024-08-10 16:00:00,1426.83875325,1476.8067240583728,LSTM
2024-08-10 17:00:00,1511.53985,1481.3900282469324,LSTM
2024-08-10 18:00:00,1519.66691725,1482.1309235277515,LSTM
2024-08-10 19:00:00,1429.3845335,1483.9789003807898,LSTM
2024-08-10 20:00:00,1498.65704725,1484.660257493574,LSTM
2024-08-10 21:00:00,1391.14381075,1485.275485229939,LSTM
2024-08-10 22:00:00,1491.43111,1484.5293024962407,LSTM
2024-08-10 23:00:00,1664.1608222499997,1484.2724143746284,LSTM
2024-08-11 00:00:00,1431.55548775,1485.315780932474,LSTM
2024-08-11 01:00:00,1369.95844675,1487.4409748355454,LSTM
2024-08-11 02:00:00,1597.9689035,1487.3092955295986,LSTM
2024-08-11 03:00:00,1460.33936225,1487.110207235349,LSTM
2024-08-11 04:00:00,1528.681071,1488.3067892085846,LSTM
2024-08-11 05:00:00,1151.596013575,1489.842637336416,LSTM
2024-08-11 06:00:00,1527.2367905,1489.8803013843215,LSTM
2024-08-11 07:00:00,1385.7522545000002,1485.8669073565381,LSTM
2024-08-11 08:00:00,1471.95485875,1483.4755300379802,LSTM
2024-08-11 09:00:00,1437.87993,1483.7321525797674,LSTM
2024-08-11 10:00:00,1576.1784315,1481.8575211697498,LSTM
2024-08-11 11:00:00,1566.2180745,1479.5225433485684,LSTM
2024-08-11 12:00:00,1441.752776,1479.8864359960253,LSTM
2024-08-11 13:00:00,1318.24824125,1481.6184510400315,LSTM
2024-08-11 14:00:00,1389.09557725,1479.4711898678665,LSTM
2024-08-11 15:00:00,1421.18451275,1480.870819689106,LSTM
2024-08-11 16:00:00,1498.894033,1476.7014578732008,LSTM
2024-08-11 17:00:00,1496.83061775,1480.8850644251727,LSTM
2024-08-11 18:00:00,1621.9512922500003,1483.070303512309,LSTM
2024-08-11 19:00:00,1599.685607,1485.6150893952208,LSTM
2024-08-11 20:00:00,1408.63794975,1491.2310645177654,LSTM
2024-08-11 21:00:00,1509.1031895,1495.3867610444945,LSTM
2024-08-11 22:00:00,1701.1346812499999,1495.1911735752105,LSTM
2024-08-11 23:00:00,1592.52115175,1496.6049998452759,LSTM
2024-08-12 00:00:00,1489.1693045,1495.4642862097667,LSTM
2024-08-12 01:00:00,1621.88966125,1504.7217470306477,LSTM
2024-08-12 02:00:00,1420.9732405,1508.4322834834775,LSTM
2024-08-12 03:00:00,1368.508313,1509.877713752715,LSTM
2024-08-12 04:00:00,1474.467017,1512.1872441979397,LSTM
2024-08-12 05:00:00,1465.1178725,1510.458029813906,LSTM
2024-08-12 06:00:00,1439.091845,1509.6715272340523,LSTM
2024-08-12 07:00:00,1520.52425975,1504.3118366426088,LSTM
2024-08-12 08:00:00,1566.33108,1504.5037301379634,LSTM
2024-08-12 09:00:00,1477.129329,1505.1898918312174,LSTM
2024-08-12 10:00:00,1629.8293590000003,1503.241018788309,LSTM
2024-08-12 11:00:00,1364.65543775,1501.6387032733728,LSTM
2024-08-12 12:00:00,1518.5049215,1502.0754613673546,LSTM
2024-08-12 13:00:00,1380.653084,1498.7884523044986,LSTM
2024-08-12 14:00:00,1471.160842,1497.6801152640162,LSTM
2024-08-12 15:00:00,1465.60764075,1494.6539297329064,LSTM
2024-08-12 16:00:00,1483.96461875,1491.9213306264962,LSTM
2024-08-12 17:00:00,1369.45704625,1491.5871346321958,LSTM
2024-08-12 18:00:00,1354.85165275,1493.1552627805715,LSTM
2024-08-12 19:00:00,1455.820897,1497.9801238917562,LSTM
2024-08-12 20:00:00,1339.16443075,1498.1843789207826,LSTM
2024-08-12 21:00:00,1548.6730795,1498.6357680487583,LSTM
2024-08-12 22:00:00,1274.15046175,1500.8162266990453,LSTM
2024-08-12 23:00:00,1410.9611610000002,1504.1373265539796,LSTM
2024-08-13 00:00:00,1540.50344675,1503.178824822024,LSTM
2024-08-13 01:00:00,1565.91332975,1494.6817914709081,LSTM
2024-08-13 02:00:00,1553.05258825,1496.8598599027703,LSTM
2024-08-13 03:00:00,1707.7110137499997,1500.1707228626328,LSTM
2024-08-13 04:00:00,1574.44141875,1502.0116739221196,LSTM
2024-08-13 05:00:00,1396.0797665,1508.2345955192143,LSTM
2024-08-13 06:00:00,1468.88169375,1509.1750378230715,LSTM
2024-08-13 07:00:00,1441.7101710000002,1506.5934087753496,LSTM
2024-08-13 08:00:00,1496.08069475,1502.173387891909,LSTM
2024-08-13 09:00:00,1412.35040325,1497.7665977124761,LSTM
2024-08-13 10:00:00,1490.78429275,1494.572348439398,LSTM
2024-08-13 11:00:00,1374.5892015,1493.9361881841007,LSTM
2024-08-13 12:00:00,1367.424557,1494.898190741022,LSTM
2024-08-13 13:00:00,1634.5043205,1496.18190704047,LSTM
2024-08-13 14:00:00,1633.5349984999998,1494.7613205566781,LSTM
2024-08-13 15:00:00,1509.91191625,1495.1405685467425,LSTM
2024-08-13 16:00:00,1588.808418,1499.685436091542,LSTM
2024-08-13 17:00:00,1561.5350635,1500.786481758648,LSTM
2024-08-13 18:00:00,1388.80282275,1502.1482785266387,LSTM
2024-08-13 19:00:00,1628.7918502500002,1500.6778354666126,LSTM
2024-08-13 20:00:00,1562.94469625,1500.3190612666917,LSTM
2024-08-13 21:00:00,1478.5299825,1496.3855826226054,LSTM
2024-08-13 22:00:00,1460.86840775,1501.4344965315872,LSTM
2024-08-13 23:00:00,1477.26008,1499.4908385106964,LSTM
2024-08-14 00:00:00,1378.1040545,1505.755914869101,LSTM
2024-08-14 01:00:00,1555.098112,1499.4949912134143,LSTM
2024-08-14 02:00:00,1283.20580675,1501.001456555155,LSTM
2024-08-14 03:00:00,1578.1608515,1498.126917104106,LSTM
2024-08-14 04:00:00,1470.4973015,1495.9476414912215,LSTM
2024-08-14 05:00:00,1388.178794625,1496.194075425178,LSTM
2024-08-14 06:00:00,1393.1181165,1497.7230426211802,LSTM
2024-08-14 07:00:00,1429.7742885,1496.6030200683988,LSTM
2024-08-14 08:00:00,1241.92270275,1496.1923370845054,LSTM
2024-08-14 09:00:00,1366.45826375,1491.3004291393247,LSTM
2024-08-14 10:00:00,1536.90259175,1489.9232287414857,LSTM
2024-08-14 11:00:00,1696.3251165000001,1489.9526356711965,LSTM
2024-08-14 12:00:00,1518.469767175,1489.3281367845777,LSTM
2024-08-14 13:00:00,1460.28104525,1490.0784480773732,LSTM
2024-08-14 14:00:00,1615.8091475,1489.3944351663397,LSTM
2024-08-14 15:00:00,1565.16814525,1486.3791384080537,LSTM
2024-08-14 16:00:00,1568.76202525,1488.5437588433238,LSTM
2024-08-14 17:00:00,1672.4410547500001,1490.6282707459332,LSTM
2024-08-14 18:00:00,1470.195536,1491.278772311779,LSTM
2024-08-14 19:00:00,1551.52193275,1498.6411762197397,LSTM
2024-08-14 20:00:00,1639.9936562499997,1501.3689224584389,LSTM
2024-08-14 21:00:00,1523.7731515,1502.9513919173635,LSTM
2024-08-14 22:00:00,1442.2363025,1497.6830607857112,LSTM
2024-08-14 23:00:00,1377.559268,1499.642363872655,LSTM
2024-08-15 00:00:00,1454.07681975,1499.8263382605014,LSTM
2024-08-15 01:00:00,1578.80705575,1502.7028092011867,LSTM
2024-08-15 02:00:00,1576.503602,1501.838371014513,LSTM
2024-08-15 03:00:00,1479.2307125,1503.9933340016023,LSTM
2024-08-15 04:00:00,1348.5788135,1504.171031048131,LSTM
2024-08-15 05:00:00,1581.811196,1500.708546151828,LSTM
2024-08-15 06:00:00,1379.324212,1503.825487552218,LSTM
2024-08-15 07:00:00,1413.22663,1501.924998324696,LSTM
2024-08-15 08:00:00,1450.93319,1499.0510383205378,LSTM
2024-08-15 09:00:00,1336.8771702499998,1503.6186250121827,LSTM
2024-08-15 10:00:00,1429.0035309999998,1499.0831976229802,LSTM
2024-08-15 11:00:00,1535.8418545,1495.502626279045,LSTM
2024-08-15 12:00:00,1477.3923945,1496.262836456226,LSTM
2024-08-15 13:00:00,1507.9573045,1494.8326166678737,LSTM
2024-08-15 14:00:00,1627.027504,1491.7958079437649,LSTM
2024-08-15 15:00:00,1533.47343875,1491.175316898141,LSTM
2024-08-15 16:00:00,1551.390786,1489.8671913984158,LSTM
2024-08-15 17:00:00,1406.5755758,1492.2630352867575,LSTM
2024-08-15 18:00:00,1239.3243311,1486.1084884227837,LSTM
2024-08-15 19:00:00,1568.43490525,1487.0603265154946,LSTM
2024-08-15 20:00:00,1396.03534625,1485.565884696739,LSTM
2024-08-15 21:00:00,1682.6327485,1490.9357638960134,LSTM
2024-08-15 22:00:00,1471.87647425,1498.7853619210807,LSTM
2024-08-15 23:00:00,1537.16173225,1504.2478077611693,LSTM
2024-08-16 00:00:00,1722.5413702499998,1502.0370247235944,LSTM
2024-08-16 01:00:00,1648.67702,1514.3829133291113,LSTM
2024-08-16 02:00:00,1447.35117125,1516.384226315642,LSTM
2024-08-16 03:00:00,1390.59748775,1517.7733053747438,LSTM
2024-08-16 04:00:00,1611.15025625,1517.15440780807,LSTM
2024-08-16 05:00:00,1537.98644625,1517.4851754082663,LSTM
2024-08-16 06:00:00,1363.5390825,1514.106227438728,LSTM
2024-08-16 07:00:00,1407.98877825,1512.2383320988165,LSTM
2024-08-16 08:00:00,1394.32387125,1507.3232704216223,LSTM
2024-08-16 09:00:00,1354.39082125,1502.3061778043966,LSTM
2024-08-16 10:00:00,1233.14984825,1496.2185087690757,LSTM
2024-08-16 11:00:00,1512.6912035,1491.5266790065832,LSTM
2024-08-16 12:00:00,1398.572643,1490.5803456593353,LSTM
2024-08-16 13:00:00,1432.19145875,1486.9971185171505,LSTM
2024-08-16 14:00:00,1530.3602585,1489.0128452450913,LSTM
2024-08-16 15:00:00,1553.32305325,1490.638990513414,LSTM
2024-08-16 16:00:00,1376.4078995,1489.920959241163,LSTM
2024-08-16 17:00:00,1297.32838,1487.8168910059874,LSTM
2024-08-16 18:00:00,1401.0712975,1487.7099830546247,LSTM
2024-08-16 19:00:00,1482.15751075,1491.0475005714666,LSTM
2024-08-16 20:00:00,1539.131572,1494.314518716588,LSTM
2024-08-16 21:00:00,1532.04444575,1496.5890650557774,LSTM
2024-08-16 22:00:00,1521.084688,1501.8108472871975,LSTM
2024-08-16 23:00:00,1613.14374725,1505.603520336806,LSTM
2024-08-17 00:00:00,1452.32524625,1506.3187509490845,LSTM
2024-08-17 01:00:00,1543.54531575,1503.048738995027,LSTM
2024-08-17 02:00:00,1834.06653975,1502.0289124671226,LSTM
2024-08-17 03:00:00,1493.60751325,1501.5991560230718,LSTM
2024-08-17 04:00:00,1699.1727290000001,1503.5626118127334,LSTM
2024-08-17 05:00:00,1734.0721532499997,1503.585113666995,LSTM
2024-08-17 06:00:00,1382.61157275,1505.236730454895,LSTM
2024-08-17 07:00:00,1607.339453,1504.4026166555093,LSTM
2024-08-17 08:00:00,1503.361045,1500.4466361571615,LSTM
2024-08-17 09:00:00,1564.0921825,1500.2808177718953,LSTM
2024-08-17 10:00:00,1605.7329925,1496.4114645837303,LSTM
2024-08-17 11:00:00,1553.9269135,1494.1241221257012,LSTM
2024-08-17 12:00:00,1522.4649095,1494.710884533553,LSTM
2024-08-17 13:00:00,1395.92109925,1488.5787670929797,LSTM
2024-08-17 14:00:00,1537.5523245,1490.3491704935047,LSTM
2024-08-17 15:00:00,1519.75752825,1484.8764636147241,LSTM
2024-08-17 16:00:00,1329.22316275,1483.0200847817682,LSTM
2024-08-17 17:00:00,1546.20574275,1480.6861934235073,LSTM
2024-08-17 18:00:00,1535.939,1478.4377946252678,LSTM
2024-08-17 19:00:00,1578.155107,1477.6321461543955,LSTM
2024-08-17 20:00:00,1498.4185635,1479.7289230161946,LSTM
2024-08-17 21:00:00,1585.60831475,1483.6128106638719,LSTM
2024-08-17 22:00:00,1399.6674725,1486.3665837254186,LSTM
2024-08-17 23:00:00,1479.559226,1482.063683544792,LSTM
2024-08-18 00:00:00,1420.4753955,1484.6062723582424,LSTM
2024-08-18 01:00:00,1426.202208,1484.590385855985,LSTM
2024-08-18 02:00:00,1250.8378315,1488.1948835277883,LSTM
2024-08-18 03:00:00,1477.25022425,1490.187649672679,LSTM
2024-08-18 04:00:00,1436.03449925,1490.4510807154338,LSTM
2024-08-18 05:00:00,1496.94095225,1493.0598954797852,LSTM
2024-08-18 06:00:00,1575.9713475,1494.656102658747,LSTM
2024-08-18 07:00:00,1509.42000225,1492.4095387756618,LSTM
2024-08-18 08:00:00,1594.6910739999998,1493.7460813166595,LSTM
2024-08-18 09:00:00,1838.8794387499997,1493.4293170163255,LSTM
2024-08-18 10:00:00,1549.5022290000002,1495.0370889894841,LSTM
2024-08-18 11:00:00,1488.967622,1498.6134593434606,LSTM
2024-08-18 12:00:00,1666.3236795000003,1494.0985298880219,LSTM
2024-08-18 13:00:00,1533.945173,1490.028736362862,LSTM
2024-08-18 14:00:00,1320.42303725,1485.8482926251693,LSTM
2024-08-18 15:00:00,1388.701852575,1487.759960348961,LSTM
2024-08-18 16:00:00,1587.110687,1487.2065402809535,LSTM
2024-08-18 17:00:00,1427.20044875,1485.3584909970539,LSTM
2024-08-18 18:00:00,1510.22054425,1486.8998197267279,LSTM
2024-08-18 19:00:00,1505.45962625,1486.8561197737092,LSTM
2024-08-18 20:00:00,1490.3335835,1484.1477367186128,LSTM
2024-08-18 21:00:00,1488.449606,1485.181759695343,LSTM
2024-08-18 22:00:00,1439.002949,1488.3353752552002,LSTM
2024-08-18 23:00:00,1550.90084325,1487.18819112941,LSTM
2024-08-19 00:00:00,1641.2848685,1492.140337407619,LSTM
2024-08-19 01:00:00,1575.19958225,1498.401671504853,LSTM
2024-08-19 02:00:00,1630.56661175,1499.8948095681042,LSTM
2024-08-19 03:00:00,1571.7932145,1506.5344017669643,LSTM
2024-08-19 04:00:00,1518.79307925,1508.8875355907257,LSTM
2024-08-19 05:00:00,1559.20775775,1511.6215591707426,LSTM
2024-08-19 06:00:00,1682.2115177499998,1516.65849784398,LSTM
2024-08-19 07:00:00,1424.550544,1512.129830668504,LSTM
2024-08-19 08:00:00,1383.09743925,1508.6471617055029,LSTM
2024-08-19 09:00:00,1581.0992125,1505.9363160011203,LSTM
2024-08-19 10:00:00,1571.1122115,1507.647277808092,LSTM
2024-08-19 11:00:00,1542.9345362499998,1507.3396880835298,LSTM
2024-08-19 12:00:00,1628.8395512499999,1504.1484326193877,LSTM
2024-08-19 13:00:00,1531.95970775,1499.015981783641,LSTM
2024-08-19 14:00:00,1464.853557,1497.504108270919,LSTM
2024-08-19 15:00:00,1579.937747,1492.367577163316,LSTM
2024-08-19 16:00:00,1591.246339,1495.1230402782942,LSTM
2024-08-19 17:00:00,1590.9805645,1492.2746242245744,LSTM
2024-08-19 18:00:00,1313.37217025,1499.4640390919944,LSTM
2024-08-19 19:00:00,1520.969526,1498.2581135376438,LSTM
2024-08-19 20:00:00,1537.68803725,1505.2990209956617,LSTM
2024-08-19 21:00:00,1467.16350175,1500.6172832665184,LSTM
2024-08-19 22:00:00,1577.8590785,1507.4050207204737,LSTM
2024-08-19 23:00:00,1744.1840695000003,1503.136332050028,LSTM
2024-08-20 00:00:00,1519.871262,1510.8032835863737,LSTM
2024-08-20 01:00:00,1686.8684765,1502.6755751973164,LSTM
2024-08-20 02:00:00,1436.970964,1508.7463436983207,LSTM
2024-08-20 03:00:00,1423.81246725,1508.5584097567203,LSTM
2024-08-20 04:00:00,1498.556803,1509.654530125254,LSTM
2024-08-20 05:00:00,1526.4522835,1509.5934950527505,LSTM
2024-08-20 06:00:00,1663.827921,1510.6596290446826,LSTM
2024-08-20 07:00:00,1515.83317625,1508.7929408857938,LSTM
2024-08-20 08:00:00,1633.011818,1508.0735092835566,LSTM
2024-08-20 09:00:00,1466.3530555,1505.9613770791498,LSTM
2024-08-20 10:00:00,1518.87023475,1505.3245166588595,LSTM
2024-08-20 11:00:00,1460.2164165,1501.6283215165781,LSTM
2024-08-20 12:00:00,1648.4024302499997,1495.9291233343347,LSTM
2024-08-20 13:00:00,1667.0703877500002,1498.286844445982,LSTM
2024-08-20 14:00:00,1456.3093864999998,1498.9652801806913,LSTM
2024-08-20 15:00:00,1357.7916725,1496.914617633956,LSTM
2024-08-20 16:00:00,1489.09121125,1494.6613659680056,LSTM
2024-08-20 17:00:00,1498.299465,1496.2974101207137,LSTM
2024-08-20 18:00:00,1390.359442575,1500.2256737427822,LSTM
2024-08-20 19:00:00,1464.5390925,1501.9376495818128,LSTM
2024-08-20 20:00:00,1489.0655125,1502.0453301290302,LSTM
2024-08-20 21:00:00,1335.303216,1504.7703722822387,LSTM
2024-08-20 22:00:00,1515.57144925,1504.9982880593082,LSTM
2024-08-20 23:00:00,1577.179026,1505.194623980826,LSTM
2024-08-21 00:00:00,1706.3697855,1507.3678395449772,LSTM
2024-08-21 01:00:00,1474.43885075,1507.6054127702278,LSTM
2024-08-21 02:00:00,1706.2488177499997,1504.1541305138144,LSTM
2024-08-21 03:00:00,1494.39012375,1505.7944480873427,LSTM
2024-08-21 04:00:00,1403.69284075,1505.0081386564527,LSTM
2024-08-21 05:00:00,1360.49943455,1503.965037678432,LSTM
2024-08-21 06:00:00,1648.3439045,1499.0161749326046,LSTM
2024-08-21 07:00:00,1694.69605125,1497.3571219096054,LSTM
2024-08-21 08:00:00,1419.5187025,1499.0383870634207,LSTM
2024-08-21 09:00:00,1395.01731925,1501.4099666132079,LSTM
2024-08-21 10:00:00,1387.7097385,1498.23923322645,LSTM
2024-08-21 11:00:00,1470.11922075,1496.5457031134451,LSTM
2024-08-21 12:00:00,1550.337544,1491.000275649862,LSTM
2024-08-21 13:00:00,1600.404997,1490.3607835749424,LSTM
2024-08-21 14:00:00,1626.6949087499997,1492.9477483627843,LSTM
2024-08-21 15:00:00,1651.73916325,1496.2722041809616,LSTM
2024-08-21 16:00:00,1638.8892835000001,1496.7500547169532,LSTM
2024-08-21 17:00:00,1560.9358705,1500.0191975006744,LSTM
2024-08-21 18:00:00,1351.4814755,1504.1265102120171,LSTM
2024-08-21 19:00:00,1457.18868235,1503.6538746980432,LSTM
2024-08-21 20:00:00,1419.49793325,1502.5940663346696,LSTM
2024-08-21 21:00:00,1432.908253,1499.7414492909913,LSTM
2024-08-21 22:00:00,1520.8558215,1501.2147895854714,LSTM
2024-08-21 23:00:00,1616.6840365,1501.920362749569,LSTM
2024-08-22 00:00:00,1445.31536875,1503.3364343763365,LSTM
2024-08-22 01:00:00,1420.27475675,1503.5026390595299,LSTM
2024-08-22 02:00:00,1304.11317525,1501.4081316980535,LSTM
2024-08-22 03:00:00,1452.10669675,1493.3257650282055,LSTM
2024-08-22 04:00:00,1503.41746,1490.750244316458,LSTM
2024-08-22 05:00:00,1393.325893,1494.5016800623341,LSTM
2024-08-22 06:00:00,1392.51759325,1496.0753853870344,LSTM
2024-08-22 07:00:00,1582.6674117500002,1493.8833619425511,LSTM
2024-08-22 08:00:00,1626.2911085000003,1495.8958775689719,LSTM
2024-08-22 09:00:00,1577.38995525,1494.978468279026,LSTM
2024-08-22 10:00:00,1346.73882425,1495.6688792494795,LSTM
2024-08-22 11:00:00,1460.45413925,1488.2666383677724,LSTM
2024-08-22 12:00:00,1486.9918255,1486.4069518588149,LSTM
2024-08-22 13:00:00,1605.45820925,1483.9681564696887,LSTM
2024-08-22 14:00:00,1444.51520825,1487.346911290263,LSTM
2024-08-22 15:00:00,1477.2766175,1486.9511973510503,LSTM
2024-08-22 16:00:00,1545.6335075,1484.8750874283583,LSTM
2024-08-22 17:00:00,1447.947789,1486.9688946248418,LSTM
2024-08-22 18:00:00,1574.050804,1489.1668091127156,LSTM
2024-08-22 19:00:00,1455.18321625,1495.5717253207795,LSTM
2024-08-22 20:00:00,1390.92111025,1492.7546476864068,LSTM
2024-08-22 21:00:00,1340.16688875,1495.8360013902502,LSTM
2024-08-22 22:00:00,1489.02128475,1495.45699483639,LSTM
2024-08-22 23:00:00,1265.9733565,1495.0085029428685,LSTM
2024-08-23 00:00:00,1458.3702214999998,1492.4262944482557,LSTM
2024-08-23 01:00:00,1522.768516,1495.875017480901,LSTM
2024-08-23 02:00:00,1507.652679,1501.7424725540766,LSTM
2024-08-23 03:00:00,1629.0298215000003,1506.4649647145436,LSTM
2024-08-23 04:00:00,1505.2195395,1509.914122332357,LSTM
2024-08-23 05:00:00,1389.4397915,1509.147996968165,LSTM
2024-08-23 06:00:00,1335.66915575,1505.1463367399215,LSTM
2024-08-23 07:00:00,1655.59690475,1502.6526870451278,LSTM
2024-08-23 08:00:00,1433.3540165,1502.8504715838728,LSTM
2024-08-23 09:00:00,1459.55772775,1501.344585689023,LSTM
2024-08-23 10:00:00,1493.450718,1500.9067652757412,LSTM
2024-08-23 11:00:00,1443.37182625,1500.4740633099955,LSTM
2024-08-23 12:00:00,1524.8208285,1503.194469888077,LSTM
2024-08-23 13:00:00,1766.1673297499997,1497.2811177924216,LSTM
2024-08-23 14:00:00,1683.67725725,1499.5141129608126,LSTM
2024-08-23 15:00:00,1580.05756675,1496.5562297319623,LSTM
2024-08-23 16:00:00,1609.2548285,1496.5751583303968,LSTM
2024-08-23 17:00:00,1471.5147055,1502.1458641645934,LSTM
2024-08-23 18:00:00,1301.393897025,1503.0847612767418,LSTM
2024-08-23 19:00:00,1527.88968175,1502.510432833423,LSTM
2024-08-23 20:00:00,1552.442733,1506.3688731051434,LSTM
2024-08-23 21:00:00,1470.782567,1503.0332387906967,LSTM
2024-08-23 22:00:00,1548.6769685,1507.138668299644,LSTM
2024-08-23 23:00:00,1465.776298,1509.7315965617377,LSTM
2024-08-24 00:00:00,1552.70316425,1510.1616427292338,LSTM
2024-08-24 01:00:00,1599.92656825,1508.8032260681064,LSTM
2024-08-24 02:00:00,1465.95532475,1507.4364074270616,LSTM
2024-08-24 03:00:00,1373.01764975,1503.943887866916,LSTM
2024-08-24 04:00:00,1437.0391505,1502.066093642619,LSTM
2024-08-24 05:00:00,1529.76607875,1498.1068778991307,LSTM
2024-08-24 06:00:00,1681.1298377500002,1495.0777951335665,LSTM
2024-08-24 07:00:00,1378.45567225,1497.497010046506,LSTM
2024-08-24 08:00:00,1454.3194565,1495.6546345134125,LSTM
2024-08-24 09:00:00,1607.68554075,1493.0340376622808,LSTM
2024-08-24 10:00:00,1535.287961,1490.8404931697087,LSTM
2024-08-24 11:00:00,1573.339327,1488.2249181916309,LSTM
2024-08-24 12:00:00,1548.44968575,1485.1856226746156,LSTM
2024-08-24 13:00:00,1569.48291825,1479.0201870378178,LSTM
2024-08-24 14:00:00,1510.814608,1481.0834284108087,LSTM
2024-08-24 15:00:00,1678.448094,1481.4376636100847,LSTM
2024-08-24 16:00:00,1456.385278,1483.7949984238048,LSTM
2024-08-24 17:00:00,1579.18455975,1480.7868723207932,LSTM
2024-08-24 18:00:00,1618.64981375,1484.1679690725516,LSTM
2024-08-24 19:00:00,1482.31028325,1485.0539192250483,LSTM
2024-08-24 20:00:00,1712.75393125,1484.0957796473995,LSTM
2024-08-24 21:00:00,1531.60367025,1486.8322900203227,LSTM
2024-08-24 22:00:00,1543.74953225,1488.3804513945845,LSTM
2024-08-24 23:00:00,1398.2623977,1490.419476716262,LSTM
2024-08-25 00:00:00,1446.2402935,1492.424073235174,LSTM
2024-08-25 01:00:00,1443.80354325,1493.743232369446,LSTM
2024-08-25 02:00:00,1444.59377325,1494.3839557690087,LSTM
2024-08-25 03:00:00,1353.1012305,1497.9949963619547,LSTM
2024-08-25 04:00:00,1553.4855562500002,1495.7625806404546,LSTM
2024-08-25 05:00:00,1560.33964575,1492.2097261727988,LSTM
2024-08-25 06:00:00,1473.0764405,1490.9696132518875,LSTM
2024-08-25 07:00:00,1530.796047,1490.31261705214,LSTM
2024-08-25 08:00:00,1576.61567,1489.8833676241188,LSTM
2024-08-25 09:00:00,1446.03525975,1491.6893345775702,LSTM
2024-08-25 10:00:00,1723.9215795000002,1490.8075371277914,LSTM
2024-08-25 11:00:00,1522.86113975,1490.7524172422989,LSTM
2024-08-25 12:00:00,1784.17575725,1488.5320974746453,LSTM
2024-08-25 13:00:00,1525.376113,1488.504646178191,LSTM
2024-08-25 14:00:00,1416.7120525,1488.6852887464152,LSTM
2024-08-25 15:00:00,1382.59192375,1487.1535450340607,LSTM
2024-08-25 16:00:00,1464.1871115,1484.108672340721,LSTM
2024-08-25 17:00:00,1682.858116,1478.2454906883654,LSTM
2024-08-25 18:00:00,1485.548858,1482.0240155763888,LSTM
2024-08-25 19:00:00,1532.23427275,1483.78727246526,LSTM
2024-08-25 20:00:00,1521.3147725,1485.7234942510515,LSTM
2024-08-25 21:00:00,1410.139627,1488.2226004040676,LSTM
2024-08-25 22:00:00,1446.03815475,1487.6608749306247,LSTM
2024-08-25 23:00:00,1367.62476225,1494.8489136116789,LSTM
2024-08-26 00:00:00,1457.866867,1494.0212703025745,LSTM
2024-08-26 01:00:00,1506.7802435,1496.409533094094,LSTM
2024-08-26 02:00:00,1426.89999625,1505.4825125110992,LSTM
2024-08-26 03:00:00,1651.323325,1506.1067699615135,LSTM
2024-08-26 04:00:00,1573.44511275,1503.6451829946802,LSTM
2024-08-26 05:00:00,1521.382298,1510.5515139122972,LSTM
2024-08-26 06:00:00,1479.35853625,1510.1914842441129,LSTM
2024-08-26 07:00:00,1263.95814725,1510.06429565157,LSTM
2024-08-26 08:00:00,1618.05431975,1511.4225191637338,LSTM
2024-08-26 09:00:00,1431.516257,1504.9910449731724,LSTM
2024-08-26 10:00:00,1324.936368,1503.6886415114943,LSTM
2024-08-26 11:00:00,1581.6279335,1496.0431295101102,LSTM
2024-08-26 12:00:00,1314.12192175,1497.2831941437805,LSTM
2024-08-26 13:00:00,1484.69637675,1491.907979204386,LSTM
2024-08-26 14:00:00,1572.1903225,1490.5368388552804,LSTM
2024-08-26 15:00:00,1469.25274525,1487.6975973773326,LSTM
2024-08-26 16:00:00,1562.89340325,1488.098236615118,LSTM
2024-08-26 17:00:00,1452.6564175,1492.4943794579312,LSTM
2024-08-26 18:00:00,1324.05162025,1498.8347114812852,LSTM
2024-08-26 19:00:00,1422.96014125,1496.9795156857317,LSTM
2024-08-26 20:00:00,1547.96167175,1501.2512947395953,LSTM
2024-08-26 21:00:00,1497.37768775,1508.8680275454003,LSTM
2024-08-26 22:00:00,1414.043245,1506.5584488129348,LSTM
2024-08-26 23:00:00,1493.54319875,1511.1645687228217,LSTM
2024-08-27 00:00:00,1486.44686125,1511.1964383018187,LSTM
2024-08-27 01:00:00,1428.18871575,1505.2060197696796,LSTM
2024-08-27 02:00:00,1525.9369605,1503.4208404734377,LSTM
2024-08-27 03:00:00,1767.7675175,1506.0728723183984,LSTM
2024-08-27 04:00:00,1564.173001,1509.932326622178,LSTM
2024-08-27 05:00:00,1413.2927655,1514.1895712165294,LSTM
2024-08-27 06:00:00,1439.0276635,1510.2764697881048,LSTM
2024-08-27 07:00:00,1321.016714,1505.0002195489444,LSTM
2024-08-27 08:00:00,1404.10898925,1504.1853240714388,LSTM
2024-08-27 09:00:00,1568.5630835,1501.8096883934159,LSTM
2024-08-27 10:00:00,1467.187958,1500.189844610031,LSTM
2024-08-27 11:00:00,1472.4767065,1500.1713023095238,LSTM
2024-08-27 12:00:00,1367.60671025,1498.9439372202114,LSTM
2024-08-27 13:00:00,1537.4847775,1500.6787046369489,LSTM
2024-08-27 14:00:00,1288.85783875,1498.0300528988514,LSTM
2024-08-27 15:00:00,1354.85237875,1492.740354663099,LSTM
2024-08-27 16:00:00,1431.38212275,1488.3898915501813,LSTM
2024-08-27 17:00:00,1615.07081275,1489.4661900063238,LSTM
2024-08-27 18:00:00,1497.2211615,1492.8760659536613,LSTM
2024-08-27 19:00:00,1491.85955475,1498.8248125968998,LSTM
2024-08-27 20:00:00,1560.2034452500002,1503.4070786097798,LSTM
2024-08-27 21:00:00,1268.68824375,1501.8195389905604,LSTM
2024-08-27 22:00:00,1517.87963675,1503.9962312360565,LSTM
2024-08-27 23:00:00,1628.40890075,1507.463448281968,LSTM
2024-08-28 00:00:00,1550.7402860000002,1512.1712128339593,LSTM
2024-08-28 01:00:00,1490.058191,1510.2274582385867,LSTM
2024-08-28 02:00:00,1645.773217,1506.7656976508972,LSTM
2024-08-28 03:00:00,1309.90698325,1502.2767225874447,LSTM
2024-08-28 04:00:00,1541.76490475,1498.5339302576906,LSTM
2024-08-28 05:00:00,1549.23075975,1500.36541701796,LSTM
2024-08-28 06:00:00,1575.9319025,1500.4767673954861,LSTM
2024-08-28 07:00:00,1680.9544805,1499.865547500116,LSTM
2024-08-28 08:00:00,1153.07117995,1500.1970876961668,LSTM
2024-08-28 09:00:00,1350.39743125,1499.187498063334,LSTM
2024-08-28 10:00:00,1580.54186975,1493.019165192082,LSTM
2024-08-28 11:00:00,1510.21354375,1490.1152912421835,LSTM
2024-08-28 12:00:00,1430.820311,1490.7648753504523,LSTM
2024-08-28 13:00:00,1608.52873225,1491.630448287287,LSTM
2024-08-28 14:00:00,1498.44429025,1491.9110454441836,LSTM
2024-08-28 15:00:00,1547.2028785,1494.116951470427,LSTM
2024-08-28 16:00:00,1374.8674655,1497.0539746112065,LSTM
2024-08-28 17:00:00,1645.3677625000003,1496.8079511187977,LSTM
2024-08-28 18:00:00,1563.411323,1500.2395804681628,LSTM
2024-08-28 19:00:00,1622.76401275,1494.5819817439585,LSTM
2024-08-28 20:00:00,1671.8766092499998,1498.239812673341,LSTM
2024-08-28 21:00:00,1643.0272054999998,1503.8934759874116,LSTM
2024-08-28 22:00:00,1451.75321925,1506.9177058852647,LSTM
2024-08-28 23:00:00,1493.5653835,1507.2369328348848,LSTM
2024-08-29 00:00:00,1532.017298,1508.35714853663,LSTM
2024-08-29 01:00:00,1660.31737925,1513.5655069150787,LSTM
2024-08-29 02:00:00,1583.964294,1510.7762427314672,LSTM
2024-08-29 03:00:00,1452.6209277500002,1510.7678407515498,LSTM
2024-08-29 04:00:00,1492.70457625,1505.303366847343,LSTM
2024-08-29 05:00:00,1414.70796975,1504.3561643297592,LSTM
2024-08-29 06:00:00,1688.5730969999997,1504.6567041171493,LSTM
2024-08-29 07:00:00,1594.5769487500002,1506.026033694721,LSTM
2024-08-29 08:00:00,1579.8850355,1505.466915732287,LSTM
2024-08-29 09:00:00,1447.15611375,1505.3885455402988,LSTM
2024-08-29 10:00:00,1697.05205475,1502.257842276251,LSTM
2024-08-29 11:00:00,1533.8687595,1500.1265883244462,LSTM
2024-08-29 12:00:00,1599.63856,1495.901816899603,LSTM
2024-08-29 13:00:00,1506.6290095,1496.6511624475806,LSTM
2024-08-29 14:00:00,1454.33606375,1499.364132790563,LSTM
2024-08-29 15:00:00,1497.654411,1496.8571075300385,LSTM
2024-08-29 16:00:00,1331.3364215,1493.357707038064,LSTM
2024-08-29 17:00:00,1426.4023055,1489.5410835169669,LSTM
2024-08-29 18:00:00,1510.47513675,1489.5240864081684,LSTM
2024-08-29 19:00:00,1507.141142,1492.0397067975737,LSTM
2024-08-29 20:00:00,1643.3049682500002,1495.3263778497433,LSTM
2024-08-29 21:00:00,1362.79941275,1500.0013312215397,LSTM
2024-08-29 22:00:00,1500.7931145,1499.6600370028261,LSTM
2024-08-29 23:00:00,1607.1256425,1496.8737666281506,LSTM
2024-08-30 00:00:00,1476.566461,1499.0086421230235,LSTM
2024-08-30 01:00:00,1561.951677,1508.0461787052045,LSTM
2024-08-30 02:00:00,1493.6039825,1507.481217986621,LSTM
2024-08-30 03:00:00,1637.25810725,1506.4797406102603,LSTM
2024-08-30 04:00:00,1523.73614825,1504.8022418612356,LSTM
2024-08-30 05:00:00,1584.8665315,1504.725706584402,LSTM
2024-08-30 06:00:00,1472.57577225,1508.0093355403944,LSTM
2024-08-30 07:00:00,1538.33448825,1507.8313004831793,LSTM
2024-08-30 08:00:00,1598.951528,1505.6694807078816,LSTM
2024-08-30 09:00:00,1230.02825,1504.0934817392383,LSTM
2024-08-30 10:00:00,1510.3067615,1498.8724721036726,LSTM
2024-08-30 11:00:00,1605.9344025,1498.5470160999757,LSTM
2024-08-30 12:00:00,1484.3736245,1498.5804308706818,LSTM
2024-08-30 13:00:00,1398.58742075,1502.7587258261542,LSTM
2024-08-30 14:00:00,1606.328745,1496.6338756153368,LSTM
2024-08-30 15:00:00,1439.52444125,1501.4393252556777,LSTM
2024-08-30 16:00:00,1585.44127425,1500.0767558918326,LSTM
2024-08-30 17:00:00,1603.85250225,1502.6501761086008,LSTM
2024-08-30 18:00:00,1507.945968,1504.3281577300345,LSTM
2024-08-30 19:00:00,1695.14312575,1505.3372644904582,LSTM
2024-08-30 20:00:00,1422.09294325,1510.8234676530717,LSTM
2024-08-30 21:00:00,1553.89055175,1512.508788935123,LSTM
2024-08-30 22:00:00,1713.1163504999997,1512.1381360739397,LSTM
2024-08-30 23:00:00,1321.930322,1508.795886407489,LSTM
2024-08-31 00:00:00,1453.66826,1509.6462247198183,LSTM
2024-08-31 01:00:00,1477.804422,1500.9673657630765,LSTM
2024-08-31 02:00:00,1509.8904185,1498.1855378145642,LSTM
2024-08-31 03:00:00,1454.26195975,1500.217658060792,LSTM
2024-08-31 04:00:00,1532.5271495,1499.5067733001952,LSTM
2024-08-31 05:00:00,1482.5709845,1496.6491343834625,LSTM
2024-08-31 06:00:00,1535.66149875,1498.6993140577888,LSTM
2024-08-31 07:00:00,1558.7988405,1493.6912752982328,LSTM
2024-08-31 08:00:00,1523.1161605,1493.688402207399,LSTM
2024-08-31 09:00:00,1445.19925075,1491.001506974505,LSTM
2024-08-31 10:00:00,1396.68573825,1487.0155159559351,LSTM
2024-08-31 11:00:00,1585.54095625,1483.4459782465467,LSTM
2024-08-31 12:00:00,1344.0207985,1482.6334005566046,LSTM
2024-08-31 13:00:00,1499.121987,1481.1188471020123,LSTM
2024-08-31 14:00:00,1618.977861,1478.055214815581,LSTM
2024-08-31 15:00:00,1481.570325,1478.216276907618,LSTM
2024-08-31 16:00:00,1535.3344865,1479.3350198485157,LSTM
2024-08-31 17:00:00,1352.68950025,1479.9994281397421,LSTM
2024-08-31 18:00:00,1752.31897775,1480.497414455191,LSTM
2024-08-31 19:00:00,1338.46981375,1482.0626936563533,LSTM
2024-08-31 20:00:00,1672.3863314999999,1484.338495463806,LSTM
2024-08-31 21:00:00,1482.22978275,1486.087749052815,LSTM
2024-08-31 22:00:00,1373.3037735,1487.6428637897673,LSTM
2024-08-31 23:00:00,1534.37280225,1486.571007759788,LSTM
2024-09-01 00:00:00,1439.988229,1486.262138423342,LSTM
2024-09-01 01:00:00,1594.641775,1493.4942150681013,LSTM
2024-09-01 02:00:00,1357.57867425,1495.0652645945518,LSTM
2024-09-01 03:00:00,1619.73393975,1498.1820611332191,LSTM
2024-09-01 04:00:00,1528.56581,1497.83246150907,LSTM
2024-09-01 05:00:00,1638.641172,1495.7343084609051,LSTM
2024-09-01 06:00:00,1567.76064325,1496.7310295440368,LSTM
2024-09-01 07:00:00,1590.296914,1496.7813448490592,LSTM
2024-09-01 08:00:00,1398.08610425,1494.3113559023088,LSTM
2024-09-01 09:00:00,1586.6969305,1491.3527242212244,LSTM
2024-09-01 10:00:00,1536.31326025,1494.0298171442148,LSTM
2024-09-01 11:00:00,1587.2952645,1492.8983505153387,LSTM
2024-09-01 12:00:00,1388.31879125,1490.4529880614496,LSTM
2024-09-01 13:00:00,1395.219387,1490.628850192824,LSTM
2024-09-01 14:00:00,1536.05187325,1488.4171496976721,LSTM
2024-09-01 15:00:00,1435.639601,1485.327056003225,LSTM
2024-09-01 16:00:00,1602.5115995,1483.8211459647546,LSTM
2024-09-01 17:00:00,1488.235329,1481.7341955564796,LSTM
2024-09-01 18:00:00,1616.050426,1483.9152336536572,LSTM
2024-09-01 19:00:00,1540.2956475,1484.4369048607698,LSTM
2024-09-01 20:00:00,1286.62784,1484.983757864014,LSTM
2024-09-01 21:00:00,1601.40719325,1489.334993572786,LSTM
2024-09-01 22:00:00,1483.345937,1491.6236156426992,LSTM
2024-09-01 23:00:00,1440.519868,1490.6153297653707,LSTM
2024-09-02 00:00:00,1562.11980575,1496.926206571773,LSTM
2024-09-02 01:00:00,1610.488104,1503.6993612789752,LSTM
2024-09-02 02:00:00,1461.9661755,1503.1053316413672,LSTM
2024-09-02 03:00:00,1502.1190955,1505.0083318054162,LSTM
2024-09-02 04:00:00,1482.4889485,1503.0658326783073,LSTM
2024-09-02 05:00:00,1380.44923975,1506.8541115889934,LSTM
2024-09-02 06:00:00,1427.45281125,1504.874865871556,LSTM
2024-09-02 07:00:00,1367.033396,1503.9379002490439,LSTM
2024-09-02 08:00:00,1561.69755775,1501.8037007755436,LSTM
2024-09-02 09:00:00,1434.00614775,1501.7158662843383,LSTM
2024-09-02 10:00:00,1543.029943,1497.8105873889401,LSTM
2024-09-02 11:00:00,1353.565177,1498.5761333062412,LSTM
2024-09-02 12:00:00,1553.98974575,1497.6019382209915,LSTM
2024-09-02 13:00:00,1590.17841525,1491.854380366982,LSTM
2024-09-02 14:00:00,1529.16690625,1493.2581628909393,LSTM
2024-09-02 15:00:00,1558.729922,1492.059528709965,LSTM
2024-09-02 16:00:00,1520.36724775,1489.773248571236,LSTM
2024-09-02 17:00:00,1533.640179,1489.8913108752477,LSTM
2024-09-02 18:00:00,1447.9628265,1487.844849318471,LSTM
2024-09-02 19:00:00,1458.94792825,1494.1177240662814,LSTM
2024-09-02 20:00:00,1356.81099975,1497.1335519842173,LSTM
2024-09-02 21:00:00,1460.51378675,1498.984112204644,LSTM
2024-09-02 22:00:00,1593.11406575,1502.0800969424813,LSTM
2024-09-02 23:00:00,1413.087029,1506.194556165478,LSTM
2024-09-03 00:00:00,1429.360295,1510.1290005543822,LSTM
2024-09-03 01:00:00,1472.42077575,1504.2253059069078,LSTM
2024-09-03 02:00:00,1602.934113,1498.890434957289,LSTM
2024-09-03 03:00:00,1530.75734175,1503.0006449030861,LSTM
2024-09-03 04:00:00,1579.32825775,1504.8298621630329,LSTM
2024-09-03 05:00:00,1534.09907625,1507.4472237690243,LSTM
2024-09-03 06:00:00,1715.61681575,1507.2876827250757,LSTM
2024-09-03 07:00:00,1494.73707325,1509.1355388600116,LSTM
2024-09-03 08:00:00,1391.01533075,1512.6406131027925,LSTM
2024-09-03 09:00:00,1482.18820075,1512.2393461308757,LSTM
2024-09-03 10:00:00,1581.0645645,1509.0901005663204,LSTM
2024-09-03 11:00:00,1762.86032375,1505.138514206895,LSTM
2024-09-03 12:00:00,1357.34680525,1501.50190551989,LSTM
2024-09-03 13:00:00,1377.03606725,1501.933014006686,LSTM
2024-09-03 14:00:00,1393.460782,1496.5711022021608,LSTM
2024-09-03 15:00:00,1467.9297275,1497.52178140109,LSTM
2024-09-03 16:00:00,1454.287285,1493.9946640328362,LSTM
2024-09-03 17:00:00,1479.1706475,1494.9223585050947,LSTM
2024-09-03 18:00:00,1441.7405745,1493.1540797431694,LSTM
2024-09-03 19:00:00,1640.365069,1499.4497943559277,LSTM
2024-09-03 20:00:00,1506.853033,1504.2263682262078,LSTM
2024-09-03 21:00:00,1357.389695,1509.8298128097376,LSTM
2024-09-03 22:00:00,1428.426847,1508.5115711330427,LSTM
2024-09-03 23:00:00,1536.94948875,1505.3066503797247,LSTM
2024-09-04 00:00:00,1586.1583765,1499.7192371601752,LSTM
2024-09-04 01:00:00,1291.577507,1496.6506795751716,LSTM
2024-09-04 02:00:00,1516.03360675,1491.786585080752,LSTM
2024-09-04 03:00:00,1301.40297815,1491.609564055596,LSTM
2024-09-04 04:00:00,1682.3625912500002,1492.3814356014555,LSTM
2024-09-04 05:00:00,1440.29825475,1494.8063001215805,LSTM
2024-09-04 06:00:00,1585.48080475,1496.498623053563,LSTM
2024-09-04 07:00:00,1428.1447945,1496.9581727252519,LSTM
2024-09-04 08:00:00,1404.64069975,1495.8152137330408,LSTM
2024-09-04 09:00:00,1417.52529125,1494.996720856088,LSTM
2024-09-04 10:00:00,1531.65403875,1496.0690114712352,LSTM
2024-09-04 11:00:00,1410.58031075,1495.66356765298,LSTM
2024-09-04 12:00:00,1457.07457375,1489.1201636380017,LSTM
2024-09-04 13:00:00,1297.817349275,1488.707066292063,LSTM
2024-09-04 14:00:00,1431.18558175,1485.0211080448537,LSTM
2024-09-04 15:00:00,1811.16289075,1483.971536576552,LSTM
2024-09-04 16:00:00,1524.1753385,1485.792376000202,LSTM
2024-09-04 17:00:00,1322.7614482499998,1492.5726530754375,LSTM
2024-09-04 18:00:00,1542.61594825,1491.7241496782624,LSTM
2024-09-04 19:00:00,1507.68907375,1492.1136345633986,LSTM
2024-09-04 20:00:00,1510.74868675,1496.9248545290277,LSTM
2024-09-04 21:00:00,1575.01161925,1498.9979223555426,LSTM
2024-09-04 22:00:00,1557.03545125,1499.0902475601522,LSTM
2024-09-04 23:00:00,1488.91084975,1495.7949572354812,LSTM
2024-09-05 00:00:00,1329.0787235,1499.480456753902,LSTM
2024-09-05 01:00:00,1563.03957875,1499.5110225773947,LSTM
2024-09-05 02:00:00,1363.9369685,1497.9693075497935,LSTM
2024-09-05 03:00:00,1388.25476925,1494.3213272175556,LSTM
2024-09-05 04:00:00,1466.05985025,1493.790795301737,LSTM
2024-09-05 05:00:00,1517.403807,1493.20748543161,LSTM
2024-09-05 06:00:00,1387.526677,1494.0174073233022,LSTM
2024-09-05 07:00:00,1544.16371925,1495.260972781938,LSTM
2024-09-05 08:00:00,1512.71273125,1494.3886879186175,LSTM
2024-09-05 09:00:00,1551.68381125,1499.1095624565141,LSTM
2024-09-05 10:00:00,1610.75837975,1496.2246895359115,LSTM
2024-09-05 11:00:00,1349.23533375,1494.3172228020787,LSTM
2024-09-05 12:00:00,1821.6230052499998,1490.0883228181383,LSTM
2024-09-05 13:00:00,1413.63643275,1492.029952774911,LSTM
2024-09-05 14:00:00,1319.78549675,1489.492892850544,LSTM
2024-09-05 15:00:00,1436.805435,1489.1291209211895,LSTM
2024-09-05 16:00:00,1468.9963335,1481.4867234468436,LSTM
2024-09-05 17:00:00,1424.836486,1482.4583593083255,LSTM
2024-09-05 18:00:00,1527.17141675,1480.1642566365697,LSTM
2024-09-05 19:00:00,1508.8260825,1487.0285535109792,LSTM
2024-09-05 20:00:00,1612.1394265,1486.6414347006473,LSTM
2024-09-05 21:00:00,1386.6840465,1493.8771328884745,LSTM
2024-09-05 22:00:00,1451.527626,1492.5811516298368,LSTM
2024-09-05 23:00:00,1561.034996,1488.9912367047864,LSTM
2024-09-06 00:00:00,1409.26741625,1497.3631095274775,LSTM
2024-09-06 01:00:00,1581.78874175,1505.7601641463004,LSTM
2024-09-06 02:00:00,1643.3194145,1510.2068395867204,LSTM
2024-09-06 03:00:00,1560.990776,1512.4274732214399,LSTM
2024-09-06 04:00:00,1582.36269525,1514.7667003198208,LSTM
2024-09-06 05:00:00,1422.0577554,1513.3882927409588,LSTM
2024-09-06 06:00:00,1394.4314047,1514.537915372415,LSTM
2024-09-06 07:00:00,1643.10083275,1512.986446322151,LSTM
2024-09-06 08:00:00,1479.4890065,1509.679784352247,LSTM
2024-09-06 09:00:00,1669.19947725,1508.7646928498646,LSTM
2024-09-06 10:00:00,1484.17804675,1504.7815749221284,LSTM
2024-09-06 11:00:00,1559.87495325,1504.537965791765,LSTM
2024-09-06 12:00:00,1584.3610265,1502.7647134440263,LSTM
2024-09-06 13:00:00,1526.175334,1503.0105920747123,LSTM
2024-09-06 14:00:00,1519.76268475,1499.4913696703466,LSTM
2024-09-06 15:00:00,1428.60217225,1496.1275356072115,LSTM
2024-09-06 16:00:00,1485.572635,1492.3744339515242,LSTM
2024-09-06 17:00:00,1548.765537,1485.5768217568038,LSTM
2024-09-06 18:00:00,1594.3459995,1489.3695430936534,LSTM
2024-09-06 19:00:00,1411.40375725,1493.3264893368191,LSTM
2024-09-06 20:00:00,1464.977462,1498.2877136163183,LSTM
2024-09-06 21:00:00,1441.4769225,1500.7309514316078,LSTM
2024-09-06 22:00:00,1488.3691335,1493.283730984998,LSTM
2024-09-06 23:00:00,1532.02786775,1497.0736758054957,LSTM
2024-09-07 00:00:00,1600.5633815,1499.175812551035,LSTM
2024-09-07 01:00:00,1360.042742225,1500.3460055471164,LSTM
2024-09-07 02:00:00,1516.30212475,1502.790209107224,LSTM
2024-09-07 03:00:00,1655.8039199999998,1499.9962610612447,LSTM
2024-09-07 04:00:00,1358.775571,1501.1614804715127,LSTM
2024-09-07 05:00:00,1646.6134040000002,1498.4390458293133,LSTM
2024-09-07 06:00:00,1561.18782175,1493.7521655090134,LSTM
2024-09-07 07:00:00,1609.8422085,1494.1064972827712,LSTM
2024-09-07 08:00:00,1635.07519025,1490.6731778799744,LSTM
2024-09-07 09:00:00,1685.04011775,1489.431447336493,LSTM
2024-09-07 10:00:00,1380.54648125,1490.7243140680923,LSTM
2024-09-07 11:00:00,1433.57567275,1487.7961757796393,LSTM
2024-09-07 12:00:00,1466.6350690000002,1483.1004347506334,LSTM
2024-09-07 13:00:00,1452.39806875,1480.5738531575428,LSTM
2024-09-07 14:00:00,1431.79282975,1475.5253738337292,LSTM
2024-09-07 15:00:00,1449.822002,1470.3408693522872,LSTM
2024-09-07 16:00:00,1358.30292725,1470.8291257886938,LSTM
2024-09-07 17:00:00,1425.06259925,1469.1501542788214,LSTM
2024-09-07 18:00:00,1459.985904,1469.4055213523454,LSTM
2024-09-07 19:00:00,1614.14509925,1473.4174184756605,LSTM
2024-09-07 20:00:00,1483.8668435,1475.742521556077,LSTM
2024-09-07 21:00:00,1540.5890105,1482.289064241714,LSTM
2024-09-07 22:00:00,1642.738875,1481.2004766827613,LSTM
2024-09-07 23:00:00,1446.683036,1480.99274497239,LSTM
2024-09-08 00:00:00,1397.5866335,1485.4787020832857,LSTM
2024-09-08 01:00:00,1509.08763625,1486.5620987638413,LSTM
2024-09-08 02:00:00,1509.6802355,1488.6807738893906,LSTM
2024-09-08 03:00:00,1512.507971,1492.2358012828872,LSTM
2024-09-08 04:00:00,1346.71131,1494.9309536339758,LSTM
2024-09-08 05:00:00,1490.9354135,1495.5429702688207,LSTM
2024-09-08 06:00:00,1520.7012055,1493.1539831686875,LSTM
2024-09-08 07:00:00,1509.12926025,1492.4798691420394,LSTM
2024-09-08 08:00:00,1419.6697345,1491.1930141719326,LSTM
2024-09-08 09:00:00,1395.7979495,1488.6272957700887,LSTM
2024-09-08 10:00:00,1529.29461075,1485.177365556421,LSTM
2024-09-08 11:00:00,1409.87641425,1482.8809209534813,LSTM
2024-09-08 12:00:00,1338.78545,1482.0195248629848,LSTM
2024-09-08 13:00:00,1376.64556775,1479.6675740766254,LSTM
2024-09-08 14:00:00,1355.6786082,1475.100977273419,LSTM
2024-09-08 15:00:00,1497.8222342499998,1474.7187354744183,LSTM
2024-09-08 16:00:00,1567.91292275,1475.2010042929528,LSTM
2024-09-08 17:00:00,1416.47992825,1478.891549828048,LSTM
2024-09-08 18:00:00,1322.655122,1478.8089545024807,LSTM
2024-09-08 19:00:00,1519.8713295,1483.309566790991,LSTM
2024-09-08 20:00:00,1402.36711975,1479.664556124069,LSTM
2024-09-08 21:00:00,1299.329587,1488.0182005133186,LSTM
2024-09-08 22:00:00,1666.2125192499998,1487.5734267373466,LSTM
2024-09-08 23:00:00,1522.292017,1486.385608898335,LSTM
2024-09-09 00:00:00,1437.53116725,1487.5069834938618,LSTM
2024-09-09 01:00:00,1567.8983945,1492.6565280128887,LSTM
2024-09-09 02:00:00,1485.59871475,1500.465661330078,LSTM
2024-09-09 03:00:00,1495.277252,1501.8845336168179,LSTM
2024-09-09 04:00:00,1498.732578,1503.5709172181691,LSTM
2024-09-09 05:00:00,1559.53965575,1505.030833659678,LSTM
2024-09-09 06:00:00,1283.168413325,1502.7515793145003,LSTM
2024-09-09 07:00:00,1594.6553765,1507.0671066086236,LSTM
2024-09-09 08:00:00,1498.16804575,1503.0213118421932,LSTM
2024-09-09 09:00:00,1420.9283495,1502.556836871932,LSTM
2024-09-09 10:00:00,1494.012714,1501.6808580346824,LSTM
2024-09-09 11:00:00,1437.47178775,1497.856701704004,LSTM
2024-09-09 12:00:00,1632.97016625,1497.8661177159804,LSTM
2024-09-09 13:00:00,1476.67264225,1497.6514809301598,LSTM
2024-09-09 14:00:00,1411.2133955,1498.3785902037007,LSTM
2024-09-09 15:00:00,1498.2051615,1499.0100424530096,LSTM
2024-09-09 16:00:00,1283.444727,1500.2802383250043,LSTM
2024-09-09 17:00:00,1512.5028735,1498.7531543313974,LSTM
2024-09-09 18:00:00,1497.925476,1492.3239979283994,LSTM
2024-09-09 19:00:00,1535.14371525,1497.5876451976837,LSTM
2024-09-09 20:00:00,1628.00750975,1498.7228299441094,LSTM
2024-09-09 21:00:00,1466.5095797499998,1501.8487044840667,LSTM
2024-09-09 22:00:00,1456.345704,1506.5597525684393,LSTM
2024-09-09 23:00:00,1513.05953575,1508.2076029515486,LSTM
2024-09-10 00:00:00,1656.9072352499998,1508.958807558301,LSTM
2024-09-10 01:00:00,1187.46007975,1507.7882282642925,LSTM
2024-09-10 02:00:00,1451.6497335,1505.1798480851094,LSTM
2024-09-10 03:00:00,1499.613672,1501.8472558668395,LSTM
2024-09-10 04:00:00,1447.5247095,1500.6008656046108,LSTM
2024-09-10 05:00:00,1537.97164225,1500.3426254402532,LSTM
2024-09-10 06:00:00,1641.5195765000003,1501.8644461246015,LSTM
2024-09-10 07:00:00,1533.09453075,1501.837308695213,LSTM
2024-09-10 08:00:00,1459.70632175,1504.2819951277297,LSTM
2024-09-10 09:00:00,1492.00257625,1502.664179408463,LSTM
2024-09-10 10:00:00,1500.02686025,1499.6531802146178,LSTM
2024-09-10 11:00:00,1627.07778575,1498.6046710656158,LSTM
2024-09-10 12:00:00,1450.887404,1498.7880660065714,LSTM
2024-09-10 13:00:00,1576.68623225,1499.521935493839,LSTM
2024-09-10 14:00:00,1433.10794375,1499.6736057175203,LSTM
2024-09-10 15:00:00,1532.4174315,1499.7862598505508,LSTM
2024-09-10 16:00:00,1449.1006005,1494.6875859398167,LSTM
2024-09-10 17:00:00,1629.5302525,1494.1801836123916,LSTM
2024-09-10 18:00:00,1620.6187092500002,1494.3951584088986,LSTM
2024-09-10 19:00:00,1565.4729335,1497.8841288568378,LSTM
2024-09-10 20:00:00,1504.68196175,1500.5053534421015,LSTM
2024-09-10 21:00:00,1583.43762225,1503.035121993092,LSTM
2024-09-10 22:00:00,1354.697773,1503.1506733605765,LSTM
2024-09-10 23:00:00,1427.28508675,1499.8168739612843,LSTM
2024-09-11 00:00:00,1490.47347325,1502.8711385229801,LSTM
2024-09-11 01:00:00,1550.64105075,1504.3150236005085,LSTM
2024-09-11 02:00:00,1451.84258725,1502.6633102381268,LSTM
2024-09-11 03:00:00,1516.93521425,1503.2103081030937,LSTM
2024-09-11 04:00:00,1662.1449485,1504.3254536445438,LSTM
2024-09-11 05:00:00,1250.45152695,1508.1386487715367,LSTM
2024-09-11 06:00:00,1722.93491275,1506.6643910194794,LSTM
2024-09-11 07:00:00,1385.2871085000002,1506.2450163322233,LSTM
2024-09-11 08:00:00,1449.5886825,1502.075654516318,LSTM
2024-09-11 09:00:00,1555.5674985,1498.7713586212185,LSTM
2024-09-11 10:00:00,1396.7371195,1499.7594121446077,LSTM
2024-09-11 11:00:00,1510.5714425,1497.5084541226004,LSTM
2024-09-11 12:00:00,1461.43866325,1496.5080390655394,LSTM
2024-09-11 13:00:00,1523.07115475,1495.4141640537077,LSTM
2024-09-11 14:00:00,1424.8052765,1494.7351971593487,LSTM
2024-09-11 15:00:00,1409.2282115,1495.7796984673555,LSTM
2024-09-11 16:00:00,1476.37924675,1494.488159634881,LSTM
2024-09-11 17:00:00,1441.85867075,1495.1037736691733,LSTM
2024-09-11 18:00:00,1348.01874625,1496.6928343364812,LSTM
2024-09-11 19:00:00,1625.8557864999998,1493.1060822257102,LSTM
2024-09-11 20:00:00,1540.3858185,1501.6494713280945,LSTM
2024-09-11 21:00:00,1393.825832,1502.872104267798,LSTM
2024-09-11 22:00:00,1563.50007325,1503.4999349740394,LSTM
2024-09-11 23:00:00,1445.618319,1506.4627917887028,LSTM
2024-09-12 00:00:00,1516.53817225,1505.126876981837,LSTM
2024-09-12 01:00:00,1554.6342565,1505.0210796370152,LSTM
2024-09-12 02:00:00,1378.68703925,1503.5834719008042,LSTM
2024-09-12 03:00:00,1665.88109825,1501.5276426192922,LSTM
2024-09-12 04:00:00,1322.10485275,1500.0561855272072,LSTM
2024-09-12 05:00:00,1500.46362275,1499.1785166365257,LSTM
2024-09-12 06:00:00,1417.26403545,1498.7964679864888,LSTM
2024-09-12 07:00:00,1659.1545225,1496.4457485247726,LSTM
2024-09-12 08:00:00,1521.58590675,1493.711893950099,LSTM
2024-09-12 09:00:00,1464.8316775,1495.569842118384,LSTM
2024-09-12 10:00:00,1412.7741595,1494.9350821930732,LSTM
2024-09-12 11:00:00,1483.25037,1493.551000863405,LSTM
2024-09-12 12:00:00,1508.413883,1490.4228085358843,LSTM
2024-09-12 13:00:00,1431.01716825,1490.9691062358581,LSTM
2024-09-12 14:00:00,1485.075343,1484.967798930895,LSTM
2024-09-12 15:00:00,1428.10211575,1484.266957916406,LSTM
2024-09-12 16:00:00,1423.409327,1483.8186350282276,LSTM
2024-09-12 17:00:00,1589.47391425,1486.1734830490411,LSTM
2024-09-12 18:00:00,1598.08334725,1491.549784451356,LSTM
2024-09-12 19:00:00,1561.6887475,1497.8124705913356,LSTM
2024-09-12 20:00:00,1346.1602605,1504.5822451916745,LSTM
2024-09-12 21:00:00,1625.2814925,1504.2812225318753,LSTM
2024-09-12 22:00:00,1544.65187475,1506.5045602520852,LSTM
2024-09-12 23:00:00,1505.8635375,1504.4476203640324,LSTM
2024-09-13 00:00:00,1368.6409205,1504.5767404462113,LSTM
2024-09-13 01:00:00,1583.8335,1507.8125650337083,LSTM
2024-09-13 02:00:00,1436.3734785,1511.6283193844693,LSTM
2024-09-13 03:00:00,1559.9732425,1514.5767383141022,LSTM
2024-09-13 04:00:00,1657.4696387500003,1514.8635645250754,LSTM
2024-09-13 05:00:00,1524.30044075,1515.5884525855347,LSTM
2024-09-13 06:00:00,1578.938427,1515.0001208423535,LSTM
2024-09-13 07:00:00,1586.80033575,1514.3239063207259,LSTM
2024-09-13 08:00:00,1411.650548,1510.6694313545863,LSTM
2024-09-13 09:00:00,1580.5725975,1511.6691703902745,LSTM
2024-09-13 10:00:00,1610.57935825,1507.9457412441232,LSTM
2024-09-13 11:00:00,1585.53647025,1505.6881195828707,LSTM
2024-09-13 12:00:00,1565.30143525,1504.6617259902032,LSTM
2024-09-13 13:00:00,1446.3498775,1506.2963939565457,LSTM
2024-09-13 14:00:00,1638.1883999999998,1505.2668616932194,LSTM
2024-09-13 15:00:00,1444.92959625,1502.892384908978,LSTM
2024-09-13 16:00:00,1598.0938257500002,1495.498256283743,LSTM
2024-09-13 17:00:00,1373.80213525,1496.1512929297364,LSTM
2024-09-13 18:00:00,1618.83359525,1490.4161690402598,LSTM
2024-09-13 19:00:00,1496.9472405,1498.3984845469533,LSTM
2024-09-13 20:00:00,1503.29726725,1495.8531192171508,LSTM
2024-09-13 21:00:00,1368.17207475,1499.9199189333744,LSTM
2024-09-13 22:00:00,1451.50071175,1499.7544868460354,LSTM
2024-09-13 23:00:00,1475.594942,1501.3854366948283,LSTM
2024-09-14 00:00:00,1556.67205675,1504.6150805154896,LSTM
2024-09-14 01:00:00,1495.437238,1504.3786661840206,LSTM
2024-09-14 02:00:00,1577.53163525,1503.8702015372955,LSTM
2024-09-14 03:00:00,1457.8399375,1501.2190388626711,LSTM
2024-09-14 04:00:00,1343.005576,1502.0951625616435,LSTM
2024-09-14 05:00:00,1690.53962625,1496.2068232567767,LSTM
2024-09-14 06:00:00,1359.990718,1493.0919340641253,LSTM
2024-09-14 07:00:00,1545.09986725,1490.9669574536379,LSTM
2024-09-14 08:00:00,1312.6152245,1487.0465163645958,LSTM
2024-09-14 09:00:00,1490.06381025,1485.624553694438,LSTM
2024-09-14 10:00:00,1448.0981475,1480.0114516627273,LSTM
2024-09-14 11:00:00,1524.3556294999998,1477.371250191788,LSTM
2024-09-14 12:00:00,1487.27734875,1474.6969579287704,LSTM
2024-09-14 13:00:00,1594.39212125,1473.4310113339752,LSTM
2024-09-14 14:00:00,1502.61618575,1475.890980678238,LSTM
2024-09-14 15:00:00,1573.882981,1477.5116694883386,LSTM
2024-09-14 16:00:00,1375.3974445,1477.1826402288148,LSTM
2024-09-14 17:00:00,1427.7254739999998,1476.3112003922101,LSTM
2024-09-14 18:00:00,1486.36818425,1477.6931570832785,LSTM
2024-09-14 19:00:00,1545.7546605,1481.8595975211088,LSTM
2024-09-14 20:00:00,1398.70787325,1481.4293340610286,LSTM
2024-09-14 21:00:00,1589.62062625,1487.6122979662746,LSTM
2024-09-14 22:00:00,1393.42306075,1490.4601345731035,LSTM
2024-09-14 23:00:00,1255.62673445,1489.9330310513892,LSTM
2024-09-15 00:00:00,1480.75447375,1489.5430874374642,LSTM
2024-09-15 01:00:00,1449.084997,1490.6109597700688,LSTM
2024-09-15 02:00:00,1593.3799185,1494.2040133657779,LSTM
2024-09-15 03:00:00,1483.28408,1495.5513481051178,LSTM
2024-09-15 04:00:00,1421.202334,1494.2600024216067,LSTM
2024-09-15 05:00:00,1483.72010375,1495.2391228054287,LSTM
2024-09-15 06:00:00,1492.47163875,1499.7295706297286,LSTM
2024-09-15 07:00:00,1525.38554425,1497.3698697412042,LSTM
2024-09-15 08:00:00,1492.553095,1494.1051693836462,LSTM
2024-09-15 09:00:00,1472.01667975,1490.417834950071,LSTM
2024-09-15 10:00:00,1342.87758775,1488.311714507157,LSTM
2024-09-15 11:00:00,1417.4168915,1486.563257657623,LSTM
2024-09-15 12:00:00,1598.18273775,1481.0022092716072,LSTM
2024-09-15 13:00:00,1516.53792975,1481.5063039230306,LSTM
2024-09-15 14:00:00,1429.906324125,1482.3051197493148,LSTM
2024-09-15 15:00:00,1567.6340685,1481.544136976279,LSTM
2024-09-15 16:00:00,1421.6874415,1481.8822200934726,LSTM
2024-09-15 17:00:00,1688.51067925,1480.3289885589156,LSTM
2024-09-15 18:00:00,1527.01614525,1481.648220124049,LSTM
2024-09-15 19:00:00,1495.2399045,1485.1667665070422,LSTM
2024-09-15 20:00:00,1454.589784,1488.5015316511528,LSTM
2024-09-15 21:00:00,1493.97486875,1489.9011614723922,LSTM
2024-09-15 22:00:00,1591.44710725,1489.69606141665,LSTM
2024-09-15 23:00:00,1538.8599405,1491.2014644390908,LSTM
2024-09-16 00:00:00,1529.67195525,1494.5342739499447,LSTM
2024-09-16 01:00:00,1511.082562,1500.5196947526501,LSTM
2024-09-16 02:00:00,1425.9456225,1503.9392522917892,LSTM
2024-09-16 03:00:00,1415.117072,1503.4138871107475,LSTM
2024-09-16 04:00:00,1452.83579175,1508.2183710062702,LSTM
2024-09-16 05:00:00,1404.998227,1511.9251893415505,LSTM
2024-09-16 06:00:00,1441.88623125,1510.0356130304729,LSTM
2024-09-16 07:00:00,1600.5217925,1507.0417075199077,LSTM
2024-09-16 08:00:00,1504.36894575,1504.0933851647565,LSTM
2024-09-16 09:00:00,1530.00673225,1506.4984760597313,LSTM
2024-09-16 10:00:00,1385.684469,1504.2821882766934,LSTM
2024-09-16 11:00:00,1457.28643575,1499.5666494789168,LSTM
2024-09-16 12:00:00,1521.0667035,1497.7372390700061,LSTM
2024-09-16 13:00:00,1499.75653925,1496.1473816632233,LSTM
2024-09-16 14:00:00,1505.27225175,1498.527218331205,LSTM
2024-09-16 15:00:00,1460.7926395,1491.5201119418202,LSTM
2024-09-16 16:00:00,1489.88911575,1498.9843536408484,LSTM
2024-09-16 17:00:00,1447.51337525,1497.0085846047562,LSTM
2024-09-16 18:00:00,1596.14476475,1496.0819524517976,LSTM
2024-09-16 19:00:00,1582.88594925,1498.6303598777772,LSTM
2024-09-16 20:00:00,1425.75935875,1502.6669800684356,LSTM
2024-09-16 21:00:00,1692.89115375,1495.6637608019435,LSTM
2024-09-16 22:00:00,1509.163052,1502.280682141199,LSTM
2024-09-16 23:00:00,1662.12603775,1506.4254174642426,LSTM
2024-09-17 00:00:00,1471.52699575,1509.1929041022063,LSTM
2024-09-17 01:00:00,1655.36140375,1499.6830217294967,LSTM
2024-09-17 02:00:00,1377.8186919999998,1500.8301334244256,LSTM
2024-09-17 03:00:00,1346.468598,1500.9512378246143,LSTM
2024-09-17 04:00:00,1474.40033325,1498.0007908308633,LSTM
2024-09-17 05:00:00,1573.544984,1501.238836631442,LSTM
2024-09-17 06:00:00,1858.2112155000002,1498.9984052279517,LSTM
2024-09-17 07:00:00,1499.04109625,1504.931555092378,LSTM
2024-09-17 08:00:00,1406.44604625,1506.0970642260916,LSTM
2024-09-17 09:00:00,1456.37601825,1507.884078437488,LSTM
2024-09-17 10:00:00,1512.8229235,1502.6563568754366,LSTM
2024-09-17 11:00:00,1697.5725732499998,1499.8014220441946,LSTM
2024-09-17 12:00:00,1669.03557725,1499.050458873647,LSTM
2024-09-17 13:00:00,1464.3842465,1499.1765851468897,LSTM
2024-09-17 14:00:00,1468.84788875,1499.2132351627363,LSTM
2024-09-17 15:00:00,1545.62608825,1498.000501107418,LSTM
2024-09-17 16:00:00,1589.86520575,1494.858788352444,LSTM
2024-09-17 17:00:00,1424.463624,1498.3578266901118,LSTM
2024-09-17 18:00:00,1494.77040025,1493.588254469763,LSTM
2024-09-17 19:00:00,1490.6899455,1496.0735504718803,LSTM
2024-09-17 20:00:00,1523.1077565,1495.6818685172827,LSTM
2024-09-17 21:00:00,1558.63740625,1498.4918720708629,LSTM
2024-09-17 22:00:00,1540.39628,1505.1819727237091,LSTM
2024-09-17 23:00:00,1595.6042265,1507.7061399547547,LSTM
2024-09-18 00:00:00,1483.9220925,1510.4234561494184,LSTM
2024-09-18 01:00:00,1550.52609625,1507.7068159761272,LSTM
2024-09-18 02:00:00,1389.71352575,1504.4946521366735,LSTM
2024-09-18 03:00:00,1420.4287682499998,1500.208580059502,LSTM
2024-09-18 04:00:00,1821.8346710000003,1498.2345010768415,LSTM
2024-09-18 05:00:00,1521.11675925,1504.6662649908483,LSTM
2024-09-18 06:00:00,1641.6118305,1506.7311239864096,LSTM
2024-09-18 07:00:00,1579.5845405,1506.2012198047228,LSTM
2024-09-18 08:00:00,1549.685396,1507.6733529181804,LSTM
2024-09-18 09:00:00,1459.40614675,1507.6637437572404,LSTM
2024-09-18 10:00:00,1393.434518,1504.542359930687,LSTM
2024-09-18 11:00:00,1442.68604875,1497.9946100640275,LSTM
2024-09-18 12:00:00,1458.795068,1494.1939696196698,LSTM
2024-09-18 13:00:00,1706.46200175,1493.1893294290298,LSTM
2024-09-18 14:00:00,1596.837336,1494.3972347602576,LSTM
2024-09-18 15:00:00,1456.0441795000002,1495.4045548927677,LSTM
2024-09-18 16:00:00,1502.284738,1495.4875606598828,LSTM
2024-09-18 17:00:00,1393.3217637500002,1493.388514297761,LSTM
2024-09-18 18:00:00,1579.91915,1491.3583255411693,LSTM
2024-09-18 19:00:00,1557.39595775,1494.6818639017695,LSTM
2024-09-18 20:00:00,1420.34145975,1498.975999948172,LSTM
2024-09-18 21:00:00,1339.72726325,1498.325860536633,LSTM
2024-09-18 22:00:00,1619.52193325,1497.3100418497236,LSTM
2024-09-18 23:00:00,1404.6627885,1495.7756664827398,LSTM
2024-09-19 00:00:00,1496.4757115,1492.8457174227528,LSTM
2024-09-19 01:00:00,1520.7256925000002,1497.260161129869,LSTM
2024-09-19 02:00:00,1476.57628475,1499.8420799010364,LSTM
2024-09-19 03:00:00,1664.2122547499998,1497.4234202913674,LSTM
2024-09-19 04:00:00,1492.450056,1499.0840667933164,LSTM
2024-09-19 05:00:00,1320.728152,1498.4997911783712,LSTM
2024-09-19 06:00:00,1645.4999322500003,1497.1948284929251,LSTM
2024-09-19 07:00:00,1401.86754075,1497.7842708426472,LSTM
2024-09-19 08:00:00,1447.81639225,1496.1802652742792,LSTM
2024-09-19 09:00:00,1547.7939,1488.910983310403,LSTM
2024-09-19 10:00:00,1593.6876155,1489.5281908236452,LSTM
2024-09-19 11:00:00,1455.33849875,1490.9378402473724,LSTM
2024-09-19 12:00:00,1486.8443155,1490.3586589363426,LSTM
2024-09-19 13:00:00,1732.203154,1488.9509892894926,LSTM
2024-09-19 14:00:00,1481.4265965,1492.6798990374866,LSTM
2024-09-19 15:00:00,1499.429426,1495.20235207148,LSTM
2024-09-19 16:00:00,1643.44679725,1496.8413176022627,LSTM
2024-09-19 17:00:00,1477.9582775,1501.0224615049485,LSTM
2024-09-19 18:00:00,1491.89298075,1504.2976401937829,LSTM
2024-09-19 19:00:00,1306.86978825,1506.5895457960773,LSTM
2024-09-19 20:00:00,1523.32995925,1505.4398265901395,LSTM
2024-09-19 21:00:00,1298.082483,1505.6540287907922,LSTM
2024-09-19 22:00:00,1391.9596465,1501.5407284615774,LSTM
2024-09-19 23:00:00,1553.74707075,1498.420020656397,LSTM
2024-09-20 00:00:00,1446.89911575,1497.1884062898848,LSTM
2024-09-20 01:00:00,1714.5167330000002,1506.4326122631376,LSTM
2024-09-20 02:00:00,1190.67218425,1515.202734105189,LSTM
2024-09-20 03:00:00,1483.2325335,1511.2325571580154,LSTM
2024-09-20 04:00:00,1658.59178225,1512.465282131068,LSTM
2024-09-20 05:00:00,1445.19270775,1512.9313988675199,LSTM
2024-09-20 06:00:00,1638.740631,1512.2703465395364,LSTM
2024-09-20 07:00:00,1545.5424385,1511.1834007467744,LSTM
2024-09-20 08:00:00,1365.415131,1509.9714875745515,LSTM
2024-09-20 09:00:00,1519.2362825,1508.0371972783964,LSTM
2024-09-20 10:00:00,1569.97949375,1503.355894134421,LSTM
2024-09-20 11:00:00,1469.962177,1500.3278495445363,LSTM
2024-09-20 12:00:00,1483.26777425,1492.6262036256007,LSTM
2024-09-20 13:00:00,1494.30497925,1490.0113529561363,LSTM
2024-09-20 14:00:00,1439.08131275,1487.325182031856,LSTM
2024-09-20 15:00:00,1547.78901125,1485.8793171774505,LSTM
2024-09-20 16:00:00,1442.28687275,1485.6372773824164,LSTM
2024-09-20 17:00:00,1528.4583642500002,1487.2231510918248,LSTM
2024-09-20 18:00:00,1489.328659,1489.8290686217217,LSTM
2024-09-20 19:00:00,1404.48864,1491.575569837999,LSTM
2024-09-20 20:00:00,1660.512426,1493.6402356845965,LSTM
2024-09-20 21:00:00,1503.4354295,1501.1367574041697,LSTM
2024-09-20 22:00:00,1444.7212055,1506.8484619818075,LSTM
2024-09-20 23:00:00,1497.810932,1506.0743209356256,LSTM
2024-09-21 00:00:00,1532.4833055,1501.142165575151,LSTM
2024-09-21 01:00:00,1280.17981275,1501.2995819804999,LSTM
2024-09-21 02:00:00,1545.344722,1498.6467775396848,LSTM
2024-09-21 03:00:00,1565.34928575,1494.727157333738,LSTM
2024-09-21 04:00:00,1589.57084425,1497.276385642813,LSTM
2024-09-21 05:00:00,1485.73209925,1495.7071951751373,LSTM
2024-09-21 06:00:00,1507.89148375,1493.9047290466515,LSTM
2024-09-21 07:00:00,1550.7614415,1493.9964989479906,LSTM
2024-09-21 08:00:00,1488.92832425,1489.97364062099,LSTM
2024-09-21 09:00:00,1428.611758,1489.5765504954113,LSTM
2024-09-21 10:00:00,1562.233819,1488.5327493523976,LSTM
2024-09-21 11:00:00,1368.7154845,1485.7324273906188,LSTM
2024-09-21 12:00:00,1681.125779,1485.160392591243,LSTM
2024-09-21 13:00:00,1702.15355175,1483.8142891765463,LSTM
2024-09-21 14:00:00,1382.13124225,1484.065648409075,LSTM
2024-09-21 15:00:00,1662.6524225,1487.8562933945655,LSTM
2024-09-21 16:00:00,1554.532405,1488.4632398691153,LSTM
2024-09-21 17:00:00,1521.577126,1491.752590863155,LSTM
2024-09-21 18:00:00,1583.44363325,1494.1187863855814,LSTM
2024-09-21 19:00:00,1517.94700175,1493.2087891871142,LSTM
2024-09-21 20:00:00,1527.80556275,1493.3475667174741,LSTM
2024-09-21 21:00:00,1448.011334,1494.2243181505783,LSTM
2024-09-21 22:00:00,1490.8433295,1494.983441864839,LSTM
2024-09-21 23:00:00,1541.611344,1492.7771978279093,LSTM
2024-09-22 00:00:00,1564.7584385,1490.6773064390718,LSTM
2024-09-22 01:00:00,1246.619559,1489.843120208825,LSTM
2024-09-22 02:00:00,1433.91074675,1492.4620270065252,LSTM
2024-09-22 03:00:00,1537.7936305,1488.4857658669973,LSTM
2024-09-22 04:00:00,1450.713592,1486.8803599686432,LSTM
2024-09-22 05:00:00,1515.939371,1491.6810291721347,LSTM
2024-09-22 06:00:00,1433.47124825,1488.5212087018215,LSTM
2024-09-22 07:00:00,1566.74487675,1487.3072674654804,LSTM
2024-09-22 08:00:00,1363.23540675,1484.883923993444,LSTM
2024-09-22 09:00:00,1547.2261395,1487.0554253605428,LSTM
2024-09-22 10:00:00,1538.56112925,1487.2122381753802,LSTM
2024-09-22 11:00:00,1410.90280975,1486.2602069337058,LSTM
2024-09-22 12:00:00,1546.62060025,1487.436484122141,LSTM
2024-09-22 13:00:00,1523.45987,1482.2704253667248,LSTM
2024-09-22 14:00:00,1413.78828725,1478.4228980114488,LSTM
2024-09-22 15:00:00,1568.866634,1478.4717164120032,LSTM
2024-09-22 16:00:00,1437.74665775,1476.7089906827819,LSTM
2024-09-22 17:00:00,1518.90138375,1476.4177703328864,LSTM
2024-09-22 18:00:00,1655.4537875,1476.683519163205,LSTM
2024-09-22 19:00:00,1500.2936235,1482.2756162451221,LSTM
2024-09-22 20:00:00,1494.48612725,1484.7624815825689,LSTM
2024-09-22 21:00:00,1635.9706055,1487.6939516906443,LSTM
2024-09-22 22:00:00,1464.91065025,1491.091393673449,LSTM
2024-09-22 23:00:00,1385.640332,1495.0598322799501,LSTM
2024-09-23 00:00:00,1619.06882025,1497.9115560096716,LSTM
2024-09-23 01:00:00,1542.5759345,1501.3190900258253,LSTM
2024-09-23 02:00:00,1556.8390332499998,1505.2684068849283,LSTM
2024-09-23 03:00:00,1536.95249025,1509.6227571207387,LSTM
2024-09-23 04:00:00,1494.5778017500002,1514.403773417182,LSTM
2024-09-23 05:00:00,1473.46278925,1516.8360017415453,LSTM
2024-09-23 06:00:00,1653.2519149999998,1515.2909066070808,LSTM
2024-09-23 07:00:00,1430.173128,1514.8378757129142,LSTM
2024-09-23 08:00:00,1657.9662795,1510.2158210135287,LSTM
2024-09-23 09:00:00,1472.28773175,1510.2613075944607,LSTM
2024-09-23 10:00:00,1466.6208925,1511.0238597028258,LSTM
2024-09-23 11:00:00,1426.35279375,1508.439623144095,LSTM
2024-09-23 12:00:00,1523.8461835,1507.7524474187821,LSTM
2024-09-23 13:00:00,1592.05718425,1500.1268780478915,LSTM
2024-09-23 14:00:00,1433.29584525,1500.9555836762956,LSTM
2024-09-23 15:00:00,1492.9627845,1497.2367418180304,LSTM
2024-09-23 16:00:00,1346.157854,1493.960862964203,LSTM
2024-09-23 17:00:00,1389.25757375,1491.9791787411,LSTM
2024-09-23 18:00:00,1399.94927325,1487.3377850017323,LSTM
2024-09-23 19:00:00,1351.40235725,1488.4559967829798,LSTM
2024-09-23 20:00:00,1616.0146255,1493.6251700654343,LSTM
2024-09-23 21:00:00,1554.06751075,1500.5155903371733,LSTM
2024-09-23 22:00:00,1363.31851125,1504.0918399730476,LSTM
2024-09-23 23:00:00,1475.755423,1503.2499036406355,LSTM
2024-09-24 00:00:00,1298.33209225,1505.772525679972,LSTM
2024-09-24 01:00:00,1498.47951075,1501.16399140804,LSTM
2024-09-24 02:00:00,1560.97199525,1501.050999264323,LSTM
2024-09-24 03:00:00,1462.33501575,1506.265828133053,LSTM
2024-09-24 04:00:00,1427.04855375,1505.1128253947338,LSTM
2024-09-24 05:00:00,1308.9470135,1504.708371464917,LSTM
2024-09-24 06:00:00,1443.157863,1502.6163267527265,LSTM
2024-09-24 07:00:00,1611.33522375,1502.3951229021427,LSTM
2024-09-24 08:00:00,1501.5851185,1499.6645760034712,LSTM
2024-09-24 09:00:00,1666.372004,1495.2079533914248,LSTM
2024-09-24 10:00:00,1437.67385825,1495.3324378984769,LSTM
2024-09-24 11:00:00,1425.13216825,1496.9326770620542,LSTM
2024-09-24 12:00:00,1395.55920875,1494.8606474112187,LSTM
2024-09-24 13:00:00,1419.3865835,1491.2951658300663,LSTM
2024-09-24 14:00:00,1503.68619675,1488.7973634325547,LSTM
2024-09-24 15:00:00,1376.8488865,1489.1442106839722,LSTM
2024-09-24 16:00:00,1620.32933525,1489.7779324336036,LSTM
2024-09-24 17:00:00,1499.21107775,1492.2724995859746,LSTM
2024-09-24 18:00:00,1593.5394925,1498.095047525109,LSTM
2024-09-24 19:00:00,1432.481176,1504.2443310798242,LSTM
2024-09-24 20:00:00,1304.51933475,1505.7626750828274,LSTM
2024-09-24 21:00:00,1476.36631875,1506.439372476864,LSTM
2024-09-24 22:00:00,1315.772836,1507.4227904251265,LSTM
2024-09-24 23:00:00,1392.984647,1508.792409726144,LSTM
2024-09-25 00:00:00,1317.67845325,1511.084991349811,LSTM
2024-09-25 01:00:00,1414.64826675,1504.665975267403,LSTM
2024-09-25 02:00:00,1431.9243745,1497.6904004463288,LSTM
2024-09-25 03:00:00,1555.83475275,1495.4704428329821,LSTM
2024-09-25 04:00:00,1483.84485125,1494.6260438512838,LSTM
2024-09-25 05:00:00,1578.79500625,1495.2140134401584,LSTM
2024-09-25 06:00:00,1638.70034075,1496.8591838813975,LSTM
2024-09-25 07:00:00,1484.37126815,1500.8264635941168,LSTM
2024-09-25 08:00:00,1508.97565325,1501.690708631827,LSTM
2024-09-25 09:00:00,1496.758423,1505.020113892197,LSTM
2024-09-25 10:00:00,1574.322968,1502.1256800978954,LSTM
2024-09-25 11:00:00,1661.53845475,1500.6075292438557,LSTM
2024-09-25 12:00:00,1345.4458715,1496.4021934334767,LSTM
2024-09-25 13:00:00,1503.4077395,1491.4037396912402,LSTM
2024-09-25 14:00:00,1452.00146125,1488.784036154065,LSTM
2024-09-25 15:00:00,1534.6635095,1487.939009438235,LSTM
2024-09-25 16:00:00,1276.752868,1489.9307615510668,LSTM
2024-09-25 17:00:00,1416.41483175,1489.7907044088229,LSTM
2024-09-25 18:00:00,1598.1474925,1486.3163649948779,LSTM
2024-09-25 19:00:00,1538.254498,1487.4948875400153,LSTM
2024-09-25 20:00:00,1394.44367875,1492.5975934353646,LSTM
2024-09-25 21:00:00,1472.37458775,1494.543834823644,LSTM
2024-09-25 22:00:00,1550.53343975,1495.979752506423,LSTM
2024-09-25 23:00:00,1433.91066625,1499.253361859928,LSTM
2024-09-26 00:00:00,1617.3074927500002,1500.5388647872894,LSTM
2024-09-26 01:00:00,1609.73864725,1504.6121832810352,LSTM
2024-09-26 02:00:00,1778.979986,1504.1691961329766,LSTM
2024-09-26 03:00:00,1595.47104425,1507.326409092281,LSTM
2024-09-26 04:00:00,1525.5887785,1508.193261641,LSTM
2024-09-26 05:00:00,1265.17216625,1505.914297019268,LSTM
2024-09-26 06:00:00,1558.54341225,1502.7590155495996,LSTM
2024-09-26 07:00:00,1419.1903785,1499.5016548526592,LSTM
2024-09-26 08:00:00,1460.13773475,1498.2405852691954,LSTM
2024-09-26 09:00:00,1567.44878725,1495.868402128897,LSTM
2024-09-26 10:00:00,1457.90501775,1494.4221268329438,LSTM
2024-09-26 11:00:00,1427.47052925,1490.1893397261106,LSTM
2024-09-26 12:00:00,1624.8898125,1485.4428970941551,LSTM
2024-09-26 13:00:00,1534.9279955,1488.9022674634198,LSTM
2024-09-26 14:00:00,1603.51131275,1491.4381443503846,LSTM
2024-09-26 15:00:00,1541.986739,1494.107076729662,LSTM
2024-09-26 16:00:00,1570.38118,1493.4782319913618,LSTM
2024-09-26 17:00:00,1422.88861225,1488.8853910727237,LSTM
2024-09-26 18:00:00,1562.73988625,1486.4837285718531,LSTM
2024-09-26 19:00:00,1568.625891,1491.6139099072773,LSTM
2024-09-26 20:00:00,1509.660125,1493.7772265870428,LSTM
2024-09-26 21:00:00,1479.72766925,1494.812891329964,LSTM
2024-09-26 22:00:00,1409.16973775,1493.4147342695724,LSTM
2024-09-26 23:00:00,1732.8268202500003,1493.3036977591123,LSTM
2024-09-27 00:00:00,1472.55732225,1499.4463176745826,LSTM
2024-09-27 01:00:00,1487.30177875,1508.0103495724534,LSTM
2024-09-27 02:00:00,1475.8629525,1511.4004036073995,LSTM
2024-09-27 03:00:00,1550.3487305,1512.2360143112533,LSTM
2024-09-27 04:00:00,1530.465551,1512.917105844212,LSTM
2024-09-27 05:00:00,1484.28871175,1510.6861387399392,LSTM
2024-09-27 06:00:00,1654.1297065,1510.174680284278,LSTM
2024-09-27 07:00:00,1358.674835,1505.0279364252235,LSTM
2024-09-27 08:00:00,1455.03975975,1504.2673640937358,LSTM
2024-09-27 09:00:00,1392.77795525,1502.9391269581736,LSTM
2024-09-27 10:00:00,1557.548168,1497.4568833493142,LSTM
2024-09-27 11:00:00,1707.625316,1496.6299160615827,LSTM
2024-09-27 12:00:00,1522.9184675,1493.8541481618038,LSTM
2024-09-27 13:00:00,1718.9237902500001,1493.8636124610211,LSTM
2024-09-27 14:00:00,1479.57159775,1493.4132856523452,LSTM
2024-09-27 15:00:00,1652.545681,1498.8716029333364,LSTM
2024-09-27 16:00:00,1481.5868155,1503.385301064132,LSTM
2024-09-27 17:00:00,1457.8136185,1505.1747296375734,LSTM
2024-09-27 18:00:00,1452.78193525,1505.28984641989,LSTM
2024-09-27 19:00:00,1410.813792,1504.6564143937037,LSTM
2024-09-27 20:00:00,1450.58509825,1504.1013042722648,LSTM
2024-09-27 21:00:00,1498.01655475,1502.538149709702,LSTM
2024-09-27 22:00:00,1570.2744365,1499.5971670151685,LSTM
2024-09-27 23:00:00,1441.4059485,1506.9379865264448,LSTM
2024-09-28 00:00:00,1533.49451025,1503.6378433340628,LSTM
2024-09-28 01:00:00,1511.3513125,1504.1333670002255,LSTM
2024-09-28 02:00:00,1501.18765725,1501.2376777376603,LSTM
2024-09-28 03:00:00,1415.898702925,1500.6983092567561,LSTM
2024-09-28 04:00:00,1440.40980375,1496.9284277848546,LSTM
2024-09-28 05:00:00,1427.65020925,1496.141442332592,LSTM
2024-09-28 06:00:00,1396.46395775,1495.5759263107382,LSTM
2024-09-28 07:00:00,1516.819911,1494.0120957268027,LSTM
2024-09-28 08:00:00,1645.04069025,1491.936275527556,LSTM
2024-09-28 09:00:00,1370.258092,1490.9017213911757,LSTM
2024-09-28 10:00:00,1659.915947,1489.4613612822334,LSTM
2024-09-28 11:00:00,1591.09093325,1486.1551338974975,LSTM
2024-09-28 12:00:00,1383.90475175,1484.512401961924,LSTM
2024-09-28 13:00:00,1418.188361,1482.068536412503,LSTM
2024-09-28 14:00:00,1466.7525885,1478.0810484894648,LSTM
2024-09-28 15:00:00,1256.62017325,1478.1263177778128,LSTM
2024-09-28 16:00:00,1364.26060925,1478.1906846699387,LSTM
2024-09-28 17:00:00,1516.42928225,1475.3491254044275,LSTM
2024-09-28 18:00:00,1508.78352925,1476.2583258634195,LSTM
2024-09-28 19:00:00,1599.8840705,1478.6503309161092,LSTM
2024-09-28 20:00:00,1465.22852775,1484.5823943176151,LSTM
2024-09-28 21:00:00,1364.61823375,1486.0286696135684,LSTM
2024-09-28 22:00:00,1429.05337275,1484.4046972710864,LSTM
2024-09-28 23:00:00,1431.01099525,1487.6791275076866,LSTM
2024-09-29 00:00:00,1470.064215,1486.3646039485416,LSTM
2024-09-29 01:00:00,1397.817191275,1489.6348090515626,LSTM
2024-09-29 02:00:00,1563.13983675,1488.9425873095752,LSTM
2024-09-29 03:00:00,1384.425374,1488.4757221208893,LSTM
2024-09-29 04:00:00,1336.32952625,1488.5990477341595,LSTM
2024-09-29 05:00:00,1546.56125025,1488.446991212551,LSTM
2024-09-29 06:00:00,1591.0049255,1489.9825737605572,LSTM
2024-09-29 07:00:00,1531.64748525,1489.5406972190397,LSTM
2024-09-29 08:00:00,1603.58460925,1489.94428197852,LSTM
2024-09-29 09:00:00,1533.80526875,1489.7154004566323,LSTM
2024-09-29 10:00:00,1521.29300575,1490.7329816278348,LSTM
2024-09-29 11:00:00,1500.00559475,1485.725329166206,LSTM
2024-09-29 12:00:00,1444.490678,1480.3007405229866,LSTM
2024-09-29 13:00:00,1505.218047,1480.006743656739,LSTM
2024-09-29 14:00:00,1621.1005917499997,1477.7388609567945,LSTM
2024-09-29 15:00:00,1572.12279825,1478.4232360221351,LSTM
2024-09-29 16:00:00,1596.7701525,1480.3455269389256,LSTM
2024-09-29 17:00:00,1475.00947425,1484.052900577476,LSTM
2024-09-29 18:00:00,1486.36355725,1483.7010797402454,LSTM
2024-09-29 19:00:00,1559.55843775,1486.7698304742125,LSTM
2024-09-29 20:00:00,1565.26254975,1484.6173784236505,LSTM
2024-09-29 21:00:00,1389.30615425,1487.2520268618857,LSTM
2024-09-29 22:00:00,1450.29725575,1487.0332615169675,LSTM
2024-09-29 23:00:00,1539.664753,1489.1620769631068,LSTM
2024-09-30 00:00:00,1396.6760385500002,1489.3207488367193,LSTM
2024-09-30 01:00:00,1459.8056265,1499.0339446372575,LSTM
2024-09-30 02:00:00,1478.7076545,1501.1141589754263,LSTM
2024-09-30 03:00:00,1487.81766025,1507.2613661787825,LSTM
2024-09-30 04:00:00,1413.10091725,1507.2446105061888,LSTM
2024-09-30 05:00:00,1590.54484825,1508.0765996669745,LSTM
2024-09-30 06:00:00,1523.831153,1509.1427819461474,LSTM
2024-09-30 07:00:00,1652.0804474999998,1508.1293293340423,LSTM
2024-09-30 08:00:00,1671.5138112500001,1508.7742537235636,LSTM
2024-09-30 09:00:00,1380.5575835,1509.6553027211085,LSTM
2024-09-30 10:00:00,1557.0763285,1507.8864445122922,LSTM
2024-09-30 11:00:00,1658.9062234999997,1504.7141659338256,LSTM
2024-09-30 12:00:00,1505.7580705,1504.9316516668598,LSTM
2024-09-30 13:00:00,1629.73483125,1504.8147965438707,LSTM
2024-09-30 14:00:00,1489.69759575,1505.537318529526,LSTM
2024-09-30 15:00:00,1455.83718075,1502.1760436901588,LSTM
2024-09-30 16:00:00,1517.63235325,1500.04565890869,LSTM
2024-09-30 17:00:00,1445.13784675,1502.0507383000113,LSTM
2024-09-30 18:00:00,1700.85125075,1505.292260781935,LSTM
2024-09-30 19:00:00,1492.1844685,1509.306379118332,LSTM
2024-09-30 20:00:00,1373.32702725,1507.3580855223145,LSTM
2024-09-30 21:00:00,1469.00927225,1513.379118165187,LSTM
2024-09-30 22:00:00,1613.73795175,1515.1235430301056,LSTM
2024-09-30 23:00:00,1551.84795,1515.1193903273877,LSTM
2024-10-01 00:00:00,1562.289452,1508.202725940217,LSTM
2024-10-01 01:00:00,1587.7618805,1505.3856483058446,LSTM
2024-10-01 02:00:00,1515.674993,1507.2871515654256,LSTM
2024-10-01 03:00:00,1546.09281325,1511.2652476201076,LSTM
2024-10-01 04:00:00,1459.67771625,1512.48512818708,LSTM
2024-10-01 05:00:00,1623.05618275,1510.0166844320383,LSTM
2024-10-01 06:00:00,1355.59962975,1508.915204179764,LSTM
2024-10-01 07:00:00,1459.9426445,1505.2080478337975,LSTM
2024-10-01 08:00:00,1341.921792,1502.088402347917,LSTM
2024-10-01 09:00:00,1472.1809285,1504.5330887804334,LSTM
2024-10-01 10:00:00,1567.68544675,1500.7026551084375,LSTM
2024-10-01 11:00:00,1521.36229225,1499.1507997602466,LSTM
2024-10-01 12:00:00,1295.01472075,1498.3438233902493,LSTM
2024-10-01 13:00:00,1421.414166,1495.568127921332,LSTM
2024-10-01 14:00:00,1607.6442875,1491.554009584935,LSTM
2024-10-01 15:00:00,1553.24533875,1492.484021844757,LSTM
2024-10-01 16:00:00,1638.0076579999998,1494.4912983055397,LSTM
2024-10-01 17:00:00,1577.25216825,1495.5707112887203,LSTM
2024-10-01 18:00:00,1387.6934035,1494.7340141219465,LSTM
2024-10-01 19:00:00,1471.5113045,1496.6405392545817,LSTM
2024-10-01 20:00:00,1528.31490075,1498.450731341612,LSTM
2024-10-01 21:00:00,1464.322011,1495.944623538665,LSTM
2024-10-01 22:00:00,1440.15343825,1498.3574403921846,LSTM
2024-10-01 23:00:00,1563.9700817500002,1501.425997977188,LSTM
2024-10-02 00:00:00,1449.15364325,1505.1971349173532,LSTM
2024-10-02 01:00:00,1474.03520425,1502.5846020354522,LSTM
2024-10-02 02:00:00,1500.30105075,1500.75509505206,LSTM
2024-10-02 03:00:00,1407.05007225,1500.5640707270416,LSTM
2024-10-02 04:00:00,1495.99139125,1497.175658458286,LSTM
2024-10-02 05:00:00,1453.28292925,1495.1595695760384,LSTM
2024-10-02 06:00:00,1549.1855907499998,1493.9729106308087,LSTM
2024-10-02 07:00:00,1439.187704,1493.1762918739855,LSTM
2024-10-02 08:00:00,1441.59383125,1494.8617580177595,LSTM
2024-10-02 09:00:00,1412.5381185,1492.442591392061,LSTM
2024-10-02 10:00:00,1398.562904,1488.3343853667616,LSTM
2024-10-02 11:00:00,1580.39779375,1487.8249549752184,LSTM
2024-10-02 12:00:00,1626.52283825,1489.3883026867447,LSTM
2024-10-02 13:00:00,1410.379721,1493.0025785248313,LSTM
2024-10-02 14:00:00,1621.5040725,1492.9992225615886,LSTM
2024-10-02 15:00:00,1410.87089175,1492.0956234225412,LSTM
2024-10-02 16:00:00,1476.16892475,1489.3812044623319,LSTM
2024-10-02 17:00:00,1675.2612365000002,1488.516693844797,LSTM
2024-10-02 18:00:00,1344.062462,1493.2901049007976,LSTM
2024-10-02 19:00:00,1406.614054675,1494.096984696313,LSTM
2024-10-02 20:00:00,1493.43795225,1493.4900140781426,LSTM
2024-10-02 21:00:00,1606.3870235,1493.158329020369,LSTM
2024-10-02 22:00:00,1715.39851575,1496.2200539607845,LSTM
2024-10-02 23:00:00,1515.90812025,1500.851283235942,LSTM
2024-10-03 00:00:00,1507.95894625,1503.7985432717933,LSTM
2024-10-03 01:00:00,1576.363908,1509.3156502685856,LSTM
2024-10-03 02:00:00,1429.70316,1505.488210405526,LSTM
2024-10-03 03:00:00,1297.79727225,1499.7003568489815,LSTM
2024-10-03 04:00:00,1436.27797375,1495.3381840801444,LSTM
2024-10-03 05:00:00,1661.38697275,1493.7399971243055,LSTM
2024-10-03 06:00:00,1416.805095,1496.082821622134,LSTM
2024-10-03 07:00:00,1557.42156625,1498.8931390427797,LSTM
2024-10-03 08:00:00,1465.77782975,1501.7177494867335,LSTM
2024-10-03 09:00:00,1617.166972,1500.1490901787076,LSTM
2024-10-03 10:00:00,1495.30367575,1498.2609624848571,LSTM
2024-10-03 11:00:00,1435.85885675,1501.1975993277094,LSTM
2024-10-03 12:00:00,1705.68197475,1497.0758004440954,LSTM
2024-10-03 13:00:00,1539.264694,1495.5826382372238,LSTM
2024-10-03 14:00:00,1315.593594,1496.7706250815786,LSTM
2024-10-03 15:00:00,1474.76981175,1494.4326051642201,LSTM
2024-10-03 16:00:00,1551.63693475,1491.3573356527309,LSTM
2024-10-03 17:00:00,1408.833392,1489.9820667445279,LSTM
2024-10-03 18:00:00,1554.387542,1491.0643286749219,LSTM
2024-10-03 19:00:00,1615.63327975,1494.654509179797,LSTM
2024-10-03 20:00:00,1614.871321,1497.7385911127515,LSTM
2024-10-03 21:00:00,1591.13326725,1501.1388337555286,LSTM
2024-10-03 22:00:00,1577.583216,1502.2252483886405,LSTM
2024-10-03 23:00:00,1544.5214685,1499.0976837952514,LSTM
2024-10-04 00:00:00,1366.075536375,1499.7211686498113,LSTM
2024-10-04 01:00:00,1505.123568,1503.7918796325484,LSTM
2024-10-04 02:00:00,1507.9492705,1504.796543966809,LSTM
2024-10-04 03:00:00,1587.9880705,1508.887921888653,LSTM
2024-10-04 04:00:00,1489.04786325,1509.6234331421115,LSTM
2024-10-04 05:00:00,1690.9342445,1509.328591249148,LSTM
2024-10-04 06:00:00,1457.84264525,1507.3625279484777,LSTM
2024-10-04 07:00:00,1569.481465,1507.4940623927018,LSTM
2024-10-04 08:00:00,1448.50505125,1506.5089061037668,LSTM
2024-10-04 09:00:00,1446.94174925,1505.2573008195202,LSTM
2024-10-04 10:00:00,1607.71999875,1502.6503692575643,LSTM
2024-10-04 11:00:00,1539.028242,1500.1568161372525,LSTM
2024-10-04 12:00:00,1422.327531,1499.1608435063547,LSTM
2024-10-04 13:00:00,1552.7036885,1495.3440026926735,LSTM
2024-10-04 14:00:00,1469.00504075,1496.2716247340707,LSTM
2024-10-04 15:00:00,1676.3276072500003,1497.6719064330623,LSTM
2024-10-04 16:00:00,1429.63221175,1496.1769817418976,LSTM
2024-10-04 17:00:00,1493.53917575,1494.4153424755968,LSTM
2024-10-04 18:00:00,1578.3637414999998,1497.0832366791947,LSTM
2024-10-04 19:00:00,1492.92254275,1499.7070687754672,LSTM
2024-10-04 20:00:00,1523.607252,1501.5866013404366,LSTM
2024-10-04 21:00:00,1536.4881355,1499.5570886052176,LSTM
2024-10-04 22:00:00,1394.69226925,1503.3730361049422,LSTM
2024-10-04 23:00:00,1483.41754625,1499.2948888871058,LSTM
2024-10-05 00:00:00,1579.82512125,1502.9893456887144,LSTM
2024-10-05 01:00:00,1408.604818,1498.670824585655,LSTM
2024-10-05 02:00:00,1485.496582,1495.3790350859497,LSTM
2024-10-05 03:00:00,1497.03324325,1498.0408692408141,LSTM
2024-10-05 04:00:00,1575.08910625,1495.6641470998707,LSTM
2024-10-05 05:00:00,1483.55098605,1493.8901704435186,LSTM
2024-10-05 06:00:00,1584.0387085,1492.3296716792056,LSTM
2024-10-05 07:00:00,1537.43402775,1492.010782740272,LSTM
2024-10-05 08:00:00,1424.04569025,1491.6518636786282,LSTM
2024-10-05 09:00:00,1318.61637575,1489.7224262501838,LSTM
2024-10-05 10:00:00,1415.515419,1483.2528051393078,LSTM
2024-10-05 11:00:00,1542.36779275,1479.1798487998688,LSTM
2024-10-05 12:00:00,1474.9114455,1474.3605648650087,LSTM
2024-10-05 13:00:00,1698.6549759999996,1472.2374714569166,LSTM
2024-10-05 14:00:00,1505.90141475,1471.4971556229882,LSTM
2024-10-05 15:00:00,1503.27075075,1473.4603458328247,LSTM
2024-10-05 16:00:00,1600.7810895,1477.0077921294994,LSTM
2024-10-05 17:00:00,1367.88731375,1477.901106086234,LSTM
2024-10-05 18:00:00,1467.2859952499998,1482.2630615624869,LSTM
2024-10-05 19:00:00,1457.3046215,1483.0639054528892,LSTM
2024-10-05 20:00:00,1627.47484425,1484.7382172440143,LSTM
2024-10-05 21:00:00,1305.28978775,1489.4429396998282,LSTM
2024-10-05 22:00:00,1472.9306095,1491.7930555710332,LSTM
2024-10-05 23:00:00,1469.93927225,1489.2932251094037,LSTM
2024-10-06 00:00:00,1560.79996025,1486.9798799721475,LSTM
2024-10-06 01:00:00,1497.31434625,1487.509446143148,LSTM
2024-10-06 02:00:00,1685.25922325,1489.2175348592857,LSTM
2024-10-06 03:00:00,1530.91071675,1491.9645235634853,LSTM
2024-10-06 04:00:00,1524.00948825,1492.700638407455,LSTM
2024-10-06 05:00:00,1468.7651075,1494.0514739717603,LSTM
2024-10-06 06:00:00,1503.57810475,1495.959085567316,LSTM
2024-10-06 07:00:00,1500.734203,1494.714288784037,LSTM
2024-10-06 08:00:00,1566.318106,1495.3309168503883,LSTM
2024-10-06 09:00:00,1536.59647975,1494.2399149293906,LSTM
2024-10-06 10:00:00,1585.7405905,1492.0631743966535,LSTM
2024-10-06 11:00:00,1416.57162825,1488.9542969654944,LSTM
2024-10-06 12:00:00,1347.02394725,1488.9442532193864,LSTM
2024-10-06 13:00:00,1710.7367127499997,1485.8412668316178,LSTM
2024-10-06 14:00:00,1671.2736270000003,1482.2451228524908,LSTM
2024-10-06 15:00:00,1461.2651975,1482.7758962045139,LSTM
2024-10-06 16:00:00,1665.4669455,1482.964602741969,LSTM
2024-10-06 17:00:00,1466.48677025,1481.598460122297,LSTM
2024-10-06 18:00:00,1516.96392375,1480.4512759965066,LSTM
2024-10-06 19:00:00,1302.1724745,1482.7952111008758,LSTM
2024-10-06 20:00:00,1734.67701075,1484.123255087474,LSTM
2024-10-06 21:00:00,1542.33387175,1482.6744688549938,LSTM
2024-10-06 22:00:00,1400.18428675,1490.1025434105848,LSTM
2024-10-06 23:00:00,1460.9601125,1495.2871686101287,LSTM
2024-10-07 00:00:00,1567.1572645,1496.0975975178505,LSTM
2024-10-07 01:00:00,1519.10831775,1503.3379795680455,LSTM
2024-10-07 02:00:00,1511.111772,1509.1236601987491,LSTM
2024-10-07 03:00:00,1390.516847,1510.1411689390902,LSTM
2024-10-07 04:00:00,1499.69730825,1509.8504797488447,LSTM
2024-10-07 05:00:00,1356.4822455,1511.2558798953721,LSTM
2024-10-07 06:00:00,1539.20571775,1510.4542634091154,LSTM
2024-10-07 07:00:00,1538.169,1506.840156576372,LSTM
2024-10-07 08:00:00,1487.52227425,1505.534759305758,LSTM
2024-10-07 09:00:00,1442.3204955,1506.6103093096663,LSTM
2024-10-07 10:00:00,1515.10399825,1504.9592719686573,LSTM
2024-10-07 11:00:00,1588.512642,1499.600933419959,LSTM
2024-10-07 12:00:00,1424.3612455,1495.246027880878,LSTM
2024-10-07 13:00:00,1514.51130075,1494.0137857802345,LSTM
2024-10-07 14:00:00,1444.688404,1494.5647431989555,LSTM
2024-10-07 15:00:00,1428.99362325,1497.3196510106634,LSTM
2024-10-07 16:00:00,1586.8583935,1495.745511100795,LSTM
2024-10-07 17:00:00,1592.08423,1495.4636343320146,LSTM
2024-10-07 18:00:00,1412.5684807500002,1494.2538457983915,LSTM
2024-10-07 19:00:00,1535.51666525,1499.5588269458901,LSTM
2024-10-07 20:00:00,1560.53688225,1503.3150431286158,LSTM
2024-10-07 21:00:00,1561.09646575,1507.4864330086389,LSTM
2024-10-07 22:00:00,1543.91067075,1510.497045904557,LSTM
2024-10-07 23:00:00,1444.1652245,1510.9658184392586,LSTM
2024-10-08 00:00:00,1542.3041715,1510.44277104578,LSTM
2024-10-08 01:00:00,1469.05807525,1506.4373444127461,LSTM
2024-10-08 02:00:00,1627.33811075,1505.415200097278,LSTM
2024-10-08 03:00:00,1537.754538,1499.3556825234045,LSTM
2024-10-08 04:00:00,1549.34546975,1500.501587037311,LSTM
2024-10-08 05:00:00,1471.37095,1503.3515965699805,LSTM
2024-10-08 06:00:00,1461.4328055,1504.0474157114154,LSTM
2024-10-08 07:00:00,1580.8322975,1501.552027675949,LSTM
2024-10-08 08:00:00,1475.7241795,1500.4173740891733,LSTM
2024-10-08 09:00:00,1595.1377095,1503.0737517858156,LSTM
2024-10-08 10:00:00,1336.06082325,1501.4763132822106,LSTM
2024-10-08 11:00:00,1426.51181375,1495.8069807584666,LSTM
2024-10-08 12:00:00,1645.2014425,1494.4514613317933,LSTM
2024-10-08 13:00:00,1445.9111175,1491.6897691627385,LSTM
2024-10-08 14:00:00,1531.32572225,1490.724289924472,LSTM
2024-10-08 15:00:00,1434.601319,1489.7491049507837,LSTM
2024-10-08 16:00:00,1542.28143,1493.7678105750665,LSTM
2024-10-08 17:00:00,1186.720103525,1495.43029199217,LSTM
2024-10-08 18:00:00,1503.10464375,1492.8570649243654,LSTM
2024-10-08 19:00:00,1502.47474225,1496.0428639302852,LSTM
2024-10-08 20:00:00,1492.41644525,1497.5922807728107,LSTM
2024-10-08 21:00:00,1600.747932,1493.9596074959395,LSTM
2024-10-08 22:00:00,1408.5544075,1497.2861396654757,LSTM
2024-10-08 23:00:00,1369.40246875,1497.8298057108202,LSTM
2024-10-09 00:00:00,1452.80901925,1500.2326271054726,LSTM
2024-10-09 01:00:00,1355.12242625,1497.583492494966,LSTM
2024-10-09 02:00:00,1609.3939770000002,1495.6811924959102,LSTM
2024-10-09 03:00:00,1301.812398425,1494.1481691716717,LSTM
2024-10-09 04:00:00,1443.17072725,1494.6558612225424,LSTM
2024-10-09 05:00:00,1564.569687,1492.6591355238975,LSTM
2024-10-09 06:00:00,1620.8140375,1494.9552904033917,LSTM
2024-10-09 07:00:00,1551.52294375,1496.706692774621,LSTM
2024-10-09 08:00:00,1520.22067,1496.615091878625,LSTM
2024-10-09 09:00:00,1799.21510375,1497.5265135506986,LSTM
2024-10-09 10:00:00,1350.528605,1503.7463930516162,LSTM
2024-10-09 11:00:00,1532.52035425,1501.9218113667962,LSTM
2024-10-09 12:00:00,1453.18901125,1501.82272594846,LSTM
2024-10-09 13:00:00,1477.50252625,1501.0218337708168,LSTM
2024-10-09 14:00:00,1315.3884693999998,1498.355122604621,LSTM
2024-10-09 15:00:00,1592.05079325,1496.4812879340784,LSTM
2024-10-09 16:00:00,1555.19625725,1497.3282461395445,LSTM
2024-10-09 17:00:00,1347.89062375,1495.2485388174052,LSTM
2024-10-09 18:00:00,1732.7021049999996,1490.9225814792464,LSTM
2024-10-09 19:00:00,1642.98087375,1491.3017328948292,LSTM
2024-10-09 20:00:00,1424.688032,1495.6426109904273,LSTM
2024-10-09 21:00:00,1646.03664275,1497.6061874981913,LSTM
2024-10-09 22:00:00,1561.92563825,1500.1734269481235,LSTM
2024-10-09 23:00:00,1642.32880525,1504.1699687288312,LSTM
2024-10-10 00:00:00,1714.2651245,1507.2845923416578,LSTM
2024-10-10 01:00:00,1569.7328670000002,1513.5362448470905,LSTM
2024-10-10 02:00:00,1485.19026825,1509.8527009619263,LSTM
2024-10-10 03:00:00,1648.8176975000001,1507.3341833380666,LSTM
2024-10-10 04:00:00,1569.14458475,1506.7208870913378,LSTM
2024-10-10 05:00:00,1519.55678575,1509.0507947522242,LSTM
2024-10-10 06:00:00,1685.5795127500003,1507.2634425301414,LSTM
2024-10-10 07:00:00,1547.97143975,1508.0706120491022,LSTM
2024-10-10 08:00:00,1353.79691975,1506.5033047838217,LSTM
2024-10-10 09:00:00,1267.7383505,1502.5729165231535,LSTM
2024-10-10 10:00:00,1569.99745475,1495.6562521359829,LSTM
2024-10-10 11:00:00,1690.4205884999997,1490.7922542160452,LSTM
2024-10-10 12:00:00,1587.63234075,1492.7001796786665,LSTM
2024-10-10 13:00:00,1629.203656,1492.7428414560056,LSTM
2024-10-10 14:00:00,1281.29308275,1496.5327621328827,LSTM
2024-10-10 15:00:00,1586.652515,1495.8844817801182,LSTM
2024-10-10 16:00:00,1589.84908325,1496.0173924107082,LSTM
2024-10-10 17:00:00,1340.5973355,1496.2837931187787,LSTM
2024-10-10 18:00:00,1680.88979375,1495.1500087023394,LSTM
2024-10-10 19:00:00,1327.7948835,1493.8599426307123,LSTM
2024-10-10 20:00:00,1536.5999565,1495.677184654915,LSTM
2024-10-10 21:00:00,1379.8819555,1498.1226195396655,LSTM
2024-10-10 22:00:00,1523.35583275,1497.4986035254558,LSTM
2024-10-10 23:00:00,1599.04954025,1497.974619146293,LSTM
2024-10-11 00:00:00,1454.61866175,1500.4744496079227,LSTM
2024-10-11 01:00:00,1515.31524475,1509.5353572147014,LSTM
2024-10-11 02:00:00,1460.674616,1509.6408165488372,LSTM
2024-10-11 03:00:00,1589.9721205,1506.907468990193,LSTM
2024-10-11 04:00:00,1512.26479475,1504.8772802336014,LSTM
2024-10-11 05:00:00,1594.9236175,1502.3283899352127,LSTM
2024-10-11 06:00:00,1514.68202875,1503.496554867176,LSTM
2024-10-11 07:00:00,1503.85202225,1502.2752256829767,LSTM
2024-10-11 08:00:00,1501.07818325,1499.6291331686473,LSTM
2024-10-11 09:00:00,1446.258206,1494.4531996724659,LSTM
2024-10-11 10:00:00,1461.9877145,1491.36049846701,LSTM
2024-10-11 11:00:00,1395.42875275,1490.6595125907984,LSTM
2024-10-11 12:00:00,1598.9382477499998,1487.0107838063263,LSTM
2024-10-11 13:00:00,1426.47454775,1487.9755628795997,LSTM
2024-10-11 14:00:00,1487.38473375,1487.3471527264676,LSTM
2024-10-11 15:00:00,1388.31601125,1483.728603467561,LSTM
2024-10-11 16:00:00,1261.869980825,1486.7784738903345,LSTM
2024-10-11 17:00:00,1432.9717675,1487.8000870461526,LSTM
2024-10-11 18:00:00,1550.85805975,1487.3291898728512,LSTM
2024-10-11 19:00:00,1613.6172124999998,1488.5900904509717,LSTM
2024-10-11 20:00:00,1479.18166025,1496.664103428143,LSTM
2024-10-11 21:00:00,1628.53907175,1497.2357277859712,LSTM
2024-10-11 22:00:00,1556.5703764999998,1504.2822848511753,LSTM
2024-10-11 23:00:00,1492.58161425,1508.6088216362245,LSTM
2024-10-12 00:00:00,1439.3331345,1510.2958812589484,LSTM
2024-10-12 01:00:00,1299.5290415,1507.0156324098193,LSTM
2024-10-12 02:00:00,1415.05868425,1504.594558438105,LSTM
2024-10-12 03:00:00,1435.615269,1501.7814886447275,LSTM
2024-10-12 04:00:00,1520.27296275,1502.8188917283212,LSTM
2024-10-12 05:00:00,1586.911214,1502.147602505266,LSTM
2024-10-12 06:00:00,1448.17925125,1498.4079488461707,LSTM
2024-10-12 07:00:00,1529.8198795,1495.6088582090351,LSTM
2024-10-12 08:00:00,1460.076422,1492.7468734406211,LSTM
2024-10-12 09:00:00,1494.97175125,1492.770413470562,LSTM
2024-10-12 10:00:00,1620.41849225,1487.8729042054367,LSTM
2024-10-12 11:00:00,1681.82422525,1486.187727785108,LSTM
2024-10-12 12:00:00,1296.868505,1487.564107299852,LSTM
2024-10-12 13:00:00,1440.289516,1486.2023105318613,LSTM
2024-10-12 14:00:00,1639.4972575,1484.4630041144787,LSTM
2024-10-12 15:00:00,1504.11150125,1482.5291966907325,LSTM
2024-10-12 16:00:00,1550.33783075,1487.7415387665558,LSTM
2024-10-12 17:00:00,1464.8076075,1483.4965349877737,LSTM
2024-10-12 18:00:00,1377.4791275,1482.380616850469,LSTM
2024-10-12 19:00:00,1476.30453925,1478.3143965811362,LSTM
2024-10-12 20:00:00,1540.84304425,1481.9886210288057,LSTM
2024-10-12 21:00:00,1370.00021875,1483.8244536407567,LSTM
2024-10-12 22:00:00,1526.72031625,1480.4443950646776,LSTM
2024-10-12 23:00:00,1552.82422,1484.1979554491534,LSTM
2024-10-13 00:00:00,1534.16141025,1486.9369043277425,LSTM
2024-10-13 01:00:00,1485.1019740000002,1490.8896495809497,LSTM
2024-10-13 02:00:00,1458.823876,1494.8764373389945,LSTM
2024-10-13 03:00:00,1413.16128075,1498.5623231553425,LSTM
2024-10-13 04:00:00,1736.421831,1499.1681831669723,LSTM
2024-10-13 05:00:00,1447.22497525,1499.4528847393456,LSTM
2024-10-13 06:00:00,1471.274022,1501.8612591667018,LSTM
2024-10-13 07:00:00,1545.03813475,1499.7048475623856,LSTM
2024-10-13 08:00:00,1410.741348,1498.95880969041,LSTM
2024-10-13 09:00:00,1714.2375779999998,1496.1872186369694,LSTM
2024-10-13 10:00:00,1544.3288275,1491.5344291087483,LSTM
2024-10-13 11:00:00,1470.687817,1490.7069789486077,LSTM
2024-10-13 12:00:00,1335.037476,1487.649527429012,LSTM
2024-10-13 13:00:00,1482.37641,1484.516892675328,LSTM
2024-10-13 14:00:00,1582.708326,1478.64289468101,LSTM
2024-10-13 15:00:00,1373.199446,1478.5330653515725,LSTM
2024-10-13 16:00:00,1502.1356565,1475.8017941442874,LSTM
2024-10-13 17:00:00,1424.85737875,1476.738035458186,LSTM
2024-10-13 18:00:00,1415.1585424999998,1475.555360210331,LSTM
2024-10-13 19:00:00,1334.877934,1476.586485952607,LSTM
2024-10-13 20:00:00,1693.40345325,1477.9304405850835,LSTM
2024-10-13 21:00:00,1464.82757275,1479.4472876836187,LSTM
2024-10-13 22:00:00,1598.74130475,1485.8263943614193,LSTM
2024-10-13 23:00:00,1420.59969,1488.4550551817822,LSTM
2024-10-14 00:00:00,1572.10790425,1486.1332597773678,LSTM
2024-10-14 01:00:00,1480.04616775,1490.9624184529928,LSTM
2024-10-14 02:00:00,1513.309661,1495.8241710162285,LSTM
2024-10-14 03:00:00,1551.8192745,1500.0307864384915,LSTM
2024-10-14 04:00:00,1570.889852,1505.3339809580766,LSTM
2024-10-14 05:00:00,1371.41311125,1507.5760541277577,LSTM
2024-10-14 06:00:00,1539.03219225,1507.160397558051,LSTM
2024-10-14 07:00:00,1466.276832,1502.3810230277986,LSTM
2024-10-14 08:00:00,1579.30038225,1503.4457566897445,LSTM
2024-10-14 09:00:00,1392.897826,1501.3255122288656,LSTM
2024-10-14 10:00:00,1391.82638575,1499.6518281718725,LSTM
2024-10-14 11:00:00,1389.25761925,1497.7515803805547,LSTM
2024-10-14 12:00:00,1527.92330575,1494.531086992045,LSTM
2024-10-14 13:00:00,1495.90952875,1493.805691915556,LSTM
2024-10-14 14:00:00,1338.5065215,1491.8924790000558,LSTM
2024-10-14 15:00:00,1524.87950875,1493.0716534229452,LSTM
2024-10-14 16:00:00,1577.814254,1493.0419326261685,LSTM
2024-10-14 17:00:00,1429.473159,1496.4750105927608,LSTM
2024-10-14 18:00:00,1508.96874575,1497.5535544056052,LSTM
2024-10-14 19:00:00,1619.019479,1495.677884819908,LSTM
2024-10-14 20:00:00,1508.62162125,1495.9413400062833,LSTM
2024-10-14 21:00:00,1384.3300144999998,1500.0332008005366,LSTM
2024-10-14 22:00:00,1546.37401525,1498.8315728106265,LSTM
2024-10-14 23:00:00,1442.85860625,1503.3085243510936,LSTM
2024-10-15 00:00:00,1645.66140025,1507.3090256855555,LSTM
2024-10-15 01:00:00,1611.0108025,1506.0721962970258,LSTM
2024-10-15 02:00:00,1602.75626575,1507.384064057921,LSTM
2024-10-15 03:00:00,1455.2299005,1506.7363390084272,LSTM
2024-10-15 04:00:00,1455.14738875,1507.6645163530948,LSTM
2024-10-15 05:00:00,1515.4730845,1505.6744060064539,LSTM
2024-10-15 06:00:00,1426.579718,1503.5705309202417,LSTM
2024-10-15 07:00:00,1422.052583,1499.8481640933903,LSTM
2024-10-15 08:00:00,1580.01283175,1497.1454306454798,LSTM
2024-10-15 09:00:00,1510.02555125,1497.0079085833836,LSTM
2024-10-15 10:00:00,1432.508151,1497.6858614456837,LSTM
2024-10-15 11:00:00,1455.51114125,1494.9726738101174,LSTM
2024-10-15 12:00:00,1578.02102925,1491.7651938330314,LSTM
2024-10-15 13:00:00,1661.84872975,1489.8180591307955,LSTM
2024-10-15 14:00:00,1594.0352755,1491.4391100952028,LSTM
2024-10-15 15:00:00,1388.76880675,1491.4630605666914,LSTM
2024-10-15 16:00:00,1632.4845374999998,1491.6352528677571,LSTM
2024-10-15 17:00:00,1436.39893775,1490.704709448285,LSTM
2024-10-15 18:00:00,1537.07606175,1495.8411681250268,LSTM
2024-10-15 19:00:00,1482.12883775,1498.6784056824772,LSTM
2024-10-15 20:00:00,1639.4216402499999,1500.4986898028567,LSTM
2024-10-15 21:00:00,1382.883397,1503.2402461924546,LSTM
2024-10-15 22:00:00,1566.69841475,1507.4173822541452,LSTM
2024-10-15 23:00:00,1431.94591275,1508.1418840166775,LSTM
2024-10-16 00:00:00,1530.85691775,1510.0556039482074,LSTM
2024-10-16 01:00:00,1647.0071412500001,1509.7626935448802,LSTM
2024-10-16 02:00:00,1530.2493755,1506.4913295480774,LSTM
2024-10-16 03:00:00,1352.34551025,1504.0851763338028,LSTM
2024-10-16 04:00:00,1614.42425325,1500.1938041637852,LSTM
2024-10-16 05:00:00,1487.058195,1499.1826693392436,LSTM
2024-10-16 06:00:00,1452.91173175,1498.4146124854155,LSTM
2024-10-16 07:00:00,1793.611092,1496.882168608068,LSTM
2024-10-16 08:00:00,1343.895434,1500.722646026172,LSTM
2024-10-16 09:00:00,1293.14612725,1499.8190951743659,LSTM
2024-10-16 10:00:00,1447.9245065,1494.3183816958604,LSTM
2024-10-16 11:00:00,1374.62906825,1489.577974969018,LSTM
2024-10-16 12:00:00,1497.91249375,1484.4176623952692,LSTM
2024-10-16 13:00:00,1543.195651,1484.185280048416,LSTM
2024-10-16 14:00:00,1465.1431765,1484.079482703594,LSTM
2024-10-16 15:00:00,1543.280212,1483.1658398184388,LSTM
2024-10-16 16:00:00,1393.9523475,1484.4545297036998,LSTM
2024-10-16 17:00:00,1480.857144175,1483.5512444317185,LSTM
2024-10-16 18:00:00,1430.7328635,1486.5013051275423,LSTM
2024-10-16 19:00:00,1409.05161375,1488.1933866233203,LSTM
2024-10-16 20:00:00,1642.3977787500003,1488.575483560598,LSTM
2024-10-16 21:00:00,1454.96134225,1492.8340319104539,LSTM
2024-10-16 22:00:00,1355.5984,1495.6134937841618,LSTM
2024-10-16 23:00:00,1469.0002435,1497.0960810852753,LSTM
2024-10-17 00:00:00,1408.7575475,1497.8200034009167,LSTM
2024-10-17 01:00:00,1355.068378,1498.2826917432642,LSTM
2024-10-17 02:00:00,1471.76454425,1491.9427943050782,LSTM
2024-10-17 03:00:00,1487.775278,1493.7001118633184,LSTM
2024-10-17 04:00:00,1515.77565,1494.1041794952077,LSTM
2024-10-17 05:00:00,1654.517188,1496.5582577960802,LSTM
2024-10-17 06:00:00,1645.9462817500003,1497.181790937881,LSTM
2024-10-17 07:00:00,1520.171178,1501.179636474093,LSTM
2024-10-17 08:00:00,1440.13781725,1500.6773525942037,LSTM
2024-10-17 09:00:00,1574.84395975,1498.7274655192361,LSTM
2024-10-17 10:00:00,1373.2242354999998,1496.9988305820934,LSTM
2024-10-17 11:00:00,1451.0848775,1493.5961252900304,LSTM
2024-10-17 12:00:00,1438.554762,1491.9700765961893,LSTM
2024-10-17 13:00:00,1420.8086415,1490.40870866154,LSTM
2024-10-17 14:00:00,1683.43886775,1487.5772414293779,LSTM
2024-10-17 15:00:00,1453.6834347499998,1489.2897001408176,LSTM
2024-10-17 16:00:00,1646.6985704999997,1488.3623436792454,LSTM
2024-10-17 17:00:00,1616.73565625,1488.3876461934794,LSTM
2024-10-17 18:00:00,1532.80413725,1493.4087225080796,LSTM
2024-10-17 19:00:00,1435.865252825,1491.1332587113131,LSTM
2024-10-17 20:00:00,1417.9208855,1492.2844265344781,LSTM
2024-10-17 21:00:00,1480.76209275,1492.068437705912,LSTM
2024-10-17 22:00:00,1470.70740075,1492.9935246671616,LSTM
2024-10-17 23:00:00,1513.33233725,1497.3537418027422,LSTM
2024-10-18 00:00:00,1473.8333435,1501.8189112564285,LSTM
2024-10-18 01:00:00,1577.13503825,1512.427811232126,LSTM
2024-10-18 02:00:00,1544.275047,1514.0764824983307,LSTM
2024-10-18 03:00:00,1542.603934,1515.9289259211528,LSTM
2024-10-18 04:00:00,1634.53777775,1513.7005663278887,LSTM
2024-10-18 05:00:00,1367.2041545,1514.564183631467,LSTM
2024-10-18 06:00:00,1518.7453465,1511.89100197499,LSTM
2024-10-18 07:00:00,1484.85222225,1507.4942555416653,LSTM
2024-10-18 08:00:00,1446.736636,1505.3568208230245,LSTM
2024-10-18 09:00:00,1421.8944145,1503.4122453445566,LSTM
2024-10-18 10:00:00,1456.56852225,1500.7393534115251,LSTM
2024-10-18 11:00:00,1543.0749965,1498.429581530096,LSTM
2024-10-18 12:00:00,1516.45356125,1497.743419836842,LSTM
2024-10-18 13:00:00,1305.49508075,1494.8779342434625,LSTM
2024-10-18 14:00:00,1683.6325345,1491.2030820616612,LSTM
2024-10-18 15:00:00,1543.484188,1492.1866931588872,LSTM
2024-10-18 16:00:00,1446.30439975,1494.421861253119,LSTM
2024-10-18 17:00:00,1675.7839130000002,1494.7288956744105,LSTM
2024-10-18 18:00:00,1383.743016,1495.9879130501358,LSTM
2024-10-18 19:00:00,1483.83081075,1497.0139927757375,LSTM
2024-10-18 20:00:00,1626.0699627499998,1494.3738637356598,LSTM
2024-10-18 21:00:00,1320.566792,1496.278046937111,LSTM
2024-10-18 22:00:00,1505.6698475,1498.1575312148395,LSTM
2024-10-18 23:00:00,1355.732027,1498.744317766312,LSTM
2024-10-19 00:00:00,1524.61984,1495.7063742920418,LSTM
2024-10-19 01:00:00,1653.7957965,1495.0924261675607,LSTM
2024-10-19 02:00:00,1435.789416,1494.9010879754762,LSTM
2024-10-19 03:00:00,1423.442416325,1493.9493223136267,LSTM
2024-10-19 04:00:00,1516.4144925,1494.5302661089497,LSTM
2024-10-19 05:00:00,1435.72058525,1490.9420895245719,LSTM
2024-10-19 06:00:00,1554.2710785,1489.774479895879,LSTM
2024-10-19 07:00:00,1438.02413225,1486.900640609823,LSTM
2024-10-19 08:00:00,1498.47235225,1483.321300590531,LSTM
2024-10-19 09:00:00,1457.05738825,1481.670794409172,LSTM
2024-10-19 10:00:00,1487.5856465,1480.940594752213,LSTM
2024-10-19 11:00:00,1440.59996675,1478.309857580491,LSTM
2024-10-19 12:00:00,1610.77346025,1475.3236780284708,LSTM
2024-10-19 13:00:00,1349.739943,1473.4472599905396,LSTM
2024-10-19 14:00:00,1460.2218025,1469.9343149274912,LSTM
2024-10-19 15:00:00,1408.778231,1465.2216975077893,LSTM
2024-10-19 16:00:00,1533.21580475,1465.134297601752,LSTM
2024-10-19 17:00:00,1547.977642,1467.9410659101916,LSTM
2024-10-19 18:00:00,1521.1641965,1471.346402856884,LSTM
2024-10-19 19:00:00,1406.8370055,1476.2059342070381,LSTM
2024-10-19 20:00:00,1728.702596,1479.306482089141,LSTM
2024-10-19 21:00:00,1517.42979725,1482.9213856613594,LSTM
2024-10-19 22:00:00,1486.35202325,1488.0390364577688,LSTM
2024-10-19 23:00:00,1363.9816455,1490.4671120794142,LSTM
2024-10-20 00:00:00,1496.89066,1489.21241641175,LSTM
2024-10-20 01:00:00,1658.64705875,1487.723986354487,LSTM
2024-10-20 02:00:00,1301.5888945000002,1490.4216013548617,LSTM
2024-10-20 03:00:00,1593.344132,1490.2793471431569,LSTM
2024-10-20 04:00:00,1689.893581,1487.7362513136768,LSTM
2024-10-20 05:00:00,1407.1974825,1490.485195651133,LSTM
2024-10-20 06:00:00,1413.86797,1492.3595131940847,LSTM
2024-10-20 07:00:00,1407.85633525,1492.0411312711803,LSTM
2024-10-20 08:00:00,1446.36261975,1487.6718119906895,LSTM
2024-10-20 09:00:00,1518.05398625,1483.1812917355282,LSTM
2024-10-20 10:00:00,1630.46328325,1481.9884520234625,LSTM
2024-10-20 11:00:00,1584.58325925,1479.2691560519218,LSTM
2024-10-20 12:00:00,1472.51094925,1478.364567024436,LSTM
2024-10-20 13:00:00,1475.26636825,1478.6051340586225,LSTM
2024-10-20 14:00:00,1508.04149775,1475.9213774963875,LSTM
2024-10-20 15:00:00,1474.05591475,1475.374307200559,LSTM
2024-10-20 16:00:00,1371.83211475,1478.212269066623,LSTM
2024-10-20 17:00:00,1373.8020045,1479.8190994385839,LSTM
2024-10-20 18:00:00,1573.495712,1477.6654402069992,LSTM
2024-10-20 19:00:00,1369.1026940000002,1478.7903639147326,LSTM
2024-10-20 20:00:00,1644.7053999999998,1481.698511285451,LSTM
2024-10-20 21:00:00,1461.01340425,1479.3564593834772,LSTM
2024-10-20 22:00:00,1593.613202,1486.2370773453126,LSTM
2024-10-20 23:00:00,1618.0175905,1489.530798334654,LSTM
2024-10-21 00:00:00,1441.6843735,1493.0545355960446,LSTM
2024-10-21 01:00:00,1498.251142,1500.4376547303534,LSTM
2024-10-21 02:00:00,1670.5596967499998,1501.2667466566847,LSTM
2024-10-21 03:00:00,1511.10154475,1503.828481361154,LSTM
2024-10-21 04:00:00,1458.1603535,1507.9752930355567,LSTM
2024-10-21 05:00:00,1424.620953275,1508.2401485519183,LSTM
2024-10-21 06:00:00,1666.7130929999996,1504.9563747342029,LSTM
2024-10-21 07:00:00,1403.04681025,1507.1029357413747,LSTM
2024-10-21 08:00:00,1543.34813375,1507.9887168885282,LSTM
2024-10-21 09:00:00,1498.767699,1505.856545479146,LSTM
2024-10-21 10:00:00,1487.52161125,1504.0612258623141,LSTM
2024-10-21 11:00:00,1475.1768215,1502.2184881749138,LSTM
2024-10-21 12:00:00,1469.04709025,1500.6620938260778,LSTM
2024-10-21 13:00:00,1448.77246325,1498.78531363384,LSTM
2024-10-21 14:00:00,1595.56213,1500.683147063112,LSTM
2024-10-21 15:00:00,1302.7108605,1496.7038921146484,LSTM
2024-10-21 16:00:00,1485.72406975,1493.487648003338,LSTM
2024-10-21 17:00:00,1395.052567,1491.7064282608503,LSTM
2024-10-21 18:00:00,1482.44877675,1488.1193139957727,LSTM
2024-10-21 19:00:00,1527.62644275,1494.4726111433097,LSTM
2024-10-21 20:00:00,1478.26317925,1501.8361498014315,LSTM
2024-10-21 21:00:00,1530.1346935,1505.6125500508551,LSTM
2024-10-21 22:00:00,1306.28095925,1506.1840295469608,LSTM
2024-10-21 23:00:00,1494.79431075,1501.805535690698,LSTM
2024-10-22 00:00:00,1492.9830849999998,1503.2201587002382,LSTM
2024-10-22 01:00:00,1612.53461225,1495.0882010339815,LSTM
2024-10-22 02:00:00,1455.2364515,1500.3601537087015,LSTM
2024-10-22 03:00:00,1495.57325375,1503.2413085117544,LSTM
2024-10-22 04:00:00,1462.91724475,1504.4152679126264,LSTM
2024-10-22 05:00:00,1518.30016425,1506.8135020193927,LSTM
2024-10-22 06:00:00,1518.7108435,1509.6172523752757,LSTM
2024-10-22 07:00:00,1357.237808825,1509.1568818204914,LSTM
2024-10-22 08:00:00,1478.376319,1505.6294505851718,LSTM
2024-10-22 09:00:00,1610.38561975,1502.7032920735958,LSTM
2024-10-22 10:00:00,1530.5394075,1499.0755682389172,LSTM
2024-10-22 11:00:00,1510.985963,1496.0137708676402,LSTM
2024-10-22 12:00:00,1447.4936705,1493.796348334441,LSTM
2024-10-22 13:00:00,1540.11150425,1492.3318928922872,LSTM
2024-10-22 14:00:00,1552.19412175,1490.4401195117484,LSTM
2024-10-22 15:00:00,1560.5493335,1492.8446792470734,LSTM
2024-10-22 16:00:00,1409.712504,1492.1897835423051,LSTM
2024-10-22 17:00:00,1627.3556802499998,1494.2246078740238,LSTM
2024-10-22 18:00:00,1598.94558175,1497.1161685774916,LSTM
2024-10-22 19:00:00,1458.324567,1495.5685142192592,LSTM
2024-10-22 20:00:00,1527.89449475,1499.0800106650804,LSTM
2024-10-22 21:00:00,1286.23227975,1501.558111868303,LSTM
2024-10-22 22:00:00,1502.014311,1501.2474800475638,LSTM
2024-10-22 23:00:00,1524.65851625,1500.4790851830494,LSTM
2024-10-23 00:00:00,1546.122599,1498.0735114156655,LSTM
2024-10-23 01:00:00,1567.14117775,1498.2673364006566,LSTM
2024-10-23 02:00:00,1610.61533275,1497.0403576092715,LSTM
2024-10-23 03:00:00,1539.1907155,1498.2072670729713,LSTM
2024-10-23 04:00:00,1510.79393375,1496.5871335661411,LSTM
2024-10-23 05:00:00,1379.5901075000002,1497.1967116953203,LSTM
2024-10-23 06:00:00,1661.64830925,1497.972108209766,LSTM
2024-10-23 07:00:00,1554.36023125,1497.7296579731842,LSTM
2024-10-23 08:00:00,1490.693889,1497.5933430921107,LSTM
2024-10-23 09:00:00,1469.60386125,1496.6015231639308,LSTM
2024-10-23 10:00:00,1625.8389330000002,1494.9135460836296,LSTM
2024-10-23 11:00:00,1382.0959585,1492.636995823943,LSTM
2024-10-23 12:00:00,1402.286205,1492.1008625881793,LSTM
2024-10-23 13:00:00,1651.0105912499998,1492.138743928669,LSTM
2024-10-23 14:00:00,1607.33944075,1491.2992461019226,LSTM
2024-10-23 15:00:00,1492.358251725,1491.301877756552,LSTM
2024-10-23 16:00:00,1467.43073175,1492.870392202855,LSTM
2024-10-23 17:00:00,1479.958123,1495.962996833829,LSTM
2024-10-23 18:00:00,1304.371423125,1494.8993737784242,LSTM
2024-10-23 19:00:00,1245.15362955,1492.9737027547703,LSTM
2024-10-23 20:00:00,1498.77923625,1492.918534582037,LSTM
2024-10-23 21:00:00,1570.69045725,1495.8216117924605,LSTM
2024-10-23 22:00:00,1496.08605825,1498.4945761563536,LSTM
2024-10-23 23:00:00,1487.667504,1499.7766024023697,LSTM
2024-10-24 00:00:00,1359.50203,1496.5768966710693,LSTM
2024-10-24 01:00:00,1558.45129275,1499.9625082798523,LSTM
2024-10-24 02:00:00,1612.19023375,1499.6173510818664,LSTM
2024-10-24 03:00:00,1573.42386475,1503.3205961613198,LSTM
2024-10-24 04:00:00,1462.653804,1505.5036623226154,LSTM
2024-10-24 05:00:00,1385.3087175,1506.6284653122464,LSTM
2024-10-24 06:00:00,1491.86820725,1506.9825073625586,LSTM
2024-10-24 07:00:00,1634.97223275,1504.7948056261362,LSTM
2024-10-24 08:00:00,1493.49806475,1502.9171079763212,LSTM
2024-10-24 09:00:00,1554.9275315,1501.049550647096,LSTM
2024-10-24 10:00:00,1502.29930425,1498.9726198413086,LSTM
2024-10-24 11:00:00,1581.85477525,1494.7916208003455,LSTM
2024-10-24 12:00:00,1507.57949125,1495.656372854085,LSTM
2024-10-24 13:00:00,1500.4419645,1494.9347441823868,LSTM
2024-10-24 14:00:00,1553.70854775,1496.1644270592626,LSTM
2024-10-24 15:00:00,1706.71274275,1496.8143250345972,LSTM
2024-10-24 16:00:00,1705.6338439999997,1495.5799824389742,LSTM
2024-10-24 17:00:00,1460.19117425,1499.254810477155,LSTM
2024-10-24 18:00:00,1615.35127225,1494.5286484863793,LSTM
2024-10-24 19:00:00,1595.28257225,1499.7606676128712,LSTM
2024-10-24 20:00:00,1539.64133725,1496.697518198849,LSTM
2024-10-24 21:00:00,1560.13863175,1497.900353369782,LSTM
2024-10-24 22:00:00,1623.2663225,1497.9601329740217,LSTM
2024-10-24 23:00:00,1623.20861825,1501.0568420204727,LSTM
2024-10-25 00:00:00,1611.98587075,1505.578217822572,LSTM
2024-10-25 01:00:00,1520.9658295,1516.5940826646133,LSTM
2024-10-25 02:00:00,1546.361379,1517.821737477371,LSTM
2024-10-25 03:00:00,1371.75245425,1517.5797218259574,LSTM
2024-10-25 04:00:00,1387.34059775,1515.9752333851804,LSTM
2024-10-25 05:00:00,1320.8729935,1514.9244064486152,LSTM
2024-10-25 06:00:00,1439.6056962500002,1508.615774998915,LSTM
2024-10-25 07:00:00,1188.35781425,1504.4950384346007,LSTM
2024-10-25 08:00:00,1526.87586075,1504.030418602617,LSTM
2024-10-25 09:00:00,1362.81431875,1498.6290078350319,LSTM
2024-10-25 10:00:00,1774.284828,1497.412459087682,LSTM
2024-10-25 11:00:00,1518.41778575,1496.4686366769613,LSTM
2024-10-25 12:00:00,1477.20971525,1496.4406783644777,LSTM
2024-10-25 13:00:00,1552.7823475,1494.2005125408123,LSTM
2024-10-25 14:00:00,1508.94339,1494.6395401351167,LSTM
2024-10-25 15:00:00,1584.06606075,1501.3652043408892,LSTM
2024-10-25 16:00:00,1489.5226055,1501.7338774251957,LSTM
2024-10-25 17:00:00,1540.04750475,1503.0150345008756,LSTM
2024-10-25 18:00:00,1839.19298125,1504.6028638435407,LSTM
2024-10-25 19:00:00,1349.4846465,1510.5468783371705,LSTM
2024-10-25 20:00:00,1647.1239,1510.1310286185003,LSTM
2024-10-25 21:00:00,1663.15381025,1512.12480879545,LSTM
2024-10-25 22:00:00,1497.90632525,1515.6774942577626,LSTM
2024-10-25 23:00:00,1377.56047925,1512.9638478934078,LSTM
2024-10-26 00:00:00,1530.1038715,1508.938526917121,LSTM
2024-10-26 01:00:00,1417.3284055,1507.1698618572684,LSTM
2024-10-26 02:00:00,1649.0082687499998,1505.697583882088,LSTM
2024-10-26 03:00:00,1650.4715827500002,1502.5674117776903,LSTM
2024-10-26 04:00:00,1440.390414,1499.7440568020002,LSTM
2024-10-26 05:00:00,1543.6927987499998,1498.0735597029066,LSTM
2024-10-26 06:00:00,1396.4024225,1494.6857510246623,LSTM
2024-10-26 07:00:00,1726.664452,1492.7912494150125,LSTM
2024-10-26 08:00:00,1510.9497125,1491.2712153585776,LSTM
2024-10-26 09:00:00,1417.678701,1493.3922807025517,LSTM
2024-10-26 10:00:00,1424.42504725,1491.230291921911,LSTM
2024-10-26 11:00:00,1414.39724625,1488.6027175644683,LSTM
2024-10-26 12:00:00,1357.409099,1485.5196738071934,LSTM
2024-10-26 13:00:00,1580.92718625,1481.2228336753003,LSTM
2024-10-26 14:00:00,1681.87766825,1476.8459332979874,LSTM
2024-10-26 15:00:00,1553.7923035,1477.758417289361,LSTM
2024-10-26 16:00:00,1592.7173075,1476.5163245915728,LSTM
2024-10-26 17:00:00,1503.80443425,1479.1518180565238,LSTM
2024-10-26 18:00:00,1414.710179,1483.5142564051857,LSTM
2024-10-26 19:00:00,1487.63251625,1485.7611100117163,LSTM
2024-10-26 20:00:00,1436.16802825,1487.552687367378,LSTM
2024-10-26 21:00:00,1519.732643,1489.1616423779387,LSTM
2024-10-26 22:00:00,1577.63378825,1490.4531329231722,LSTM
2024-10-26 23:00:00,1475.8000685,1492.9773484414586,LSTM
2024-10-27 00:00:00,1522.725587,1492.556718285939,LSTM
2024-10-27 01:00:00,1370.18956975,1491.0968742752916,LSTM
2024-10-27 02:00:00,1704.84927425,1492.9770587180133,LSTM
2024-10-27 03:00:00,1598.80350975,1494.421716391396,LSTM
2024-10-27 04:00:00,1393.28410125,1499.3308628815796,LSTM
2024-10-27 05:00:00,1405.62664575,1498.7430622980485,LSTM
2024-10-27 06:00:00,1477.941616,1494.246675143117,LSTM
2024-10-27 07:00:00,1420.28700875,1489.3108740959542,LSTM
2024-10-27 08:00:00,1444.8993065,1490.3265720647614,LSTM
2024-10-27 09:00:00,1476.611237,1489.0416002970499,LSTM
2024-10-27 10:00:00,1584.65641925,1486.789869679188,LSTM
2024-10-27 11:00:00,1539.40901975,1482.8943448064529,LSTM
2024-10-27 12:00:00,1429.43217525,1484.2012872687758,LSTM
2024-10-27 13:00:00,1657.0721182500001,1482.9299807902403,LSTM
2024-10-27 14:00:00,1460.18461225,1480.6354918205575,LSTM
2024-10-27 15:00:00,1491.5318095,1483.6065816097953,LSTM
2024-10-27 16:00:00,1452.647935,1484.7311673068423,LSTM
2024-10-27 17:00:00,1515.8002805,1485.2902369820354,LSTM
2024-10-27 18:00:00,1650.1983235,1484.9014039746512,LSTM
2024-10-27 19:00:00,1608.78706925,1482.5155796887973,LSTM
2024-10-27 20:00:00,1376.2481885,1487.643974396308,LSTM
2024-10-27 21:00:00,1374.7538825,1488.681329192661,LSTM
2024-10-27 22:00:00,1507.1772685,1487.734561260245,LSTM
2024-10-27 23:00:00,1509.587356,1488.0568303060422,LSTM
2024-10-28 00:00:00,1516.5617355,1490.1140116302995,LSTM
2024-10-28 01:00:00,1379.41154725,1493.4375499908997,LSTM
2024-10-28 02:00:00,1379.42724775,1494.3481749234986,LSTM
2024-10-28 03:00:00,1321.4100715,1492.6057056918366,LSTM
2024-10-28 04:00:00,1328.31764615,1494.0658877131705,LSTM
2024-10-28 05:00:00,1498.9164342499998,1494.8771133603673,LSTM
2024-10-28 06:00:00,1372.01381775,1497.8697392590484,LSTM
2024-10-28 07:00:00,1543.2410345,1499.0524869377648,LSTM
2024-10-28 08:00:00,1503.8465285,1494.5552788997381,LSTM
2024-10-28 09:00:00,1436.72083125,1496.1659239637306,LSTM
2024-10-28 10:00:00,1479.43980525,1493.2198952525223,LSTM
2024-10-28 11:00:00,1506.1137175,1488.6559301039451,LSTM
2024-10-28 12:00:00,1401.75510925,1490.2063609785296,LSTM
2024-10-28 13:00:00,1425.61993625,1489.728196575472,LSTM
2024-10-28 14:00:00,1511.445722,1485.1321686989343,LSTM
2024-10-28 15:00:00,1440.65188575,1487.5665216618972,LSTM
2024-10-28 16:00:00,1631.95736525,1486.0687721671397,LSTM
2024-10-28 17:00:00,1416.2968025,1486.6209609105038,LSTM
2024-10-28 18:00:00,1458.30657775,1485.7496659356218,LSTM
2024-10-28 19:00:00,1406.044410825,1494.261354464352,LSTM
2024-10-28 20:00:00,1533.0687445,1499.8890150991956,LSTM
2024-10-28 21:00:00,1437.7532845,1504.4290780635251,LSTM
2024-10-28 22:00:00,1537.35499925,1508.450246337094,LSTM
2024-10-28 23:00:00,1608.38368125,1511.8381757334405,LSTM
2024-10-29 00:00:00,1470.7262605,1512.599955245951,LSTM
2024-10-29 01:00:00,1441.164552,1508.2208819427974,LSTM
2024-10-29 02:00:00,1514.16902025,1502.679438176589,LSTM
2024-10-29 03:00:00,1548.06019425,1502.571081607999,LSTM
2024-10-29 04:00:00,1393.10135525,1500.989336457688,LSTM
2024-10-29 05:00:00,1658.4169710000003,1501.2342010563152,LSTM
2024-10-29 06:00:00,1422.243562,1503.965134252914,LSTM
2024-10-29 07:00:00,1638.05894275,1503.7502560308885,LSTM
2024-10-29 08:00:00,1514.75367925,1502.9170114018393,LSTM
2024-10-29 09:00:00,1666.73864225,1499.5927245890052,LSTM
2024-10-29 10:00:00,1509.64475,1498.289355382509,LSTM
2024-10-29 11:00:00,1346.69058075,1501.1806987933928,LSTM
2024-10-29 12:00:00,1546.189961,1496.1020399440138,LSTM
2024-10-29 13:00:00,1527.5890375,1494.820520714027,LSTM
2024-10-29 14:00:00,1460.94412675,1495.166643656831,LSTM
2024-10-29 15:00:00,1367.80396075,1491.6969398180127,LSTM
2024-10-29 16:00:00,1554.878404,1493.9112961114145,LSTM
2024-10-29 17:00:00,1492.2024085,1492.6336881479408,LSTM
2024-10-29 18:00:00,1549.292641,1495.8323798471822,LSTM
2024-10-29 19:00:00,1509.52751325,1497.6343872468794,LSTM
2024-10-29 20:00:00,1503.0193654999998,1504.2981713534327,LSTM
2024-10-29 21:00:00,1419.83309175,1506.2721537616117,LSTM
2024-10-29 22:00:00,1440.83966825,1509.7104950374624,LSTM
2024-10-29 23:00:00,1529.726867,1504.1185911045086,LSTM
2024-10-30 00:00:00,1430.09430125,1507.584987267325,LSTM
2024-10-30 01:00:00,1457.35502975,1504.5245902260342,LSTM
2024-10-30 02:00:00,1402.703685,1500.590628709539,LSTM
2024-10-30 03:00:00,1656.087128,1498.9258777921132,LSTM
2024-10-30 04:00:00,1275.32772975,1499.8529928174808,LSTM
2024-10-30 05:00:00,1403.99519125,1498.0039295015222,LSTM
2024-10-30 06:00:00,1475.0404405,1494.9577771962984,LSTM
2024-10-30 07:00:00,1565.18345925,1496.791147158963,LSTM
2024-10-30 08:00:00,1498.17644375,1495.6123107467597,LSTM
2024-10-30 09:00:00,1378.74729,1496.1811344446155,LSTM
2024-10-30 10:00:00,1448.3696747499998,1496.166261974417,LSTM
2024-10-30 11:00:00,1350.3719835,1492.4303747201122,LSTM
2024-10-30 12:00:00,1432.7158985,1486.585904373607,LSTM
2024-10-30 13:00:00,1406.70201175,1484.0602885253345,LSTM
2024-10-30 14:00:00,1404.37952425,1480.8200215116742,LSTM
2024-10-30 15:00:00,1314.346754,1481.0300951532297,LSTM
2024-10-30 16:00:00,1360.78494875,1478.2859071090024,LSTM
2024-10-30 17:00:00,1428.27811825,1480.0673682876948,LSTM
2024-10-30 18:00:00,1499.62929925,1481.1779023976385,LSTM
2024-10-30 19:00:00,1623.3912642499997,1485.2218139616734,LSTM
2024-10-30 20:00:00,1560.31825475,1489.0484570852584,LSTM
2024-10-30 21:00:00,1653.4659200000003,1495.6343780158531,LSTM
2024-10-30 22:00:00,1480.94020025,1496.281668480179,LSTM
2024-10-30 23:00:00,1607.06166075,1494.9545419511576,LSTM
2024-10-31 00:00:00,1390.351796,1500.7193624937906,LSTM
2024-10-31 01:00:00,1314.63269575,1504.844493197027,LSTM
2024-10-31 02:00:00,1478.467278,1502.699525668805,LSTM
2024-10-31 03:00:00,1506.160384,1503.026961449379,LSTM
2024-10-31 04:00:00,1518.8442185,1502.9580555566083,LSTM
2024-10-31 05:00:00,1472.9015035,1505.554943372456,LSTM
2024-10-31 06:00:00,1500.5441435,1504.8786322763467,LSTM
2024-10-31 07:00:00,1468.072958,1505.424326385809,LSTM
2024-10-31 08:00:00,1629.9290592500001,1502.5919416960699,LSTM
2024-10-31 09:00:00,1539.09766875,1501.6832723967277,LSTM
2024-10-31 10:00:00,1363.8003975,1499.0071935057963,LSTM
2024-10-31 11:00:00,1355.28465975,1494.6530364189496,LSTM
2024-10-31 12:00:00,1469.23408475,1487.8497263298025,LSTM
2024-10-31 13:00:00,1505.61487,1481.7094242018957,LSTM
2024-10-31 14:00:00,1561.7121965,1480.7802811124097,LSTM
2024-10-31 15:00:00,1581.2650515,1484.0136189070004,LSTM
2024-10-31 16:00:00,1492.743917,1488.1485277765198,LSTM
2024-10-31 17:00:00,1623.758963,1487.4811256763574,LSTM
2024-10-31 18:00:00,1683.9822195,1486.7385886293473,LSTM
2024-10-31 19:00:00,1412.425171,1494.627226888686,LSTM
2024-10-31 20:00:00,1599.47374625,1496.4750105927608,LSTM
2024-10-31 21:00:00,1232.10055775,1498.7819818142175,LSTM
2024-10-31 22:00:00,1438.445916,1495.2233328776529,LSTM
2024-10-31 23:00:00,1581.63315575,1491.4276177318675,LSTM
2024-11-01 00:00:00,1522.63997625,1491.3221825413523,LSTM
2024-11-01 01:00:00,1636.4896275000003,1500.5212882316,LSTM
2024-11-01 02:00:00,1513.35431425,1506.1263745813208,LSTM
2024-11-01 03:00:00,1470.91815025,1510.2811053632317,LSTM
2024-11-01 04:00:00,1627.5860707500003,1513.3019551542216,LSTM
2024-11-01 05:00:00,1548.2025045,1513.5632374147563,LSTM
2024-11-01 06:00:00,1646.467382,1512.2895648614162,LSTM
2024-11-01 07:00:00,1294.0761625,1511.9462425785848,LSTM
2024-11-01 08:00:00,1690.82775325,1508.3260032662465,LSTM
2024-11-01 09:00:00,1337.45548475,1500.5826130275489,LSTM
2024-11-01 10:00:00,1591.530952,1498.4562360870752,LSTM
2024-11-01 11:00:00,1473.456324,1497.3799134873125,LSTM
2024-11-01 12:00:00,1596.34814325,1496.0857671438291,LSTM
2024-11-01 13:00:00,1424.3824155,1497.264265545346,LSTM
2024-11-01 14:00:00,1304.539477,1497.8444367448144,LSTM
2024-11-01 15:00:00,1514.79280575,1499.205267767987,LSTM
2024-11-01 16:00:00,1593.2744360000002,1496.9290072317456,LSTM
2024-11-01 17:00:00,1577.9904875,1499.0611786411278,LSTM
2024-11-01 18:00:00,1467.4235265,1500.1105569604658,LSTM
2024-11-01 19:00:00,1553.23776825,1503.5464838742714,LSTM
2024-11-01 20:00:00,1513.74725125,1504.7354606070646,LSTM
2024-11-01 21:00:00,1585.29241,1503.798156973866,LSTM
2024-11-01 22:00:00,1620.79051525,1508.1022884791357,LSTM
2024-11-01 23:00:00,1481.6812505,1504.5302881204611,LSTM
2024-11-02 00:00:00,1467.3723105,1500.571313813177,LSTM
2024-11-02 01:00:00,1607.90413675,1498.4161093898836,LSTM
2024-11-02 02:00:00,1556.93780125,1499.896499621536,LSTM
2024-11-02 03:00:00,1467.876922,1501.2043595414361,LSTM
2024-11-02 04:00:00,1390.026,1501.2549645699041,LSTM
2024-11-02 05:00:00,1603.7921095000002,1499.9190497630382,LSTM
2024-11-02 06:00:00,1659.73749925,1496.8941921310534,LSTM
2024-11-02 07:00:00,1508.3175075,1494.7853676026484,LSTM
2024-11-02 08:00:00,1513.64311725,1492.810491880513,LSTM
2024-11-02 09:00:00,1647.3440187500003,1490.542416031605,LSTM
2024-11-02 10:00:00,1598.0109265,1492.6036051968574,LSTM
2024-11-02 11:00:00,1433.680354,1491.1475034473801,LSTM
2024-11-02 12:00:00,1432.9925322499998,1486.930578699184,LSTM
2024-11-02 13:00:00,1478.3635055,1481.6772890430736,LSTM
2024-11-02 14:00:00,1558.90132825,1479.1443335341835,LSTM
2024-11-02 15:00:00,1561.96638475,1476.873360450821,LSTM
2024-11-02 16:00:00,1516.60001925,1478.6095764847857,LSTM
2024-11-02 17:00:00,1617.298024,1476.617124206961,LSTM
2024-11-02 18:00:00,1464.7710345,1475.0726809502487,LSTM
2024-11-02 19:00:00,1534.850129,1478.7876598292419,LSTM
2024-11-02 20:00:00,1587.40596125,1482.4093960460482,LSTM
2024-11-02 21:00:00,1622.6938000000002,1486.1274653084593,LSTM
2024-11-02 22:00:00,1421.86804,1488.5109476631292,LSTM
2024-11-02 23:00:00,1599.28887,1493.2901049007976,LSTM
2024-11-03 00:00:00,1572.558911,1496.0400391266924,LSTM
2024-11-03 01:00:00,1428.0838845,1496.7900365524222,LSTM
2024-11-03 02:00:00,1537.32980375,1497.5776980260575,LSTM
2024-11-03 03:00:00,1573.05852575,1495.8686918523424,LSTM
2024-11-03 04:00:00,1538.68691925,1496.9962230710846,LSTM
2024-11-03 05:00:00,1459.29260885,1498.0357507932783,LSTM
2024-11-03 06:00:00,1456.1821155,1497.7326517821202,LSTM
2024-11-03 07:00:00,1529.270512,1496.8716419895509,LSTM
2024-11-03 08:00:00,1535.22736925,1496.5729371173152,LSTM
2024-11-03 09:00:00,1489.64360875,1495.606612852333,LSTM
2024-11-03 10:00:00,1574.32756325,1492.7027630460548,LSTM
2024-11-03 11:00:00,1276.0526545,1490.3375815556876,LSTM
2024-11-03 12:00:00,1564.4237565,1486.3906307713892,LSTM
2024-11-03 13:00:00,1369.94921225,1477.324846153279,LSTM
2024-11-03 14:00:00,1305.136794,1475.1719595175487,LSTM
2024-11-03 15:00:00,1545.7088075,1474.6664403925186,LSTM
2024-11-03 16:00:00,1516.24440325,1473.8711253912,LSTM
2024-11-03 17:00:00,1395.6294465,1472.6007363702415,LSTM
2024-11-03 18:00:00,1402.039276,1473.8660793745255,LSTM
2024-11-03 19:00:00,1537.3834555,1475.5187584817252,LSTM
2024-11-03 20:00:00,1342.27740375,1478.7899293295643,LSTM
2024-11-03 21:00:00,1552.04129725,1480.2297824224772,LSTM
2024-11-03 22:00:00,1787.9360869999998,1481.7737428067805,LSTM
2024-11-03 23:00:00,1522.95510625,1484.404624840225,LSTM
2024-11-04 00:00:00,1445.410939,1487.4832744585776,LSTM
2024-11-04 01:00:00,1396.816734,1492.4512589518033,LSTM
2024-11-04 02:00:00,1693.5742355,1493.3046876475507,LSTM
2024-11-04 03:00:00,1489.51005825,1495.7791673077054,LSTM
2024-11-04 04:00:00,1405.71253725,1501.0327466872614,LSTM
2024-11-04 05:00:00,1569.48159425,1497.7731647772391,LSTM
2024-11-04 06:00:00,1455.53873725,1497.5619563855225,LSTM
2024-11-04 07:00:00,1405.59203975,1501.4656900892116,LSTM
2024-11-04 08:00:00,1625.8659347500002,1500.7490591469468,LSTM
2024-11-04 09:00:00,1513.813308,1499.169342060754,LSTM
2024-11-04 10:00:00,1455.41449425,1498.9101361515782,LSTM
2024-11-04 11:00:00,1539.15459775,1499.044326394052,LSTM
2024-11-04 12:00:00,1561.24723825,1499.621696933548,LSTM
2024-11-04 13:00:00,1732.8641449999998,1499.9454145965722,LSTM
2024-11-04 14:00:00,1508.075301,1500.2155334221923,LSTM
2024-11-04 15:00:00,1496.4496,1504.4222212753166,LSTM
2024-11-04 16:00:00,1483.62262925,1500.404433108611,LSTM
2024-11-04 17:00:00,1645.08652675,1498.1970301778995,LSTM
2024-11-04 18:00:00,1522.62032575,1502.090430412035,LSTM
2024-11-04 19:00:00,1479.90866475,1505.1889260863993,LSTM
2024-11-04 20:00:00,1694.7938680000002,1505.6292091489672,LSTM
2024-11-04 21:00:00,1417.87191275,1502.4748934241172,LSTM
2024-11-04 22:00:00,1472.954395,1503.5703377712782,LSTM
2024-11-04 23:00:00,1575.87238375,1502.898951973741,LSTM
2024-11-05 00:00:00,1405.08746625,1505.1205513532784,LSTM
2024-11-05 01:00:00,1455.6738135,1500.0035524346213,LSTM
2024-11-05 02:00:00,1572.7011115,1496.517310215793,LSTM
2024-11-05 03:00:00,1453.70940225,1494.9756676190534,LSTM
2024-11-05 04:00:00,1597.09585875,1493.6811349776428,LSTM
2024-11-05 05:00:00,1530.16464775,1492.3960666354494,LSTM
2024-11-05 06:00:00,1421.827057,1492.2803221190013,LSTM
2024-11-05 07:00:00,1610.615468,1491.4279074553128,LSTM
2024-11-05 08:00:00,1272.74213375,1494.3918265892762,LSTM
2024-11-05 09:00:00,1526.72304375,1493.8491987196112,LSTM
2024-11-05 10:00:00,1471.9084245,1491.7833498356115,LSTM
2024-11-05 11:00:00,1420.91123525,1489.6588802411536,LSTM
2024-11-05 12:00:00,1663.3199222499998,1490.277608802484,LSTM
2024-11-05 13:00:00,1597.43090875,1494.407882096877,LSTM
2024-11-05 14:00:00,1581.99197975,1497.4231788551629,LSTM
2024-11-05 15:00:00,1460.87208625,1496.9372160626992,LSTM
2024-11-05 16:00:00,1363.68260155,1498.4893611343357,LSTM
2024-11-05 17:00:00,1382.58259575,1494.8749404345265,LSTM
2024-11-05 18:00:00,1680.65235675,1494.687923950503,LSTM
2024-11-05 19:00:00,1424.60449975,1495.9157236249835,LSTM
2024-11-05 20:00:00,1433.06892925,1499.9638603225976,LSTM
2024-11-05 21:00:00,1646.2033662499998,1501.9889306316536,LSTM
2024-11-05 22:00:00,1571.54534125,1501.6940887386902,LSTM
2024-11-05 23:00:00,1532.2654285,1507.384208919644,LSTM
2024-11-06 00:00:00,1651.24608075,1510.0316534767187,LSTM
2024-11-06 01:00:00,1509.35816225,1508.4977609821442,LSTM
2024-11-06 02:00:00,1578.62547425,1506.3837455753421,LSTM
2024-11-06 03:00:00,1533.1348835,1505.5561988407196,LSTM
2024-11-06 04:00:00,1364.44378575,1506.1734063539618,LSTM
2024-11-06 05:00:00,1470.151754,1503.4030707687848,LSTM
2024-11-06 06:00:00,1504.7797725,1499.8090514282576,LSTM
2024-11-06 07:00:00,1255.46418425,1498.7572587468744,LSTM
2024-11-06 08:00:00,1344.16510375,1496.4264336284107,LSTM
2024-11-06 09:00:00,1433.735962,1491.9304810586477,LSTM
2024-11-06 10:00:00,1460.785779,1489.1444038329357,LSTM
2024-11-06 11:00:00,1369.223657725,1487.221557612875,LSTM
2024-11-06 12:00:00,1401.11140725,1483.533812737752,LSTM
2024-11-06 13:00:00,1509.604376,1481.9478665974823,LSTM
2024-11-06 14:00:00,1455.9613935,1482.2929755082273,LSTM
2024-11-06 15:00:00,1492.5830695,1484.377777134282,LSTM
2024-11-06 16:00:00,1463.1345717499998,1485.890761253545,LSTM
2024-11-06 17:00:00,1588.674082,1487.7884015338536,LSTM
2024-11-06 18:00:00,1527.2847780000002,1492.769013140576,LSTM
2024-11-06 19:00:00,1565.08453575,1496.7846283814408,LSTM
2024-11-06 20:00:00,1547.5532565,1498.281822572928,LSTM
2024-11-06 21:00:00,1470.8998865,1498.5513619516573,LSTM
2024-11-06 22:00:00,1596.6007535,1499.6959627100591,LSTM
2024-11-06 23:00:00,1487.816857,1498.0757326287471,LSTM
2024-11-07 00:00:00,1364.66628725,1497.9546282285585,LSTM
2024-11-07 01:00:00,1549.17942825,1501.5385555357366,LSTM
2024-11-07 02:00:00,1407.052504,1503.9896158840527,LSTM
2024-11-07 03:00:00,1385.59874025,1503.986766936839,LSTM
2024-11-07 04:00:00,1350.6931465,1502.6537493644278,LSTM
2024-11-07 05:00:00,1499.151417625,1503.1567092656896,LSTM
2024-11-07 06:00:00,1489.01761375,1499.814942471648,LSTM
2024-11-07 07:00:00,1504.83879025,1499.346942532801,LSTM
2024-11-07 08:00:00,1437.1179535,1494.2661831884425,LSTM
2024-11-07 09:00:00,1522.27202425,1491.6933907058062,LSTM
2024-11-07 10:00:00,1286.7694075,1490.1622264403427,LSTM
2024-11-07 11:00:00,1592.1124595,1488.1699673114815,LSTM
2024-11-07 12:00:00,1463.69840925,1487.0864257692035,LSTM
2024-11-07 13:00:00,1494.59092,1487.2792367221355,LSTM
2024-11-07 14:00:00,1525.544736,1487.612684264202,LSTM
2024-11-07 15:00:00,1362.592606,1485.762534485323,LSTM
2024-11-07 16:00:00,1513.37056375,1485.6717061851814,LSTM
2024-11-07 17:00:00,1607.500863,1487.76792774371,LSTM
2024-11-07 18:00:00,1572.978737,1490.0181856007243,LSTM
2024-11-07 19:00:00,1505.14037225,1494.1259811844761,LSTM
2024-11-07 20:00:00,1485.2560945,1495.8331041557958,LSTM
2024-11-07 21:00:00,1599.89557725,1496.6688355777517,LSTM
2024-11-07 22:00:00,1432.56146825,1499.0041996968603,LSTM
2024-11-07 23:00:00,1648.42890725,1498.1403892443184,LSTM
2024-11-08 00:00:00,1418.49295025,1499.7181748408752,LSTM
2024-11-08 01:00:00,1591.712627,1508.275639673983,LSTM
2024-11-08 02:00:00,1586.98993875,1506.7260538261146,LSTM
2024-11-08 03:00:00,1481.13414025,1508.1803206604375,LSTM
2024-11-08 04:00:00,1409.68979,1508.495298332858,LSTM
2024-11-08 05:00:00,1696.9912875,1504.3948424097237,LSTM
2024-11-08 06:00:00,1434.27185025,1504.338008327179,LSTM
2024-11-08 07:00:00,1462.5967245,1505.440019739103,LSTM
2024-11-08 08:00:00,1521.4402735,1502.4606969752913,LSTM
2024-11-08 09:00:00,1498.91814025,1502.5110122803137,LSTM
2024-11-08 10:00:00,1414.18942925,1499.6053758461221,LSTM
2024-11-08 11:00:00,1600.74492825,1493.5411502662605,LSTM
2024-11-08 12:00:00,1525.787481,1491.0465348266487,LSTM
2024-11-08 13:00:00,1525.70157475,1495.7770909563465,LSTM
2024-11-08 14:00:00,1386.24157225,1495.7843581861027,LSTM
2024-11-08 15:00:00,1313.2206625,1493.852554682854,LSTM
2024-11-08 16:00:00,1525.4288345,1494.0420338161634,LSTM
2024-11-08 17:00:00,1252.448285575,1498.0007908308633,LSTM
2024-11-08 18:00:00,1451.04522625,1497.6388296730427,LSTM
2024-11-08 19:00:00,1535.12168925,1493.787801492801,LSTM
2024-11-08 20:00:00,1497.69286375,1493.5940006514304,LSTM
2024-11-08 21:00:00,1518.85288125,1494.9316779425894,LSTM
2024-11-08 22:00:00,1393.35999025,1497.0675916131415,LSTM
2024-11-08 23:00:00,1647.7461364999997,1498.7238439761684,LSTM
2024-11-09 00:00:00,1416.820189,1501.8656050183833,LSTM
2024-11-09 01:00:00,1325.108219,1501.9305996446408,LSTM
2024-11-09 02:00:00,1475.12987025,1499.9822577613822,LSTM
2024-11-09 03:00:00,1378.6378085,1499.5688706919984,LSTM
2024-11-09 04:00:00,1531.4682745,1494.3592327016656,LSTM
2024-11-09 05:00:00,1399.3421315,1492.7861792547176,LSTM
2024-11-09 06:00:00,1387.918331,1490.9280137938483,LSTM
2024-11-09 07:00:00,1622.045436,1485.7604339903435,LSTM
2024-11-09 08:00:00,1389.44904475,1483.945123455777,LSTM
2024-11-09 09:00:00,1460.49507725,1485.4556449257539,LSTM
2024-11-09 10:00:00,1557.49762925,1482.3860733086913,LSTM
2024-11-09 11:00:00,1439.41342925,1480.6832720454327,LSTM
2024-11-09 12:00:00,1519.5097635,1479.8752333561356,LSTM
2024-11-09 13:00:00,1435.40361375,1475.624869693613,LSTM
2024-11-09 14:00:00,1467.56155575,1473.9996418828675,LSTM
2024-11-09 15:00:00,1583.19618575,1471.269481282123,LSTM
2024-11-09 16:00:00,1456.450211,1472.1624089409304,LSTM
2024-11-09 17:00:00,1652.55147125,1472.7161911632445,LSTM
2024-11-09 18:00:00,1512.42568975,1475.4776901833359,LSTM
2024-11-09 19:00:00,1450.63548725,1480.1573274175,LSTM
2024-11-09 20:00:00,1575.76658775,1482.958832416681,LSTM
2024-11-09 21:00:00,1497.41363675,1486.7624908135952,LSTM
2024-11-09 22:00:00,1448.2398,1487.841276062644,LSTM
2024-11-09 23:00:00,1579.1049695,1486.9113120900631,LSTM
2024-11-10 00:00:00,1407.569960425,1488.1688808485612,LSTM
2024-11-10 01:00:00,1557.838372,1489.878683761751,LSTM
2024-11-10 02:00:00,1518.05120175,1495.1685510028467,LSTM
2024-11-10 03:00:00,1451.6389285,1495.8454174022265,LSTM
2024-11-10 04:00:00,1662.30504425,1495.8339008952707,LSTM
2024-11-10 05:00:00,1644.22014225,1496.2554967956087,LSTM
2024-11-10 06:00:00,1400.01247005,1497.440755410852,LSTM
2024-11-10 07:00:00,1386.084771,1497.5034322495462,LSTM
2024-11-10 08:00:00,1504.491355,1496.490076211923,LSTM
2024-11-10 09:00:00,1614.5051365,1492.1470010468638,LSTM
2024-11-10 10:00:00,1463.91836125,1489.5493889224024,LSTM
2024-11-10 11:00:00,1556.48369675,1486.4130360511688,LSTM
2024-11-10 12:00:00,1309.1989125,1482.5267823286872,LSTM
2024-11-10 13:00:00,1527.699787,1480.9912722115423,LSTM
2024-11-10 14:00:00,1523.94357875,1478.065958726682,LSTM
2024-11-10 15:00:00,1515.415242,1477.1802741540105,LSTM
2024-11-10 16:00:00,1337.95600175,1477.5963170216444,LSTM
2024-11-10 17:00:00,1621.7210282500002,1477.8633454638466,LSTM
2024-11-10 18:00:00,1452.64841975,1476.0272714156913,LSTM
2024-11-10 19:00:00,1492.5202495,1479.5423894045803,LSTM
2024-11-10 20:00:00,1392.4537435,1481.9531057631204,LSTM
2024-11-10 21:00:00,1344.9691475,1487.0735089322616,LSTM
2024-11-10 22:00:00,1544.126605,1489.6248135926953,LSTM
2024-11-10 23:00:00,1349.9211365,1489.8885585025162,LSTM
2024-11-11 00:00:00,1524.78767,1491.1790833029315,LSTM
2024-11-11 01:00:00,1534.5113795,1496.8648817758242,LSTM
2024-11-11 02:00:00,1583.5991477500002,1502.220999111441,LSTM
2024-11-11 03:00:00,1553.5968205,1506.5829787313144,LSTM
2024-11-11 04:00:00,1558.37516125,1506.7540121385982,LSTM
2024-11-11 05:00:00,1503.159077,1505.1609194866746,LSTM
2024-11-11 06:00:00,1585.2169775,1505.827766283567,LSTM
2024-11-11 07:00:00,1670.5034754999997,1504.5156087992261,LSTM
2024-11-11 08:00:00,1481.3583885,1500.8388251277886,LSTM
2024-11-11 09:00:00,1518.949804,1499.3737902387438,LSTM
2024-11-11 10:00:00,1311.96964875,1499.6993911041634,LSTM
2024-11-11 11:00:00,1297.38221675,1498.5030747107526,LSTM
2024-11-11 12:00:00,1505.2407675,1495.001694441901,LSTM
2024-11-11 13:00:00,1655.899852,1493.494794514992,LSTM
2024-11-11 14:00:00,1487.4827165000002,1493.841931489855,LSTM
2024-11-11 15:00:00,1380.04429425,1494.6079119923243,LSTM
2024-11-11 16:00:00,1763.994644,1494.218909979597,LSTM
2024-11-11 17:00:00,1442.64235175,1495.1313939709707,LSTM
2024-11-11 18:00:00,1488.51479225,1498.6993623450298,LSTM
2024-11-11 19:00:00,1427.785085,1500.3268837997182,LSTM
2024-11-11 20:00:00,1524.3100035,1501.4021440801812,LSTM
2024-11-11 21:00:00,1485.80151725,1502.6986564984688,LSTM
2024-11-11 22:00:00,1388.5304355,1505.8768261203259,LSTM
2024-11-11 23:00:00,1503.3577175,1508.3590317390253,LSTM
2024-11-12 00:00:00,1419.5574785,1506.9058272240022,LSTM
2024-11-12 01:00:00,1456.95408075,1502.5973498670512,LSTM
2024-11-12 02:00:00,1679.9492779999998,1499.9502433206626,LSTM
2024-11-12 03:00:00,1483.2576315,1496.3433795740548,LSTM
2024-11-12 04:00:00,1536.17210025,1496.0699772160533,LSTM
2024-11-12 05:00:00,1294.3425985,1499.2607980950272,LSTM
2024-11-12 06:00:00,1662.23179675,1498.6780676717908,LSTM
2024-11-12 07:00:00,1442.0056285,1497.5657227903132,LSTM
2024-11-12 08:00:00,1626.8087435,1498.8372224178122,LSTM
2024-11-12 09:00:00,1587.1652535,1499.1144877550864,LSTM
2024-11-12 10:00:00,1302.336057,1497.77268190483,LSTM
2024-11-12 11:00:00,1487.39074625,1496.1101522004858,LSTM
2024-11-12 12:00:00,1558.87323875,1491.2230246921547,LSTM
2024-11-12 13:00:00,1496.3515415,1489.7986959471928,LSTM
2024-11-12 14:00:00,1442.92164575,1489.9198003473814,LSTM
2024-11-12 15:00:00,1478.4780985,1488.3629472697567,LSTM
2024-11-12 16:00:00,1330.85865225,1490.875356557642,LSTM
2024-11-12 17:00:00,1541.04514175,1492.6362473717088,LSTM
2024-11-12 18:00:00,1567.46498875,1493.464421840463,LSTM
2024-11-12 19:00:00,1553.3107115,1495.9798490809048,LSTM
2024-11-12 20:00:00,1425.776418,1498.2531399518307,LSTM
2024-11-12 21:00:00,1670.3422267500002,1499.0839702188346,LSTM
2024-11-12 22:00:00,1420.28381025,1502.167255412314,LSTM
2024-11-12 23:00:00,1471.94561675,1500.9065238395367,LSTM
2024-11-13 00:00:00,1480.730247,1502.6039169318142,LSTM
2024-11-13 01:00:00,1679.3509389999997,1502.613574379995,LSTM
2024-11-13 02:00:00,1412.80071225,1498.4363417438226,LSTM
2024-11-13 03:00:00,1607.169541,1496.1988075747865,LSTM
2024-11-13 04:00:00,1508.8942945,1496.39543321975,LSTM
2024-11-13 05:00:00,1432.05441975,1495.412522287517,LSTM
2024-11-13 06:00:00,1472.238348,1493.6430122009485,LSTM
2024-11-13 07:00:00,1471.87527275,1494.3420424439037,LSTM
2024-11-13 08:00:00,1372.7743105,1494.6268647343793,LSTM
2024-11-13 09:00:00,1581.68152725,1495.284947397047,LSTM
2024-11-13 10:00:00,1545.80586275,1495.6122383158984,LSTM
2024-11-13 11:00:00,1356.2736675,1494.39950426058,LSTM
2024-11-13 12:00:00,1533.9609015,1488.1326895615032,LSTM
2024-11-13 13:00:00,1606.563639,1486.3030135727677,LSTM
2024-11-13 14:00:00,1439.72760225,1485.300739456932,LSTM
2024-11-13 15:00:00,1514.01809775,1485.6639802266366,LSTM
2024-11-13 16:00:00,1426.16286025,1486.5757157657763,LSTM
2024-11-13 17:00:00,1536.45106825,1487.0946346001572,LSTM
2024-11-13 18:00:00,1572.4612085,1485.4255619746702,LSTM
2024-11-13 19:00:00,1542.63795675,1489.9694154874107,LSTM
2024-11-13 20:00:00,1548.0980065,1493.7956240258275,LSTM
2024-11-13 21:00:00,1568.757705,1496.9909114745851,LSTM
2024-11-13 22:00:00,1676.8373329999997,1499.1360238645298,LSTM
2024-11-13 23:00:00,1497.1438135,1501.4000194415814,LSTM
2024-11-14 00:00:00,1382.06291425,1503.0600382093987,LSTM
2024-11-14 01:00:00,1513.108466,1503.8870537843713,LSTM
2024-11-14 02:00:00,1516.5051065,1503.3907092351133,LSTM
2024-11-14 03:00:00,1562.20062775,1507.4657660695316,LSTM
2024-11-14 04:00:00,1708.200105,1508.9422933219116,LSTM
2024-11-14 05:00:00,1313.46678625,1509.7211665177024,LSTM
2024-11-14 06:00:00,1577.8417735,1503.4248000271918,LSTM
2024-11-14 07:00:00,1527.264042,1498.6792265655724,LSTM
2024-11-14 08:00:00,1593.44825575,1495.9773381443779,LSTM
2024-11-14 09:00:00,1417.78365,1492.123533447784,LSTM
2024-11-14 10:00:00,1527.365809,1488.5715481504644,LSTM
2024-11-14 11:00:00,1584.588421,1484.0360483304005,LSTM
2024-11-14 12:00:00,1511.9953355,1483.702069628684,LSTM
2024-11-14 13:00:00,1476.09569375,1485.4052571898699,LSTM
2024-11-14 14:00:00,1536.925047,1485.5706168463478,LSTM
2024-11-14 15:00:00,1409.05727225,1485.7839740202844,LSTM
2024-11-14 16:00:00,1442.332374,1486.0554690322704,LSTM
2024-11-14 17:00:00,1292.646382,1486.4094627953418,LSTM
2024-11-14 18:00:00,1641.264988,1484.5711192468639,LSTM
2024-11-14 19:00:00,1457.34985675,1486.7928152008833,LSTM
2024-11-14 20:00:00,1580.2221235,1490.0907854674244,LSTM
2024-11-14 21:00:00,1550.0698229999998,1493.6568706390883,LSTM
2024-11-14 22:00:00,1640.276817,1494.0110816947438,LSTM
2024-11-14 23:00:00,1505.1307385,1497.7627347332038,LSTM
2024-11-15 00:00:00,1473.32925025,1496.268437776171,LSTM
2024-11-15 01:00:00,1475.48686075,1501.3350248153238,LSTM
2024-11-15 02:00:00,1648.9794235000002,1501.9027861938798,LSTM
2024-11-15 03:00:00,1533.38563975,1503.3546869533984,LSTM
2024-11-15 04:00:00,1458.069357,1503.3807620634868,LSTM
2024-11-15 05:00:00,1398.967333,1502.5035277579736,LSTM
2024-11-15 06:00:00,1617.19408375,1501.2512464523545,LSTM
2024-11-15 07:00:00,1544.62843625,1498.4580710022296,LSTM
2024-11-15 08:00:00,1469.94006275,1497.4478053480243,LSTM
2024-11-15 09:00:00,1497.93143125,1497.5978338055147,LSTM
2024-11-15 10:00:00,1580.29589725,1496.5994950998127,LSTM
2024-11-15 11:00:00,1533.685803,1496.4594621011895,LSTM
2024-11-15 12:00:00,1631.5624672500003,1498.8030350512518,LSTM
2024-11-15 13:00:00,1501.62813975,1499.1321608852575,LSTM
2024-11-15 14:00:00,1371.0738865,1498.3918209077085,LSTM
2024-11-15 15:00:00,1459.99921,1495.5761194597017,LSTM
2024-11-15 16:00:00,1373.78932075,1492.138695641428,LSTM
2024-11-15 17:00:00,1436.02898375,1485.4521682444088,LSTM
2024-11-15 18:00:00,1533.621395,1484.7884601181754,LSTM
2024-11-15 19:00:00,1468.18028475,1488.2103354448777,LSTM
2024-11-15 20:00:00,1641.55930075,1493.6060483180363,LSTM
2024-11-15 21:00:00,1574.11315625,1498.990196396998,LSTM
2024-11-15 22:00:00,1545.45585575,1501.726537764578,LSTM
2024-11-15 23:00:00,1551.75146375,1504.95782335143,LSTM
2024-11-16 00:00:00,1560.036717,1504.7121861569485,LSTM
2024-11-16 01:00:00,1665.8501765000003,1502.5866300995704,LSTM
2024-11-16 02:00:00,1457.295554,1502.844870263928,LSTM
2024-11-16 03:00:00,1513.11862775,1499.5020894378274,LSTM
2024-11-16 04:00:00,1355.44640525,1498.4715914296828,LSTM
2024-11-16 05:00:00,1424.706371,1499.3804538779887,LSTM
2024-11-16 06:00:00,1574.5403045,1495.5898813233596,LSTM
2024-11-16 07:00:00,1442.517226,1492.360599657005,LSTM
2024-11-16 08:00:00,1381.1040155,1492.80498713505,LSTM
2024-11-16 09:00:00,1613.90205425,1489.4815936361724,LSTM
2024-11-16 10:00:00,1473.29672475,1487.8344675616765,LSTM
2024-11-16 11:00:00,1523.69068875,1487.680479550432,LSTM
2024-11-16 12:00:00,1641.7417845000002,1484.8994000541536,LSTM
2024-11-16 13:00:00,1432.32352825,1482.747768886687,LSTM
2024-11-16 14:00:00,1516.401655775,1483.5646199974492,LSTM
2024-11-16 15:00:00,1483.95446075,1480.5586909638987,LSTM
2024-11-16 16:00:00,1469.98381675,1480.1643290674313,LSTM
2024-11-16 17:00:00,1447.29588525,1478.5098391886975,LSTM
2024-11-16 18:00:00,1628.023658,1478.7105451055172,LSTM
2024-11-16 19:00:00,1649.6112282500003,1480.6956577227245,LSTM
2024-11-16 20:00:00,1351.102053975,1484.7404143134754,LSTM
2024-11-16 21:00:00,1478.442299,1489.404913497616,LSTM
2024-11-16 22:00:00,1536.0748255,1485.4939849950322,LSTM
2024-11-16 23:00:00,1458.38864575,1485.1950145429714,LSTM
2024-11-17 00:00:00,1599.25484325,1487.4973743329217,LSTM
2024-11-17 01:00:00,1635.2801625,1487.4941632314017,LSTM
2024-11-17 02:00:00,1469.8081435,1492.893232067803,LSTM
2024-11-17 03:00:00,1559.14882475,1496.1593086117266,LSTM
2024-11-17 04:00:00,1461.3534387,1494.9630887927979,LSTM
2024-11-17 05:00:00,1406.40600875,1494.6060770771699,LSTM
2024-11-17 06:00:00,1623.1371900000001,1492.6394343296085,LSTM
2024-11-17 07:00:00,1432.306322,1489.6048226749608,LSTM
2024-11-17 08:00:00,1504.5866745,1491.1944869327801,LSTM
2024-11-17 09:00:00,1469.5880745,1488.494602432083,LSTM
2024-11-17 10:00:00,1468.5802055,1490.1970656846554,LSTM
2024-11-17 11:00:00,1498.99046675,1488.8597505478033,LSTM
2024-11-17 12:00:00,1641.04757775,1485.2366381446311,LSTM
2024-11-17 13:00:00,1633.2177012499997,1482.3392105413934,LSTM
2024-11-17 14:00:00,1587.22038325,1484.2015769922214,LSTM
2024-11-17 15:00:00,1399.9465535,1485.7509696911263,LSTM
2024-11-17 16:00:00,1399.84162425,1488.0217737691455,LSTM
2024-11-17 17:00:00,1483.72808075,1488.6491698902184,LSTM
2024-11-17 18:00:00,1566.6768155,1487.4237362905424,LSTM
2024-11-17 19:00:00,1583.1442075,1483.5302153383045,LSTM
2024-11-17 20:00:00,1432.4707715,1487.3149692804047,LSTM
2024-11-17 21:00:00,1463.5488785,1490.4130062259806,LSTM
2024-11-17 22:00:00,1580.2483205,1491.202695763734,LSTM
2024-11-17 23:00:00,1568.65355725,1490.5644108698368,LSTM
2024-11-18 00:00:00,1448.142124,1493.0734159072383,LSTM
2024-11-18 01:00:00,1397.79971555,1498.736108935358,LSTM
2024-11-18 02:00:00,1496.63949175,1501.498380551304,LSTM
2024-11-18 03:00:00,1509.3443905,1499.8364785810913,LSTM
2024-11-18 04:00:00,1594.6721042499998,1500.7437475504473,LSTM
2024-11-18 05:00:00,1514.613959,1503.987925830621,LSTM
2024-11-18 06:00:00,1492.04178425,1504.9717783640515,LSTM
2024-11-18 07:00:00,1492.01449025,1507.627045454153,LSTM
2024-11-18 08:00:00,1592.10560275,1504.8163417355797,LSTM
2024-11-18 09:00:00,1452.3425425,1502.020075902037,LSTM
2024-11-18 10:00:00,1599.92862525,1499.8106931944485,LSTM
2024-11-18 11:00:00,1433.32806575,1496.083207920061,LSTM
2024-11-18 12:00:00,1566.17840325,1498.2084259667529,LSTM
2024-11-18 13:00:00,1564.7597885,1494.485069251463,LSTM
2024-11-18 14:00:00,1565.33452375,1493.185394018896,LSTM
2024-11-18 15:00:00,1521.8116135,1490.8756704247078,LSTM
2024-11-18 16:00:00,1508.32363625,1494.8231040814155,LSTM
2024-11-18 17:00:00,1608.5254102499998,1496.2088513208948,LSTM
2024-11-18 18:00:00,1549.28088275,1500.6679848694682,LSTM
2024-11-18 19:00:00,1441.154277,1503.9288222477537,LSTM
2024-11-18 20:00:00,1560.81735975,1511.1920924501374,LSTM
2024-11-18 21:00:00,1582.03078275,1512.3219173128225,LSTM
2024-11-18 22:00:00,1391.42683635,1512.597927181833,LSTM
2024-11-18 23:00:00,1472.02837075,1511.3872694778736,LSTM
2024-11-19 00:00:00,1447.05907025,1509.725802092829,LSTM
2024-11-19 01:00:00,1408.02676125,1500.4885494822668,LSTM
2024-11-19 02:00:00,1388.0857935,1500.75615737136,LSTM
2024-11-19 03:00:00,1332.62179865,1500.1836638431953,LSTM
2024-11-19 04:00:00,1383.96672775,1498.9951216955703,LSTM
2024-11-19 05:00:00,1523.46454325,1499.4017002639866,LSTM
2024-11-19 06:00:00,1337.598756,1496.8162082369925,LSTM
2024-11-19 07:00:00,1597.0836842499998,1496.442464992391,LSTM
2024-11-19 08:00:00,1556.879414,1493.6666488053713,LSTM
2024-11-19 09:00:00,1422.72738625,1491.8857429299496,LSTM
2024-11-19 10:00:00,1432.97706425,1493.7168192486713,LSTM
2024-11-19 11:00:00,1607.3494725,1492.4070036955143,LSTM
2024-11-19 12:00:00,1337.2513525,1492.1802468122264,LSTM
2024-11-19 13:00:00,1420.815634,1491.5696546509882,LSTM
2024-11-19 14:00:00,1545.84533425,1490.426743946018,LSTM
2024-11-19 15:00:00,1478.4210125,1489.8591032855643,LSTM
2024-11-19 16:00:00,1445.82764325,1494.32050633446,LSTM
2024-11-19 17:00:00,1441.347071,1497.989877914419,LSTM
2024-11-19 18:00:00,1549.797043,1499.0097044423235,LSTM
2024-11-19 19:00:00,1681.88532675,1500.022867330983,LSTM
2024-11-19 20:00:00,1615.11513125,1499.5792524487929,LSTM
2024-11-19 21:00:00,1488.394852,1498.6910086523533,LSTM
2024-11-19 22:00:00,1485.8649175,1497.7243946639255,LSTM
2024-11-19 23:00:00,1532.212644,1499.3572760023544,LSTM
2024-11-20 00:00:00,1462.89153825,1501.5202546714338,LSTM
2024-11-20 01:00:00,1457.48386975,1503.3538177830621,LSTM
2024-11-20 02:00:00,1636.4344605,1500.1968462599623,LSTM
2024-11-20 03:00:00,1467.626853,1499.6828285805332,LSTM
2024-11-20 04:00:00,1635.05909275,1498.3703813727468,LSTM
2024-11-20 05:00:00,1590.592781,1496.895882184485,LSTM
2024-11-20 06:00:00,1497.42299075,1505.0999809886532,LSTM
2024-11-20 07:00:00,1453.71556625,1502.3862380498163,LSTM
2024-11-20 08:00:00,1461.278914,1500.586089708894,LSTM
2024-11-20 09:00:00,1305.76474625,1500.947954292233,LSTM
2024-11-20 10:00:00,1698.0680584999998,1497.761044679772,LSTM
2024-11-20 11:00:00,1671.25614425,1497.910879988299,LSTM
2024-11-20 12:00:00,1611.9770385,1495.5479679982543,LSTM
2024-11-20 13:00:00,1605.93086425,1496.0889058144878,LSTM
2024-11-20 14:00:00,1608.046164,1495.1217848100307,LSTM
2024-11-20 15:00:00,1465.4244315,1496.1842248280334,LSTM
2024-11-20 16:00:00,1588.26496,1497.1608825625692,LSTM
2024-11-20 17:00:00,1513.88822775,1497.9506686748043,LSTM
2024-11-20 18:00:00,1593.8984175,1500.0869444996636,LSTM
2024-11-20 19:00:00,1334.03445825,1501.6225270476696,LSTM
2024-11-20 20:00:00,1626.4114564999998,1502.9831649218786,LSTM
2024-11-20 21:00:00,1558.3866195,1503.1564195422443,LSTM
2024-11-20 22:00:00,1533.48750025,1502.841297008101,LSTM
2024-11-20 23:00:00,1538.72509425,1502.5372805393658,LSTM
2024-11-21 00:00:00,1338.210261875,1503.4010427046667,LSTM
2024-11-21 01:00:00,1316.40796325,1504.9737581409286,LSTM
2024-11-21 02:00:00,1568.65868025,1499.1281047570214,LSTM
2024-11-21 03:00:00,1466.65357425,1499.676840962661,LSTM
2024-11-21 04:00:00,1269.569459075,1498.16342225823,LSTM
2024-11-21 05:00:00,1401.6991475,1495.3587785883904,LSTM
2024-11-21 06:00:00,1452.130986,1493.6964661766299,LSTM
2024-11-21 07:00:00,1454.898577,1494.3655100429833,LSTM
2024-11-21 08:00:00,1250.51475375,1493.4398677784632,LSTM
2024-11-21 09:00:00,1378.7941035,1490.2596942361085,LSTM
2024-11-21 10:00:00,1557.456788,1485.3016327708888,LSTM
2024-11-21 11:00:00,1565.5573175,1486.3016856736429,LSTM
2024-11-21 12:00:00,1382.1480265,1490.69215476565,LSTM
2024-11-21 13:00:00,1464.44125975,1491.581122870703,LSTM
2024-11-21 14:00:00,1557.296107,1490.4213116314163,LSTM
2024-11-21 15:00:00,1470.61240575,1488.8407736621277,LSTM
2024-11-21 16:00:00,1351.610219,1482.6484420321462,LSTM
2024-11-21 17:00:00,1399.6228042500002,1477.907190278588,LSTM
2024-11-21 18:00:00,1340.1969865,1478.465825368613,LSTM
2024-11-21 19:00:00,1682.7069525,1481.3803949423718,LSTM
2024-11-21 20:00:00,1611.003692,1488.873343406118,LSTM
2024-11-21 21:00:00,1428.07081775,1490.440892107603,LSTM
2024-11-21 22:00:00,1582.19312125,1492.8984470898206,LSTM
2024-11-21 23:00:00,1357.23561775,1494.5462250420685,LSTM
2024-11-22 00:00:00,1327.065832,1495.6203747159907,LSTM
2024-11-22 01:00:00,1504.49007475,1501.3404329863051,LSTM
2024-11-22 02:00:00,1486.77672675,1502.8420696039555,LSTM
2024-11-22 03:00:00,1466.72017375,1502.553891350237,LSTM
2024-11-22 04:00:00,1398.836347,1500.6068532224829,LSTM
2024-11-22 05:00:00,1653.36680475,1498.697285993671,LSTM
2024-11-22 06:00:00,1500.951586,1497.697836681428,LSTM
2024-11-22 07:00:00,1403.374661,1499.2156495247814,LSTM
2024-11-22 08:00:00,1525.52454775,1498.9099430026147,LSTM
2024-11-22 09:00:00,1413.852159,1498.3881510773997,LSTM
2024-11-22 10:00:00,1502.27656825,1500.6558164847602,LSTM
2024-11-22 11:00:00,1430.6979835,1498.6788885548863,LSTM
2024-11-22 12:00:00,1668.3085544999997,1498.7944399223709,LSTM
2024-11-22 13:00:00,1484.02334875,1497.853225022659,LSTM
2024-11-22 14:00:00,1525.36976925,1497.3186852658455,LSTM
2024-11-22 15:00:00,1481.50204575,1495.0389963354996,LSTM
2024-11-22 16:00:00,1551.27430925,1496.2873663746057,LSTM
2024-11-22 17:00:00,1496.63417975,1497.5244854865807,LSTM
2024-11-22 18:00:00,1771.7680749999997,1499.1068583710235,LSTM
2024-11-22 19:00:00,1613.373051,1502.21027934396,LSTM
2024-11-22 20:00:00,1437.9662475,1504.0893773237615,LSTM
2024-11-22 21:00:00,1705.1179975,1506.2514385352636,LSTM
2024-11-22 22:00:00,1493.39615075,1510.3691812906416,LSTM
2024-11-22 23:00:00,1655.2915795,1513.342226713136,LSTM
2024-11-23 00:00:00,1476.1741225,1512.241663918439,LSTM
2024-11-23 01:00:00,1531.11032825,1510.211571736329,LSTM
2024-11-23 02:00:00,1472.312365,1506.2601785258673,LSTM
2024-11-23 03:00:00,1591.49579675,1501.8889277557403,LSTM
2024-11-23 04:00:00,1541.01308025,1497.3215825002997,LSTM
2024-11-23 05:00:00,1357.42136625,1495.8720478155853,LSTM
2024-11-23 06:00:00,1527.579298,1495.8417958591588,LSTM
2024-11-23 07:00:00,1483.01946475,1494.2822628396639,LSTM
2024-11-23 08:00:00,1415.16250725,1491.6491354495172,LSTM
2024-11-23 09:00:00,1539.944015,1490.2296112850252,LSTM
2024-11-23 10:00:00,1630.0120127499997,1487.8363990513128,LSTM
2024-11-23 11:00:00,1629.8070595,1487.5318031356867,LSTM
2024-11-23 12:00:00,1480.50505625,1485.7479275949493,LSTM
2024-11-23 13:00:00,1355.6807045,1484.1029020154328,LSTM
2024-11-23 14:00:00,1440.93357275,1479.3791543867023,LSTM
2024-11-23 15:00:00,1608.41227,1476.2440086964914,LSTM
2024-11-23 16:00:00,1503.66788975,1476.077224566407,LSTM
2024-11-23 17:00:00,1381.7772690000002,1479.0368219923093,LSTM
2024-11-23 18:00:00,1515.127859,1478.9196771458749,LSTM
2024-11-23 19:00:00,1378.52231875,1479.9924506334314,LSTM
2024-11-23 20:00:00,1499.86303075,1484.425871226223,LSTM
2024-11-23 21:00:00,1491.9970775,1483.9584507342668,LSTM
2024-11-23 22:00:00,1570.46873775,1484.7635921891097,LSTM
2024-11-23 23:00:00,1460.34163725,1486.7673195376856,LSTM
2024-11-24 00:00:00,1433.856428,1489.3334000938362,LSTM
2024-11-24 01:00:00,1500.82915325,1490.9125377331384,LSTM
2024-11-24 02:00:00,1485.40482675,1495.691284529259,LSTM
2024-11-24 03:00:00,1670.4041154999998,1496.857348966243,LSTM
2024-11-24 04:00:00,1339.6092619,1496.7670518257517,LSTM
2024-11-24 05:00:00,1450.6625995,1500.053240005512,LSTM
2024-11-24 06:00:00,1376.06816075,1502.9335739254695,LSTM
2024-11-24 07:00:00,1492.6948562500002,1497.643658397133,LSTM
2024-11-24 08:00:00,1584.702038,1499.5410572412372,LSTM
2024-11-24 09:00:00,1455.2833645,1494.619114632214,LSTM
2024-11-24 10:00:00,1431.39625575,1491.2723742523592,LSTM
2024-11-24 11:00:00,1608.6288485,1487.7698109461053,LSTM
2024-11-24 12:00:00,1690.4692635000001,1484.0208378495156,LSTM
2024-11-24 13:00:00,1589.505155,1485.6015448241471,LSTM
2024-11-24 14:00:00,1500.45866,1487.3099232637303,LSTM
2024-11-24 15:00:00,1646.5179112500002,1485.2032958047866,LSTM
2024-11-24 16:00:00,1484.11156025,1486.4492273382268,LSTM
2024-11-24 17:00:00,1518.30717775,1485.5524608437674,LSTM
2024-11-24 18:00:00,1597.03353975,1483.9969839525086,LSTM
2024-11-24 19:00:00,1462.16154275,1487.005906794995,LSTM
2024-11-24 20:00:00,1556.2804115,1489.558225487488,LSTM
2024-11-24 21:00:00,1645.71523025,1493.5628795246676,LSTM
2024-11-24 22:00:00,1478.241552,1495.640727788032,LSTM
2024-11-24 23:00:00,1385.68789525,1499.4627353364901,LSTM
2024-11-25 00:00:00,1501.54204225,1498.1809988139191,LSTM
2024-11-25 01:00:00,1554.78653875,1498.6457635076256,LSTM
2024-11-25 02:00:00,1455.22497075,1501.440194426014,LSTM
2024-11-25 03:00:00,1447.3164275,1501.5097763401575,LSTM
2024-11-25 04:00:00,1495.65493425,1502.8429387742917,LSTM
2024-11-25 05:00:00,1498.48198225,1502.8123246635582,LSTM
2024-11-25 06:00:00,1401.2684813,1504.6423145193596,LSTM
2024-11-25 07:00:00,1412.1582265,1503.3294810136463,LSTM
2024-11-25 08:00:00,1446.06322975,1501.929006165691,LSTM
2024-11-25 09:00:00,1541.1342925,1504.8007932440084,LSTM
2024-11-25 10:00:00,1545.004519,1501.2500392713318,LSTM
2024-11-25 11:00:00,1434.7628412499998,1501.1195671464077,LSTM
2024-11-25 12:00:00,1488.59047075,1500.248561894971,LSTM
2024-11-25 13:00:00,1428.64322725,1499.4203874262168,LSTM
2024-11-25 14:00:00,1587.97755875,1499.5946560786413,LSTM
2024-11-25 15:00:00,1449.334554,1501.1697858769485,LSTM
2024-11-25 16:00:00,1497.24167025,1502.9299523824018,LSTM
2024-11-25 17:00:00,1335.2590375,1500.5984512425655,LSTM
2024-11-25 18:00:00,1472.336608,1498.0800784804287,LSTM
2024-11-25 19:00:00,1410.83840325,1496.46429082528,LSTM
2024-11-25 20:00:00,1507.91091225,1496.0286191942184,LSTM
2024-11-25 21:00:00,1470.89263225,1495.8453691149857,LSTM
2024-11-25 22:00:00,1541.845104,1502.30047990997,LSTM
2024-11-25 23:00:00,1549.376299,1504.049057477606,LSTM
2024-11-26 00:00:00,1615.044732,1506.5142177002663,LSTM
2024-11-26 01:00:00,1754.71335875,1504.1798193259756,LSTM
2024-11-26 02:00:00,1457.25831875,1508.7151501406966,LSTM
2024-11-26 03:00:00,1485.6628557499998,1511.037380130279,LSTM
2024-11-26 04:00:00,1496.4577805,1509.4646646940173,LSTM
2024-11-26 05:00:00,1716.4739440000003,1509.7807529729785,LSTM
2024-11-26 06:00:00,1497.6633765,1509.8836047961051,LSTM
2024-11-26 07:00:00,1687.51408125,1509.8935519677316,LSTM
2024-11-26 08:00:00,1607.694691,1510.0661305667245,LSTM
2024-11-26 09:00:00,1514.06533525,1507.428584894035,LSTM
2024-11-26 10:00:00,1588.09653175,1507.6082134302,LSTM
2024-11-26 11:00:00,1572.210789,1501.0822893964294,LSTM
2024-11-26 12:00:00,1538.987579,1500.9795341477845,LSTM
2024-11-26 13:00:00,1604.423049,1502.1276115875314,LSTM
2024-11-26 14:00:00,1424.71185475,1505.4978678537068,LSTM
2024-11-26 15:00:00,1538.535474,1500.2978631679346,LSTM
2024-11-26 16:00:00,1508.0785425,1499.5905999504055,LSTM
2024-11-26 17:00:00,1391.4666542,1499.776022955479,LSTM
2024-11-26 18:00:00,1284.424841675,1502.1170366817735,LSTM
2024-11-26 19:00:00,1568.1032015,1501.532809354069,LSTM
2024-11-26 20:00:00,1438.238468,1502.777557850107,LSTM
2024-11-26 21:00:00,1526.177149,1503.1887719936503,LSTM
2024-11-26 22:00:00,1538.917033,1505.3482739813844,LSTM
2024-11-26 23:00:00,1549.21014875,1509.059534742828,LSTM
2024-11-27 00:00:00,1544.18924125,1510.6619951194868,LSTM
2024-11-27 01:00:00,1624.68725875,1511.2185055709122,LSTM
2024-11-27 02:00:00,1591.9633805,1508.636924810431,LSTM
2024-11-27 03:00:00,1533.39769075,1509.7681017158616,LSTM
2024-11-27 04:00:00,1509.4754175,1506.4534723512083,LSTM
2024-11-27 05:00:00,1229.13559325,1506.8409291722264,LSTM
2024-11-27 06:00:00,1501.8777515,1502.5528290309371,LSTM
2024-11-27 07:00:00,1597.531748,1500.752052955883,LSTM
2024-11-27 08:00:00,1316.554264,1498.5359100345677,LSTM
2024-11-27 09:00:00,1555.7850555,1496.9417550633443,LSTM
2024-11-27 10:00:00,1454.35926525,1492.3803249949146,LSTM
2024-11-27 11:00:00,1486.507844,1491.2835768922491,LSTM
2024-11-27 12:00:00,1548.3443115,1490.1282080791254,LSTM
2024-11-27 13:00:00,1525.0612725,1493.5842224851474,LSTM
2024-11-27 14:00:00,1653.61371575,1493.2854451820504,LSTM
2024-11-27 15:00:00,1548.5449267499998,1492.6418004044128,LSTM
2024-11-27 16:00:00,1656.0561527500001,1494.116372023536,LSTM
2024-11-27 17:00:00,1661.8870777499997,1493.4728238203804,LSTM
2024-11-27 18:00:00,1442.2413205,1497.6379605027064,LSTM
2024-11-27 19:00:00,1513.804313,1501.2897313833553,LSTM
2024-11-27 20:00:00,1570.69434325,1503.283028687896,LSTM
2024-11-27 21:00:00,1438.7945435,1503.4602911492566,LSTM
2024-11-27 22:00:00,1334.64850275,1502.8859144186968,LSTM
2024-11-27 23:00:00,1524.82291675,1499.1965760646242,LSTM
2024-11-28 00:00:00,1420.9999635,1500.1911966527764,LSTM
2024-11-28 01:00:00,1566.22873325,1504.6723008959614,LSTM
2024-11-28 02:00:00,1609.65325225,1502.19106102208,LSTM
2024-11-28 03:00:00,1546.675694,1502.1097453083967,LSTM
2024-11-28 04:00:00,1411.424857,1500.3377484289217,LSTM
2024-11-28 05:00:00,1547.4727405,1499.8444459758407,LSTM
2024-11-28 06:00:00,1340.120539,1498.9751307778358,LSTM
2024-11-28 07:00:00,1538.61536225,1500.1424748267036,LSTM
2024-11-28 08:00:00,1402.76028975,1498.3095394492073,LSTM
2024-11-28 09:00:00,1446.34693425,1494.3125872269518,LSTM
2024-11-28 10:00:00,1456.4359825,1491.445966883411,LSTM
2024-11-28 11:00:00,1584.418421,1491.3521447743335,LSTM
2024-11-28 12:00:00,1470.482728,1494.396027579235,LSTM
2024-11-28 13:00:00,1533.772897,1491.997648610746,LSTM
2024-11-28 14:00:00,1375.6597305,1486.6096375525117,LSTM
2024-11-28 15:00:00,1547.276171,1481.408377398476,LSTM
2024-11-28 16:00:00,1568.0976885,1483.3099772325388,LSTM
2024-11-28 17:00:00,1543.52387475,1484.2323359646775,LSTM
2024-11-28 18:00:00,1400.6320355,1485.532469926033,LSTM
2024-11-28 19:00:00,1630.4172407500002,1485.8501033967034,LSTM
2024-11-28 20:00:00,1363.8798215,1489.3022306798323,LSTM
2024-11-28 21:00:00,1501.73803125,1492.2957498924702,LSTM
2024-11-28 22:00:00,1401.25976275,1494.0040800448126,LSTM
2024-11-28 23:00:00,1470.6937225,1494.4791057772113,LSTM
2024-11-29 00:00:00,1606.9030914999998,1496.286738640474,LSTM
2024-11-29 01:00:00,1610.19823225,1508.643009002785,LSTM
2024-11-29 02:00:00,1602.9816765,1514.3824304567022,LSTM
2024-11-29 03:00:00,1354.27210625,1514.4836405136382,LSTM
2024-11-29 04:00:00,1650.2394685,1512.7601723112723,LSTM
2024-11-29 05:00:00,1558.0706205,1513.0758260050654,LSTM
2024-11-29 06:00:00,1270.07981655,1511.9428624717216,LSTM
2024-11-29 07:00:00,1365.28023075,1511.4882863858459,LSTM
2024-11-29 08:00:00,1401.46251325,1504.7897837530822,LSTM
2024-11-29 09:00:00,1423.09389175,1501.019226259808,LSTM
2024-11-29 10:00:00,1393.0157450000002,1496.4696024217794,LSTM
2024-11-29 11:00:00,1328.7056335,1494.3080482263067,LSTM
2024-11-29 12:00:00,1449.2659295,1491.0341008621156,LSTM
2024-11-29 13:00:00,1405.65726275,1487.8260655817592,LSTM
2024-11-29 14:00:00,1583.84090425,1486.6970616021695,LSTM
2024-11-29 15:00:00,1493.610593,1489.1732313157559,LSTM
2024-11-29 16:00:00,1601.13803425,1490.681966157819,LSTM
2024-11-29 17:00:00,1523.9685855,1495.9815874215774,LSTM
2024-11-29 18:00:00,1395.788125175,1498.024789589593,LSTM
2024-11-29 19:00:00,1596.347983,1500.1198281107195,LSTM
2024-11-29 20:00:00,1488.15507675,1502.021572806505,LSTM
2024-11-29 21:00:00,1469.00609325,1504.8257094603152,LSTM
2024-11-29 22:00:00,1416.00728875,1505.6457716725974,LSTM
2024-11-29 23:00:00,1536.6772475,1502.858970138272,LSTM
2024-11-30 00:00:00,1667.7591829999997,1500.9263216083075,LSTM
2024-11-30 01:00:00,1562.8205345,1500.425679494609,LSTM
2024-11-30 02:00:00,1474.7819495,1500.46469558526,LSTM
2024-11-30 03:00:00,1377.55314075,1498.4797036861548,LSTM
2024-11-30 04:00:00,1435.555787,1496.2579111576538,LSTM
2024-11-30 05:00:00,1366.4498835,1492.7669126455967,LSTM
2024-11-30 06:00:00,1687.3461160000002,1491.7126331713066,LSTM
2024-11-30 07:00:00,1497.37742025,1488.1307580718671,LSTM
2024-11-30 08:00:00,1537.9653735,1489.392527820324,LSTM
2024-11-30 09:00:00,1535.400734,1489.9532151180872,LSTM
2024-11-30 10:00:00,1458.08358825,1486.6563554580869,LSTM
2024-11-30 11:00:00,1576.94211675,1484.4733858712732,LSTM
2024-11-30 12:00:00,1408.542402,1484.2417278330336,LSTM
2024-11-30 13:00:00,1595.03064575,1485.4498021696045,LSTM
2024-11-30 14:00:00,1455.32029225,1485.7670010551064,LSTM
2024-11-30 15:00:00,1533.6226255,1488.8521453073608,LSTM
2024-11-30 16:00:00,1550.07803775,1482.511137262634,LSTM
2024-11-30 17:00:00,1261.0565645,1483.5050093985524,LSTM
2024-11-30 18:00:00,1473.37543,1484.1599051033206,LSTM
2024-11-30 19:00:00,1485.10395125,1480.780498404994,LSTM
2024-11-30 20:00:00,1549.01204125,1481.5798695345486,LSTM
2024-11-30 21:00:00,1495.009027,1482.6173450490037,LSTM
2024-11-30 22:00:00,1675.572811,1480.7794602293145,LSTM
2024-11-30 23:00:00,1459.72318075,1484.0014746659128,LSTM
2024-12-01 00:00:00,1467.3997182500002,1487.1158085552938,LSTM
2024-12-01 01:00:00,1514.57287575,1487.6782824809707,LSTM
2024-12-01 02:00:00,1484.06573475,1490.4280959887633,LSTM
2024-12-01 03:00:00,1317.78007125,1490.3003520929503,LSTM
2024-12-01 04:00:00,1523.235075,1491.0267370578777,LSTM
2024-12-01 05:00:00,1584.662626,1489.544342905728,LSTM
2024-12-01 06:00:00,1553.06543625,1493.007262387199,LSTM
2024-12-01 07:00:00,1494.9248055,1491.027871808039,LSTM
2024-12-01 08:00:00,1481.0453595,1489.9607962149094,LSTM
2024-12-01 09:00:00,1397.76423925,1488.539606140606,LSTM
2024-12-01 10:00:00,1573.44896975,1488.3962896096014,LSTM
2024-12-01 11:00:00,1504.2950609999998,1482.8362069684038,LSTM
2024-12-01 12:00:00,1476.31242975,1480.8911003302858,LSTM
2024-12-01 13:00:00,1483.49360175,1478.276322091683,LSTM
2024-12-01 14:00:00,1527.117895,1475.7481953068832,LSTM
2024-12-01 15:00:00,1527.95889375,1478.6202479650258,LSTM
2024-12-01 16:00:00,1473.57007875,1482.1835083330966,LSTM
2024-12-01 17:00:00,1432.5568294999998,1485.0358839405706,LSTM
2024-12-01 18:00:00,1499.7045345,1485.834023745482,LSTM
2024-12-01 19:00:00,1511.84233225,1487.2615153047234,LSTM
2024-12-01 20:00:00,1321.07801925,1490.7606743604936,LSTM
2024-12-01 21:00:00,1306.18253775,1491.8092800839772,LSTM
2024-12-01 22:00:00,1425.31976725,1492.1226642774477,LSTM
2024-12-01 23:00:00,1329.34728975,1487.820826416121,LSTM
2024-12-02 00:00:00,1557.8470525,1485.878641156078,LSTM
2024-12-02 01:00:00,1447.79899625,1489.7018075983176,LSTM
2024-12-02 02:00:00,1609.29954825,1494.7905826246663,LSTM
2024-12-02 03:00:00,1249.87050525,1498.2761246785012,LSTM
2024-12-02 04:00:00,1597.986969,1502.3315768931125,LSTM
2024-12-02 05:00:00,1440.12769275,1499.3177770392945,LSTM
2024-12-02 06:00:00,1506.12626225,1502.8730700126162,LSTM
2024-12-02 07:00:00,1504.4306005,1500.7794318214758,LSTM
2024-12-02 08:00:00,1573.9887145,1500.664991060532,LSTM
2024-12-02 09:00:00,1560.87101475,1498.6701485642825,LSTM
2024-12-02 10:00:00,1686.3158372500002,1500.7184933234544,LSTM
2024-12-02 11:00:00,1438.01194115,1498.6504956572344,LSTM
2024-12-02 12:00:00,1382.94619925,1500.4836241836945,LSTM
2024-12-02 13:00:00,1434.90557375,1496.5239738550379,LSTM
2024-12-02 14:00:00,1519.4506972499998,1495.7066157282463,LSTM
2024-12-02 15:00:00,1444.60117225,1492.7046221048297,LSTM
2024-12-02 16:00:00,1534.61751975,1492.7691097150578,LSTM
2024-12-02 17:00:00,1544.0506719999998,1492.3085942985508,LSTM
2024-12-02 18:00:00,1442.22684025,1492.728717438041,LSTM
2024-12-02 19:00:00,1562.159465,1499.5293717289385,LSTM
2024-12-02 20:00:00,1214.7538645,1501.4668489829933,LSTM
2024-12-02 21:00:00,1537.2119655,1500.8248218279261,LSTM
2024-12-02 22:00:00,1697.6912967500002,1496.9965127945302,LSTM
2024-12-02 23:00:00,1555.8666495,1501.271092508366,LSTM
2024-12-03 00:00:00,1404.895066,1501.862707783929,LSTM
2024-12-03 01:00:00,1630.450734,1498.7398753401487,LSTM
2024-12-03 02:00:00,1431.671506,1496.340289190637,LSTM
2024-12-03 03:00:00,1462.8383055,1496.5981430570673,LSTM
2024-12-03 04:00:00,1275.416588,1498.1653054606252,LSTM
2024-12-03 05:00:00,1441.12469475,1497.2590022360873,LSTM
2024-12-03 06:00:00,1543.153432,1497.1732440962408,LSTM
2024-12-03 07:00:00,1477.98905625,1495.6079890386986,LSTM
2024-12-03 08:00:00,1595.99537375,1498.1435279149773,LSTM
2024-12-03 09:00:00,1566.0308415,1498.817134925596,LSTM
2024-12-03 10:00:00,1556.35344925,1500.435771527958,LSTM
2024-12-03 11:00:00,1463.7318095,1501.378000459729,LSTM
2024-12-03 12:00:00,1519.0980949999998,1501.488288517955,LSTM
2024-12-03 13:00:00,1404.4916755,1498.953787817356,LSTM
2024-12-03 14:00:00,1499.50664775,1495.7007005412356,LSTM
2024-12-03 15:00:00,1615.364224,1496.32870025282,LSTM
2024-12-03 16:00:00,1505.0536605,1494.8196515436907,LSTM
2024-12-03 17:00:00,1624.1180065,1493.9900767449503,LSTM
2024-12-03 18:00:00,1710.1003862500002,1498.646584390721,LSTM
2024-12-03 19:00:00,1555.784183,1500.40438482137,LSTM
2024-12-03 20:00:00,1417.09640175,1503.4032639177483,LSTM
2024-12-03 21:00:00,1414.236643,1506.2185066369666,LSTM
2024-12-03 22:00:00,1597.754202,1505.467446891937,LSTM
2024-12-03 23:00:00,1683.93628575,1507.0250001345548,LSTM
2024-12-04 00:00:00,1395.20359225,1507.9962496981093,LSTM
2024-12-04 01:00:00,1609.3914815,1505.6635896644914,LSTM
2024-12-04 02:00:00,1360.9089851,1501.3055695983721,LSTM
2024-12-04 03:00:00,1360.7256405,1498.161877066521,LSTM
2024-12-04 04:00:00,1601.0125135,1495.5163398554619,LSTM
2024-12-04 05:00:00,1467.16775325,1495.6593425194008,LSTM
2024-12-04 06:00:00,1561.37580775,1496.2469982412094,LSTM
2024-12-04 07:00:00,1391.151554,1497.1079597465377,LSTM
2024-12-04 08:00:00,1515.9368185,1496.8183328755922,LSTM
2024-12-04 09:00:00,1429.07922475,1495.4116531171808,LSTM
2024-12-04 10:00:00,1662.680708,1492.3753996963424,LSTM
2024-12-04 11:00:00,1606.87952575,1492.3179861669068,LSTM
2024-12-04 12:00:00,1477.72818725,1494.2088662334888,LSTM
2024-12-04 13:00:00,1564.8994965,1491.9902606628875,LSTM
2024-12-04 14:00:00,1418.23631825,1490.2610462788539,LSTM
2024-12-04 15:00:00,1458.05514875,1490.8884906871679,LSTM
2024-12-04 16:00:00,1565.730416,1490.0802588489073,LSTM
2024-12-04 17:00:00,1494.96901525,1492.2781974804013,LSTM
2024-12-04 18:00:00,1477.55068025,1494.313456397288,LSTM
2024-12-04 19:00:00,1580.5393175,1498.8481836214976,LSTM
2024-12-04 20:00:00,1376.57155475,1500.6451932917612,LSTM
2024-12-04 21:00:00,1478.1682175,1499.2808855872436,LSTM
2024-12-04 22:00:00,1325.0610295,1493.9595592086985,LSTM
2024-12-04 23:00:00,1418.41764075,1493.7835039283605,LSTM
2024-12-05 00:00:00,1664.12362475,1493.0417636208253,LSTM
2024-12-05 01:00:00,1553.36372225,1500.1738615332918,LSTM
2024-12-05 02:00:00,1547.00774675,1503.0646737845254,LSTM
2024-12-05 03:00:00,1609.7717790000002,1505.6311406386035,LSTM
2024-12-05 04:00:00,1693.0951055,1504.7290866912651,LSTM
2024-12-05 05:00:00,1577.0026235,1503.2406324903818,LSTM
2024-12-05 06:00:00,1354.10744625,1503.5635775575515,LSTM
2024-12-05 07:00:00,1574.153371,1501.353711977554,LSTM
2024-12-05 08:00:00,1568.31493225,1496.7422321839267,LSTM
2024-12-05 09:00:00,1290.8599445,1495.2526673765024,LSTM
2024-12-05 10:00:00,1576.939169,1495.5399040290233,LSTM
2024-12-05 11:00:00,1523.93640825,1496.945038595726,LSTM
2024-12-05 12:00:00,1632.618705,1497.563211853786,LSTM
2024-12-05 13:00:00,1488.650094875,1497.7183104715716,LSTM
2024-12-05 14:00:00,1385.10818475,1499.3095682083408,LSTM
2024-12-05 15:00:00,1479.47408525,1499.0446644047383,LSTM
2024-12-05 16:00:00,1437.35190275,1498.496845656676,LSTM
2024-12-05 17:00:00,1449.96613825,1499.810403471003,LSTM
2024-12-05 18:00:00,1716.9304462500002,1498.7360123608762,LSTM
2024-12-05 19:00:00,1360.5690555,1500.8980252851375,LSTM
2024-12-05 20:00:00,1532.204543,1498.641948815594,LSTM
2024-12-05 21:00:00,1471.0438047500002,1499.468384943676,LSTM
2024-12-05 22:00:00,1663.5634325,1501.233331885979,LSTM
2024-12-05 23:00:00,1473.2922755,1502.123362310332,LSTM
2024-12-06 00:00:00,1700.6700115000003,1501.346613753141,LSTM
2024-12-06 01:00:00,1556.63565175,1510.6028915366198,LSTM
2024-12-06 02:00:00,1467.27245175,1513.5195374617376,LSTM
2024-12-06 03:00:00,1517.9622655,1512.8411017270284,LSTM
2024-12-06 04:00:00,1601.811059,1510.1796055828502,LSTM
2024-12-06 05:00:00,1484.927088,1508.6404014917762,LSTM
2024-12-06 06:00:00,1611.48175925,1508.9535925362832,LSTM
2024-12-06 07:00:00,1641.4848990000003,1506.5990100952947,LSTM
2024-12-06 08:00:00,1482.27060425,1507.8457866554506,LSTM
2024-12-06 09:00:00,1482.06988075,1506.1051281953228,LSTM
2024-12-06 10:00:00,1558.25930225,1500.1127781735474,LSTM
2024-12-06 11:00:00,1465.32218525,1495.3182897368918,LSTM
2024-12-06 12:00:00,1340.08923025,1496.9316147427544,LSTM
2024-12-06 13:00:00,1334.06404925,1497.9571391650857,LSTM
2024-12-06 14:00:00,1472.6264265,1493.1183471849001,LSTM
2024-12-06 15:00:00,1536.7669135,1490.4286512920337,LSTM
2024-12-06 16:00:00,1666.2636305,1488.4494055745963,LSTM
2024-12-06 17:00:00,1330.975034,1489.3269537471756,LSTM
2024-12-06 18:00:00,1651.8879654999998,1492.9495349906977,LSTM
2024-12-06 19:00:00,1257.97147875,1494.9668310539678,LSTM
2024-12-06 20:00:00,1541.165586,1494.904009353551,LSTM
2024-12-06 21:00:00,1444.98275125,1497.7709435641575,LSTM
2024-12-06 22:00:00,1557.53453875,1500.0580204423616,LSTM
2024-12-06 23:00:00,1498.23122975,1501.4261911261517,LSTM
2024-12-07 00:00:00,1659.833589,1500.6537884206423,LSTM
2024-12-07 01:00:00,1503.3186065,1498.5683590604556,LSTM
2024-12-07 02:00:00,1440.97473925,1500.143295709799,LSTM
2024-12-07 03:00:00,1729.3198255000002,1498.325281089742,LSTM
2024-12-07 04:00:00,1195.346822375,1496.227007323475,LSTM
2024-12-07 05:00:00,1488.51524175,1496.2008839261455,LSTM
2024-12-07 06:00:00,1599.69910325,1489.8397401019615,LSTM
2024-12-07 07:00:00,1559.53286525,1486.5620021893594,LSTM
2024-12-07 08:00:00,1585.7537755,1487.5760583919757,LSTM
2024-12-07 09:00:00,1406.13083,1486.0409587163786,LSTM
2024-12-07 10:00:00,1371.624986,1485.4169185585483,LSTM
2024-12-07 11:00:00,1664.22834825,1482.9077686594242,LSTM
2024-12-07 12:00:00,1442.37209725,1481.7786439617323,LSTM
2024-12-07 13:00:00,1418.36905825,1480.5849350793303,LSTM
2024-12-07 14:00:00,1575.41395175,1477.4776269835008,LSTM
2024-12-07 15:00:00,1491.711945,1477.3792900173987,LSTM
2024-12-07 16:00:00,1597.908496,1480.6824511623372,LSTM
2024-12-07 17:00:00,1522.49369325,1483.8043661485403,LSTM
2024-12-07 18:00:00,1665.5864775000002,1486.9502074626116,LSTM
2024-12-07 19:00:00,1642.62820075,1489.0247239063538,LSTM
2024-12-07 20:00:00,1549.38418275,1493.1382898153936,LSTM
2024-12-07 21:00:00,1556.23162625,1497.2980183267382,LSTM
2024-12-07 22:00:00,1404.15591425,1497.801074802482,LSTM
2024-12-07 23:00:00,1263.0583285,1496.9866139101446,LSTM
2024-12-08 00:00:00,1425.83360625,1494.7339175474647,LSTM
2024-12-08 01:00:00,1496.00128475,1490.9935154361353,LSTM
2024-12-08 02:00:00,1423.50061625,1494.94505350832,LSTM
2024-12-08 03:00:00,1430.16093525,1495.423628352925,LSTM
2024-12-08 04:00:00,1381.275808,1495.9870438797996,LSTM
2024-12-08 05:00:00,1603.34453675,1493.6730710084116,LSTM
2024-12-08 06:00:00,1414.2616725,1492.2889172478822,LSTM
2024-12-08 07:00:00,1591.06011575,1493.2895254539067,LSTM
2024-12-08 08:00:00,1574.14263725,1490.3125929085195,LSTM
2024-12-08 09:00:00,1630.6189315,1488.9270629616242,LSTM
2024-12-08 10:00:00,1548.213775,1487.5962183150534,LSTM
2024-12-08 11:00:00,1627.180234,1487.2999760921039,LSTM
2024-12-08 12:00:00,1428.64572475,1484.2317082305458,LSTM
2024-12-08 13:00:00,1699.42576525,1483.1608420890052,LSTM
2024-12-08 14:00:00,1662.33915375,1480.0374301983338,LSTM
2024-12-08 15:00:00,1697.5463885,1481.3399543781143,LSTM
2024-12-08 16:00:00,1437.214069,1482.0102537127311,LSTM
2024-12-08 17:00:00,1510.730167,1484.0805691665144,LSTM
2024-12-08 18:00:00,1563.408399,1486.5833451498393,LSTM
2024-12-08 19:00:00,1369.83549225,1487.2598011076714,LSTM
2024-12-08 20:00:00,1597.5760275,1488.4656300875401,LSTM
2024-12-08 21:00:00,1484.86261325,1486.0818821530452,LSTM
2024-12-08 22:00:00,1605.1751245,1488.3892638160496,LSTM
2024-12-08 23:00:00,1512.24032125,1491.061938456497,LSTM
2024-12-09 00:00:00,1523.24371025,1492.7542131012387,LSTM
2024-12-09 01:00:00,1568.897914,1498.2948601279722,LSTM
2024-12-09 02:00:00,1359.55357675,1502.3985030090062,LSTM
2024-12-09 03:00:00,1669.8859675,1503.9310434608353,LSTM
2024-12-09 04:00:00,1585.360297,1502.5824773968525,LSTM
2024-12-09 05:00:00,1587.16730725,1507.5438948253152,LSTM
2024-12-09 06:00:00,1453.5945285,1507.4836323486663,LSTM
2024-12-09 07:00:00,1422.32535125,1506.8859328807496,LSTM
2024-12-09 08:00:00,1496.27431675,1507.1456216623344,LSTM
2024-12-09 09:00:00,1408.08523225,1502.6640345467404,LSTM
2024-12-09 10:00:00,1492.1419105,1498.0092893852625,LSTM
2024-12-09 11:00:00,1405.81799375,1491.958680807336,LSTM
2024-12-09 12:00:00,1259.980822,1493.392667000479,LSTM
2024-12-09 13:00:00,1540.566023,1495.4733642110568,LSTM
2024-12-09 14:00:00,1518.91996775,1493.9374195087437,LSTM
2024-12-09 15:00:00,1483.5265184999998,1494.498517248055,LSTM
2024-12-09 16:00:00,1493.82997575,1495.8467453013513,LSTM
2024-12-09 17:00:00,1537.848745,1496.9988305820934,LSTM
2024-12-09 18:00:00,1521.85650125,1500.742443794943,LSTM
2024-12-09 19:00:00,1488.60327775,1500.034552843282,LSTM
2024-12-09 20:00:00,1471.18155625,1501.6392344330227,LSTM
2024-12-09 21:00:00,1627.89108475,1506.8804281352864,LSTM
2024-12-09 22:00:00,1475.0797235,1508.620748584728,LSTM
2024-12-09 23:00:00,1518.27286625,1511.264619885976,LSTM
2024-12-10 00:00:00,1405.14768175,1508.8103725797603,LSTM
2024-12-10 01:00:00,1568.75776325,1506.9830868094496,LSTM
2024-12-10 02:00:00,1467.07369525,1504.3483417967327,LSTM
2024-12-10 03:00:00,1618.9724885,1502.1424840577301,LSTM
2024-12-10 04:00:00,1559.77488925,1499.937881786991,LSTM
2024-12-10 05:00:00,1643.906324,1501.325415654384,LSTM
2024-12-10 06:00:00,1435.692283,1501.7481704485033,LSTM
2024-12-10 07:00:00,1516.085849,1500.4399725179167,LSTM
2024-12-10 08:00:00,1439.363745,1498.660297967138,LSTM
2024-12-10 09:00:00,1341.72736125,1498.1542476824582,LSTM
2024-12-10 10:00:00,1414.45404875,1496.6623650874706,LSTM
2024-12-10 11:00:00,1646.14644,1495.0356162286364,LSTM
2024-12-10 12:00:00,1490.6374375,1492.8340319104539,LSTM
2024-12-10 13:00:00,1593.91847225,1493.3716861943058,LSTM
2024-12-10 14:00:00,1620.20612925,1492.4258115758466,LSTM
2024-12-10 15:00:00,1448.66805075,1495.9241014612805,LSTM
2024-12-10 16:00:00,1514.84549075,1497.1152028326735,LSTM
2024-12-10 17:00:00,1530.83481225,1498.3149476201884,LSTM
2024-12-10 18:00:00,1488.3143675,1497.6200942235716,LSTM
2024-12-10 19:00:00,1560.63456125,1502.20067018302,LSTM
2024-12-10 20:00:00,1596.95238175,1505.001475017208,LSTM
2024-12-10 21:00:00,1298.660434,1508.3650676441384,LSTM
2024-12-10 22:00:00,1478.3378817500002,1509.543228034969,LSTM
2024-12-10 23:00:00,1548.43187525,1506.6612040615796,LSTM
2024-12-11 00:00:00,1448.4176075,1509.1864336119252,LSTM
2024-12-11 01:00:00,1580.0111057499998,1505.9614253663906,LSTM
2024-12-11 02:00:00,1542.439784,1501.6462843701947,LSTM
2024-12-11 03:00:00,1516.34755675,1499.7302466511014,LSTM
2024-12-11 04:00:00,1458.87115325,1496.6629445343613,LSTM
2024-12-11 05:00:00,1470.1252285,1495.9395775219905,LSTM
2024-12-11 06:00:00,1408.01052775,1491.547539094654,LSTM
2024-12-11 07:00:00,1396.393628,1489.9043967175328,LSTM
2024-12-11 08:00:00,1691.1334090000003,1487.6762785604733,LSTM
2024-12-11 09:00:00,1611.58232675,1486.4874466894028,LSTM
2024-12-11 10:00:00,1547.441665,1488.875274895754,LSTM
2024-12-11 11:00:00,1335.11541025,1491.4072405162058,LSTM
2024-12-11 12:00:00,1518.30356575,1491.0461485287212,LSTM
2024-12-11 13:00:00,1462.17236575,1486.2005239039477,LSTM
2024-12-11 14:00:00,1380.2557755,1484.5673045548326,LSTM
2024-12-11 15:00:00,1539.53505175,1484.442578611576,LSTM
2024-12-11 16:00:00,1355.37100775,1483.4862980927019,LSTM
2024-12-11 17:00:00,1390.8901515,1483.358674914991,LSTM
2024-12-11 18:00:00,1493.8539105,1484.00345444279,LSTM
2024-12-11 19:00:00,1709.4320275,1485.053412209019,LSTM
2024-12-11 20:00:00,1558.55114475,1488.956832045642,LSTM
2024-12-11 21:00:00,1315.726771825,1497.333557736044,LSTM
2024-12-11 22:00:00,1559.01656725,1500.3546006759975,LSTM
2024-12-11 23:00:00,1521.619616,1499.1677002945632,LSTM
2024-12-12 00:00:00,1564.3996895,1500.4411796989393,LSTM
2024-12-12 01:00:00,1328.0872545,1505.1103144582066,LSTM
2024-12-12 02:00:00,1529.0423485,1502.3784155167898,LSTM
2024-12-12 03:00:00,1424.05200275,1498.4145159109337,LSTM
2024-12-12 04:00:00,1594.315125,1496.2932574179958,LSTM
2024-12-12 05:00:00,1415.99115175,1496.4750588800016,LSTM
2024-12-12 06:00:00,1680.8030942500002,1495.6996382219356,LSTM
2024-12-12 07:00:00,1486.58206325,1496.7121009456023,LSTM
2024-12-12 08:00:00,1668.302886,1499.2621501377726,LSTM
2024-12-12 09:00:00,1592.33715875,1496.599398525331,LSTM
2024-12-12 10:00:00,1477.89006075,1498.3103120450617,LSTM
2024-12-12 11:00:00,1469.20071575,1496.959621342479,LSTM
2024-12-12 12:00:00,1533.76829975,1497.381168955576,LSTM
2024-12-12 13:00:00,1302.03439475,1500.107370002566,LSTM
2024-12-12 14:00:00,1540.7836625,1502.484985457466,LSTM
2024-12-12 15:00:00,1404.12343975,1499.0589574280461,LSTM
2024-12-12 16:00:00,1360.617634,1495.7921565755087,LSTM
2024-12-12 17:00:00,1395.06226825,1489.9217318370174,LSTM
2024-12-12 18:00:00,1505.79382875,1486.738781778311,LSTM
2024-12-12 19:00:00,1533.46384775,1487.1010326595772,LSTM
2024-12-12 20:00:00,1386.867198,1490.3022835825864,LSTM
2024-12-12 21:00:00,1657.89701025,1491.986880556024,LSTM
2024-12-12 22:00:00,1278.697806625,1493.6413945783784,LSTM
2024-12-12 23:00:00,1626.6138937499998,1491.992095578042,LSTM
2024-12-13 00:00:00,1527.049311,1492.6299700303912,LSTM
2024-12-13 01:00:00,1405.20065875,1503.9744054031676,LSTM
2024-12-13 02:00:00,1535.16806375,1506.0403267180288,LSTM
2024-12-13 03:00:00,1401.98807825,1508.5965566770349,LSTM
2024-12-13 04:00:00,1424.12255275,1510.1586489202978,LSTM
2024-12-13 05:00:00,1575.60649975,1506.996510662421,LSTM
2024-12-13 06:00:00,1433.44645175,1506.0596416143906,LSTM
2024-12-13 07:00:00,1461.4128285,1506.913070310138,LSTM
2024-12-13 08:00:00,1453.31991425,1503.3323782481004,LSTM
2024-12-13 09:00:00,1407.42003075,1501.7181357846607,LSTM
2024-12-13 10:00:00,1376.9362075,1499.550714689418,LSTM
2024-12-13 11:00:00,1564.7003445,1500.0372569287726,LSTM
2024-12-13 12:00:00,1478.6334185,1502.327279328672,LSTM
2024-12-13 13:00:00,1376.77089525,1504.5307227056292,LSTM
2024-12-13 14:00:00,1549.3969105,1500.8323546375073,LSTM
2024-12-13 15:00:00,1542.22063175,1495.4546287615858,LSTM
2024-12-13 16:00:00,1499.90065375,1493.123248339852,LSTM
2024-12-13 17:00:00,1516.56948125,1494.3378897411858,LSTM
2024-12-13 18:00:00,1324.5347285,1494.6080085668061,LSTM
2024-12-13 19:00:00,1465.54308375,1496.0576639696226,LSTM
2024-12-13 20:00:00,1342.40317125,1496.6517418944716,LSTM
2024-12-13 21:00:00,1637.58947475,1498.9540775408013,LSTM
2024-12-13 22:00:00,1458.054361,1501.8514568567982,LSTM
2024-12-13 23:00:00,1679.8793107500003,1502.3020251016787,LSTM
2024-12-14 00:00:00,1495.14319725,1504.7728349315248,LSTM
2024-12-14 01:00:00,1399.460612,1503.7781177688905,LSTM
2024-12-14 02:00:00,1450.68593525,1501.2299517791155,LSTM
2024-12-14 03:00:00,1420.7468095,1495.5836522692828,LSTM
2024-12-14 04:00:00,1652.42706375,1490.8890701340588,LSTM
2024-12-14 05:00:00,1416.729657,1489.332434349018,LSTM
2024-12-14 06:00:00,1502.539229,1487.9763837626951,LSTM
2024-12-14 07:00:00,1600.77714,1484.4311345354815,LSTM
2024-12-14 08:00:00,1519.18638225,1484.6316231597175,LSTM
2024-12-14 09:00:00,1437.4853095,1487.1510823847748,LSTM
2024-12-14 10:00:00,1550.64559125,1488.5587761752452,LSTM
2024-12-14 11:00:00,1611.54316825,1485.0640595456382,LSTM
2024-12-14 12:00:00,1469.6217322500002,1484.2556587020345,LSTM
2024-12-14 13:00:00,1378.35348675,1484.7223065981361,LSTM
2024-12-14 14:00:00,1200.07080725,1481.967229781085,LSTM
2024-12-14 15:00:00,1455.708297,1478.1784197107488,LSTM
2024-12-14 16:00:00,1509.347432,1472.7044332200842,LSTM
2024-12-14 17:00:00,1507.97351575,1472.5835702561,LSTM
2024-12-14 18:00:00,1588.97482175,1475.8385890218567,LSTM
2024-12-14 19:00:00,1414.086166,1477.6830650499294,LSTM
2024-12-14 20:00:00,1481.5791455,1479.5120891609126,LSTM
2024-12-14 21:00:00,1511.1887195,1481.60502718706,LSTM
2024-12-14 22:00:00,1420.7369755,1482.7430608806987,LSTM
2024-12-14 23:00:00,1459.25027725,1482.549839486219,LSTM
2024-12-15 00:00:00,1566.27424325,1484.2076611845753,LSTM
2024-12-15 01:00:00,1426.25297125,1485.8049065392167,LSTM
2024-12-15 02:00:00,1474.03383775,1488.929815334356,LSTM
2024-12-15 03:00:00,1546.64153625,1489.7024594760699,LSTM
2024-12-15 04:00:00,1532.663362,1492.190845861605,LSTM
2024-12-15 05:00:00,1449.49065425,1493.5346314887383,LSTM
2024-12-15 06:00:00,1540.92019975,1493.5544051138888,LSTM
2024-12-15 07:00:00,1546.278564,1490.3915908346394,LSTM
2024-12-15 08:00:00,1358.965379,1488.1177688040636,LSTM
2024-12-15 09:00:00,1610.06168525,1486.7806709597958,LSTM
2024-12-15 10:00:00,1579.70083875,1485.8097111196867,LSTM
2024-12-15 11:00:00,1460.8429580000002,1485.3498958681728,LSTM
2024-12-15 12:00:00,1655.6141125,1482.7939073453713,LSTM
2024-12-15 13:00:00,1454.75009025,1482.4574418507482,LSTM
2024-12-15 14:00:00,1534.54313775,1484.9076813159688,LSTM
2024-12-15 15:00:00,1607.63683225,1482.4900357383588,LSTM
2024-12-15 16:00:00,1483.06123275,1482.806969044036,LSTM
2024-12-15 17:00:00,1517.87095375,1484.089091864534,LSTM
2024-12-15 18:00:00,1429.4844035,1484.6862360291805,LSTM
2024-12-15 19:00:00,1514.9328165,1489.6155907296825,LSTM
2024-12-15 20:00:00,1465.68890025,1492.775266338273,LSTM
2024-12-15 21:00:00,1567.90230375,1493.0999980333563,LSTM
2024-12-15 22:00:00,1441.359701,1492.0660716311077,LSTM
2024-12-15 23:00:00,1418.062763,1493.6278982945455,LSTM
2024-12-16 00:00:00,1604.636454,1492.357871427894,LSTM
2024-12-16 01:00:00,1498.38305075,1493.8617775458667,LSTM
2024-12-16 02:00:00,1704.5217024999997,1499.8416936031092,LSTM
2024-12-16 03:00:00,1310.3219805,1502.1790857863357,LSTM
2024-12-16 04:00:00,1653.26690875,1504.9218010697152,LSTM
2024-12-16 05:00:00,1355.40723125,1500.936268779934,LSTM
2024-12-16 06:00:00,1272.046173,1503.0357980144647,LSTM
2024-12-16 07:00:00,1711.7819087500002,1501.4267705730426,LSTM
2024-12-16 08:00:00,1448.297971,1497.7404260279059,LSTM
2024-12-16 09:00:00,1543.521323,1500.709608471128,LSTM
2024-12-16 10:00:00,1402.818462,1497.0336456827856,LSTM
2024-12-16 11:00:00,1399.72320275,1498.697285993671,LSTM
2024-12-16 12:00:00,1636.6261155000002,1498.927422983822,LSTM
2024-12-16 13:00:00,1535.4634565,1496.7234001599738,LSTM
2024-12-16 14:00:00,1349.8665945,1501.2465625899868,LSTM
2024-12-16 15:00:00,1721.10565875,1506.5428520341227,LSTM
2024-12-16 16:00:00,1391.6218835,1504.3919451752695,LSTM
2024-12-16 17:00:00,1487.79251975,1506.3823935325968,LSTM
2024-12-16 18:00:00,1587.849143,1507.6435596905424,LSTM
2024-12-16 19:00:00,1548.60998475,1507.9710437583572,LSTM
2024-12-16 20:00:00,1578.0999485,1510.4399703858078,LSTM
2024-12-16 21:00:00,1454.1672865,1513.6633368651515,LSTM
2024-12-16 22:00:00,1524.97045375,1513.596652185462,LSTM
2024-12-16 23:00:00,1617.648753,1514.4794878109203,LSTM
2024-12-17 00:00:00,1508.550727,1511.6333412575232,LSTM
2024-12-17 01:00:00,1461.82076175,1508.3544444511394,LSTM
2024-12-17 02:00:00,1591.5289385,1508.099680968127,LSTM
2024-12-17 03:00:00,1624.0280382499998,1506.3322713765378,LSTM
2024-12-17 04:00:00,1314.7670675,1505.690533944916,LSTM
2024-12-17 05:00:00,1573.17973625,1504.8507222511037,LSTM
2024-12-17 06:00:00,1495.46300725,1503.184426141969,LSTM
2024-12-17 07:00:00,1629.411916,1501.7268274880234,LSTM
2024-12-17 08:00:00,1261.7905735,1499.6847600701692,LSTM
2024-12-17 09:00:00,1558.51008975,1500.5829027509942,LSTM
2024-12-17 10:00:00,1478.42594325,1498.3529013915395,LSTM
2024-12-17 11:00:00,1424.972951775,1496.3491740429633,LSTM
2024-12-17 12:00:00,1460.0539555,1492.6228718059783,LSTM
2024-12-17 13:00:00,1470.6939470000002,1491.634287122939,LSTM
2024-12-17 14:00:00,1526.72735825,1491.1735785574685,LSTM
2024-12-17 15:00:00,1506.41753025,1490.2927227088874,LSTM
2024-12-17 16:00:00,1639.63906425,1490.6366244386097,LSTM
2024-12-17 17:00:00,1445.65307175,1492.7123963506153,LSTM
2024-12-17 18:00:00,1409.74762875,1494.642485656812,LSTM
2024-12-17 19:00:00,1615.60764475,1497.4562556151825,LSTM
2024-12-17 20:00:00,1574.0187405,1498.113879549062,LSTM
2024-12-17 21:00:00,1500.9720055,1498.7495327883296,LSTM
2024-12-17 22:00:00,1790.0535965,1504.0371788163436,LSTM
2024-12-17 23:00:00,1542.58902925,1508.9138521370187,LSTM
2024-12-18 00:00:00,1425.46323675,1509.5015561460682,LSTM
2024-12-18 01:00:00,1401.60414275,1507.7770256244025,LSTM
2024-12-18 02:00:00,1653.4825345,1503.6799015208908,LSTM
2024-12-18 03:00:00,1436.0674555,1501.8914386922672,LSTM
2024-12-18 04:00:00,1356.12396025,1501.7570553008297,LSTM
2024-12-18 05:00:00,1467.449121,1501.4813834425056,LSTM
2024-12-18 06:00:00,1553.02463825,1499.1507031857648,LSTM
2024-12-18 07:00:00,1431.53555425,1497.9522621537542,LSTM
2024-12-18 08:00:00,1592.12342675,1498.5280875015412,LSTM
2024-12-18 09:00:00,1637.5199279999997,1502.1084898401332,LSTM
2024-12-18 10:00:00,1420.2515115,1501.3932592278547,LSTM
2024-12-18 11:00:00,1487.6874445,1496.1507134828457,LSTM
2024-12-18 12:00:00,1618.94877025,1490.767917446629,LSTM
2024-12-18 13:00:00,1544.474868,1489.6408449566757,LSTM
2024-12-18 14:00:00,1408.3362475,1490.9630944743656,LSTM
2024-12-18 15:00:00,1370.41952525,1489.7539336748741,LSTM
2024-12-18 16:00:00,1636.1874067500003,1489.5266456319364,LSTM
2024-12-18 17:00:00,1529.86105825,1490.0453713173538,LSTM
2024-12-18 18:00:00,1526.50289275,1492.7540440958956,LSTM
2024-12-18 19:00:00,1516.000289,1493.8281937698177,LSTM
2024-12-18 20:00:00,1696.0693525,1495.9459272941695,LSTM
2024-12-18 21:00:00,1340.88862825,1499.5879924393964,LSTM
2024-12-18 22:00:00,1425.766211,1497.8130500382263,LSTM
2024-12-18 23:00:00,1519.06295325,1494.596854214157,LSTM
2024-12-19 00:00:00,1430.08993375,1493.5452063944965,LSTM
2024-12-19 01:00:00,1472.39253575,1497.363833836091,LSTM
2024-12-19 02:00:00,1423.15424575,1497.219213549582,LSTM
2024-12-19 03:00:00,1572.85084375,1496.228938813111,LSTM
2024-12-19 04:00:00,1607.84440275,1494.4940506782712,LSTM
2024-12-19 05:00:00,1567.60930625,1495.092498598422,LSTM
2024-12-19 06:00:00,1485.82776425,1497.738880836197,LSTM
2024-12-19 07:00:00,1513.5138555,1496.6633308322885,LSTM
2024-12-19 08:00:00,1570.63185075,1494.8648484011774,LSTM
2024-12-19 09:00:00,1345.36880075,1498.0211197592841,LSTM
2024-12-19 10:00:00,1417.0956725,1498.6305530267407,LSTM
2024-12-19 11:00:00,1627.816504,1494.9595879678322,LSTM
2024-12-19 12:00:00,1265.60103,1492.5884430032133,LSTM
2024-12-19 13:00:00,1521.4085735,1493.5349453558042,LSTM
2024-12-19 14:00:00,1567.985373,1492.8979159301707,LSTM
2024-12-19 15:00:00,1531.384905,1492.0307736580064,LSTM
2024-12-19 16:00:00,1499.41230075,1489.854177986992,LSTM
2024-12-19 17:00:00,1559.199992,1488.6432788468283,LSTM
2024-12-19 18:00:00,1634.691475,1489.7057912956923,LSTM
2024-12-19 19:00:00,1468.916756,1491.1387876003967,LSTM
2024-12-19 20:00:00,1459.39061775,1492.499497905467,LSTM
2024-12-19 21:00:00,1630.2268635,1494.1210558859038,LSTM
2024-12-19 22:00:00,1581.18299475,1497.9799307427925,LSTM
2024-12-19 23:00:00,1469.043009,1500.226349764155,LSTM
2024-12-20 00:00:00,1534.60950125,1500.2656555782512,LSTM
2024-12-20 01:00:00,1430.521781475,1507.0562902666609,LSTM
2024-12-20 02:00:00,1427.90798775,1508.823120411359,LSTM
2024-12-20 03:00:00,1521.63449125,1507.6231341876396,LSTM
2024-12-20 04:00:00,1490.987384,1505.9482912368646,LSTM
2024-12-20 05:00:00,1381.14464675,1504.6987140167362,LSTM
2024-12-20 06:00:00,1461.90181925,1505.129870790773,LSTM
2024-12-20 07:00:00,1344.32237075,1502.426413034249,LSTM
2024-12-20 08:00:00,1578.09410805,1500.2209415931736,LSTM
2024-12-20 09:00:00,1551.36440825,1495.993514370081,LSTM
2024-12-20 10:00:00,1578.78327475,1495.9596408705863,LSTM
2024-12-20 11:00:00,1430.0680515,1496.339323445819,LSTM
2024-12-20 12:00:00,1409.1922835,1498.6382789852855,LSTM
2024-12-20 13:00:00,1540.3952445,1496.8558037745343,LSTM
2024-12-20 14:00:00,1569.82767025,1493.3520332872577,LSTM
2024-12-20 15:00:00,1449.4707667500002,1492.6051503885662,LSTM
2024-12-20 16:00:00,1566.774046,1493.9307800131194,LSTM
2024-12-20 17:00:00,1479.68598975,1496.809737746711,LSTM
2024-12-20 18:00:00,1403.36627825,1501.783709857809,LSTM
2024-12-20 19:00:00,1516.8439965,1498.6875319710082,LSTM
2024-12-20 20:00:00,1492.40389025,1499.8718248414336,LSTM
2024-12-20 21:00:00,1521.2749085,1499.5126643435854,LSTM
2024-12-20 22:00:00,1387.814771,1502.0000849843025,LSTM
2024-12-20 23:00:00,1530.76349575,1502.8298046447658,LSTM
2024-12-21 00:00:00,1495.7086715,1501.3949009940454,LSTM
2024-12-21 01:00:00,1674.830678,1496.161143526881,LSTM
2024-12-21 02:00:00,1642.95581,1496.9171285704829,LSTM
2024-12-21 03:00:00,1475.458513,1497.780890735784,LSTM
2024-12-21 04:00:00,1487.19737,1496.2686309251346,LSTM
2024-12-21 05:00:00,1485.17771925,1493.0338203696965,LSTM
2024-12-21 06:00:00,1460.6658135,1492.4163472766295,LSTM
2024-12-21 07:00:00,1427.76619125,1490.6391112315162,LSTM
2024-12-21 08:00:00,1293.5874285,1488.416618538022,LSTM
2024-12-21 09:00:00,1452.856764,1483.1546130349284,LSTM
2024-12-21 10:00:00,1615.56213925,1480.1505672037733,LSTM
2024-12-21 11:00:00,1509.597771,1477.3717813514381,LSTM
2024-12-21 12:00:00,1501.02148425,1478.9941843585907,LSTM
2024-12-21 13:00:00,1463.8314985,1478.6193787946895,LSTM
2024-12-21 14:00:00,1567.22974025,1477.9844740076558,LSTM
2024-12-21 15:00:00,1568.4563435,1474.8584546059756,LSTM
2024-12-21 16:00:00,1483.394947,1477.218083063639,LSTM
2024-12-21 17:00:00,1548.90435375,1480.268146635376,LSTM
2024-12-21 18:00:00,1433.9838595,1480.70075202664,LSTM
2024-12-21 19:00:00,1498.65041,1483.230762013835,LSTM
2024-12-21 20:00:00,1381.80060475,1485.1455684082853,LSTM
2024-12-21 21:00:00,1547.24392375,1483.854415873738,LSTM
2024-12-21 22:00:00,1511.992565,1482.489190711643,LSTM
2024-12-21 23:00:00,1368.1095835,1484.6170404129641,LSTM
2024-12-22 00:00:00,1514.5187155,1484.981778087137,LSTM
2024-12-22 01:00:00,1443.81523425,1486.2477971127933,LSTM
2024-12-22 02:00:00,1428.0914094999998,1489.7906319779615,LSTM
2024-12-22 03:00:00,1433.216722,1490.107686001741,LSTM
2024-12-22 04:00:00,1554.49436875,1490.6498551426175,LSTM
2024-12-22 05:00:00,1676.3395795,1490.213748926388,LSTM
2024-12-22 06:00:00,1365.97998375,1490.343472599078,LSTM
2024-12-22 07:00:00,1580.494668,1496.3508158091543,LSTM
2024-12-22 08:00:00,1343.2223395,1493.4799703320343,LSTM
2024-12-22 09:00:00,1501.5120625,1491.0363462188177,LSTM
2024-12-22 10:00:00,1488.66394025,1484.599367282793,LSTM
2024-12-22 11:00:00,1498.28759125,1481.0191580931648,LSTM
2024-12-22 12:00:00,1531.50148825,1479.6818429563127,LSTM
2024-12-22 13:00:00,1338.4817722500002,1478.5112636623041,LSTM
2024-12-22 14:00:00,1448.634107,1480.8045695945848,LSTM
2024-12-22 15:00:00,1307.03798975,1481.002788718498,LSTM
2024-12-22 16:00:00,1657.4557102499998,1480.0748286664145,LSTM
2024-12-22 17:00:00,1655.4063432499997,1478.170838613927,LSTM
2024-12-22 18:00:00,1562.35345825,1482.49703738829,LSTM
2024-12-22 19:00:00,1487.9363825,1487.2227647938976,LSTM
2024-12-22 20:00:00,1438.37614725,1489.3173687298558,LSTM
2024-12-22 21:00:00,1593.80578375,1488.3869943157272,LSTM
2024-12-22 22:00:00,1379.358004,1486.917830867585,LSTM
2024-12-22 23:00:00,1568.27689625,1490.3060741309976,LSTM
2024-12-23 00:00:00,1624.9150105000003,1488.6541434760318,LSTM
2024-12-23 01:00:00,1311.7046995,1494.861081996387,LSTM
2024-12-23 02:00:00,1448.345255,1501.400212590545,LSTM
2024-12-23 03:00:00,1420.5640455,1501.4465200545726,LSTM
2024-12-23 04:00:00,1701.9118932500003,1501.6815340560552,LSTM
2024-12-23 05:00:00,1351.6776538,1503.8963732218658,LSTM
2024-12-23 06:00:00,1479.870416,1506.4163877501935,LSTM
2024-12-23 07:00:00,1594.681173,1504.4803591133657,LSTM
2024-12-23 08:00:00,1576.7327785,1502.2428249443299,LSTM
2024-12-23 09:00:00,1520.55425475,1500.4615086273602,LSTM
2024-12-23 10:00:00,1483.21934325,1498.6338848463631,LSTM
2024-12-23 11:00:00,1426.61298,1496.3161938574256,LSTM
2024-12-23 12:00:00,1582.9005445,1496.3346395834512,LSTM
2024-12-23 13:00:00,1396.3856015,1496.2030568519863,LSTM
2024-12-23 14:00:00,1550.47523625,1496.8737666281506,LSTM
2024-12-23 15:00:00,1537.30996425,1495.7018594350172,LSTM
2024-12-23 16:00:00,1555.32063375,1497.4506060079966,LSTM
2024-12-23 17:00:00,1528.59334775,1495.5837005565238,LSTM
2024-12-23 18:00:00,1390.8173365,1496.7291463416416,LSTM
2024-12-23 19:00:00,1393.49513425,1497.7861057578016,LSTM
2024-12-23 20:00:00,1568.71025175,1496.6416981483633,LSTM
2024-12-23 21:00:00,1298.33048675,1499.091358166693,LSTM
2024-12-23 22:00:00,1471.75099275,1503.7457170302437,LSTM
2024-12-23 23:00:00,1453.25491625,1499.8959684618858,LSTM
2024-12-24 00:00:00,1395.246168,1504.557039251922,LSTM
2024-12-24 01:00:00,1544.95037625,1499.06557278005,LSTM
2024-12-24 02:00:00,1527.025063,1495.803335071778,LSTM
2024-12-24 03:00:00,1522.03714075,1495.916713513422,LSTM
2024-12-24 04:00:00,1514.58863025,1494.3200234620513,LSTM
2024-12-24 05:00:00,1534.8066645,1495.685779783796,LSTM
2024-12-24 06:00:00,1496.9996565,1494.368431421058,LSTM
2024-12-24 07:00:00,1497.77008225,1495.3812804426518,LSTM
2024-12-24 08:00:00,1486.40366575,1500.7623381381957,LSTM
2024-12-24 09:00:00,1596.84240925,1500.2529077466525,LSTM
2024-12-24 10:00:00,1390.20328175,1497.8672283225212,LSTM
2024-12-24 11:00:00,1469.39935375,1498.417896017797,LSTM
2024-12-24 12:00:00,1518.11693975,1496.8551277531615,LSTM
2024-12-24 13:00:00,1507.982146,1495.3398017027148,LSTM
2024-12-24 14:00:00,1419.783666,1493.0053791848038,LSTM
2024-12-24 15:00:00,1686.10868775,1490.9921151061492,LSTM
2024-12-24 16:00:00,1334.50197825,1490.994505324574,LSTM
2024-12-24 17:00:00,1529.800513,1492.8084396727745,LSTM
2024-12-24 18:00:00,1601.644639,1494.6587584569968,LSTM
2024-12-24 19:00:00,1582.87544225,1494.4679755681827,LSTM
2024-12-24 20:00:00,1543.79029,1498.7582244916923,LSTM
2024-12-24 21:00:00,1432.72555175,1501.497849391654,LSTM
2024-12-24 22:00:00,1629.4389275,1502.5767795024258,LSTM
2024-12-24 23:00:00,1478.1514585,1506.2877505404238,LSTM
2024-12-25 00:00:00,1579.3841235,1508.1837973417826,LSTM
2024-12-25 01:00:00,1478.3571244999998,1501.9192038557874,LSTM
2024-12-25 02:00:00,1496.668411,1498.787776283126,LSTM
2024-12-25 03:00:00,1480.400588,1497.1917381095072,LSTM
2024-12-25 04:00:00,1529.1356045,1499.6564637469992,LSTM
2024-12-25 05:00:00,1502.42337625,1495.706977882553,LSTM
2024-12-25 06:00:00,1466.71002325,1493.5185518375172,LSTM
2024-12-25 07:00:00,1515.804007,1496.7469160462945,LSTM
2024-12-25 08:00:00,1487.880284,1493.8932608269365,LSTM
2024-12-25 09:00:00,1632.5690482499997,1492.451234808183,LSTM
2024-12-25 10:00:00,1543.44621,1490.0536525791688,LSTM
2024-12-25 11:00:00,1403.34242025,1490.707365246535,LSTM
2024-12-25 12:00:00,1654.776949,1489.8482386563608,LSTM
2024-12-25 13:00:00,1544.34241875,1489.7407995453482,LSTM
2024-12-25 14:00:00,1524.76707875,1490.1882291195698,LSTM
2024-12-25 15:00:00,1603.2145839999998,1496.1218860000256,LSTM
2024-12-25 16:00:00,1531.99207025,1499.0748922175446,LSTM
2024-12-25 17:00:00,1475.1980815,1501.6946681855811,LSTM
2024-12-25 18:00:00,1500.14605625,1502.8690138843801,LSTM
2024-12-25 19:00:00,1468.72429325,1501.1042118038001,LSTM
2024-12-25 20:00:00,1601.9042925,1499.1143911806046,LSTM
2024-12-25 21:00:00,1550.67852175,1499.0085455485416,LSTM
2024-12-25 22:00:00,1290.5579739999998,1499.752651930881,LSTM
2024-12-25 23:00:00,1546.56076625,1496.709155423907,LSTM
2024-12-26 00:00:00,1660.1530897500002,1495.2024245023413,LSTM
2024-12-26 01:00:00,1698.5575217500002,1502.9909391676642,LSTM
2024-12-26 02:00:00,1427.94260225,1503.9117285644736,LSTM
2024-12-26 03:00:00,1693.27938,1503.7860851636399,LSTM
2024-12-26 04:00:00,1739.0275695000003,1505.5884547176438,LSTM
2024-12-26 05:00:00,1577.125131,1509.4368512432561,LSTM
2024-12-26 06:00:00,1347.897274,1509.349837635146,LSTM
2024-12-26 07:00:00,1294.722573625,1507.4832460507391,LSTM
2024-12-26 08:00:00,1548.81777075,1502.2227374521135,LSTM
2024-12-26 09:00:00,1517.9997375,1501.097644739037,LSTM
2024-12-26 10:00:00,1476.06045225,1498.0544862427491,LSTM
2024-12-26 11:00:00,1634.66766125,1494.5829957760175,LSTM
2024-12-26 12:00:00,1594.81068125,1494.9733256878694,LSTM
2024-12-26 13:00:00,1513.65724,1494.3046681194435,LSTM
2024-12-26 14:00:00,1395.40499925,1494.0013759593219,LSTM
2024-12-26 15:00:00,1390.3350305,1492.6399172020176,LSTM
2024-12-26 16:00:00,1464.480169,1490.1256971425985,LSTM
2024-12-26 17:00:00,1380.63994875,1490.1305500103094,LSTM
2024-12-26 18:00:00,1640.6011775,1490.431596813729,LSTM
2024-12-26 19:00:00,1505.92513,1491.3208546422275,LSTM
2024-12-26 20:00:00,1475.04410975,1493.4308139207935,LSTM
2024-12-26 21:00:00,1710.19160875,1496.2216957269754,LSTM
2024-12-26 22:00:00,1431.92330025,1500.1789316935867,LSTM
2024-12-26 23:00:00,1730.6676985,1501.8039904989892,LSTM
2024-12-27 00:00:00,1585.147261,1504.5937375550097,LSTM
2024-12-27 01:00:00,1429.31375225,1512.1377497760125,LSTM
2024-12-27 02:00:00,1417.9499965,1511.1782822992386,LSTM
2024-12-27 03:00:00,1608.19373525,1509.539171906733,LSTM
2024-12-27 04:00:00,1616.09666325,1507.6448151588058,LSTM
2024-12-27 05:00:00,1511.325559,1508.5758897379278,LSTM
2024-12-27 06:00:00,1478.05052575,1508.0345897673874,LSTM
2024-12-27 07:00:00,1434.32488375,1505.693624328334,LSTM
2024-12-27 08:00:00,1521.824907,1503.2970802749992,LSTM
2024-12-27 09:00:00,1628.98686875,1499.2631158825907,LSTM
2024-12-27 10:00:00,1431.63417,1496.6840943458776,LSTM
2024-12-27 11:00:00,1540.22831425,1495.113165537529,LSTM
2024-12-27 12:00:00,1527.524063,1491.87082217251,LSTM
2024-12-27 13:00:00,1341.01418625,1490.673902188588,LSTM
2024-12-27 14:00:00,1445.847783,1488.1067110258966,LSTM
2024-12-27 15:00:00,1496.19383125,1484.8507023717013,LSTM
2024-12-27 16:00:00,1402.52329475,1485.8155297322157,LSTM
2024-12-27 17:00:00,1635.3983542500002,1487.637455618786,LSTM
2024-12-27 18:00:00,1649.0764285,1490.5334587484172,LSTM
2024-12-27 19:00:00,1615.06612725,1496.4667051873253,LSTM
2024-12-27 20:00:00,1468.52937425,1503.4089618121752,LSTM
2024-12-27 21:00:00,1479.8407645,1508.6208934464507,LSTM
2024-12-27 22:00:00,1645.71318275,1509.2713225814352,LSTM
2024-12-27 23:00:00,1623.09732075,1509.0532091142693,LSTM
2024-12-28 00:00:00,1506.10871075,1509.755257309781,LSTM
2024-12-28 01:00:00,1468.7640765,1506.3616300190079,LSTM
2024-12-28 02:00:00,1452.45725625,1504.5190854805712,LSTM
2024-12-28 03:00:00,1458.46250925,1501.581386318419,LSTM
2024-12-28 04:00:00,1354.50275975,1499.75313480329,LSTM
2024-12-28 05:00:00,1657.56817275,1494.9158880148136,LSTM
2024-12-28 06:00:00,1483.32607925,1489.779550056174,LSTM
2024-12-28 07:00:00,1596.37707825,1493.1006016238675,LSTM
2024-12-28 08:00:00,1391.52237125,1492.7017731576163,LSTM
2024-12-28 09:00:00,1523.678484,1491.673737798758,LSTM
2024-12-28 10:00:00,1322.659187575,1485.6043213404992,LSTM
2024-12-28 11:00:00,1535.92585175,1482.0489559363161,LSTM
2024-12-28 12:00:00,1604.50615175,1478.27349728809,LSTM
2024-12-28 13:00:00,1412.130528,1478.5486138431438,LSTM
2024-12-28 14:00:00,1491.63386675,1479.327994054964,LSTM
2024-12-28 15:00:00,1549.4922445,1478.3007795792012,LSTM
2024-12-28 16:00:00,1491.31248875,1480.2953323520053,LSTM
2024-12-28 17:00:00,1596.561985,1481.6540870238189,LSTM
2024-12-28 18:00:00,1350.68097725,1482.2512553320857,LSTM
2024-12-28 19:00:00,1636.5700337500002,1485.6545642146602,LSTM
2024-12-28 20:00:00,1294.5251805,1489.092591623445,LSTM
2024-12-28 21:00:00,1550.16416875,1494.0634492075046,LSTM
2024-12-28 22:00:00,1371.021067,1492.9307029667448,LSTM
2024-12-28 23:00:00,1516.78682225,1493.4238605581033,LSTM
2024-12-29 00:00:00,1628.3408139999997,1492.0369544248422,LSTM
2024-12-29 01:00:00,1498.10726,1491.599278873283,LSTM
2024-12-29 02:00:00,1570.2437475,1494.31782639259,LSTM
2024-12-29 03:00:00,1423.79545075,1495.8252333355283,LSTM
2024-12-29 04:00:00,1450.5730845,1497.7053694910092,LSTM
2024-12-29 05:00:00,1502.712225,1499.4687229543622,LSTM
2024-12-29 06:00:00,1440.97630075,1497.6167141167084,LSTM
2024-12-29 07:00:00,1638.05868175,1496.3354604665465,LSTM
2024-12-29 08:00:00,1507.9502055,1492.2479213803542,LSTM
2024-12-29 09:00:00,1527.978975,1492.9120640917556,LSTM
2024-12-29 10:00:00,1622.6294600000003,1492.2190456102933,LSTM
2024-12-29 11:00:00,1515.36396175,1490.4963500037818,LSTM
2024-12-29 12:00:00,1199.890673225,1490.119057646974,LSTM
2024-12-29 13:00:00,1501.3930615,1486.9723230189459,LSTM
2024-12-29 14:00:00,1593.54190925,1480.909208045625,LSTM
2024-12-29 15:00:00,1451.24713625,1478.0454366492977,LSTM
2024-12-29 16:00:00,1596.80335025,1475.9275824068438,LSTM
2024-12-29 17:00:00,1614.749619,1479.899545981931,LSTM
2024-12-29 18:00:00,1665.70490425,1484.425653933639,LSTM
2024-12-29 19:00:00,1362.511706175,1488.0520015819518,LSTM
2024-12-29 20:00:00,1529.15740025,1490.5136126924053,LSTM
2024-12-29 21:00:00,1356.765363,1490.018161457104,LSTM
2024-12-29 22:00:00,1436.7691875,1493.079813966658,LSTM
2024-12-29 23:00:00,1395.2792725,1489.8003377133834,LSTM
2024-12-30 00:00:00,1349.588122,1486.5847454798254,LSTM
2024-12-30 01:00:00,1617.0006,1490.5014684513178,LSTM
2024-12-30 02:00:00,1361.994342825,1493.883096362726,LSTM
2024-12-30 03:00:00,1477.958263,1500.463681553201,LSTM
2024-12-30 04:00:00,1451.03750625,1500.5336497652715,LSTM
2024-12-30 05:00:00,1574.8272415,1502.4396437382568,LSTM
2024-12-30 06:00:00,1558.26439525,1500.4664822131733,LSTM
2024-12-30 07:00:00,1540.71523425,1500.2550323852522,LSTM
2024-12-30 08:00:00,1361.57513125,1500.3870497018854,LSTM
2024-12-30 09:00:00,1380.61288525,1499.7397109503188,LSTM
2024-12-30 10:00:00,1515.02568025,1496.5089082358757,LSTM
2024-12-30 11:00:00,1425.42325425,1494.0763177572057,LSTM
2024-12-30 12:00:00,1514.1998765,1493.8341089568285,LSTM
2024-12-30 13:00:00,1456.4897615,1493.7314985699063,LSTM
2024-12-30 14:00:00,1431.7114695,1494.952586317901,LSTM
2024-12-30 15:00:00,1572.47011575,1495.297115781755,LSTM
2024-12-30 16:00:00,1384.3246,1493.4425477203333,LSTM
2024-12-30 17:00:00,1420.99694825,1497.3580876544236,LSTM
2024-12-30 18:00:00,1647.9778527499998,1497.4700174788402,LSTM
2024-12-30 19:00:00,1599.62893375,1500.5220608274544,LSTM
2024-12-30 20:00:00,1526.882904,1504.9722612364606,LSTM
2024-12-30 21:00:00,1648.51062,1506.249217322182,LSTM
2024-12-30 22:00:00,1492.94820475,1510.8454866349243,LSTM
2024-12-30 23:00:00,1333.829302,1509.7222288370021,LSTM
2024-12-31 00:00:00,1206.89247725,1509.2109635303045,LSTM
2024-12-31 01:00:00,1488.96557925,1501.4291849350877,LSTM
2024-12-31 02:00:00,1477.893515,1498.0650128612665,LSTM
2024-12-31 03:00:00,1580.46565675,1501.154333959859,LSTM
2024-12-31 04:00:00,1490.2201747499998,1502.8570386486358,LSTM
2024-12-31 05:00:00,1551.060488,1500.482368715431,LSTM
2024-12-31 06:00:00,1452.3586915,1498.8922698724434,LSTM
2024-12-31 07:00:00,1533.51405125,1501.5698456678429,LSTM
2024-12-31 08:00:00,1517.0581045,1500.8848911556115,LSTM
2024-12-31 09:00:00,1609.95533025,1504.0252035805993,LSTM
2024-12-31 10:00:00,1426.9115455,1503.5921636041671,LSTM
2024-12-31 11:00:00,1633.872632,1503.2315544890916,LSTM
2024-12-31 12:00:00,1715.08469575,1501.0645196917765,LSTM
2024-12-31 13:00:00,1616.34168775,1501.251487888559,LSTM
2024-12-31 14:00:00,1586.321685,1502.8247827717116,LSTM
2024-12-31 15:00:00,1339.07408275,1504.6799785672652,LSTM
2024-12-31 16:00:00,1713.4375180000002,1505.4640667850736,LSTM
2024-12-31 17:00:00,1333.96327325,1506.0116440969314,LSTM
2024-12-31 18:00:00,1434.365828,1507.3212906447452,LSTM
2024-12-31 19:00:00,1275.18279375,1503.342808292136,LSTM
2024-12-31 20:00:00,1596.531692,1499.7336750452057,LSTM
2024-12-31 21:00:00,1521.93743375,1496.6335858918912,LSTM
2024-12-31 22:00:00,1460.591425,1500.3165503301648,LSTM
2024-12-31 23:00:00,1490.86274625,1500.917436755981,LSTM
2025-01-01 00:00:00,1476.949977,1503.4233514099647,LSTM
2025-01-01 01:00:00,1536.8157,1503.5562378969341,LSTM
2025-01-01 02:00:00,1447.41737875,1502.1776371691085,LSTM
2025-01-01 03:00:00,1462.3267085,1502.7584843899497,LSTM
2025-01-01 04:00:00,1390.623608,1499.7403869716914,LSTM
2025-01-01 05:00:00,1488.83143225,1498.051589008295,LSTM
2025-01-01 06:00:00,1526.64309275,1495.3017272132615,LSTM
2025-01-01 07:00:00,1608.871553,1496.906457090243,LSTM
2025-01-01 08:00:00,1549.0160265,1497.0610245483786,LSTM
2025-01-01 09:00:00,1470.18753025,1498.685021034481,LSTM
2025-01-01 10:00:00,1442.61259625,1498.4039892924166,LSTM
2025-01-01 11:00:00,1365.0184795,1497.4217302379357,LSTM
2025-01-01 12:00:00,1536.012557,1495.844693093613,LSTM
2025-01-01 13:00:00,1771.280083,1493.8755152659041,LSTM
2025-01-01 14:00:00,1484.49590725,1497.0027901358476,LSTM
2025-01-01 15:00:00,1399.59386975,1496.2931608435142,LSTM
2025-01-01 16:00:00,1349.7004035,1494.940949092843,LSTM
2025-01-01 17:00:00,1433.87702875,1495.7426621535815,LSTM
2025-01-01 18:00:00,1398.433423,1494.5942467031482,LSTM
2025-01-01 19:00:00,1568.545052,1494.4507128795594,LSTM
2025-01-01 20:00:00,1443.16248575,1495.9696604730739,LSTM
2025-01-01 21:00:00,1485.1434645,1497.049725334007,LSTM
2025-01-01 22:00:00,1437.910627325,1497.5120273784273,LSTM
2025-01-01 23:00:00,1628.38759075,1498.3601444776752,LSTM
2025-01-02 00:00:00,1484.69416625,1499.8191917488475,LSTM
2025-01-02 01:00:00,1550.28938775,1503.6219568318052,LSTM
2025-01-02 02:00:00,1383.78768425,1502.8545759993497,LSTM
2025-01-02 03:00:00,1513.8601595,1501.9954976964166,LSTM
2025-01-02 04:00:00,1540.34153725,1501.53126416236,LSTM
2025-01-02 05:00:00,1605.6239735,1500.4234582815275,LSTM
2025-01-02 06:00:00,1522.64678425,1499.7559837505034,LSTM
2025-01-02 07:00:00,1698.53271,1499.1161295212771,LSTM
2025-01-02 08:00:00,1413.54781825,1497.3863839775936,LSTM
2025-01-02 09:00:00,1524.73595425,1494.9573426111301,LSTM
2025-01-02 10:00:00,1579.91864,1492.4077038605076,LSTM
2025-01-02 11:00:00,1389.3618635,1490.343738178903,LSTM
2025-01-02 12:00:00,1467.4349055,1488.7276849439293,LSTM
2025-01-02 13:00:00,1410.804686,1485.6492284745402,LSTM
2025-01-02 14:00:00,1491.425351,1485.6912866613682,LSTM
2025-01-02 15:00:00,1550.6348785,1483.6845896474765,LSTM
2025-01-02 16:00:00,1472.36808725,1489.272147728749,LSTM
2025-01-02 17:00:00,1403.760163,1494.8458956591223,LSTM
2025-01-02 18:00:00,1321.27532175,1496.89134318384,LSTM
2025-01-02 19:00:00,1366.93364275,1498.8200321600502,LSTM
2025-01-02 20:00:00,1386.693727,1500.843074404988,LSTM
2025-01-02 21:00:00,1364.21545975,1501.717942635697,LSTM
2025-01-02 22:00:00,1742.5455535,1501.4369108936326,LSTM
2025-01-02 23:00:00,1377.18257425,1504.0250104316356,LSTM
2025-01-03 00:00:00,1555.59078825,1505.1507791660847,LSTM
2025-01-03 01:00:00,1271.72247825,1509.4241999861392,LSTM
2025-01-03 02:00:00,1342.428732,1508.4582137318432,LSTM
2025-01-03 03:00:00,1493.273032,1505.4242780985683,LSTM
2025-01-03 04:00:00,1469.00488825,1503.173223502079,LSTM
2025-01-03 05:00:00,1630.0873339999998,1501.5637614754887,LSTM
2025-01-03 06:00:00,1477.902497,1499.0855154105436,LSTM
2025-01-03 07:00:00,1628.8690635,1499.832615601819,LSTM
2025-01-03 08:00:00,1443.05777475,1498.486657048845,LSTM
2025-01-03 09:00:00,1404.1447385,1498.6779228100681,LSTM
2025-01-03 10:00:00,1554.783591,1497.794990610128,LSTM
2025-01-03 11:00:00,1423.91851275,1496.8292457920368,LSTM
2025-01-03 12:00:00,1471.75032075,1498.1838477611325,LSTM
2025-01-03 13:00:00,1430.214564,1499.009414718878,LSTM
2025-01-03 14:00:00,1427.6025305,1499.1716598483174,LSTM
2025-01-03 15:00:00,1576.115253,1497.8448230427416,LSTM
2025-01-03 16:00:00,1610.134353,1497.1002337879931,LSTM
2025-01-03 17:00:00,1527.2041245,1498.1048981222536,LSTM
2025-01-03 18:00:00,1598.45117825,1501.841461397931,LSTM
2025-01-03 19:00:00,1459.14798925,1504.2813191063572,LSTM
2025-01-03 20:00:00,1485.6677585,1507.030408305536,LSTM
2025-01-03 21:00:00,1563.57775375,1507.219114842991,LSTM
2025-01-03 22:00:00,1335.72974975,1507.6580458628137,LSTM
2025-01-03 23:00:00,1458.74680475,1504.2672192320128,LSTM
2025-01-04 00:00:00,1571.0877420000002,1501.6824032263914,LSTM
2025-01-04 01:00:00,1453.7398395,1500.4472156040524,LSTM
2025-01-04 02:00:00,1525.43197925,1499.994571007813,LSTM
2025-01-04 03:00:00,1516.17777525,1495.2191801749352,LSTM
2025-01-04 04:00:00,1400.3896835,1493.785024976449,LSTM
2025-01-04 05:00:00,1520.663406,1491.3409904216846,LSTM
2025-01-04 06:00:00,1482.1505535,1489.6823719838535,LSTM
2025-01-04 07:00:00,1463.932664,1487.0599402175674,LSTM
2025-01-04 08:00:00,1660.50053975,1486.3944454634204,LSTM
2025-01-04 09:00:00,1635.383248,1482.2832214855646,LSTM
2025-01-04 10:00:00,1575.9199865,1483.1505569066924,LSTM
2025-01-04 11:00:00,1432.59743525,1483.7631288448079,LSTM
2025-01-04 12:00:00,1495.8514695,1482.1206866326797,LSTM
2025-01-04 13:00:00,1501.959694,1482.3892119793502,LSTM
2025-01-04 14:00:00,1458.96373575,1481.8386408585561,LSTM
2025-01-04 15:00:00,1605.073684,1480.6472497637178,LSTM
2025-01-04 16:00:00,1667.7564114999998,1482.2982871047268,LSTM
2025-01-04 17:00:00,1385.5243105,1485.0646148489086,LSTM
2025-01-04 18:00:00,1478.58989025,1485.2150778915673,LSTM
2025-01-04 19:00:00,1477.126073,1482.7497245199436,LSTM
2025-01-04 20:00:00,1530.434805,1481.269044564846,LSTM
2025-01-04 21:00:00,1456.62670775,1482.6578339005023,LSTM
2025-01-04 22:00:00,1403.46828725,1484.1055336700622,LSTM
2025-01-04 23:00:00,1641.61058425,1485.0374774195202,LSTM
2025-01-05 00:00:00,1481.58378475,1488.3036746815462,LSTM
2025-01-05 01:00:00,1581.76897775,1490.7555317693373,LSTM
2025-01-05 02:00:00,1503.776284,1493.8993450192906,LSTM
2025-01-05 03:00:00,1583.73275325,1496.1341026719745,LSTM
2025-01-05 04:00:00,1697.28025275,1494.5694270613233,LSTM
2025-01-05 05:00:00,1490.60331,1494.5736521949025,LSTM
2025-01-05 06:00:00,1522.09921375,1493.6183615644668,LSTM
2025-01-05 07:00:00,1502.67391225,1489.6550414055016,LSTM
2025-01-05 08:00:00,1599.7970185,1490.189943316622,LSTM
2025-01-05 09:00:00,1286.196406,1491.2712153585776,LSTM
2025-01-05 10:00:00,1512.663073,1493.4895794929744,LSTM
2025-01-05 11:00:00,1596.388685,1488.6572338594497,LSTM
2025-01-05 12:00:00,1513.46702175,1484.3197358707148,LSTM
2025-01-05 13:00:00,1567.521716,1482.5195392425514,LSTM
2025-01-05 14:00:00,1510.660015,1478.2624877971637,LSTM
2025-01-05 15:00:00,1538.90401075,1477.217020744339,LSTM
2025-01-05 16:00:00,1539.7200665,1478.5431090976806,LSTM
2025-01-05 17:00:00,1558.55465525,1476.6777246942963,LSTM
2025-01-05 18:00:00,1539.081715,1482.0572854853722,LSTM
2025-01-05 19:00:00,1384.226897,1484.082259219946,LSTM
2025-01-05 20:00:00,1450.491466,1485.1192277183718,LSTM
2025-01-05 21:00:00,1692.96466475,1484.0095386351438,LSTM
2025-01-05 22:00:00,1515.6865145,1485.8083832205618,LSTM
2025-01-05 23:00:00,1475.760546,1489.7495395359517,LSTM
2025-01-06 00:00:00,1658.462373,1490.5947594007455,LSTM
2025-01-06 01:00:00,1424.66096525,1493.2343814247938,LSTM
2025-01-06 02:00:00,1483.11417575,1499.7185611388024,LSTM
2025-01-06 03:00:00,1715.67098825,1504.6260900064158,LSTM
2025-01-06 04:00:00,1476.8008455,1502.9605664931353,LSTM
2025-01-06 05:00:00,1782.4760325,1507.3703021942633,LSTM
2025-01-06 06:00:00,1465.88485825,1503.3911921075223,LSTM
2025-01-06 07:00:00,1341.84567875,1504.4366108731062,LSTM
2025-01-06 08:00:00,1538.6622475,1504.8385538663958,LSTM
2025-01-06 09:00:00,1480.00589525,1503.532383999927,LSTM
2025-01-06 10:00:00,1619.24682125,1502.1853631276533,LSTM
2025-01-06 11:00:00,1660.4851200000003,1500.8126534432183,LSTM
2025-01-06 12:00:00,1537.33124725,1499.2796301189799,LSTM
2025-01-06 13:00:00,1438.3605645,1499.6561740235538,LSTM
2025-01-06 14:00:00,1553.49041925,1501.361196499894,LSTM
2025-01-06 15:00:00,1363.314242,1498.5932752767624,LSTM
2025-01-06 16:00:00,1471.4213945,1501.813165074761,LSTM
2025-01-06 17:00:00,1586.2909365,1500.57894319724,LSTM
2025-01-06 18:00:00,1576.964814,1498.225616224515,LSTM
2025-01-06 19:00:00,1401.06235575,1502.7597881454542,LSTM
2025-01-06 20:00:00,1499.20888075,1505.0325237131094,LSTM
2025-01-06 21:00:00,1462.91357525,1506.348882187409,LSTM
2025-01-06 22:00:00,1569.94920125,1504.234287333716,LSTM
2025-01-06 23:00:00,1372.190496,1506.717120686547,LSTM
2025-01-07 00:00:00,1553.95554025,1510.3759415043683,LSTM
2025-01-07 01:00:00,1706.2543335000003,1504.5496995913047,LSTM
2025-01-07 02:00:00,1510.94244725,1504.272820551958,LSTM
2025-01-07 03:00:00,1481.73135,1505.7916474273702,LSTM
2025-01-07 04:00:00,1352.004767,1504.3246810486894,LSTM
2025-01-07 05:00:00,1341.65080975,1505.946552896192,LSTM
2025-01-07 06:00:00,1597.96853875,1503.092197511841,LSTM
2025-01-07 07:00:00,1537.27863575,1501.5020986688537,LSTM
2025-01-07 08:00:00,1650.28461775,1501.7242199770146,LSTM
2025-01-07 09:00:00,1453.66737325,1502.1335992054037,LSTM
2025-01-07 10:00:00,1596.52160275,1503.1601859470347,LSTM
2025-01-07 11:00:00,1455.69520275,1500.221231316619,LSTM
2025-01-07 12:00:00,1382.43131475,1499.2396482835109,LSTM
2025-01-07 13:00:00,1454.205942,1498.6807717572815,LSTM
2025-01-07 14:00:00,1410.6121375,1491.7548603634777,LSTM
2025-01-07 15:00:00,1452.239273,1490.0933929784333,LSTM
2025-01-07 16:00:00,1512.81819475,1487.7724667443551,LSTM
2025-01-07 17:00:00,1572.376431,1486.1085367100245,LSTM
2025-01-07 18:00:00,1563.49900375,1488.159899421753,LSTM
2025-01-07 19:00:00,1651.6675105,1492.674635728228,LSTM
2025-01-07 20:00:00,1480.313767,1494.7608618278894,LSTM
2025-01-07 21:00:00,1426.603801,1494.1714436217878,LSTM
2025-01-07 22:00:00,1497.812122,1497.491939886211,LSTM
2025-01-07 23:00:00,1637.59347625,1500.3524760373978,LSTM
2025-01-08 00:00:00,1443.46547575,1504.8613937313437,LSTM
2025-01-08 01:00:00,1756.646562,1505.9493535561646,LSTM
2025-01-08 02:00:00,1482.7383935,1503.2691219625156,LSTM
2025-01-08 03:00:00,1412.58324525,1501.9561918823204,LSTM
2025-01-08 04:00:00,1441.580171,1500.7382910922252,LSTM
2025-01-08 05:00:00,1531.734558,1498.3894065456634,LSTM
2025-01-08 06:00:00,1668.744473,1496.9891731339126,LSTM
2025-01-08 07:00:00,1358.79479525,1498.9346660699578,LSTM
2025-01-08 08:00:00,1500.2650515,1499.4952809368597,LSTM
2025-01-08 09:00:00,1515.0914555,1496.1949445955142,LSTM
2025-01-08 10:00:00,1358.73964875,1495.4516349526498,LSTM
2025-01-08 11:00:00,1311.48349525,1492.1085644031036,LSTM
2025-01-08 12:00:00,1814.22445,1486.395869937027,LSTM
2025-01-08 13:00:00,1485.4678495,1488.0970052904747,LSTM
2025-01-08 14:00:00,1505.319299,1490.3037321998136,LSTM
2025-01-08 15:00:00,1412.2133445,1491.5478771053404,LSTM
2025-01-08 16:00:00,1380.60686695,1489.5449464962392,LSTM
2025-01-08 17:00:00,1580.81977125,1487.9408443533894,LSTM
2025-01-08 18:00:00,1449.407677,1488.743474871705,LSTM
2025-01-08 19:00:00,1492.96260875,1489.8534536783784,LSTM
2025-01-08 20:00:00,1374.7120695,1491.020508003801,LSTM
2025-01-08 21:00:00,1602.0322875,1493.2275004929647,LSTM
2025-01-08 22:00:00,1392.75550175,1494.7789453996081,LSTM
2025-01-08 23:00:00,1565.2769305,1494.9527311796237,LSTM
2025-01-09 00:00:00,1655.08114525,1496.4768455079152,LSTM
2025-01-09 01:00:00,1517.011481,1503.2095355072393,LSTM
2025-01-09 02:00:00,1456.1736125,1503.7602997769968,LSTM
2025-01-09 03:00:00,1391.02522825,1501.676029310592,LSTM
2025-01-09 04:00:00,1374.110691,1499.7403386844505,LSTM
2025-01-09 05:00:00,1692.268816,1499.3402788935562,LSTM
2025-01-09 06:00:00,1600.3565825,1498.5714494438735,LSTM
2025-01-09 07:00:00,1462.81135,1499.9109375065664,LSTM
2025-01-09 08:00:00,1433.734981,1503.0419787813005,LSTM
2025-01-09 09:00:00,1347.7875125,1501.5949067458723,LSTM
2025-01-09 10:00:00,1523.23143075,1497.3206167554815,LSTM
2025-01-09 11:00:00,1699.7891840000002,1494.5008833228592,LSTM
2025-01-09 12:00:00,1322.172283,1495.1012868762666,LSTM
2025-01-09 13:00:00,1488.96840625,1492.2436721031547,LSTM
2025-01-09 14:00:00,1538.2861905,1489.7121169242507,LSTM
2025-01-09 15:00:00,1705.682021,1490.5928279111092,LSTM
2025-01-09 16:00:00,1557.8518955,1491.8554909735228,LSTM
2025-01-09 17:00:00,1679.04068925,1492.4416497908635,LSTM
2025-01-09 18:00:00,1434.146447,1492.9266709821293,LSTM
2025-01-09 19:00:00,1473.90189075,1495.920021189424,LSTM
2025-01-09 20:00:00,1320.79796875,1494.274633455601,LSTM
2025-01-09 21:00:00,1312.43143575,1491.6326212131278,LSTM
2025-01-09 22:00:00,1665.3026185,1489.2955187533466,LSTM
2025-01-09 23:00:00,1434.359162,1492.9855572724125,LSTM
2025-01-10 00:00:00,1464.34132575,1499.0567845022053,LSTM
2025-01-10 01:00:00,1417.0708205,1503.8462510658069,LSTM
2025-01-10 02:00:00,1513.55028675,1502.6882264544336,LSTM
2025-01-10 03:00:00,1541.98263,1506.0042078618321,LSTM
2025-01-10 04:00:00,1585.69218375,1507.2882621719664,LSTM
2025-01-10 05:00:00,1344.23068175,1507.2169902043913,LSTM
2025-01-10 06:00:00,1495.774098,1506.5231025525927,LSTM
2025-01-10 07:00:00,1389.3138485,1503.7320034538268,LSTM
2025-01-10 08:00:00,1529.8577095,1504.385619546711,LSTM
2025-01-10 09:00:00,1539.19625475,1499.9359502973548,LSTM
2025-01-10 10:00:00,1341.70254975,1501.1850446450742,LSTM
2025-01-10 11:00:00,1374.12771575,1499.8997348666765,LSTM
2025-01-10 12:00:00,1661.2385974999997,1494.1527564595576,LSTM
2025-01-10 13:00:00,1697.9909627499999,1491.159454539504,LSTM
2025-01-10 14:00:00,1435.3803475,1495.1735970195211,LSTM
2025-01-10 15:00:00,1462.877253,1496.290746481469,LSTM
2025-01-10 16:00:00,1540.720851,1498.3769967247508,LSTM
2025-01-10 17:00:00,1648.06028675,1497.8083178886177,LSTM
2025-01-10 18:00:00,1514.4155705,1496.8112829384202,LSTM
2025-01-10 19:00:00,1515.8815545,1502.158129123783,LSTM
2025-01-10 20:00:00,1523.20997225,1501.8832781485544,LSTM
2025-01-10 21:00:00,1388.917073,1500.6657636563866,LSTM
2025-01-10 22:00:00,1422.13586175,1499.2944060146967,LSTM
2025-01-10 23:00:00,1527.0093925,1498.4081902823752,LSTM
2025-01-11 00:00:00,1478.05679025,1496.093444815133,LSTM
2025-01-11 01:00:00,1564.15926425,1489.4291054053092,LSTM
2025-01-11 02:00:00,1527.12141425,1486.6440904988972,LSTM
2025-01-11 03:00:00,1554.56047875,1487.3889936207115,LSTM
2025-01-11 04:00:00,1358.979264,1486.4542974985218,LSTM
2025-01-11 05:00:00,1705.91489425,1484.0559668172737,LSTM
2025-01-11 06:00:00,1568.1401255,1481.9749557396299,LSTM
2025-01-11 07:00:00,1697.368097,1486.2734134940931,LSTM
2025-01-11 08:00:00,1662.1257559999997,1486.562460918148,LSTM
2025-01-11 09:00:00,1576.859257,1486.643124754079,LSTM
2025-01-11 10:00:00,1548.261558,1488.1474896008406,LSTM
2025-01-11 11:00:00,1502.09281425,1487.7392451226128,LSTM
2025-01-11 12:00:00,1571.4064985,1487.6420429066718,LSTM
2025-01-11 13:00:00,1542.71000775,1484.1372101000954,LSTM
2025-01-11 14:00:00,1437.50485175,1483.275500142533,LSTM
2025-01-11 15:00:00,1358.756737,1485.7323308161372,LSTM
2025-01-11 16:00:00,1473.98377525,1483.5827760000293,LSTM
2025-01-11 17:00:00,1542.814726,1481.161050150563,LSTM
2025-01-11 18:00:00,1540.4477815,1481.7640853585995,LSTM
2025-01-11 19:00:00,1433.9940837499998,1483.688187046924,LSTM
2025-01-11 20:00:00,1602.656831,1488.0605725672121,LSTM
2025-01-11 21:00:00,1576.98460975,1492.0494125329956,LSTM
2025-01-11 22:00:00,1436.97901555,1493.320815586013,LSTM
2025-01-11 23:00:00,1712.9012312499997,1496.2212128545664,LSTM
2025-01-12 00:00:00,1408.01705925,1497.2766753662584,LSTM
2025-01-12 01:00:00,1423.09373375,1496.1274390327296,LSTM
2025-01-12 02:00:00,1326.46772025,1492.2416440390366,LSTM
2025-01-12 03:00:00,1538.55289975,1490.330290182311,LSTM
2025-01-12 04:00:00,1409.192364,1488.385062826091,LSTM
2025-01-12 05:00:00,1464.95850875,1493.0787999345991,LSTM
2025-01-12 06:00:00,1488.763293,1491.3211926529139,LSTM
2025-01-12 07:00:00,1599.27532,1490.6351758213825,LSTM
2025-01-12 08:00:00,1615.37409625,1489.6993208054112,LSTM
2025-01-12 09:00:00,1435.5994207499998,1490.076347582394,LSTM
2025-01-12 10:00:00,1525.2679535,1488.100385397338,LSTM
2025-01-12 11:00:00,1573.53080375,1488.0746000106951,LSTM
2025-01-12 12:00:00,1505.89432,1488.1032584881718,LSTM
2025-01-12 13:00:00,1502.99844425,1486.6950335380516,LSTM
2025-01-12 14:00:00,1442.45100625,1484.7737325096996,LSTM
2025-01-12 15:00:00,1485.570505,1486.208491298697,LSTM
2025-01-12 16:00:00,1485.4188835,1484.5745476409681,LSTM
2025-01-12 17:00:00,1520.098359,1481.1429665788442,LSTM
2025-01-12 18:00:00,1425.65012925,1481.2986446435204,LSTM
2025-01-12 19:00:00,1420.22524255,1483.9772103273583,LSTM
2025-01-12 20:00:00,1475.540701,1483.7314041275336,LSTM
2025-01-12 21:00:00,1484.98838225,1485.6384121325777,LSTM
2025-01-12 22:00:00,1589.9752775,1486.7861515616385,LSTM
2025-01-12 23:00:00,1583.88376,1490.8167117035632,LSTM
2025-01-13 00:00:00,1426.70017675,1492.9903135656416,LSTM
2025-01-13 01:00:00,1352.341268,1496.7745363480917,LSTM
2025-01-13 02:00:00,1659.576078,1497.3772094018218,LSTM
2025-01-13 03:00:00,1429.87997975,1495.4786758075563,LSTM
2025-01-13 04:00:00,1579.6209210000002,1496.5514010078718,LSTM
2025-01-13 05:00:00,1638.7491904999997,1496.6199688899562,LSTM
2025-01-13 06:00:00,1540.79888725,1496.3066812709674,LSTM
2025-01-13 07:00:00,1305.6247955,1496.3556445332447,LSTM
2025-01-13 08:00:00,1563.17300425,1500.9398420357609,LSTM
2025-01-13 09:00:00,1413.429963,1496.9962230710846,LSTM
2025-01-13 10:00:00,1522.20050525,1496.786656445559,LSTM
2025-01-13 11:00:00,1617.13686675,1492.7231161180962,LSTM
2025-01-13 12:00:00,1536.11330825,1495.7468148562994,LSTM
2025-01-13 13:00:00,1388.45397975,1496.9804331433088,LSTM
2025-01-13 14:00:00,1513.39095025,1496.2380168144011,LSTM
2025-01-13 15:00:00,1464.29891925,1496.28920128976,LSTM
2025-01-13 16:00:00,1706.40917725,1496.2707555637344,LSTM
2025-01-13 17:00:00,1659.26030825,1498.3186174504972,LSTM
2025-01-13 18:00:00,1378.737798,1501.348110657609,LSTM
2025-01-13 19:00:00,1413.43166475,1502.2970998031064,LSTM
2025-01-13 20:00:00,1561.7988877500002,1502.1788926373722,LSTM
2025-01-13 21:00:00,1528.78929175,1500.971132167867,LSTM
2025-01-13 22:00:00,1656.0917447499999,1503.1848124398962,LSTM
2025-01-13 23:00:00,1620.46926025,1497.7477656885235,LSTM
2025-01-14 00:00:00,1327.17674375,1503.4258623464918,LSTM
2025-01-14 01:00:00,1263.237566,1502.3797675595351,LSTM
2025-01-14 02:00:00,1410.941211,1499.1037679876056,LSTM
2025-01-14 03:00:00,1507.643123,1495.14631472841,LSTM
2025-01-14 04:00:00,1283.65447975,1494.9903469402884,LSTM
2025-01-14 05:00:00,1363.4690725,1496.7457088652718,LSTM
2025-01-14 06:00:00,1510.31716225,1493.8232926148657,LSTM
2025-01-14 07:00:00,1561.511292,1490.313534509717,LSTM
2025-01-14 08:00:00,1515.29657775,1490.757656407937,LSTM
2025-01-14 09:00:00,1685.2982415000001,1490.0036752848325,LSTM
2025-01-14 10:00:00,1525.0896945,1493.364756975236,LSTM
2025-01-14 11:00:00,1504.89875075,1495.2762074064435,LSTM
2025-01-14 12:00:00,1472.36123425,1495.7945950811745,LSTM
2025-01-14 13:00:00,1496.72656875,1494.2579743574888,LSTM
2025-01-14 14:00:00,1388.890066,1493.0092663076966,LSTM
2025-01-14 15:00:00,1475.31344875,1491.6020795332556,LSTM
2025-01-14 16:00:00,1686.784185,1487.147195261882,LSTM
2025-01-14 17:00:00,1523.179263,1487.0569464086311,LSTM
2025-01-14 18:00:00,1666.9533750000003,1488.9878565979232,LSTM
2025-01-14 19:00:00,1380.7830105,1493.6863982869013,LSTM
2025-01-14 20:00:00,1524.17607075,1499.9432899579724,LSTM
2025-01-14 21:00:00,1495.401559,1498.5313227466818,LSTM
2025-01-14 22:00:00,1478.9131415,1498.5117664141155,LSTM
2025-01-14 23:00:00,1652.40380925,1499.8599461801712,LSTM
2025-01-15 00:00:00,1352.49313675,1503.7974809524933,LSTM
2025-01-15 01:00:00,1436.4413155,1504.0376616887527,LSTM
2025-01-15 02:00:00,1556.53816225,1497.6470867912374,LSTM
2025-01-15 03:00:00,1485.7945905,1494.055361094653,LSTM
2025-01-15 04:00:00,1569.361222,1498.2632802724206,LSTM
2025-01-15 05:00:00,1544.9667015,1497.6658705279492,LSTM
2025-01-15 06:00:00,1508.3095745,1497.931112342238,LSTM
2025-01-15 07:00:00,1468.66473875,1495.1483427925282,LSTM
2025-01-15 08:00:00,1467.903733,1492.4345998536912,LSTM
2025-01-15 09:00:00,1305.76350175,1492.336262887589,LSTM
2025-01-15 10:00:00,1647.011563,1489.1022249280056,LSTM
2025-01-15 11:00:00,1379.4982485,1491.3107626088783,LSTM
2025-01-15 12:00:00,1523.19416275,1488.9387243303026,LSTM
2025-01-15 13:00:00,1455.89004575,1488.5223193083623,LSTM
2025-01-15 14:00:00,1574.4859865,1488.5579070049089,LSTM
2025-01-15 15:00:00,1478.88350825,1490.0462163440695,LSTM
2025-01-15 16:00:00,1457.64380875,1490.7231551743107,LSTM
2025-01-15 17:00:00,1408.72565975,1492.8862787051128,LSTM
2025-01-15 18:00:00,1451.13981525,1494.8396183178047,LSTM
2025-01-15 19:00:00,1453.195723,1496.8611153710337,LSTM
2025-01-15 20:00:00,1377.3970785,1497.961581591249,LSTM
2025-01-15 21:00:00,1563.8677885,1496.4270130753016,LSTM
2025-01-15 22:00:00,1456.33781275,1496.914038187065,LSTM
2025-01-15 23:00:00,1654.5644747500003,1497.5928602197016,LSTM
2025-01-16 00:00:00,1569.8384715,1496.6326684343142,LSTM
2025-01-16 01:00:00,1523.172161,1498.3254742387057,LSTM
2025-01-16 02:00:00,1569.03225875,1496.5405846659091,LSTM
2025-01-16 03:00:00,1420.7258485,1496.5539119443988,LSTM
2025-01-16 04:00:00,1252.7806255,1494.607477407156,LSTM
2025-01-16 05:00:00,1369.3968465,1491.4403655634662,LSTM
2025-01-16 06:00:00,1530.12237725,1490.5024100525154,LSTM
2025-01-16 07:00:00,1248.5269505,1493.4585549406931,LSTM
2025-01-16 08:00:00,1445.54274825,1495.857778935898,LSTM
2025-01-16 09:00:00,1411.358406,1495.185861978711,LSTM
2025-01-16 10:00:00,1511.003862,1492.719470431408,LSTM
2025-01-16 11:00:00,1400.72427475,1490.8923536664404,LSTM
2025-01-16 12:00:00,1387.798825,1489.5063649907563,LSTM
2025-01-16 13:00:00,1486.87434225,1489.5600604026422,LSTM
2025-01-16 14:00:00,1402.03941,1488.9744810321927,LSTM
2025-01-16 15:00:00,1562.818891,1490.5846190801556,LSTM
2025-01-16 16:00:00,1604.415611,1490.6907061484228,LSTM
2025-01-16 17:00:00,1526.55094625,1492.0332363072926,LSTM
2025-01-16 18:00:00,1572.1225115,1490.238254701147,LSTM
2025-01-16 19:00:00,1658.8641720000003,1490.7791442301395,LSTM
2025-01-16 20:00:00,1312.3105335,1494.27511632801,LSTM
2025-01-16 21:00:00,1312.2273025,1495.1199498948763,LSTM
2025-01-16 22:00:00,1444.9373255,1494.2385145994042,LSTM
2025-01-16 23:00:00,1486.85300675,1494.5373643333626,LSTM
2025-01-17 00:00:00,1573.5448377500002,1495.8049526943485,LSTM
2025-01-17 01:00:00,1507.04280175,1506.8861260297133,LSTM
2025-01-17 02:00:00,1616.41138325,1511.8120040488702,LSTM
2025-01-17 03:00:00,1576.26573325,1513.8591899142602,LSTM
2025-01-17 04:00:00,1579.1580775,1514.1675522346768,LSTM
2025-01-17 05:00:00,1500.54694825,1512.8355969815652,LSTM
2025-01-17 06:00:00,1467.4693045,1510.97817997293,LSTM
2025-01-17 07:00:00,1445.8478192500002,1508.7500135286296,LSTM
2025-01-17 08:00:00,1346.93959125,1506.2353588840424,LSTM
2025-01-17 09:00:00,1289.40670525,1501.5620714220572,LSTM
2025-01-17 10:00:00,1486.53039775,1500.4348540703809,LSTM
2025-01-17 11:00:00,1545.9037065,1499.700598285186,LSTM
2025-01-17 12:00:00,1607.0403615,1496.348304872627,LSTM
2025-01-17 13:00:00,1437.1978245,1493.5712090737236,LSTM
2025-01-17 14:00:00,1493.08117675,1492.3433852556227,LSTM
2025-01-17 15:00:00,1470.63433675,1490.0659175383585,LSTM
2025-01-17 16:00:00,1549.322465,1491.4837275057985,LSTM
2025-01-17 17:00:00,1452.471051,1493.4353529214386,LSTM
2025-01-17 18:00:00,1538.74330525,1493.8640470461894,LSTM
2025-01-17 19:00:00,1491.8211295,1497.507584952264,LSTM
2025-01-17 20:00:00,1547.84676625,1500.4304116442177,LSTM
2025-01-17 21:00:00,1541.0547455,1501.5351271416323,LSTM
2025-01-17 22:00:00,1761.531742,1502.899531420632,LSTM
2025-01-17 23:00:00,1684.1925705,1503.638809078881,LSTM
2025-01-18 00:00:00,1564.47376825,1505.0750647723464,LSTM
2025-01-18 01:00:00,1421.46175425,1501.7829372619547,LSTM
2025-01-18 02:00:00,1369.49136125,1501.1029563355364,LSTM
2025-01-18 03:00:00,1516.02211375,1499.2863903327066,LSTM
2025-01-18 04:00:00,1502.3114595,1493.5185518375172,LSTM
2025-01-18 05:00:00,1411.774764,1494.5191600435417,LSTM
2025-01-18 06:00:00,1415.27954325,1494.0100193754438,LSTM
2025-01-18 07:00:00,1376.2342235,1491.2050376949178,LSTM
2025-01-18 08:00:00,1472.40888175,1484.4078600853657,LSTM
2025-01-18 09:00:00,1422.55699975,1480.8233774749172,LSTM
2025-01-18 10:00:00,1631.9835245,1478.1543243775375,LSTM
2025-01-18 11:00:00,1459.1858705,1475.505189767031,LSTM
2025-01-18 12:00:00,1656.00570375,1476.5510431177831,LSTM
2025-01-18 13:00:00,1563.02290225,1479.4581281692017,LSTM
2025-01-18 14:00:00,1422.38434375,1482.7193759890351,LSTM
2025-01-18 15:00:00,1505.10027625,1481.2615358988853,LSTM
2025-01-18 16:00:00,1619.0961695,1478.2166632055453,LSTM
2025-01-18 17:00:00,1549.8732585,1479.5885761505056,LSTM
2025-01-18 18:00:00,1483.26904225,1480.9877230993359,LSTM
2025-01-18 19:00:00,1488.48741325,1482.1779070131518,LSTM
2025-01-18 20:00:00,1370.08285875,1483.820735523207,LSTM
2025-01-18 21:00:00,1559.00151525,1485.4483535523773,LSTM
2025-01-18 22:00:00,1680.2503624999997,1484.9462145342106,LSTM
2025-01-18 23:00:00,1504.566994,1488.5946053079963,LSTM
2025-01-19 00:00:00,1251.660687,1492.0169393634872,LSTM
2025-01-19 01:00:00,1573.16070575,1489.1990649896397,LSTM
2025-01-19 02:00:00,1469.04057375,1490.7038644215693,LSTM
2025-01-19 03:00:00,1617.67434575,1496.047596079894,LSTM
2025-01-19 04:00:00,1561.6498845,1493.4056079810414,LSTM
2025-01-19 05:00:00,1493.70585125,1490.9164972868925,LSTM
2025-01-19 06:00:00,1507.860916,1490.1938545831351,LSTM
2025-01-19 07:00:00,1561.678488,1488.5147382115401,LSTM
2025-01-19 08:00:00,1497.773332,1487.6248526489098,LSTM
2025-01-19 09:00:00,1638.140004,1487.1353648878603,LSTM
2025-01-19 10:00:00,1415.523203925,1484.2766877954484,LSTM
2025-01-19 11:00:00,1409.04514275,1485.3674241366211,LSTM
2025-01-19 12:00:00,1528.1497775,1483.5689175618895,LSTM
2025-01-19 13:00:00,1449.78005875,1480.3396117519146,LSTM
2025-01-19 14:00:00,1617.52510775,1478.725369288475,LSTM
2025-01-19 15:00:00,1469.04326425,1477.1219431669979,LSTM
2025-01-19 16:00:00,1610.53279075,1479.033441885446,LSTM
2025-01-19 17:00:00,1698.32476375,1481.309509272724,LSTM
2025-01-19 18:00:00,1637.698616,1484.5426056311098,LSTM
2025-01-19 19:00:00,1563.4182087499998,1487.2786572752445,LSTM
2025-01-19 20:00:00,1249.7283385,1493.1920576581408,LSTM
2025-01-19 21:00:00,1555.51287725,1496.2515372418543,LSTM
2025-01-19 22:00:00,1538.450371,1494.0556025308576,LSTM
2025-01-19 23:00:00,1526.0254455,1494.35092729623,LSTM
2025-01-20 00:00:00,1538.98269,1494.4188915878033,LSTM
2025-01-20 01:00:00,1552.05136825,1499.777954445115,LSTM
2025-01-20 02:00:00,1529.3597405,1502.836275135047,LSTM
2025-01-20 03:00:00,1482.441816,1503.1478244133632,LSTM
2025-01-20 04:00:00,1569.6872455,1504.1712241970947,LSTM
2025-01-20 05:00:00,1465.544252,1504.899250928213,LSTM
2025-01-20 06:00:00,1409.368365925,1507.4160302113999,LSTM
2025-01-20 07:00:00,1479.5170715,1500.6785597752262,LSTM
2025-01-20 08:00:00,1360.479624,1496.159646622413,LSTM
2025-01-20 09:00:00,1475.27887475,1495.185958553193,LSTM
2025-01-20 10:00:00,1461.75801575,1490.7468642095948,LSTM
2025-01-20 11:00:00,1354.5260385,1487.4563784653938,LSTM
2025-01-20 12:00:00,1538.725908,1484.5232183038866,LSTM
2025-01-20 13:00:00,1564.17576075,1485.7999329534034,LSTM
2025-01-20 14:00:00,1404.97846375,1488.233996192921,LSTM
2025-01-20 15:00:00,1495.908225,1490.1419457991628,LSTM
2025-01-20 16:00:00,1623.88530525,1490.6057206044306,LSTM
2025-01-20 17:00:00,1572.819697,1495.0556795772322,LSTM
2025-01-20 18:00:00,1363.97253525,1498.1567586189851,LSTM
2025-01-20 19:00:00,1439.750004,1500.7547087541327,LSTM
2025-01-20 20:00:00,1540.1679705,1500.7426369439065,LSTM
2025-01-20 21:00:00,1364.43618275,1500.2690356851147,LSTM
2025-01-20 22:00:00,1545.764684,1498.4774341858324,LSTM
2025-01-20 23:00:00,1487.63290925,1501.5114663935892,LSTM
2025-01-21 00:00:00,1465.219004,1503.4406382422085,LSTM
2025-01-21 01:00:00,1570.484104,1495.796285134606,LSTM
2025-01-21 02:00:00,1328.249871,1495.1545718466048,LSTM
2025-01-21 03:00:00,1464.45613575,1494.6611969626624,LSTM
2025-01-21 04:00:00,1388.0098045,1495.0019841653464,LSTM
2025-01-21 05:00:00,1488.808998,1495.2611900745221,LSTM
2025-01-21 06:00:00,1452.160542,1495.1072503505184,LSTM
2025-01-21 07:00:00,1489.62992975,1497.2816006648306,LSTM
2025-01-21 08:00:00,1688.0077537499997,1495.8590826914026,LSTM
2025-01-21 09:00:00,1477.47735775,1494.566481539628,LSTM
2025-01-21 10:00:00,1459.7410495,1497.7083632999452,LSTM
2025-01-21 11:00:00,1640.901587,1496.5351764949278,LSTM
2025-01-21 12:00:00,1458.91490225,1495.9351350958273,LSTM
2025-01-21 13:00:00,1453.796713,1497.817782187835,LSTM
2025-01-21 14:00:00,1402.9835155,1496.0575191079,LSTM
2025-01-21 15:00:00,1528.52841775,1496.3888178677462,LSTM
2025-01-21 16:00:00,1511.831252,1495.0826480012774,LSTM
2025-01-21 17:00:00,1504.829011,1499.632320126547,LSTM
2025-01-21 18:00:00,1504.0851642500002,1501.6480227108673,LSTM
2025-01-21 19:00:00,1584.2841905,1508.3445938539949,LSTM
2025-01-21 20:00:00,1507.64329775,1510.2401577829446,LSTM
2025-01-21 21:00:00,1443.70834425,1511.332849757374,LSTM
2025-01-21 22:00:00,1518.5067415,1512.5610840170227,LSTM
2025-01-21 23:00:00,1388.98283375,1516.173693945298,LSTM
2025-01-22 00:00:00,1446.2923425,1516.9083360284203,LSTM
2025-01-22 01:00:00,1284.0357577250002,1510.8326422288437,LSTM
2025-01-22 02:00:00,1530.5847845,1504.996839442081,LSTM
2025-01-22 03:00:00,1645.5120730000003,1501.9599582871108,LSTM
2025-01-22 04:00:00,1517.71915625,1500.565809067714,LSTM
2025-01-22 05:00:00,1392.0538355,1498.4913891984538,LSTM
2025-01-22 06:00:00,1518.594249,1495.697151429029,LSTM
2025-01-22 07:00:00,1366.26484025,1493.928413938315,LSTM
2025-01-22 08:00:00,1474.91027225,1493.205046925944,LSTM
2025-01-22 09:00:00,1586.25389725,1492.3916724965272,LSTM
2025-01-22 10:00:00,1638.80780175,1490.7077756880826,LSTM
2025-01-22 11:00:00,1650.6680952500003,1492.9798352343653,LSTM
2025-01-22 12:00:00,1419.59242675,1495.7679405241952,LSTM
2025-01-22 13:00:00,1541.5591015,1500.0211289903104,LSTM
2025-01-22 14:00:00,1634.07452725,1498.65826990302,LSTM
2025-01-22 15:00:00,1330.93239225,1499.8688310324976,LSTM
2025-01-22 16:00:00,1342.302799,1497.5934879538333,LSTM
2025-01-22 17:00:00,1549.109936,1493.9222814587201,LSTM
2025-01-22 18:00:00,1610.92563525,1493.1734187831516,LSTM
2025-01-22 19:00:00,1529.94475425,1495.195205559826,LSTM
2025-01-22 20:00:00,1587.9525825,1495.7008695465786,LSTM
2025-01-22 21:00:00,1743.339802,1497.2350517645987,LSTM
2025-01-22 22:00:00,1331.08899375,1503.1268677508106,LSTM
2025-01-22 23:00:00,1473.0496175,1504.5463194844413,LSTM
2025-01-23 00:00:00,1447.15792975,1503.9309468863535,LSTM
2025-01-23 01:00:00,1568.16738525,1506.586696848864,LSTM
2025-01-23 02:00:00,1454.61771925,1504.0408969338932,LSTM
2025-01-23 03:00:00,1575.0585795,1503.102917279322,LSTM
2025-01-23 04:00:00,1313.7688455,1498.9600651586736,LSTM
2025-01-23 05:00:00,1492.987647,1499.3597869388816,LSTM
2025-01-23 06:00:00,1572.68133075,1499.0692908975996,LSTM
2025-01-23 07:00:00,1607.35265875,1499.5242532814025,LSTM
2025-01-23 08:00:00,1455.7014545,1499.2739322245532,LSTM
2025-01-23 09:00:00,1577.76013825,1500.5796192186128,LSTM
2025-01-23 10:00:00,1538.5238175,1501.5582567300257,LSTM
2025-01-23 11:00:00,1477.08450575,1498.5734775079916,LSTM
2025-01-23 12:00:00,1472.529629,1497.1439337410118,LSTM
2025-01-23 13:00:00,1397.71705825,1492.9480622298502,LSTM
2025-01-23 14:00:00,1538.8348015,1490.3951882340868,LSTM
2025-01-23 15:00:00,1465.7796555,1490.8155769534021,LSTM
2025-01-23 16:00:00,1518.8203155,1494.0420096725431,LSTM
2025-01-23 17:00:00,1440.92236925,1497.2735849828405,LSTM
2025-01-23 18:00:00,1526.512785,1496.4949049360134,LSTM
2025-01-23 19:00:00,1525.332418,1498.0578180623716,LSTM
2025-01-23 20:00:00,1757.8100985,1503.8032754214018,LSTM
2025-01-23 21:00:00,1434.1619135,1508.6461959606847,LSTM
2025-01-23 22:00:00,1726.249055,1510.8212947272311,LSTM
2025-01-23 23:00:00,1541.28879525,1510.398395071389,LSTM
2025-01-24 00:00:00,1596.89753,1508.6386631511036,LSTM
2025-01-24 01:00:00,1610.69842075,1513.6056818995112,LSTM
2025-01-24 02:00:00,1602.44224175,1513.8859410457214,LSTM
2025-01-24 03:00:00,1554.07971425,1513.7546963249429,LSTM
2025-01-24 04:00:00,1610.327032,1514.7399491883596,LSTM
2025-01-24 05:00:00,1574.1581475,1512.8108739142222,LSTM
2025-01-24 06:00:00,1520.96044075,1510.3804805050133,LSTM
2025-01-24 07:00:00,1547.38301325,1507.8633632111398,LSTM
2025-01-24 08:00:00,1488.0870625,1506.469793438634,LSTM
2025-01-24 09:00:00,1415.263229,1506.3125701822487,LSTM
2025-01-24 10:00:00,1405.16010275,1507.016791303601,LSTM
2025-01-24 11:00:00,1458.05269175,1504.2162279056176,LSTM
2025-01-24 12:00:00,1597.867195,1500.4146700036827,LSTM
2025-01-24 13:00:00,1446.693731,1495.2934459514463,LSTM
2025-01-24 14:00:00,1542.73700975,1495.4685596305867,LSTM
2025-01-24 15:00:00,1449.43276525,1495.9192968808104,LSTM
2025-01-24 16:00:00,1471.997905,1498.165933194757,LSTM
2025-01-24 17:00:00,1332.7622085,1497.85969551294,LSTM
2025-01-24 18:00:00,1471.13887375,1499.1236623308582,LSTM
2025-01-24 19:00:00,1392.2228005,1497.4387273467341,LSTM
2025-01-24 20:00:00,1518.63930525,1498.424945954969,LSTM
2025-01-24 21:00:00,1525.67165775,1501.210926606199,LSTM
2025-01-24 22:00:00,1535.19089675,1497.4704037767676,LSTM
2025-01-24 23:00:00,1481.43911525,1497.2663418967047,LSTM
2025-01-25 00:00:00,1368.88346825,1497.0983022983569,LSTM
2025-01-25 01:00:00,1605.41029725,1494.2176303677131,LSTM
2025-01-25 02:00:00,1575.18767675,1493.8898324328322,LSTM
2025-01-25 03:00:00,1474.9964215,1495.419572224689,LSTM
2025-01-25 04:00:00,1253.90093375,1497.4497368376603,LSTM
2025-01-25 05:00:00,1312.52712225,1496.1967795106686,LSTM
2025-01-25 06:00:00,1488.9343565,1492.6392170370245,LSTM
2025-01-25 07:00:00,1451.2290515,1483.8408471590437,LSTM
2025-01-25 08:00:00,1359.92890575,1479.8082589530009,LSTM
2025-01-25 09:00:00,1549.68737725,1479.8149708794865,LSTM
2025-01-25 10:00:00,1599.161049,1477.9430435549596,LSTM
2025-01-25 11:00:00,1368.9095415,1478.4244432031576,LSTM
2025-01-25 12:00:00,1393.87119525,1480.9763273104825,LSTM
2025-01-25 13:00:00,1415.61462025,1481.2610288828557,LSTM
2025-01-25 14:00:00,1346.95216675,1480.2935457240917,LSTM
2025-01-25 15:00:00,1512.6741069999998,1479.985762850566,LSTM
2025-01-25 16:00:00,1373.760395,1479.4998966325843,LSTM
2025-01-25 17:00:00,1649.6292635,1481.0234073703643,LSTM
2025-01-25 18:00:00,1515.05940875,1482.6768349297981,LSTM
2025-01-25 19:00:00,1589.29149125,1488.0631559346007,LSTM
2025-01-25 20:00:00,1476.48474275,1487.882851377063,LSTM
2025-01-25 21:00:00,1576.55554225,1485.3095760220176,LSTM
2025-01-25 22:00:00,1587.16339525,1485.381186000279,LSTM
2025-01-25 23:00:00,1486.86396425,1487.792747385535,LSTM
2025-01-26 00:00:00,1449.9563294,1490.1853801723564,LSTM
2025-01-26 01:00:00,1483.2266025,1493.6923376175328,LSTM
2025-01-26 02:00:00,1518.3878032500002,1495.2502047272164,LSTM
2025-01-26 03:00:00,1519.4088565,1495.2709199535643,LSTM
2025-01-26 04:00:00,1470.276723,1493.1170675730161,LSTM
2025-01-26 05:00:00,1487.427638,1493.7678830059278,LSTM
2025-01-26 06:00:00,1607.47397375,1494.8467889730791,LSTM
2025-01-26 07:00:00,1552.103201,1493.8205160985137,LSTM
2025-01-26 08:00:00,1657.08547225,1490.4540020935085,LSTM
2025-01-26 09:00:00,1410.65183375,1489.5335024201447,LSTM
2025-01-26 10:00:00,1595.9580835,1491.4999520187425,LSTM
2025-01-26 11:00:00,1509.28516,1487.7308431426954,LSTM
2025-01-26 12:00:00,1394.1495289,1488.4805025577389,LSTM
2025-01-26 13:00:00,1381.5768605,1488.1119260479143,LSTM
2025-01-26 14:00:00,1569.25211925,1484.5560053404608,LSTM
2025-01-26 15:00:00,1360.8952235,1484.2835445836567,LSTM
2025-01-26 16:00:00,1664.597563,1486.134611820113,LSTM
2025-01-26 17:00:00,1503.981948,1485.6298652909375,LSTM
2025-01-26 18:00:00,1554.340391,1488.0188282474503,LSTM
2025-01-26 19:00:00,1682.6478535,1492.0416865744508,LSTM
2025-01-26 20:00:00,1346.36100075,1496.0725847270621,LSTM
2025-01-26 21:00:00,1467.81329065,1499.2955649084784,LSTM
2025-01-26 22:00:00,1536.11358075,1498.4039892924166,LSTM
2025-01-26 23:00:00,1467.754807,1496.79206461654,LSTM
2025-01-27 00:00:00,1492.17468475,1493.4852094976725,LSTM
2025-01-27 01:00:00,1389.254699,1496.8055367567524,LSTM
2025-01-27 02:00:00,1403.649707,1497.059286207706,LSTM
2025-01-27 03:00:00,1580.7317015,1498.9378047406165,LSTM
2025-01-27 04:00:00,1490.0498775,1498.0571903282398,LSTM
2025-01-27 05:00:00,1514.9207905,1501.7076091661436,LSTM
2025-01-27 06:00:00,1561.35985125,1502.6768306655802,LSTM
2025-01-27 07:00:00,1646.5974225,1504.2925217462468,LSTM
2025-01-27 08:00:00,1391.65217975,1502.57967673688,LSTM
2025-01-27 09:00:00,1230.831039,1502.2911121852344,LSTM
2025-01-27 10:00:00,1403.8380365,1503.8939588598207,LSTM
2025-01-27 11:00:00,1433.22980225,1497.3167537762092,LSTM
2025-01-27 12:00:00,1551.64774825,1491.0826778264657,LSTM
2025-01-27 13:00:00,1581.953416,1490.310637275263,LSTM
2025-01-27 14:00:00,1501.78324975,1493.5188898482033,LSTM
2025-01-27 15:00:00,1583.2974495,1496.6893093678952,LSTM
2025-01-27 16:00:00,1543.08186175,1498.8767213808721,LSTM
2025-01-27 17:00:00,1578.3417685,1498.5499133344301,LSTM
2025-01-27 18:00:00,1356.5775055,1500.7229357496176,LSTM
2025-01-27 19:00:00,1433.06354925,1502.7190337141305,LSTM
2025-01-27 20:00:00,1309.662592,1502.2442735615568,LSTM
2025-01-27 21:00:00,1344.0594982500002,1499.9431933834906,LSTM
2025-01-27 22:00:00,1521.41042775,1501.0614775955994,LSTM
2025-01-27 23:00:00,1434.063116,1502.1792789352994,LSTM
2025-01-28 00:00:00,1574.1067815,1500.724770664772,LSTM
2025-01-28 01:00:00,1271.79635175,1493.370261720699,LSTM
2025-01-28 02:00:00,1594.8704337499998,1496.1131460094218,LSTM
2025-01-28 03:00:00,1360.98980575,1492.1854376906238,LSTM
2025-01-28 04:00:00,1630.0957495,1493.6909372875464,LSTM
2025-01-28 05:00:00,1522.28823675,1493.5313479563567,LSTM
2025-01-28 06:00:00,1444.04233575,1497.0462003654209,LSTM
2025-01-28 07:00:00,1662.9380407500003,1499.1201856495131,LSTM
2025-01-28 08:00:00,1492.016638,1496.7211789468922,LSTM
2025-01-28 09:00:00,1621.1981775,1499.497212426496,LSTM
2025-01-28 10:00:00,1506.23335275,1497.6187904680673,LSTM
2025-01-28 11:00:00,1626.82719125,1497.115975428528,LSTM
2025-01-28 12:00:00,1426.78352825,1500.2770513671048,LSTM
2025-01-28 13:00:00,1488.7322235,1502.3109099540052,LSTM
2025-01-28 14:00:00,1554.639752,1498.2365774282002,LSTM
2025-01-28 15:00:00,1550.42159125,1497.623474330435,LSTM
2025-01-28 16:00:00,1687.518323,1499.039256233757,LSTM
2025-01-28 17:00:00,1334.73472575,1498.6898497585717,LSTM
2025-01-28 18:00:00,1537.693396,1501.4757338353197,LSTM
2025-01-28 19:00:00,1493.5012275,1501.4032063994812,LSTM
2025-01-28 20:00:00,1734.76158375,1506.7367735935954,LSTM
2025-01-28 21:00:00,1431.3036435,1506.3658792962074,LSTM
2025-01-28 22:00:00,1570.8417365,1508.2654993533931,LSTM
2025-01-28 23:00:00,1371.49744225,1510.1750665822053,LSTM
2025-01-29 00:00:00,1422.832004,1511.922871553987,LSTM
2025-01-29 01:00:00,1539.93739425,1508.1335786112418,LSTM
2025-01-29 02:00:00,1595.5646769999998,1504.3854263977473,LSTM
2025-01-29 03:00:00,1535.6851895,1505.1183301401968,LSTM
2025-01-29 04:00:00,1609.92096025,1503.8515626623064,LSTM
2025-01-29 05:00:00,1495.9267485,1502.0475513421118,LSTM
2025-01-29 06:00:00,1671.32394375,1502.0450886928256,LSTM
2025-01-29 07:00:00,1542.15609875,1501.8770490944776,LSTM
2025-01-29 08:00:00,1361.68864875,1499.6603750135125,LSTM
2025-01-29 09:00:00,1432.73417275,1498.1809022394373,LSTM
2025-01-29 10:00:00,1550.54498875,1495.7906596710407,LSTM
2025-01-29 11:00:00,1633.83576675,1490.398447622848,LSTM
2025-01-29 12:00:00,1485.364268,1490.5087598246944,LSTM
2025-01-29 13:00:00,1507.998645,1493.5290784560343,LSTM
2025-01-29 14:00:00,1581.4056225,1495.3939316997687,LSTM
2025-01-29 15:00:00,1602.26404975,1496.486502956096,LSTM
2025-01-29 16:00:00,1528.812342,1496.0349689663974,LSTM
2025-01-29 17:00:00,1553.424441,1499.3587246195816,LSTM
2025-01-29 18:00:00,1577.86081225,1502.0867605817261,LSTM
2025-01-29 19:00:00,1675.96119675,1506.4063440040854,LSTM
2025-01-29 20:00:00,1231.373834,1511.3549170264675,LSTM
2025-01-29 21:00:00,1709.45148375,1509.1952218897698,LSTM
2025-01-29 22:00:00,1451.2545225,1506.2844670080422,LSTM
2025-01-29 23:00:00,1489.71986825,1506.273457517116,LSTM
2025-01-30 00:00:00,1656.42720375,1506.1167171331397,LSTM
2025-01-30 01:00:00,1785.15112225,1510.7114412541732,LSTM
2025-01-30 02:00:00,1378.20805825,1511.3277795970791,LSTM
2025-01-30 03:00:00,1637.01058525,1507.4282468833487,LSTM
2025-01-30 04:00:00,1503.0047555,1505.2802855461907,LSTM
2025-01-30 05:00:00,1542.5742934999998,1508.139517941873,LSTM
2025-01-30 06:00:00,1367.17372925,1509.572538390198,LSTM
2025-01-30 07:00:00,1418.12815025,1507.8274857911479,LSTM
2025-01-30 08:00:00,1410.39134675,1502.4894761708704,LSTM
2025-01-30 09:00:00,1382.735422775,1498.880294636699,LSTM
2025-01-30 10:00:00,1640.5077547500002,1494.3219066644465,LSTM
2025-01-30 11:00:00,1626.532012,1491.4472706389156,LSTM
2025-01-30 12:00:00,1427.1401970000002,1491.2435467695393,LSTM
2025-01-30 13:00:00,1415.91541325,1490.4345181918036,LSTM
2025-01-30 14:00:00,1398.014581,1486.3350763007284,LSTM
2025-01-30 15:00:00,1429.3099775,1483.7108337629081,LSTM
2025-01-30 16:00:00,1556.9710725,1481.1438357491804,LSTM
2025-01-30 17:00:00,1487.91855125,1485.6026312870674,LSTM
2025-01-30 18:00:00,1534.27905575,1492.8532985195748,LSTM
2025-01-30 19:00:00,1534.0303315,1496.409533094094,LSTM
2025-01-30 20:00:00,1361.0935065,1498.4834700909455,LSTM
2025-01-30 21:00:00,1561.58069,1497.7461239223326,LSTM
2025-01-30 22:00:00,1530.48084975,1497.8511969585409,LSTM
2025-01-30 23:00:00,1263.07931105,1499.5168170463032,LSTM
2025-01-31 00:00:00,1454.49151925,1497.0673018896962,LSTM
2025-01-31 01:00:00,1567.59445725,1500.0768524663144,LSTM
2025-01-31 02:00:00,1670.6012314999998,1502.6428364479832,LSTM
2025-01-31 03:00:00,1574.38922525,1503.1239705163564,LSTM
2025-01-31 04:00:00,1603.6913855,1504.362248522113,LSTM
2025-01-31 05:00:00,1464.89415375,1502.823044431039,LSTM
2025-01-31 06:00:00,1406.7570855,1501.5579670065802,LSTM
2025-01-31 07:00:00,1422.4318755,1501.7631394931839,LSTM
2025-01-31 08:00:00,1530.68427175,1500.413028237492,LSTM
2025-01-31 09:00:00,1395.957861,1498.6244688343868,LSTM
2025-01-31 10:00:00,1655.1886535000003,1498.8350977792124,LSTM
2025-01-31 11:00:00,1674.58752025,1494.245492105715,LSTM
2025-01-31 12:00:00,1359.8457435,1494.0271130587241,LSTM
2025-01-31 13:00:00,1460.326761,1493.988893707548,LSTM
2025-01-31 14:00:00,1500.062405,1492.1967369049955,LSTM
2025-01-31 15:00:00,1478.5784135,1492.4061586687985,LSTM
2025-01-31 16:00:00,1526.367088925,1494.1686188181948,LSTM
2025-01-31 17:00:00,1455.19086525,1495.0240514344398,LSTM
2025-01-31 18:00:00,1557.525612,1494.3346303524247,LSTM
2025-01-31 19:00:00,1535.5392355,1493.8944197207184,LSTM
2025-01-31 20:00:00,1594.97704775,1493.3800157433618,LSTM
2025-01-31 21:00:00,1538.2093125,1496.6921100278678,LSTM
2025-01-31 22:00:00,1574.110768,1502.2009116192246,LSTM
2025-01-31 23:00:00,1490.637047,1505.0676285372472,LSTM
2025-02-01 00:00:00,1326.64553,1506.8150472111017,LSTM
2025-02-01 01:00:00,1365.93483875,1501.1013145693457,LSTM
2025-02-01 02:00:00,1508.8810075,1500.4262589414998,LSTM
2025-02-01 03:00:00,1541.10166075,1494.1537222043758,LSTM
2025-02-01 04:00:00,1484.862621,1491.0526190190026,LSTM
2025-02-01 05:00:00,1444.4121115,1491.67117857499,LSTM
2025-02-01 06:00:00,1539.79682,1488.7625483318625,LSTM
2025-02-01 07:00:00,1597.22185125,1487.3266789363242,LSTM
2025-02-01 08:00:00,1483.5790785,1485.5784635229948,LSTM
2025-02-01 09:00:00,1566.89209975,1484.2486811957237,LSTM
2025-02-01 10:00:00,1542.83786625,1481.94347245856,LSTM
2025-02-01 11:00:00,1528.656322,1482.3107452128802,LSTM
2025-02-01 12:00:00,1639.23109625,1479.9059440413507,LSTM
2025-02-01 13:00:00,1584.84910025,1478.5640174729924,LSTM
2025-02-01 14:00:00,1561.50048775,1478.2101202844028,LSTM
2025-02-01 15:00:00,1653.9582637500002,1478.8460873907363,LSTM
2025-02-01 16:00:00,1492.632331,1480.8868510530863,LSTM
2025-02-01 17:00:00,1390.98461,1484.6071656721992,LSTM
2025-02-01 18:00:00,1460.74442125,1485.932819440373,LSTM
2025-02-01 19:00:00,1527.63800975,1486.1894178385396,LSTM
2025-02-01 20:00:00,1484.96025775,1487.99425004183,LSTM
2025-02-01 21:00:00,1586.4955515,1491.555120191476,LSTM
2025-02-01 22:00:00,1513.16250325,1492.6415589682083,LSTM
2025-02-01 23:00:00,1492.1932995,1491.2265255171203,LSTM
2025-02-02 00:00:00,1592.165663,1491.6058217944258,LSTM
2025-02-02 01:00:00,1696.567991,1489.5248590040228,LSTM
2025-02-02 02:00:00,1423.952286,1489.9701397960243,LSTM
2025-02-02 03:00:00,1429.3096605,1492.137464316785,LSTM
2025-02-02 04:00:00,1633.157199,1490.796624211347,LSTM
2025-02-02 05:00:00,1481.57469625,1489.966011236927,LSTM
2025-02-02 06:00:00,1492.037625,1490.2996760715776,LSTM
2025-02-02 07:00:00,1519.4667505,1489.8140271461798,LSTM
2025-02-02 08:00:00,1592.22197275,1492.1051842962404,LSTM
2025-02-02 09:00:00,1511.32465475,1488.8707117514887,LSTM
2025-02-02 10:00:00,1380.99809025,1487.767010286133,LSTM
2025-02-02 11:00:00,1604.369069,1491.7749237120736,LSTM
2025-02-02 12:00:00,1599.0514735,1487.6466543381782,LSTM
2025-02-02 13:00:00,1406.2161135,1485.215488333115,LSTM
2025-02-02 14:00:00,1469.50255275,1488.306378767037,LSTM
2025-02-02 15:00:00,1548.765367,1489.561750456074,LSTM
2025-02-02 16:00:00,1612.023164,1487.4508012890694,LSTM
2025-02-02 17:00:00,1546.6005625,1487.795089316719,LSTM
2025-02-02 18:00:00,1659.3763402500003,1488.7352660407514,LSTM
2025-02-02 19:00:00,1550.5619755,1492.3931694009952,LSTM
2025-02-02 20:00:00,1523.667413,1493.8858004482167,LSTM
2025-02-02 21:00:00,1435.54000625,1495.3049866020226,LSTM
2025-02-02 22:00:00,1589.46995875,1496.19204736106,LSTM
2025-02-02 23:00:00,1348.274939,1493.4286168513324,LSTM
2025-02-03 00:00:00,1527.3702095,1496.5405846659091,LSTM
2025-02-03 01:00:00,1436.400386975,1497.4508474442011,LSTM
2025-02-03 02:00:00,1484.77310075,1501.9530049244206,LSTM
2025-02-03 03:00:00,1492.4505515,1502.0575950882198,LSTM
2025-02-03 04:00:00,1681.3931967499998,1504.6858696106556,LSTM
2025-02-03 05:00:00,1610.26339275,1502.5745582893442,LSTM
2025-02-03 06:00:00,1373.05278825,1503.941859802798,LSTM
2025-02-03 07:00:00,1420.21434475,1504.9967911548401,LSTM
2025-02-03 08:00:00,1566.4087045,1499.9298661050009,LSTM
2025-02-03 09:00:00,1692.36839975,1505.7263630776672,LSTM
2025-02-03 10:00:00,1353.29798425,1503.1219424522383,LSTM
2025-02-03 11:00:00,1442.0296724999998,1503.4160117493473,LSTM
2025-02-03 12:00:00,1533.70515725,1502.9838892304922,LSTM
2025-02-03 13:00:00,1536.02389975,1502.876256970516,LSTM
2025-02-03 14:00:00,1585.61335675,1501.9731889911186,LSTM
2025-02-03 15:00:00,1685.7485375,1502.2824204818714,LSTM
2025-02-03 16:00:00,1344.563494,1498.070807330175,LSTM
2025-02-03 17:00:00,1487.9656925,1498.1565654700214,LSTM
2025-02-03 18:00:00,1513.230503,1495.714607266616,LSTM
2025-02-03 19:00:00,1462.094957,1497.1057385334561,LSTM
2025-02-03 20:00:00,1580.632197,1498.762473768892,LSTM
2025-02-03 21:00:00,1465.0517885,1499.286631768911,LSTM
2025-02-03 22:00:00,1509.06219275,1501.7225299235831,LSTM
2025-02-03 23:00:00,1669.64132825,1504.3717128213304,LSTM
2025-02-04 00:00:00,1390.2129452499998,1506.902447117139,LSTM
2025-02-04 01:00:00,1463.009272,1502.8639920113262,LSTM
2025-02-04 02:00:00,1694.90288775,1497.3403179497707,LSTM
2025-02-04 03:00:00,1442.2825465,1497.898711603591,LSTM
2025-02-04 04:00:00,1439.11085425,1498.9055488636923,LSTM
2025-02-04 05:00:00,1559.22603175,1495.5332403897785,LSTM
2025-02-04 06:00:00,1520.580305,1499.4627353364901,LSTM
2025-02-04 07:00:00,1481.373215,1496.7566217817161,LSTM
2025-02-04 08:00:00,1521.00693675,1495.536741214744,LSTM
2025-02-04 09:00:00,1536.08493975,1495.8940426538175,LSTM
2025-02-04 10:00:00,1475.292424,1498.3319447289869,LSTM
2025-02-04 11:00:00,1308.25573425,1495.5514929668404,LSTM
2025-02-04 12:00:00,1428.09718075,1492.7600800010086,LSTM
2025-02-04 13:00:00,1549.6483205,1488.0906796619163,LSTM
2025-02-04 14:00:00,1465.0136445,1487.6353309801862,LSTM
2025-02-04 15:00:00,1594.351212,1488.5341255387634,LSTM
2025-02-04 16:00:00,1427.31504225,1492.285005981369,LSTM
2025-02-04 17:00:00,1381.371186,1495.7513055697036,LSTM
2025-02-04 18:00:00,1620.9237492499997,1498.2692678902927,LSTM
2025-02-04 19:00:00,1540.232547,1499.3143969324312,LSTM
2025-02-04 20:00:00,1642.257928,1500.6100401803826,LSTM
2025-02-04 21:00:00,1523.61608125,1503.9024574142197,LSTM
2025-02-04 22:00:00,1508.6107,1506.5540063867716,LSTM
2025-02-04 23:00:00,1321.5735705,1505.6132743594687,LSTM
2025-02-05 00:00:00,1472.40268775,1504.3523496377277,LSTM
2025-02-05 01:00:00,1571.48637575,1503.3369172487455,LSTM
2025-02-05 02:00:00,1505.7425305000002,1501.272251402148,LSTM
2025-02-05 03:00:00,1454.24107725,1499.0774031540716,LSTM
2025-02-05 04:00:00,1419.27374325,1496.6444988083358,LSTM
2025-02-05 05:00:00,1325.92904175,1494.5465871963754,LSTM
2025-02-05 06:00:00,1710.428763,1493.7340577936743,LSTM
2025-02-05 07:00:00,1631.2826420000001,1490.3247612932275,LSTM
2025-02-05 08:00:00,1429.107342,1494.213043079827,LSTM
2025-02-05 09:00:00,1354.34054425,1494.6849059979465,LSTM
2025-02-05 10:00:00,1566.74829875,1489.7728139860678,LSTM
2025-02-05 11:00:00,1426.43460775,1488.2857601151707,LSTM
2025-02-05 12:00:00,1595.067146,1487.9970507018022,LSTM
2025-02-05 13:00:00,1507.0795495,1488.2508484399966,LSTM
2025-02-05 14:00:00,1493.01314,1484.9813193583484,LSTM
2025-02-05 15:00:00,1460.614427,1484.509359865747,LSTM
2025-02-05 16:00:00,1653.57866975,1485.854304386662,LSTM
2025-02-05 17:00:00,1429.88879425,1487.2132763510597,LSTM
2025-02-05 18:00:00,1626.84770575,1489.0720695460607,LSTM
2025-02-05 19:00:00,1641.707437,1490.2778985259297,LSTM
2025-02-05 20:00:00,1571.91340825,1493.4895553493539,LSTM
2025-02-05 21:00:00,1553.28837675,1495.3530565503431,LSTM
2025-02-05 22:00:00,1448.5414345,1495.9531462366847,LSTM
2025-02-05 23:00:00,1446.41482525,1500.0730860615238,LSTM
2025-02-06 00:00:00,1627.99804675,1500.9952757883193,LSTM
2025-02-06 01:00:00,1533.38858475,1503.8656625366505,LSTM
2025-02-06 02:00:00,1467.603366,1503.2512556833808,LSTM
2025-02-06 03:00:00,1405.081751,1499.4974055754597,LSTM
2025-02-06 04:00:00,1617.39064175,1494.6370774858306,LSTM
2025-02-06 05:00:00,1655.5284645,1494.8757371740014,LSTM
2025-02-06 06:00:00,1542.779437,1496.8660889568469,LSTM
2025-02-06 07:00:00,1434.19965075,1496.7023952101804,LSTM
2025-02-06 08:00:00,1387.85733375,1500.5035185269471,LSTM
2025-02-06 09:00:00,1487.57494,1501.0567454459908,LSTM
2025-02-06 10:00:00,1633.5430124999998,1499.126801001517,LSTM
2025-02-06 11:00:00,1340.06976125,1501.2017037431863,LSTM
2025-02-06 12:00:00,1350.42275085,1500.0004620512034,LSTM
2025-02-06 13:00:00,1451.653783,1494.9509928389512,LSTM
2025-02-06 14:00:00,1702.6784385,1490.8988241567215,LSTM
2025-02-06 15:00:00,1469.9838065,1490.93344610845,LSTM
2025-02-06 16:00:00,1640.3891624999999,1493.8499713154656,LSTM
2025-02-06 17:00:00,1315.737435,1494.9875462803159,LSTM
2025-02-06 18:00:00,1406.90457275,1500.85224898076,LSTM
2025-02-06 19:00:00,1498.69940425,1499.195706894288,LSTM
2025-02-06 20:00:00,1494.497613,1497.4837310552573,LSTM
2025-02-06 21:00:00,1567.52770075,1499.3311043177841,LSTM
2025-02-06 22:00:00,1331.88003775,1499.9693650680608,LSTM
2025-02-06 23:00:00,1344.49883775,1498.9675013937729,LSTM
2025-02-07 00:00:00,1577.6926065,1496.6918685916633,LSTM
2025-02-07 01:00:00,1636.3920215,1502.1246660658362,LSTM
2025-02-07 02:00:00,1604.65475425,1505.652628460806,LSTM
2025-02-07 03:00:00,1485.43225375,1509.4963411240506,LSTM
2025-02-07 04:00:00,1488.81898725,1510.4204623404823,LSTM
2025-02-07 05:00:00,1538.58569475,1510.1017665505121,LSTM
2025-02-07 06:00:00,1412.49015975,1509.355535529573,LSTM
2025-02-07 07:00:00,1409.726370175,1506.6174558213202,LSTM
2025-02-07 08:00:00,1484.262287,1504.4649071962763,LSTM
2025-02-07 09:00:00,1534.29294275,1502.3618047059185,LSTM
2025-02-07 10:00:00,1672.0292325,1498.8493908025202,LSTM
2025-02-07 11:00:00,1509.625564,1496.4119474561394,LSTM
2025-02-07 12:00:00,1608.8740785,1497.7899687370739,LSTM
2025-02-07 13:00:00,1559.32741225,1494.2672455077425,LSTM
2025-02-07 14:00:00,1390.45816125,1493.5345832014975,LSTM
2025-02-07 15:00:00,1559.02635975,1492.7408133918877,LSTM
2025-02-07 16:00:00,1625.5789927500002,1491.0177073438285,LSTM
2025-02-07 17:00:00,1491.5715325,1491.6773351982054,LSTM
2025-02-07 18:00:00,1574.61035475,1493.2814131974349,LSTM
2025-02-07 19:00:00,1613.7610155,1492.6615498859428,LSTM
2025-02-07 20:00:00,1432.77307575,1498.5827486582452,LSTM
2025-02-07 21:00:00,1432.6950095,1501.555649219017,LSTM
2025-02-07 22:00:00,1501.2536475,1500.6632527198594,LSTM
2025-02-07 23:00:00,1530.7657235,1502.3667300044908,LSTM
2025-02-08 00:00:00,1558.17586025,1503.866386845264,LSTM
2025-02-08 01:00:00,1475.4554785,1499.552308168368,LSTM
2025-02-08 02:00:00,1371.76555925,1496.4690229748885,LSTM
2025-02-08 03:00:00,1392.74530575,1494.1635728015203,LSTM
2025-02-08 04:00:00,1409.442533,1490.7780094799782,LSTM
2025-02-08 05:00:00,1405.953133,1487.086401625583,LSTM
2025-02-08 06:00:00,1403.21397675,1485.990474406013,LSTM
2025-02-08 07:00:00,1534.07117325,1487.0128118704445,LSTM
2025-02-08 08:00:00,1472.1256095,1484.8421072428205,LSTM
2025-02-08 09:00:00,1418.93882775,1488.1574126288463,LSTM
2025-02-08 10:00:00,1603.07574575,1487.4584306731322,LSTM
2025-02-08 11:00:00,1524.772647,1485.4221577241865,LSTM
2025-02-08 12:00:00,1371.63674625,1486.6828651533435,LSTM
2025-02-08 13:00:00,1505.28775175,1486.3680323426456,LSTM
2025-02-08 14:00:00,1696.01182625,1483.7205153547095,LSTM
2025-02-08 15:00:00,1374.0221125,1481.7094242018957,LSTM
2025-02-08 16:00:00,1513.28520475,1483.4421635545152,LSTM
2025-02-08 17:00:00,1482.8542435,1476.7259395043395,LSTM
2025-02-08 18:00:00,1586.71140525,1474.589373956035,LSTM
2025-02-08 19:00:00,1519.131676,1472.9116820580466,LSTM
2025-02-08 20:00:00,1508.91975375,1477.4966521564172,LSTM
2025-02-08 21:00:00,1495.779199,1481.6973041044284,LSTM
2025-02-08 22:00:00,1538.06620125,1482.0994161030612,LSTM
2025-02-08 23:00:00,1604.6323895,1483.1422515012569,LSTM
2025-02-09 00:00:00,1657.68896225,1485.8186684028744,LSTM
2025-02-09 01:00:00,1487.42433925,1483.8424647816141,LSTM
2025-02-09 02:00:00,1344.04256725,1486.561229593505,LSTM
2025-02-09 03:00:00,1290.33865525,1488.5655363889719,LSTM
2025-02-09 04:00:00,1546.071943,1487.0476752583775,LSTM
2025-02-09 05:00:00,1432.40500025,1484.4715509561188,LSTM
2025-02-09 06:00:00,1647.276699,1485.9562387522114,LSTM
2025-02-09 07:00:00,1429.5388295,1485.4536651488768,LSTM
2025-02-09 08:00:00,1694.71485625,1487.009697343406,LSTM
2025-02-09 09:00:00,1441.80915525,1484.6129359974873,LSTM
2025-02-09 10:00:00,1385.1792965,1487.196255098641,LSTM
2025-02-09 11:00:00,1635.7677247499998,1486.7390232145156,LSTM
2025-02-09 12:00:00,1418.777399,1483.8092431598716,LSTM
2025-02-09 13:00:00,1546.19372,1485.1938797928103,LSTM
2025-02-09 14:00:00,1506.02857675,1485.003724638128,LSTM
2025-02-09 15:00:00,1422.66555025,1487.5502005744713,LSTM
2025-02-09 16:00:00,1616.34454225,1487.5333966146366,LSTM
2025-02-09 17:00:00,1458.1059985,1489.0500264205878,LSTM
2025-02-09 18:00:00,1718.140327,1487.9980164466203,LSTM
2025-02-09 19:00:00,1596.79195175,1488.9537658058446,LSTM
2025-02-09 20:00:00,1419.92685925,1493.5241290138415,LSTM
2025-02-09 21:00:00,1495.8140115,1494.8852739040801,LSTM
2025-02-09 22:00:00,1523.4831735,1496.0420913344308,LSTM
2025-02-09 23:00:00,1574.08460125,1495.443957281346,LSTM
2025-02-10 00:00:00,1576.930499,1494.3193957279193,LSTM
2025-02-10 01:00:00,1423.0596245000002,1497.5705515144036,LSTM
2025-02-10 02:00:00,1460.80029725,1501.093636898042,LSTM
2025-02-10 03:00:00,1447.3464535,1504.0203748565089,LSTM
2025-02-10 04:00:00,1509.59314925,1505.499316470934,LSTM
2025-02-10 05:00:00,1395.020666,1503.2397150328047,LSTM
2025-02-10 06:00:00,1627.504279,1500.9551008038868,LSTM
2025-02-10 07:00:00,1496.40119525,1498.2956810110675,LSTM
2025-02-10 08:00:00,1602.325164,1495.1236438688054,LSTM
2025-02-10 09:00:00,1540.01883275,1492.4712740131583,LSTM
2025-02-10 10:00:00,1586.8807705,1493.7606640634126,LSTM
2025-02-10 11:00:00,1279.4128835,1491.1929175974508,LSTM
2025-02-10 12:00:00,1402.58009275,1496.6938483685403,LSTM
2025-02-10 13:00:00,1408.56687975,1493.2462359424358,LSTM
2025-02-10 14:00:00,1326.044270675,1489.9374734775524,LSTM
2025-02-10 15:00:00,1541.55077375,1490.047037227165,LSTM
2025-02-10 16:00:00,1619.10668225,1488.521401850785,LSTM
2025-02-10 17:00:00,1633.772525,1489.8241433231494,LSTM
2025-02-10 18:00:00,1556.97302,1492.355577783951,LSTM
2025-02-10 19:00:00,1669.68720375,1499.2908327588698,LSTM
2025-02-10 20:00:00,1409.028409,1504.9950045269266,LSTM
2025-02-10 21:00:00,1499.24780225,1504.2315832482254,LSTM
2025-02-10 22:00:00,1561.37871475,1506.2299990003019,LSTM
2025-02-10 23:00:00,1463.416144,1509.7791594940286,LSTM
2025-02-11 00:00:00,1499.44275075,1515.626309782404,LSTM
2025-02-11 01:00:00,1721.30204475,1510.8880759814022,LSTM
2025-02-11 02:00:00,1650.1270472500003,1510.9593479489772,LSTM
2025-02-11 03:00:00,1581.93318875,1509.9689766380245,LSTM
2025-02-11 04:00:00,1446.82556175,1509.9820141930688,LSTM
2025-02-11 05:00:00,1560.08591575,1511.5482591390494,LSTM
2025-02-11 06:00:00,1593.675004,1503.7720818637774,LSTM
2025-02-11 07:00:00,1743.48000475,1502.1142843090418,LSTM
2025-02-11 08:00:00,1653.8099165,1504.3022757689096,LSTM
2025-02-11 09:00:00,1445.274518,1503.5048602726115,LSTM
2025-02-11 10:00:00,1474.22619425,1503.009819478858,LSTM
2025-02-11 11:00:00,1536.25501125,1499.4232363734302,LSTM
2025-02-11 12:00:00,1434.56467425,1500.327463246609,LSTM
2025-02-11 13:00:00,1373.864692,1505.3350432773766,LSTM
2025-02-11 14:00:00,1406.8281895,1506.2649589627167,LSTM
2025-02-11 15:00:00,1572.85519975,1502.527140218776,LSTM
2025-02-11 16:00:00,1427.5723360000002,1498.5814931899818,LSTM
2025-02-11 17:00:00,1374.8421065,1501.188714475383,LSTM
2025-02-11 18:00:00,1536.5347845,1501.37751758732,LSTM
2025-02-11 19:00:00,1432.724123875,1502.547324285474,LSTM
2025-02-11 20:00:00,1466.1036965,1503.5055362939843,LSTM
2025-02-11 21:00:00,1532.9436839999998,1499.9956816143538,LSTM
2025-02-11 22:00:00,1440.33656975,1498.9529186470197,LSTM
2025-02-11 23:00:00,1535.8504735,1504.3017928965007,LSTM
2025-02-12 00:00:00,1325.06185525,1505.7311435145168,LSTM
2025-02-12 01:00:00,1406.8831135,1501.6514028177305,LSTM
2025-02-12 02:00:00,1621.4229634999997,1491.8962454048462,LSTM
2025-02-12 03:00:00,1625.0980597499997,1489.0685445774748,LSTM
2025-02-12 04:00:00,1420.386722,1491.0940494716988,LSTM
2025-02-12 05:00:00,1477.301516,1490.9335909701729,LSTM
2025-02-12 06:00:00,1638.725434,1491.3828313159283,LSTM
2025-02-12 07:00:00,1537.2278595,1492.3131091555754,LSTM
2025-02-12 08:00:00,1380.8504245,1492.1421240355323,LSTM
2025-02-12 09:00:00,1327.4156465,1492.0309909505904,LSTM
2025-02-12 10:00:00,1494.88348375,1489.2227015940625,LSTM
2025-02-12 11:00:00,1711.4566727499998,1487.7442428520465,LSTM
2025-02-12 12:00:00,1342.62204825,1488.207293348701,LSTM
2025-02-12 13:00:00,1544.90025775,1490.5835084736148,LSTM
2025-02-12 14:00:00,1501.6742815,1490.6363347151644,LSTM
2025-02-12 15:00:00,1557.52526875,1490.9528575792938,LSTM
2025-02-12 16:00:00,1547.6638575000002,1491.0412232301492,LSTM
2025-02-12 17:00:00,1435.404227,1493.250461076015,LSTM
2025-02-12 18:00:00,1456.26382025,1494.1764413512215,LSTM
2025-02-12 19:00:00,1629.4398447499998,1496.018720309833,LSTM
2025-02-12 20:00:00,1486.415409,1497.2392044673165,LSTM
2025-02-12 21:00:00,1393.8517675,1500.451947753661,LSTM
2025-02-12 22:00:00,1241.64250675,1501.3909414402913,LSTM
2025-02-12 23:00:00,1297.98564875,1500.436302687608,LSTM
2025-02-13 00:00:00,1746.12178675,1494.2247768793668,LSTM
2025-02-13 01:00:00,1255.91839425,1496.9582692997337,LSTM
2025-02-13 02:00:00,1366.212023,1495.060146147016,LSTM
2025-02-13 03:00:00,1353.01115625,1491.0378914105268,LSTM
2025-02-13 04:00:00,1481.79054425,1492.3137368897071,LSTM
2025-02-13 05:00:00,1543.2393225,1490.3835751526492,LSTM
2025-02-13 06:00:00,1667.731903,1488.599820330014,LSTM
2025-02-13 07:00:00,1539.538685,1492.188866084728,LSTM
2025-02-13 08:00:00,1449.9154255,1496.6281777209101,LSTM
2025-02-13 09:00:00,1598.17967625,1493.3230367990946,LSTM
2025-02-13 10:00:00,1459.1081495,1493.8010563404293,LSTM
2025-02-13 11:00:00,1526.2610435,1494.5383542218012,LSTM
2025-02-13 12:00:00,1508.22078325,1491.0866615238403,LSTM
2025-02-13 13:00:00,1559.22806,1490.7213685463971,LSTM
2025-02-13 14:00:00,1632.08114325,1492.0109276019946,LSTM
2025-02-13 15:00:00,1439.54747375,1493.6931343570077,LSTM
2025-02-13 16:00:00,1438.8712375,1497.1014892562566,LSTM
2025-02-13 17:00:00,1544.10784,1497.859309215013,LSTM
2025-02-13 18:00:00,1403.1890685,1499.0219211142723,LSTM
2025-02-13 19:00:00,1439.10777375,1503.754215584643,LSTM
2025-02-13 20:00:00,1503.64220175,1501.9863714078856,LSTM
2025-02-13 21:00:00,1538.98317825,1501.1312526587067,LSTM
2025-02-13 22:00:00,1439.492309,1502.16170237961,LSTM
2025-02-13 23:00:00,1449.65964825,1503.6072292233293,LSTM
2025-02-14 00:00:00,1485.92206875,1503.6073257978112,LSTM
2025-02-14 01:00:00,1466.1194835,1509.1870130588159,LSTM
2025-02-14 02:00:00,1465.74962125,1509.5243477237752,LSTM
2025-02-14 03:00:00,1500.49769175,1509.1211492622222,LSTM
2025-02-14 04:00:00,1622.8047170000002,1511.1738398730754,LSTM
2025-02-14 05:00:00,1457.14365425,1509.711122771594,LSTM
2025-02-14 06:00:00,1320.87992175,1508.7181439496326,LSTM
2025-02-14 07:00:00,1566.4787475,1506.722239134083,LSTM
2025-02-14 08:00:00,1569.74916275,1504.610734663808,LSTM
2025-02-14 09:00:00,1423.10339375,1505.9990894142963,LSTM
2025-02-14 10:00:00,1482.9736275,1501.778156825105,LSTM
2025-02-14 11:00:00,1403.41410875,1495.5507928018474,LSTM
2025-02-14 12:00:00,1624.336644,1495.2609003510768,LSTM
2025-02-14 13:00:00,1493.507582,1490.4118231885784,LSTM
2025-02-14 14:00:00,1613.052973,1486.9294680926432,LSTM
2025-02-14 15:00:00,1630.1862957499998,1488.6102503740494,LSTM
2025-02-14 16:00:00,1454.8173752500002,1492.9708296639367,LSTM
2025-02-14 17:00:00,1559.1282745,1495.458008868449,LSTM
2025-02-14 18:00:00,1553.29785125,1498.5396764393583,LSTM
2025-02-14 19:00:00,1593.5346855,1503.7872440574215,LSTM
2025-02-14 20:00:00,1650.1054135,1505.015043731902,LSTM
2025-02-14 21:00:00,1589.09275525,1505.9300386598027,LSTM
2025-02-14 22:00:00,1570.69775675,1504.964969863084,LSTM
2025-02-14 23:00:00,1503.2361395,1506.152980851059,LSTM
2025-02-15 00:00:00,1617.50770025,1503.420164452065,LSTM
2025-02-15 01:00:00,1461.822039,1497.7392671341242,LSTM
2025-02-15 02:00:00,1353.44639025,1496.2134868960215,LSTM
2025-02-15 03:00:00,1545.12126675,1494.0735412408537,LSTM
2025-02-15 04:00:00,1345.80795325,1491.6638872016135,LSTM
2025-02-15 05:00:00,1557.7650105,1490.5429954784956,LSTM
2025-02-15 06:00:00,1502.952233,1488.8925617279979,LSTM
2025-02-15 07:00:00,1506.69240075,1486.2883583951532,LSTM
2025-02-15 08:00:00,1481.00561525,1482.5001277717079,LSTM
2025-02-15 09:00:00,1346.803143,1481.7793441267254,LSTM
2025-02-15 10:00:00,1621.9224672500002,1480.9133366047224,LSTM
2025-02-15 11:00:00,1542.8591045,1476.2949034484047,LSTM
2025-02-15 12:00:00,1733.06322675,1477.2277646554403,LSTM
2025-02-15 13:00:00,1606.9375705,1474.2363459377816,LSTM
2025-02-15 14:00:00,1601.73690975,1473.8213895330682,LSTM
2025-02-15 15:00:00,1638.8933987500002,1475.5418880701186,LSTM
2025-02-15 16:00:00,1600.264245,1480.7750178031513,LSTM
2025-02-15 17:00:00,1325.9323575,1483.4853323478837,LSTM
2025-02-15 18:00:00,1597.170382,1484.1764676269509,LSTM
2025-02-15 19:00:00,1579.19001825,1481.8092339288453,LSTM
2025-02-15 20:00:00,1620.6721454999997,1481.8059745400842,LSTM
2025-02-15 21:00:00,1617.315165,1482.9233171509954,LSTM
2025-02-15 22:00:00,1444.33204625,1484.978422123894,LSTM
2025-02-15 23:00:00,1691.8757295,1487.8928226923097,LSTM
2025-02-16 00:00:00,1503.47917975,1490.0998151814736,LSTM
2025-02-16 01:00:00,1510.908354,1495.1116444894408,LSTM
2025-02-16 02:00:00,1567.24436475,1495.277197294882,LSTM
2025-02-16 03:00:00,1541.3339145,1495.0670270788448,LSTM
2025-02-16 04:00:00,1511.140484,1493.447328157183,LSTM
2025-02-16 05:00:00,1489.17791525,1494.6897588656575,LSTM
2025-02-16 06:00:00,1424.5346685,1495.5707837195819,LSTM
2025-02-16 07:00:00,1423.95129275,1493.0994185864654,LSTM
2025-02-16 08:00:00,1408.93648675,1491.688948279643,LSTM
2025-02-16 09:00:00,1562.51652175,1489.920041783586,LSTM
2025-02-16 10:00:00,1529.42862375,1484.7824725003034,LSTM
2025-02-16 11:00:00,1513.1745055,1480.814565053452,LSTM
2025-02-16 12:00:00,1534.7788725,1482.1132986848213,LSTM
2025-02-16 13:00:00,1526.8138675,1477.3941866312177,LSTM
2025-02-16 14:00:00,1685.1366025,1474.5631298406033,LSTM
2025-02-16 15:00:00,1547.539753,1473.3418248000246,LSTM
2025-02-16 16:00:00,1654.5076829999998,1476.4672406111931,LSTM
2025-02-16 17:00:00,1680.00355875,1478.4903552869923,LSTM
2025-02-16 18:00:00,1379.6650225,1481.078213388791,LSTM
2025-02-16 19:00:00,1397.37051275,1485.4964476443183,LSTM
2025-02-16 20:00:00,1532.3474015,1486.732963165782,LSTM
2025-02-16 21:00:00,1460.1712195,1483.7791602087882,LSTM
2025-02-16 22:00:00,1492.89915125,1488.2426637526635,LSTM
2025-02-16 23:00:00,1328.709703,1489.313047021795,LSTM
2025-02-17 00:00:00,1450.284109,1493.0207828146524,LSTM
2025-02-17 01:00:00,1641.218969,1495.6195055456544,LSTM
2025-02-17 02:00:00,1728.1856294999998,1498.8967122986066,LSTM
2025-02-17 03:00:00,1466.3918025,1505.0280329997054,LSTM
2025-02-17 04:00:00,1552.65588725,1509.5024253164045,LSTM
2025-02-17 05:00:00,1353.9708565,1508.855569437247,LSTM
2025-02-17 06:00:00,1292.47095575,1506.8434401087536,LSTM
2025-02-17 07:00:00,1570.06382225,1504.372437129944,LSTM
2025-02-17 08:00:00,1418.69690525,1497.7895824391467,LSTM
2025-02-17 09:00:00,1451.400613,1497.654378164614,LSTM
2025-02-17 10:00:00,1368.2846455,1495.4845185637057,LSTM
2025-02-17 11:00:00,1482.64257875,1493.841714197271,LSTM
2025-02-17 12:00:00,1413.5676985,1493.8181258800892,LSTM
2025-02-17 13:00:00,1617.98889175,1491.8691079754578,LSTM
2025-02-17 14:00:00,1482.38024275,1491.0679502179898,LSTM
2025-02-17 15:00:00,1529.9076435,1495.816396770443,LSTM
2025-02-17 16:00:00,1413.908608,1495.655938268917,LSTM
2025-02-17 17:00:00,1523.144666,1500.699468150538,LSTM
2025-02-17 18:00:00,1681.9014315,1498.1314078175103,LSTM
2025-02-17 19:00:00,1422.0116815,1499.3368504994519,LSTM
2025-02-17 20:00:00,1643.927714,1503.5115239118563,LSTM
2025-02-17 21:00:00,1375.09717525,1505.6117291677597,LSTM
2025-02-17 22:00:00,1663.6871394999998,1508.100115553295,LSTM
2025-02-17 23:00:00,1467.10861725,1506.1851884407424,LSTM
2025-02-18 00:00:00,1523.91159625,1509.9431912513814,LSTM
2025-02-18 01:00:00,1497.96108125,1504.3718093958123,LSTM
2025-02-18 02:00:00,1326.33643675,1503.11242986578,LSTM
2025-02-18 03:00:00,1659.543655,1499.5046003743544,LSTM
2025-02-18 04:00:00,1508.8706794999998,1500.903240307155,LSTM
2025-02-18 05:00:00,1678.228367,1503.7170344091462,LSTM
2025-02-18 06:00:00,1444.82556025,1500.3485647708844,LSTM
2025-02-18 07:00:00,1727.31535075,1504.196816434774,LSTM
2025-02-18 08:00:00,1439.41533225,1501.5536694421398,LSTM
2025-02-18 09:00:00,1214.08437025,1500.847178820465,LSTM
2025-02-18 10:00:00,1567.18760925,1497.1207075781367,LSTM
2025-02-18 11:00:00,1450.068753,1494.378257874582,LSTM
2025-02-18 12:00:00,1532.88053025,1491.9887154711785,LSTM
2025-02-18 13:00:00,1563.31229975,1488.4864177447496,LSTM
2025-02-18 14:00:00,1516.44979175,1489.3053210632502,LSTM
2025-02-18 15:00:00,1458.77953775,1491.6128475879773,LSTM
2025-02-18 16:00:00,1405.51275025,1491.2415669926622,LSTM
2025-02-18 17:00:00,1342.77965925,1489.1325251716733,LSTM
2025-02-18 18:00:00,1368.81987225,1490.9570102820114,LSTM
2025-02-18 19:00:00,1471.71829425,1496.875601543305,LSTM
2025-02-18 20:00:00,1441.3167865,1497.0338871189902,LSTM
2025-02-18 21:00:00,1329.85379325,1497.1733406707226,LSTM
2025-02-18 22:00:00,1464.365445,1495.5701801290704,LSTM
2025-02-18 23:00:00,1478.02218875,1497.1802940334128,LSTM
2025-02-19 00:00:00,1562.58189525,1498.7390061698125,LSTM
2025-02-19 01:00:00,1287.803524325,1496.3325149448513,LSTM
2025-02-19 02:00:00,1504.78402575,1496.3921014001276,LSTM
2025-02-19 03:00:00,1567.54523225,1494.305175135473,LSTM
2025-02-19 04:00:00,1602.789764,1494.762769173905,LSTM
2025-02-19 05:00:00,1614.635035,1499.5578129138312,LSTM
2025-02-19 06:00:00,1422.740311,1501.5836075315005,LSTM
2025-02-19 07:00:00,1415.586639,1502.266389117891,LSTM
2025-02-19 08:00:00,1380.3613405,1500.582516453067,LSTM
2025-02-19 09:00:00,1567.124766,1497.5388267971293,LSTM
2025-02-19 10:00:00,1438.8177839999998,1493.2659612803452,LSTM
2025-02-19 11:00:00,1445.3398995,1491.6583341689095,LSTM
2025-02-19 12:00:00,1624.0246639999998,1491.6969398180127,LSTM
2025-02-19 13:00:00,1424.4087845,1489.3559019480979,LSTM
2025-02-19 14:00:00,1208.568962,1493.8715315685295,LSTM
2025-02-19 15:00:00,1741.10455225,1489.8129406832595,LSTM
2025-02-19 16:00:00,1485.4343415,1489.2600276312817,LSTM
2025-02-19 17:00:00,1486.9183395,1492.8022589059387,LSTM
2025-02-19 18:00:00,1617.6278377499998,1495.6678652174205,LSTM
2025-02-19 19:00:00,1595.4852905,1499.5778521188065,LSTM
2025-02-19 20:00:00,1412.9182065,1502.4637873587092,LSTM
2025-02-19 21:00:00,1500.767176,1501.630059857251,LSTM
2025-02-19 22:00:00,1586.98997175,1501.1228506787893,LSTM
2025-02-19 23:00:00,1506.3754435,1503.64730763328,LSTM
2025-02-20 00:00:00,1475.217902,1504.450421024005,LSTM
2025-02-20 01:00:00,1599.2188025,1503.7488074136616,LSTM
2025-02-20 02:00:00,1494.414625,1501.560139932421,LSTM
2025-02-20 03:00:00,1535.30061075,1503.9211928636907,LSTM
2025-02-20 04:00:00,1486.596955,1502.80546787535,LSTM
2025-02-20 05:00:00,1490.136796,1500.9302811620619,LSTM
2025-02-20 06:00:00,1442.52846625,1498.645618645903,LSTM
2025-02-20 07:00:00,1459.849342,1495.7417929832452,LSTM
2025-02-20 08:00:00,1413.16762525,1493.8933332577978,LSTM
2025-02-20 09:00:00,1533.84483775,1496.9968025179755,LSTM
2025-02-20 10:00:00,1542.08612775,1495.8974227606807,LSTM
2025-02-20 11:00:00,1634.6109849999998,1495.1368745728132,LSTM
2025-02-20 12:00:00,1560.4506085,1495.2346562356452,LSTM
2025-02-20 13:00:00,1564.3003835,1496.2549173487178,LSTM
2025-02-20 14:00:00,1364.2566955,1496.403062603813,LSTM
2025-02-20 15:00:00,1626.5082905,1495.6511095448266,LSTM
2025-02-20 16:00:00,1469.15904425,1496.1831142214926,LSTM
2025-02-20 17:00:00,1523.01017125,1497.3860942541482,LSTM
2025-02-20 18:00:00,1486.939006,1498.7147659748782,LSTM
2025-02-20 19:00:00,1460.87627925,1498.2201114790519,LSTM
2025-02-20 20:00:00,1529.7301435,1499.2800164169073,LSTM
2025-02-20 21:00:00,1498.4473225,1501.3497524237998,LSTM
2025-02-20 22:00:00,1630.8945967499997,1503.9422461007252,LSTM
2025-02-20 23:00:00,1578.33157,1505.1543041346708,LSTM
2025-02-21 00:00:00,1453.49419075,1508.0427985983413,LSTM
2025-02-21 01:00:00,1488.295526,1512.236642045385,LSTM
2025-02-21 02:00:00,1509.1821645,1509.1254951139035,LSTM
2025-02-21 03:00:00,1464.780524,1505.4645013702418,LSTM
2025-02-21 04:00:00,1553.0362455,1503.3238796937012,LSTM
2025-02-21 05:00:00,1495.667236,1502.720434044117,LSTM
2025-02-21 06:00:00,1624.58274775,1503.2485515978901,LSTM
2025-02-21 07:00:00,1393.5178515,1499.6329961479196,LSTM
2025-02-21 08:00:00,1601.0835065,1496.449032057154,LSTM
2025-02-21 09:00:00,1672.9249300000001,1491.898370043446,LSTM
2025-02-21 10:00:00,1550.34623725,1492.6164737465583,LSTM
2025-02-21 11:00:00,1589.363944,1491.8780894022661,LSTM
2025-02-21 12:00:00,1586.31072675,1490.7212236846744,LSTM
2025-02-21 13:00:00,1506.5204795,1490.6185650105115,LSTM
2025-02-21 14:00:00,1595.5381615,1492.3362387439688,LSTM
2025-02-21 15:00:00,1647.253753,1490.968357783624,LSTM
2025-02-21 16:00:00,1553.82717825,1487.9560789778948,LSTM
2025-02-21 17:00:00,1330.317705,1492.035022935206,LSTM
2025-02-21 18:00:00,1555.748373,1495.6191675349683,LSTM
2025-02-21 19:00:00,1531.06486025,1492.7479357599211,LSTM
2025-02-21 20:00:00,1415.083918,1494.4414175856853,LSTM
2025-02-21 21:00:00,1408.7811556,1497.6718581458215,LSTM
2025-02-21 22:00:00,1491.43856845,1498.0863558217463,LSTM
2025-02-21 23:00:00,1536.9073275,1500.3537315056612,LSTM
2025-02-22 00:00:00,1416.5159965,1502.0236974451047,LSTM
2025-02-22 01:00:00,1465.8437655,1498.971943819936,LSTM
2025-02-22 02:00:00,1383.92309875,1495.7309283540417,LSTM
2025-02-22 03:00:00,1620.22431675,1493.7007395974501,LSTM
2025-02-22 04:00:00,1426.868361,1493.1015915123062,LSTM
2025-02-22 05:00:00,1598.10566275,1497.243550318998,LSTM
2025-02-22 06:00:00,1579.8617205,1495.54079734298,LSTM
2025-02-22 07:00:00,1574.372684,1492.6106792776498,LSTM
2025-02-22 08:00:00,1456.51811025,1490.162347158445,LSTM
2025-02-22 09:00:00,1413.64136675,1493.9088576057488,LSTM
2025-02-22 10:00:00,1422.62053375,1491.0344147291814,LSTM
2025-02-22 11:00:00,1603.329863,1489.0894770964069,LSTM
2025-02-22 12:00:00,1505.6296715,1484.4334764666655,LSTM
2025-02-22 13:00:00,1557.6182815,1484.3473078852712,LSTM
2025-02-22 14:00:00,1446.108245,1483.6455494132051,LSTM
2025-02-22 15:00:00,1514.75565275,1484.4782145953636,LSTM
2025-02-22 16:00:00,1391.10891725,1484.2266622138711,LSTM
2025-02-22 17:00:00,1500.31828225,1485.5273514784972,LSTM
2025-02-22 18:00:00,1636.2601630000001,1484.0863877790434,LSTM
2025-02-22 19:00:00,1492.4747125,1484.5114845043468,LSTM
2025-02-22 20:00:00,1505.79877125,1485.1741303112804,LSTM
2025-02-22 21:00:00,1473.51481875,1486.3859710526417,LSTM
2025-02-22 22:00:00,1391.234374875,1486.798947680478,LSTM
2025-02-22 23:00:00,1366.755583,1484.007462283785,LSTM
2025-02-23 00:00:00,1490.6327632500002,1480.8883238139338,LSTM
2025-02-23 01:00:00,1492.17109325,1479.038391327639,LSTM
2025-02-23 02:00:00,1386.4428205,1481.2981617711114,LSTM
2025-02-23 03:00:00,1409.309499,1484.4796873562111,LSTM
2025-02-23 04:00:00,1451.48644175,1483.9635691818028,LSTM
2025-02-23 05:00:00,1566.5876665,1484.6082521351195,LSTM
2025-02-23 06:00:00,1663.8124492500003,1487.6971627921644,LSTM
2025-02-23 07:00:00,1461.88401825,1484.1654822796452,LSTM
2025-02-23 08:00:00,1407.95138925,1484.9702857238017,LSTM
2025-02-23 09:00:00,1495.96246625,1486.7446245344604,LSTM
2025-02-23 10:00:00,1562.837487,1482.822927977155,LSTM
2025-02-23 11:00:00,1477.86776275,1480.7194150452497,LSTM
2025-02-23 12:00:00,1533.42847175,1480.622864707061,LSTM
2025-02-23 13:00:00,1477.28562925,1483.5489266441552,LSTM
2025-02-23 14:00:00,1535.52757575,1482.2156917791594,LSTM
2025-02-23 15:00:00,1466.28155825,1480.0810818641116,LSTM
2025-02-23 16:00:00,1604.6923235,1482.0424613024143,LSTM
2025-02-23 17:00:00,1516.9854725,1482.1090976948626,LSTM
2025-02-23 18:00:00,1419.1831185,1483.8112712239897,LSTM
2025-02-23 19:00:00,1468.62765425,1488.7210695919255,LSTM
2025-02-23 20:00:00,1498.5194225,1485.3954307363458,LSTM
2025-02-23 21:00:00,1444.2311875,1486.2359908823921,LSTM
2025-02-23 22:00:00,1469.74711775,1489.0447872549496,LSTM
2025-02-23 23:00:00,1406.4181655,1492.6378408506587,LSTM
2025-02-24 00:00:00,1410.250095,1489.479058556025,LSTM
2025-02-24 01:00:00,1482.4484165,1492.1226401338274,LSTM
2025-02-24 02:00:00,1474.3563935,1495.778974158742,LSTM
2025-02-24 03:00:00,1586.2880235,1498.776090770827,LSTM
2025-02-24 04:00:00,1456.2058415,1499.343369276974,LSTM
2025-02-24 05:00:00,1441.27200525,1500.983783424984,LSTM
2025-02-24 06:00:00,1456.6188305,1504.1778878363396,LSTM
2025-02-24 07:00:00,1355.37853545,1501.7553169601572,LSTM
2025-02-24 08:00:00,1597.75597675,1498.6889805882352,LSTM
2025-02-24 09:00:00,1597.266438,1498.9457721353658,LSTM
2025-02-24 10:00:00,1337.85701925,1497.5554858952414,LSTM
2025-02-24 11:00:00,1528.693261,1497.3151120100185,LSTM
2025-02-24 12:00:00,1512.45651875,1492.9299303708904,LSTM
2025-02-24 13:00:00,1415.1465145,1493.1319641868351,LSTM
2025-02-24 14:00:00,1443.63109925,1493.629950502284,LSTM
2025-02-24 15:00:00,1551.19715275,1490.7901778646863,LSTM
2025-02-24 16:00:00,1491.0801115,1492.9416400268099,LSTM
2025-02-24 17:00:00,1440.7498047499998,1496.4371533958915,LSTM
2025-02-24 18:00:00,1527.360721,1496.1590188882813,LSTM
2025-02-24 19:00:00,1494.26840225,1495.5070928488287,LSTM
2025-02-24 20:00:00,1565.449071,1498.062695073703,LSTM
2025-02-24 21:00:00,1504.1119505,1498.92037304665,LSTM
2025-02-24 22:00:00,1689.912213,1500.2028821650754,LSTM
2025-02-24 23:00:00,1610.42941125,1503.489987802413,LSTM
2025-02-25 00:00:00,1415.140654,1504.0988899102197,LSTM
2025-02-25 01:00:00,1469.55305925,1503.2509659599355,LSTM
2025-02-25 02:00:00,1340.1244797,1500.9424495467697,LSTM
2025-02-25 03:00:00,1601.37310275,1501.1419724261873,LSTM
2025-02-25 04:00:00,1575.62404425,1499.3562136830546,LSTM
2025-02-25 05:00:00,1728.593728,1501.3962530367908,LSTM
2025-02-25 06:00:00,1427.4380195,1501.842427142749,LSTM
2025-02-25 07:00:00,1476.338762,1499.165189358036,LSTM
2025-02-25 08:00:00,1549.880948,1500.29868405103,LSTM
2025-02-25 09:00:00,1516.045642,1497.369000570868,LSTM
2025-02-25 10:00:00,1518.16276025,1495.170965364892,LSTM
2025-02-25 11:00:00,1500.62655075,1494.2684526887651,LSTM
2025-02-25 12:00:00,1439.8931575,1495.1082402389568,LSTM
2025-02-25 13:00:00,1412.75457725,1494.3004671294848,LSTM
2025-02-25 14:00:00,1379.4434395,1495.8210082019493,LSTM
2025-02-25 15:00:00,1416.58619,1494.159130375357,LSTM
2025-02-25 16:00:00,1721.09900625,1494.0874721098548,LSTM
2025-02-25 17:00:00,1415.9286775,1495.6612498654165,LSTM
2025-02-25 18:00:00,1416.70490425,1498.1253719123972,LSTM
2025-02-25 19:00:00,1757.9981195,1498.1134449638937,LSTM
2025-02-25 20:00:00,1489.82001875,1501.6034053002716,LSTM
2025-02-25 21:00:00,1315.38000125,1503.5083369539568,LSTM
2025-02-25 22:00:00,1438.25983025,1505.8796267802984,LSTM
2025-02-25 23:00:00,1353.6128665,1501.4090008683897,LSTM
2025-02-26 00:00:00,1500.63480075,1503.136332050028,LSTM
2025-02-26 01:00:00,1454.6908995,1500.1996952071756,LSTM
2025-02-26 02:00:00,1342.1392935,1499.8504818809538,LSTM
2025-02-26 03:00:00,1460.109039,1497.9475782913864,LSTM
2025-02-26 04:00:00,1416.2664775,1496.8990691423846,LSTM
2025-02-26 05:00:00,1417.726244,1497.040116173067,LSTM
2025-02-26 06:00:00,1428.43206925,1498.223057000747,LSTM
2025-02-26 07:00:00,1411.46493275,1496.2080787250402,LSTM
2025-02-26 08:00:00,1549.07215125,1493.4772903901642,LSTM
2025-02-26 09:00:00,1444.74311125,1493.5771242607343,LSTM
2025-02-26 10:00:00,1714.99835225,1493.6540458354953,LSTM
2025-02-26 11:00:00,1241.507627,1493.9066605362875,LSTM
2025-02-26 12:00:00,1476.8527695,1496.3508158091543,LSTM
2025-02-26 13:00:00,1634.051872,1492.5797512998504,LSTM
2025-02-26 14:00:00,1649.3193205,1492.5778680974552,LSTM
2025-02-26 15:00:00,1489.37271925,1497.7395568575696,LSTM
2025-02-26 16:00:00,1533.97426125,1498.295922447272,LSTM
2025-02-26 17:00:00,1482.54691325,1496.2967340993412,LSTM
2025-02-26 18:00:00,1589.842084,1498.8427271632754,LSTM
2025-02-26 19:00:00,1692.069734,1501.981108098627,LSTM
2025-02-26 20:00:00,1552.398958,1505.0828873053729,LSTM
2025-02-26 21:00:00,1702.54700225,1508.0481101948408,LSTM
2025-02-26 22:00:00,1368.80220325,1510.3479831918844,LSTM
2025-02-26 23:00:00,1641.6181915,1507.6550037666366,LSTM
2025-02-27 00:00:00,1344.09283325,1505.360683802297,LSTM
2025-02-27 01:00:00,1427.5901857499998,1504.9272092406966,LSTM
2025-02-27 02:00:00,1322.4848075,1500.2580744814293,LSTM
2025-02-27 03:00:00,1703.7313420000003,1498.156855193467,LSTM
2025-02-27 04:00:00,1525.1163205,1497.7599340732313,LSTM
2025-02-27 05:00:00,1572.3710175,1499.7341096303737,LSTM
2025-02-27 06:00:00,1647.492031,1501.7166388801927,LSTM
2025-02-27 07:00:00,1330.862215,1501.8761316369005,LSTM
2025-02-27 08:00:00,1479.97314075,1501.1906459650193,LSTM
2025-02-27 09:00:00,1503.330083,1499.6278294131428,LSTM
2025-02-27 10:00:00,1455.3529962500002,1500.8837805490707,LSTM
2025-02-27 11:00:00,1516.576842,1501.139654638624,LSTM
2025-02-27 12:00:00,1396.806064,1502.6319718187797,LSTM
2025-02-27 13:00:00,1615.4088305,1498.4493792988667,LSTM
2025-02-27 14:00:00,1529.993721,1495.2122268122448,LSTM
2025-02-27 15:00:00,1618.03042425,1494.8900060536887,LSTM
2025-02-27 16:00:00,1507.29756925,1492.586825380643,LSTM
2025-02-27 17:00:00,1505.6487865,1495.157034495891,LSTM
2025-02-27 18:00:00,1553.46364875,1496.7892639565678,LSTM
2025-02-27 19:00:00,1326.6660495,1496.0352828334633,LSTM
2025-02-27 20:00:00,1517.379593925,1497.8145952299353,LSTM
2025-02-27 21:00:00,1382.0785015,1499.3443350217922,LSTM
2025-02-27 22:00:00,1510.5339585,1499.76433744318,LSTM
2025-02-27 23:00:00,1565.42200375,1498.6012426715117,LSTM
2025-02-28 00:00:00,1394.63342475,1501.8005138176438,LSTM
2025-02-28 01:00:00,1563.33093975,1508.805447281188,LSTM
2025-02-28 02:00:00,1621.752113,1509.604021671268,LSTM
2025-02-28 03:00:00,1506.75127175,1509.9528486995623,LSTM
2025-02-28 04:00:00,1365.332059,1509.3318264942886,LSTM
2025-02-28 05:00:00,1553.15219,1508.6129743389424,LSTM
2025-02-28 06:00:00,1473.84606825,1506.5696514528247,LSTM
2025-02-28 07:00:00,1604.0909465,1508.120927354125,LSTM
2025-02-28 08:00:00,1540.31633175,1506.7692709067242,LSTM
2025-02-28 09:00:00,1580.54081675,1504.6028155562997,LSTM
2025-02-28 10:00:00,1705.85912525,1502.4239503849628,LSTM
2025-02-28 11:00:00,1438.896643,1497.734341835552,LSTM
2025-02-28 12:00:00,1458.45140225,1499.3562136830546,LSTM
2025-02-28 13:00:00,1412.1427045,1497.4525374976329,LSTM
2025-02-28 14:00:00,1491.7343905,1495.1563584745184,LSTM
2025-02-28 15:00:00,1486.77368925,1494.1504869592352,LSTM
2025-02-28 16:00:00,1290.3594697,1494.4971169180687,LSTM
2025-02-28 17:00:00,1587.79282925,1492.061870641149,LSTM
2025-02-28 18:00:00,1380.8057345,1492.6656784450402,LSTM
2025-02-28 19:00:00,1671.83500325,1494.7704709888294,LSTM
2025-02-28 20:00:00,1599.3597975,1492.277473171788,LSTM
2025-02-28 21:00:00,1456.6052965,1495.3990742909252,LSTM
2025-02-28 22:00:00,1555.448732,1500.969104103749,LSTM
2025-02-28 23:00:00,1579.63663675,1503.6298276520727,LSTM
2025-03-01 00:00:00,1536.76761775,1505.1469161868124,LSTM
2025-03-01 01:00:00,1487.49471225,1502.873166587098,LSTM
2025-03-01 02:00:00,1468.8928597499998,1500.1395293050086,LSTM
2025-03-01 03:00:00,1359.11084825,1495.8594689893298,LSTM
2025-03-01 04:00:00,1643.1134685000002,1494.2396976368063,LSTM
2025-03-01 05:00:00,1543.14703125,1490.3701271560574,LSTM
2025-03-01 06:00:00,1526.09951075,1491.3705905003592,LSTM
2025-03-01 07:00:00,1434.31028725,1489.9792902281758,LSTM
2025-03-01 08:00:00,1483.7991125,1486.6601701501183,LSTM
2025-03-01 09:00:00,1604.01732575,1483.6131003873172,LSTM
2025-03-01 10:00:00,1617.48612325,1484.7415249200162,LSTM
2025-03-01 11:00:00,1482.556714,1490.0325993421345,LSTM
2025-03-01 12:00:00,1375.790913,1489.052658075217,LSTM
2025-03-01 13:00:00,1517.93913225,1486.2891068473873,LSTM
2025-03-01 14:00:00,1535.58176225,1484.22605862336,LSTM
2025-03-01 15:00:00,1515.86906675,1485.4497297387431,LSTM
2025-03-01 16:00:00,1604.2503265,1485.474766673152,LSTM
2025-03-01 17:00:00,1447.56017975,1484.8703069915086,LSTM
2025-03-01 18:00:00,1540.802986,1484.383909613877,LSTM
2025-03-01 19:00:00,1446.79296475,1485.2715015325643,LSTM
2025-03-01 20:00:00,1540.4474335,1486.5820413943347,LSTM
2025-03-01 21:00:00,1553.15558625,1487.0001606133274,LSTM
2025-03-01 22:00:00,1601.97418675,1488.3627058335521,LSTM
2025-03-01 23:00:00,1596.428504,1489.3364180463927,LSTM
2025-03-02 00:00:00,1516.732208,1492.6252861680234,LSTM
2025-03-02 01:00:00,1641.8446452500002,1493.9914770749365,LSTM
2025-03-02 02:00:00,1491.236319,1495.1481979308055,LSTM
2025-03-02 03:00:00,1705.3879442500001,1495.5739223902406,LSTM
2025-03-02 04:00:00,1595.46402525,1494.2799450521004,LSTM
2025-03-02 05:00:00,1511.6743745,1493.6409358495898,LSTM
2025-03-02 06:00:00,1532.76290675,1493.8868386238962,LSTM
2025-03-02 07:00:00,1544.9987155,1494.05038750884,LSTM
2025-03-02 08:00:00,1510.33432725,1490.2682652213691,LSTM
2025-03-02 09:00:00,1428.693459,1486.4799380234422,LSTM
2025-03-02 10:00:00,1574.4840225,1488.013902948878,LSTM
2025-03-02 11:00:00,1524.856018,1484.0776236448194,LSTM
2025-03-02 12:00:00,1487.130144,1483.829330652088,LSTM
2025-03-02 13:00:00,1340.42947125,1479.1409534273203,LSTM
2025-03-02 14:00:00,1654.15023475,1475.8896527791132,LSTM
2025-03-02 15:00:00,1494.68632875,1472.5159681188336,LSTM
2025-03-02 16:00:00,1575.09271,1478.4096431638204,LSTM
2025-03-02 17:00:00,1558.62595375,1477.795405315894,LSTM
2025-03-02 18:00:00,1633.5451227499998,1483.0723315764271,LSTM
2025-03-02 19:00:00,1522.593773,1485.4010803435317,LSTM
2025-03-02 20:00:00,1428.48225175,1485.1791521843343,LSTM
2025-03-02 21:00:00,1551.72950125,1486.8174416937445,LSTM
2025-03-02 22:00:00,1493.9661895,1486.7285448832392,LSTM
2025-03-02 23:00:00,1606.32133575,1490.8325257749595,LSTM
2025-03-03 00:00:00,1550.7307935,1492.335562722596,LSTM
2025-03-03 01:00:00,1550.682706,1497.9157087123895,LSTM
2025-03-03 02:00:00,1384.842871,1502.2773020343357,LSTM
2025-03-03 03:00:00,1481.44690225,1508.1623578068209,LSTM
2025-03-03 04:00:00,1655.4490009999997,1506.501663017631,LSTM
2025-03-03 05:00:00,1565.34071625,1506.487563143287,LSTM
2025-03-03 06:00:00,1493.797946,1508.1292327595604,LSTM
2025-03-03 07:00:00,1605.19414,1508.0633689629667,LSTM
2025-03-03 08:00:00,1418.100627,1505.9953230095057,LSTM
2025-03-03 09:00:00,1392.5573575,1508.4594209128659,LSTM
2025-03-03 10:00:00,1478.02859575,1506.663521849143,LSTM
2025-03-03 11:00:00,1377.239627,1502.9510056194363,LSTM
2025-03-03 12:00:00,1537.971805,1502.3248166793858,LSTM
2025-03-03 13:00:00,1443.160503,1497.1224459188093,LSTM
2025-03-03 14:00:00,1540.491742,1497.8278259339431,LSTM
2025-03-03 15:00:00,1332.057857,1492.6127797726292,LSTM
2025-03-03 16:00:00,1739.2497905000002,1493.209779075553,LSTM
2025-03-03 17:00:00,1332.31725675,1490.462404073426,LSTM
2025-03-03 18:00:00,1644.89918025,1493.5501316930688,LSTM
2025-03-03 19:00:00,1429.80026375,1492.0417831489326,LSTM
2025-03-03 20:00:00,1446.5668255,1499.1147774785318,LSTM
2025-03-03 21:00:00,1413.819686,1501.2364222693968,LSTM
2025-03-03 22:00:00,1715.62216175,1501.5178403093885,LSTM
2025-03-03 23:00:00,1492.56221375,1502.0854085389808,LSTM
2025-03-04 00:00:00,1534.7959115,1504.3044004075095,LSTM
2025-03-04 01:00:00,1476.728034,1501.4112220814714,LSTM
2025-03-04 02:00:00,1454.38333135,1502.4769214882351,LSTM
2025-03-04 03:00:00,1521.383755,1504.0835345676119,LSTM
2025-03-04 04:00:00,1558.2644272500002,1501.723543955642,LSTM
2025-03-04 05:00:00,1474.5364045,1502.6032409104414,LSTM
2025-03-04 06:00:00,1312.01359625,1505.5155409838778,LSTM
2025-03-04 07:00:00,1311.1323005,1506.7383670725453,LSTM
2025-03-04 08:00:00,1369.446602,1502.130846832672,LSTM
2025-03-04 09:00:00,1620.32584625,1498.7191601138006,LSTM
2025-03-04 10:00:00,1576.9656705,1497.3266043733538,LSTM
2025-03-04 11:00:00,1507.463497,1495.5527967223447,LSTM
2025-03-04 12:00:00,1423.63091525,1494.6994163138384,LSTM
2025-03-04 13:00:00,1451.0817097499998,1492.1457938658411,LSTM
2025-03-04 14:00:00,1485.21692975,1489.684955351242,LSTM
2025-03-04 15:00:00,1404.81091075,1491.8399424819515,LSTM
2025-03-04 16:00:00,1531.329858,1490.616247222948,LSTM
2025-03-04 17:00:00,1503.29624,1493.7364238684786,LSTM
2025-03-04 18:00:00,1463.16746875,1495.2010000287346,LSTM
2025-03-04 19:00:00,1550.5221825,1496.289635874928,LSTM
2025-03-04 20:00:00,1479.593209,1498.7047222287702,LSTM
2025-03-04 21:00:00,1557.37180525,1502.9437625333005,LSTM
2025-03-04 22:00:00,1519.5001045,1505.083370177782,LSTM
2025-03-04 23:00:00,1477.90639225,1504.4527388115682,LSTM
2025-03-05 00:00:00,1580.7080115,1506.39591396005,LSTM
2025-03-05 01:00:00,1589.4680325,1503.4690794271014,LSTM
2025-03-05 02:00:00,1462.968976,1500.4643092873328,LSTM
2025-03-05 03:00:00,1429.43410125,1496.5962115674313,LSTM
2025-03-05 04:00:00,1380.88167225,1493.2927848426677,LSTM
2025-03-05 05:00:00,1429.701113,1496.699642837449,LSTM
2025-03-05 06:00:00,1441.544389,1495.3441475543962,LSTM
2025-03-05 07:00:00,1563.53093275,1494.11924511437,LSTM
2025-03-05 08:00:00,1458.1200415,1495.4168198519576,LSTM
2025-03-05 09:00:00,1740.188806,1497.4648507440636,LSTM
2025-03-05 10:00:00,1551.27149375,1499.0599231728643,LSTM
2025-03-05 11:00:00,1612.28482425,1498.3145613222612,LSTM
2025-03-05 12:00:00,1251.34222425,1497.193911035348,LSTM
2025-03-05 13:00:00,1589.3983595,1494.307951651825,LSTM
2025-03-05 14:00:00,1492.5579255,1493.0959419051203,LSTM
2025-03-05 15:00:00,1471.83746325,1494.8199895543771,LSTM
2025-03-05 16:00:00,1425.02102425,1492.8050112786702,LSTM
2025-03-05 17:00:00,1491.751469,1493.3734486785988,LSTM
2025-03-05 18:00:00,1537.5338365,1496.2657336906802,LSTM
2025-03-05 19:00:00,1468.279332,1500.884166846998,LSTM
2025-03-05 20:00:00,1624.7250482499999,1500.8442332987697,LSTM
2025-03-05 21:00:00,1602.061415,1500.738387666707,LSTM
2025-03-05 22:00:00,1455.81261275,1507.351759893756,LSTM
2025-03-05 23:00:00,1603.029919,1506.8822147632,LSTM
2025-03-06 00:00:00,1545.16517775,1510.3592824062562,LSTM
2025-03-06 01:00:00,1544.24396025,1513.642766500526,LSTM
2025-03-06 02:00:00,1484.01921625,1514.3752839450483,LSTM
2025-03-06 03:00:00,1356.13809725,1512.3900988969797,LSTM
2025-03-06 04:00:00,1526.38564175,1510.0996419119124,LSTM
2025-03-06 05:00:00,1519.03121,1504.0559142658146,LSTM
2025-03-06 06:00:00,1659.09469325,1500.1859816307588,LSTM
2025-03-06 07:00:00,1514.046384,1502.2429215188115,LSTM
2025-03-06 08:00:00,1365.198425,1501.9743961721413,LSTM
2025-03-06 09:00:00,1474.83553175,1497.2329754132397,LSTM
2025-03-06 10:00:00,1426.9576442500002,1493.7393452465533,LSTM
2025-03-06 11:00:00,1371.529431,1490.8867040592545,LSTM
2025-03-06 12:00:00,1370.77112275,1490.2597425233496,LSTM
2025-03-06 13:00:00,1625.85143125,1489.407641726727,LSTM
2025-03-06 14:00:00,1404.01015925,1489.0872317397047,LSTM
2025-03-06 15:00:00,1339.1746275,1490.7677242976656,LSTM
2025-03-06 16:00:00,1442.97424075,1489.7927083293205,LSTM
2025-03-06 17:00:00,1376.46462875,1487.872976636298,LSTM
2025-03-06 18:00:00,1458.7821855,1485.8230625417968,LSTM
2025-03-06 19:00:00,1373.70078525,1493.7985695475227,LSTM
2025-03-06 20:00:00,1513.164678,1495.6548035187557,LSTM
2025-03-06 21:00:00,1362.19332975,1496.9030286961388,LSTM
2025-03-06 22:00:00,1464.6434427499998,1498.9037139485379,LSTM
2025-03-06 23:00:00,1478.6761,1500.0663258477973,LSTM
2025-03-07 00:00:00,1453.02274125,1502.5462619661741,LSTM
2025-03-07 01:00:00,1434.88831,1509.4619123212856,LSTM
2025-03-07 02:00:00,1518.62628625,1507.6119798349907,LSTM
2025-03-07 03:00:00,1437.92819775,1503.84267780998,LSTM
2025-03-07 04:00:00,1468.3985465,1500.3598156980152,LSTM
2025-03-07 05:00:00,1402.180306,1498.4244630825601,LSTM
2025-03-07 06:00:00,1456.9265205000002,1499.7230518522067,LSTM
2025-03-07 07:00:00,1556.738399,1497.7673703083306,LSTM
2025-03-07 08:00:00,1587.0051675,1497.0929424146166,LSTM
2025-03-07 09:00:00,1693.9581707500001,1498.5267354587959,LSTM
2025-03-07 10:00:00,1510.61358,1501.5084725846532,LSTM
2025-03-07 11:00:00,1532.63645025,1505.9594938767546,LSTM
2025-03-07 12:00:00,1615.1265825,1504.255630294196,LSTM
2025-03-07 13:00:00,1488.186573,1504.5809897234108,LSTM
2025-03-07 14:00:00,1448.55028775,1503.1877096743503,LSTM
2025-03-07 15:00:00,1518.268364,1502.4057460951417,LSTM
2025-03-07 16:00:00,1605.8656915,1500.0002689022397,LSTM
2025-03-07 17:00:00,1610.25024275,1500.885663751466,LSTM
2025-03-07 18:00:00,1519.54828075,1499.1103350523686,LSTM
2025-03-07 19:00:00,1346.447267,1500.8716604516037,LSTM
2025-03-07 20:00:00,1592.1907065,1499.5475277315186,LSTM
2025-03-07 21:00:00,1629.4368129999998,1501.6190503663245,LSTM
2025-03-07 22:00:00,1568.14034025,1504.9764622264192,LSTM
2025-03-07 23:00:00,1437.30086575,1507.8506636667819,LSTM
2025-03-08 00:00:00,1547.178738,1508.1629372537118,LSTM
2025-03-08 01:00:00,1500.44574675,1504.0808304821212,LSTM
2025-03-08 02:00:00,1554.33045375,1504.7961093816407,LSTM
2025-03-08 03:00:00,1554.05781425,1503.7944388563162,LSTM
2025-03-08 04:00:00,1468.47533775,1501.8111370106428,LSTM
2025-03-08 05:00:00,1516.647749,1496.7509238872894,LSTM
2025-03-08 06:00:00,1595.2951305,1493.665610629692,LSTM
2025-03-08 07:00:00,1604.1845745,1491.5104303500189,LSTM
2025-03-08 08:00:00,1411.1224905,1489.605909137881,LSTM
2025-03-08 09:00:00,1207.256444,1489.4723707731596,LSTM
2025-03-08 10:00:00,1516.167866,1487.3395233424048,LSTM
2025-03-08 11:00:00,1554.35673675,1480.5922023090866,LSTM
2025-03-08 12:00:00,1598.430948,1478.6633684711535,LSTM
2025-03-08 13:00:00,1465.776782,1475.941151121538,LSTM
2025-03-08 14:00:00,1306.036155,1475.227827855275,LSTM
2025-03-08 15:00:00,1612.16990125,1477.9649176750893,LSTM
2025-03-08 16:00:00,1417.29681575,1477.3324031064803,LSTM
2025-03-08 17:00:00,1520.075754,1482.0790147437792,LSTM
2025-03-08 18:00:00,1698.22381375,1481.3372744362441,LSTM
2025-03-08 19:00:00,1550.79922925,1483.7319352871834,LSTM
2025-03-08 20:00:00,1469.322774,1487.461834923616,LSTM
2025-03-08 21:00:00,1416.74462275,1489.4440744499896,LSTM
2025-03-08 22:00:00,1526.712492,1488.4750943867575,LSTM
2025-03-08 23:00:00,1488.8422635,1487.4788803196554,LSTM
2025-03-09 00:00:00,1399.682104725,1490.8610152470933,LSTM
2025-03-09 01:00:00,1683.6802475,1490.4269129513611,LSTM
2025-03-09 02:00:00,1473.6730385,1491.2560531649335,LSTM
2025-03-09 03:00:00,1630.43986575,1495.349748874341,LSTM
2025-03-09 04:00:00,1302.6790345,1492.1602800381124,LSTM
2025-03-09 05:00:00,1460.8948612499998,1493.595256119694,LSTM
2025-03-09 06:00:00,1495.67538725,1491.46726155665,LSTM
2025-03-09 07:00:00,1484.125091,1487.3149451367844,LSTM
2025-03-09 08:00:00,1354.9611285,1486.183985523938,LSTM
2025-03-09 09:00:00,1451.6622225,1484.4939079486576,LSTM
2025-03-09 10:00:00,1511.2340557500002,1480.1841026925815,LSTM
2025-03-09 11:00:00,1459.547508,1480.192673677842,LSTM
2025-03-09 12:00:00,1524.96011825,1482.2360931384417,LSTM
2025-03-09 13:00:00,1547.8511975,1481.9623044825128,LSTM
2025-03-09 14:00:00,1498.646469,1480.8031692645986,LSTM
2025-03-09 15:00:00,1456.7250285,1482.422675037297,LSTM
2025-03-09 16:00:00,1375.40518725,1482.8197651628757,LSTM
2025-03-09 17:00:00,1506.329419,1484.5937176756074,LSTM
2025-03-09 18:00:00,1524.3389265,1482.2597297428645,LSTM
2025-03-09 19:00:00,1521.320742,1482.9194058844823,LSTM
2025-03-09 20:00:00,1387.5198245,1484.1284218222509,LSTM
2025-03-09 21:00:00,1412.78089325,1487.480570373087,LSTM
2025-03-09 22:00:00,1503.57055,1488.2216829464903,LSTM
2025-03-09 23:00:00,1329.0681247500002,1486.6904945374065,LSTM
2025-03-10 00:00:00,1586.33133025,1489.2649287862337,LSTM
2025-03-10 01:00:00,1443.46462425,1491.289178212194,LSTM
2025-03-10 02:00:00,1588.209376,1493.2293595517397,LSTM
2025-03-10 03:00:00,1481.91969175,1494.3010465763757,LSTM
2025-03-10 04:00:00,1487.161089,1499.1820898923527,LSTM
2025-03-10 05:00:00,1515.3735765,1505.8101897278775,LSTM
2025-03-10 06:00:00,1493.9977645,1505.8208129208765,LSTM
2025-03-10 07:00:00,1416.224678,1506.1618174161447,LSTM
2025-03-10 08:00:00,1151.05468975,1504.5904540226281,LSTM
2025-03-10 09:00:00,1539.6023397499998,1500.6033765411378,LSTM
2025-03-10 10:00:00,1577.8436662499998,1497.538392211961,LSTM
2025-03-10 11:00:00,1573.1735385,1496.0841736648792,LSTM
2025-03-10 12:00:00,1467.360412,1494.1082356234438,LSTM
2025-03-10 13:00:00,1656.4950985000003,1491.2453092538321,LSTM
2025-03-10 14:00:00,1380.2695267499998,1490.0431742478925,LSTM
2025-03-10 15:00:00,1608.634174,1494.2772892538505,LSTM
2025-03-10 16:00:00,1589.6411117500002,1492.1206603569503,LSTM
2025-03-10 17:00:00,1451.00323675,1495.3630278655899,LSTM
2025-03-10 18:00:00,1535.9612145,1496.106965242586,LSTM
2025-03-10 19:00:00,1675.60911375,1496.4330006931737,LSTM
2025-03-10 20:00:00,1514.88504125,1501.3501870089679,LSTM
2025-03-10 21:00:00,1443.20630525,1506.4342540293283,LSTM
2025-03-10 22:00:00,1566.1514735,1507.6986071451736,LSTM
2025-03-10 23:00:00,1352.15868475,1510.5398283999984,LSTM
2025-03-11 00:00:00,1453.48789475,1508.9663403678821,LSTM
2025-03-11 01:00:00,1420.8896615,1502.578228119653,LSTM
2025-03-11 02:00:00,1584.544356,1499.4504703773002,LSTM
2025-03-11 03:00:00,1536.78830125,1496.59775675914,LSTM
2025-03-11 04:00:00,1410.6995945,1495.6557451199533,LSTM
2025-03-11 05:00:00,1435.73379825,1495.8511152966532,LSTM
2025-03-11 06:00:00,1359.68493475,1494.387963610004,LSTM
2025-03-11 07:00:00,1539.88713275,1496.8828929166816,LSTM
2025-03-11 08:00:00,1433.0929745,1494.7069491234195,LSTM
2025-03-11 09:00:00,1586.71797475,1493.7941271213595,LSTM
2025-03-11 10:00:00,1486.615769,1493.5802146441522,LSTM
2025-03-11 11:00:00,1626.48618425,1496.075095663589,LSTM
2025-03-11 12:00:00,1487.071748,1496.0481272395439,LSTM
2025-03-11 13:00:00,1685.54271325,1498.4546908953662,LSTM
2025-03-11 14:00:00,1457.72948525,1498.330399537278,LSTM
2025-03-11 15:00:00,1569.5650785,1503.214798816498,LSTM
2025-03-11 16:00:00,1659.08744875,1504.9704746085472,LSTM
2025-03-11 17:00:00,1439.9325685,1506.042741080074,LSTM
2025-03-11 18:00:00,1560.47404525,1505.697101009679,LSTM
2025-03-11 19:00:00,1450.3461425,1502.6481963317237,LSTM
2025-03-11 20:00:00,1215.19543425,1504.6567041171493,LSTM
2025-03-11 21:00:00,1470.3232625,1505.1631406997562,LSTM
2025-03-11 22:00:00,1384.82110125,1503.03608773791,LSTM
2025-03-11 23:00:00,1521.82932775,1503.945433058625,LSTM
2025-03-12 00:00:00,1528.20729675,1503.6060703295475,LSTM
2025-03-12 01:00:00,1614.0447545000002,1501.7836132833272,LSTM
2025-03-12 02:00:00,1559.5544695,1499.0449058409429,LSTM
2025-03-12 03:00:00,1314.218431,1497.5212019541991,LSTM
2025-03-12 04:00:00,1346.8246295,1496.206243809886,LSTM
2025-03-12 05:00:00,1599.98533925,1493.432334968882,LSTM
2025-03-12 06:00:00,1556.83817625,1493.0988874268155,LSTM
2025-03-12 07:00:00,1578.42027975,1496.3114134205762,LSTM
2025-03-12 08:00:00,1405.613096,1501.4301506799059,LSTM
2025-03-12 09:00:00,1436.79206925,1501.1096682620223,LSTM
2025-03-12 10:00:00,1261.35698725,1498.94973168912,LSTM
2025-03-12 11:00:00,1727.75737075,1495.2644494632832,LSTM
2025-03-12 12:00:00,1519.7470665,1493.1841868378733,LSTM
2025-03-12 13:00:00,1568.2410395,1491.2040236628588,LSTM
2025-03-12 14:00:00,1408.18260125,1491.5343808215075,LSTM
2025-03-12 15:00:00,1602.158372,1493.2734940899263,LSTM
2025-03-12 16:00:00,1632.32767725,1493.9476322601952,LSTM
2025-03-12 17:00:00,1450.41143275,1495.5882878444097,LSTM
2025-03-12 18:00:00,1355.8854235,1496.576027500733,LSTM
2025-03-12 19:00:00,1671.3764345,1495.43350309369,LSTM
2025-03-12 20:00:00,1475.92609425,1496.2814753312152,LSTM
2025-03-12 21:00:00,1505.8932455,1499.0524869377648,LSTM
2025-03-12 22:00:00,1468.6732405,1503.2818697941143,LSTM
2025-03-12 23:00:00,1321.664495,1503.8590471846467,LSTM
2025-03-13 00:00:00,1417.151646,1502.6475685975918,LSTM
2025-03-13 01:00:00,1448.7492195,1501.5366723333414,LSTM
2025-03-13 02:00:00,1582.35480075,1500.5505020123474,LSTM
2025-03-13 03:00:00,1663.26322675,1500.8508969380146,LSTM
2025-03-13 04:00:00,1271.30074925,1503.0263337152473,LSTM
2025-03-13 05:00:00,1444.86493,1503.6439275264167,LSTM
2025-03-13 06:00:00,1573.4115695,1498.550492781321,LSTM
2025-03-13 07:00:00,1486.37419175,1498.5655101132422,LSTM
2025-03-13 08:00:00,1610.74347575,1498.6059265338795,LSTM
2025-03-13 09:00:00,1470.837107,1496.6923997513131,LSTM
2025-03-13 10:00:00,1533.8450395,1496.0509761867572,LSTM
2025-03-13 11:00:00,1488.0010025,1495.0832033045479,LSTM
2025-03-13 12:00:00,1623.00846775,1494.5243509219388,LSTM
2025-03-13 13:00:00,1694.6713485000002,1496.5269676639741,LSTM
2025-03-13 14:00:00,1494.61221425,1500.4958891428842,LSTM
2025-03-13 15:00:00,1537.43851425,1502.6337584466933,LSTM
2025-03-13 16:00:00,1463.6174718,1500.2262531896731,LSTM
2025-03-13 17:00:00,1566.752574025,1498.4919686453445,LSTM
2025-03-13 18:00:00,1475.08910525,1498.019719429298,LSTM
2025-03-13 19:00:00,1570.20932625,1498.823798564841,LSTM
2025-03-13 20:00:00,1432.71623525,1497.2573604698966,LSTM
2025-03-13 21:00:00,1571.22655725,1499.029115913167,LSTM
2025-03-13 22:00:00,1320.4894635,1499.206233512805,LSTM
2025-03-13 23:00:00,1529.09729575,1499.6369557016737,LSTM
2025-03-14 00:00:00,1484.1814285,1500.9764437643664,LSTM
2025-03-14 01:00:00,1714.80854925,1503.4805235031956,LSTM
2025-03-14 02:00:00,1554.21449775,1504.5124701285672,LSTM
2025-03-14 03:00:00,1359.611516,1504.927498964142,LSTM
2025-03-14 04:00:00,1547.3803045,1505.8102863023594,LSTM
2025-03-14 05:00:00,1529.56118275,1506.613496267566,LSTM
2025-03-14 06:00:00,1408.63266,1507.2436447613707,LSTM
2025-03-14 07:00:00,1488.9267185,1505.7895227887705,LSTM
2025-03-14 08:00:00,1591.5942295,1500.8812696125435,LSTM
2025-03-14 09:00:00,1591.1123395,1498.2491803980765,LSTM
2025-03-14 10:00:00,1349.0334675,1496.905539632666,LSTM
2025-03-14 11:00:00,1405.371811,1498.8264060758497,LSTM
2025-03-14 12:00:00,1490.772772,1497.5267066996623,LSTM
2025-03-14 13:00:00,1643.98564075,1498.535765172845,LSTM
2025-03-14 14:00:00,1514.32918475,1497.1237979615546,LSTM
2025-03-14 15:00:00,1406.89252675,1500.3612643152424,LSTM
2025-03-14 16:00:00,1392.47076675,1506.5645330052887,LSTM
2025-03-14 17:00:00,1409.68062275,1502.0133639755513,LSTM
2025-03-14 18:00:00,1534.65336075,1495.038634181193,LSTM
2025-03-14 19:00:00,1470.86431825,1494.9405869385362,LSTM
2025-03-14 20:00:00,1452.44026625,1496.526581366047,LSTM
2025-03-14 21:00:00,1456.94070675,1497.8439538724053,LSTM
2025-03-14 22:00:00,1433.4378275,1500.7686154795133,LSTM
2025-03-14 23:00:00,1505.39916875,1502.5836362906343,LSTM
2025-03-15 00:00:00,1369.49832825,1499.3337118287932,LSTM
2025-03-15 01:00:00,1517.80560525,1494.3113800459291,LSTM
2025-03-15 02:00:00,1429.38918075,1486.7336391871547,LSTM
2025-03-15 03:00:00,1369.34714,1481.8165253022219,LSTM
2025-03-15 04:00:00,1544.6629155,1480.6683754316134,LSTM
2025-03-15 05:00:00,1525.59090375,1483.3551499464052,LSTM
2025-03-15 06:00:00,1463.90055375,1483.0051157370879,LSTM
2025-03-15 07:00:00,1582.0130675,1482.5189597956607,LSTM
2025-03-15 08:00:00,1507.42368175,1486.2671361527757,LSTM
2025-03-15 09:00:00,1383.77899025,1484.6011539107067,LSTM
2025-03-15 10:00:00,1377.62487625,1482.6811324942387,LSTM
2025-03-15 11:00:00,1508.75907725,1476.847357771594,LSTM
2025-03-15 12:00:00,1580.113624,1475.4816738807106,LSTM
2025-03-15 13:00:00,1414.8232835,1473.7702774885709,LSTM
2025-03-15 14:00:00,1663.0502925,1474.8300375647034,LSTM
2025-03-15 15:00:00,1619.348778,1474.9225559182764,LSTM
2025-03-15 16:00:00,1299.45600875,1476.7234768550534,LSTM
2025-03-15 17:00:00,1483.17794475,1480.6908531422546,LSTM
2025-03-15 18:00:00,1792.40414,1480.4860910971988,LSTM
2025-03-15 19:00:00,1371.1466895,1482.8202721789053,LSTM
2025-03-15 20:00:00,1448.162644,1485.180359365357,LSTM
2025-03-15 21:00:00,1501.4843445,1480.3413983798282,LSTM
2025-03-15 22:00:00,1470.00546375,1481.7457362070559,LSTM
2025-03-15 23:00:00,1482.12897425,1483.9388944017005,LSTM
2025-03-16 00:00:00,1445.43948275,1486.4158849983821,LSTM
2025-03-16 01:00:00,1497.995018,1485.7550741066032,LSTM
2025-03-16 02:00:00,1457.6602585,1488.9979486312723,LSTM
2025-03-16 03:00:00,1453.39839825,1493.2930021352518,LSTM
2025-03-16 04:00:00,1478.284691,1489.2853060018954,LSTM
2025-03-16 05:00:00,1423.3963195,1491.6184006206813,LSTM
2025-03-16 06:00:00,1444.008158,1490.8076578458936,LSTM
2025-03-16 07:00:00,1658.4385925,1486.4693872613045,LSTM
2025-03-16 08:00:00,1403.9098655,1484.2544515210118,LSTM
2025-03-16 09:00:00,1510.5490220000002,1483.6716245232938,LSTM
2025-03-16 10:00:00,1379.06698775,1478.384268218725,LSTM
2025-03-16 11:00:00,1494.745364,1478.7595807986559,LSTM
2025-03-16 12:00:00,1187.832105075,1477.9267707547747,LSTM
2025-03-16 13:00:00,1473.3645115,1479.7669250747865,LSTM
2025-03-16 14:00:00,1523.23509525,1475.8958094023285,LSTM
2025-03-16 15:00:00,1408.8574205,1475.1567490366635,LSTM
2025-03-16 16:00:00,1411.5071225000002,1477.205021364974,LSTM
2025-03-16 17:00:00,1530.86243025,1481.283844604183,LSTM
2025-03-16 18:00:00,1670.1602384999999,1481.0159952788854,LSTM
2025-03-16 19:00:00,1508.403325,1481.4777903072763,LSTM
2025-03-16 20:00:00,1439.53100625,1487.260525416285,LSTM
2025-03-16 21:00:00,1644.35148175,1488.1673598004727,LSTM
2025-03-16 22:00:00,1416.7259895,1487.9350257408603,LSTM
2025-03-16 23:00:00,1489.9912955,1490.4474350287455,LSTM
2025-03-17 00:00:00,1435.215449,1491.683177954355,LSTM
2025-03-17 01:00:00,1467.48784175,1497.7316377500613,LSTM
2025-03-17 02:00:00,1213.7578488,1500.212153315329,LSTM
2025-03-17 03:00:00,1410.7495525,1505.1332026103955,LSTM
2025-03-17 04:00:00,1433.66043025,1499.2567419667912,LSTM
2025-03-17 05:00:00,1427.7470935,1503.7404054337442,LSTM
2025-03-17 06:00:00,1429.813794,1502.6874538585791,LSTM
2025-03-17 07:00:00,1607.86088875,1503.1131541743937,LSTM
2025-03-17 08:00:00,1511.8072625,1500.5209019336728,LSTM
2025-03-17 09:00:00,1393.21422475,1500.34779217503,LSTM
2025-03-17 10:00:00,1481.09497375,1501.4142158904074,LSTM
2025-03-17 11:00:00,1392.63033325,1497.1226390677728,LSTM
2025-03-17 12:00:00,1582.6802595,1500.3308433534723,LSTM
2025-03-17 13:00:00,1432.35644675,1500.2130224856653,LSTM
2025-03-17 14:00:00,1444.8595335,1498.9006718523608,LSTM
2025-03-17 15:00:00,1610.98178875,1496.7918714675766,LSTM
2025-03-17 16:00:00,1558.0178185,1497.773840798612,LSTM
2025-03-17 17:00:00,1572.182825,1497.9701767201298,LSTM
2025-03-17 18:00:00,1696.7918972499997,1496.2502817735908,LSTM
2025-03-17 19:00:00,1456.2787355,1496.7728462946602,LSTM
2025-03-17 20:00:00,1529.2542555,1501.3640937343484,LSTM
2025-03-17 21:00:00,1451.15199375,1504.9237325593515,LSTM
2025-03-17 22:00:00,1464.97347525,1507.4132295514275,LSTM
2025-03-17 23:00:00,1551.12414425,1508.7430601659394,LSTM
2025-03-18 00:00:00,1327.56252575,1509.1742169399763,LSTM
2025-03-18 01:00:00,1538.1493375,1504.3130921108723,LSTM
2025-03-18 02:00:00,1446.80004175,1501.894577362926,LSTM
2025-03-18 03:00:00,1584.11956375,1503.9597260819326,LSTM
2025-03-18 04:00:00,1465.07772325,1503.67772859505,LSTM
2025-03-18 05:00:00,1557.12590025,1502.61009769865,LSTM
2025-03-18 06:00:00,1348.86496925,1499.4725859336347,LSTM
2025-03-18 07:00:00,1338.6407945,1502.5340452942253,LSTM
2025-03-18 08:00:00,1728.8360702500001,1498.766047024719,LSTM
2025-03-18 09:00:00,1534.3521505,1496.9643052048468,LSTM
2025-03-18 10:00:00,1494.7021845,1500.1067905556752,LSTM
2025-03-18 11:00:00,1598.82071375,1499.5535153493906,LSTM
2025-03-18 12:00:00,1421.36162125,1500.924148682467,LSTM
2025-03-18 13:00:00,1480.082225,1500.0250885440646,LSTM
2025-03-18 14:00:00,1782.954672,1499.9837546658505,LSTM
2025-03-18 15:00:00,1539.05955425,1499.644874809182,LSTM
2025-03-18 16:00:00,1457.22552575,1502.6945037957512,LSTM
2025-03-18 17:00:00,1465.5339305,1499.5714299157662,LSTM
2025-03-18 18:00:00,1507.5475445,1498.6743012670004,LSTM
2025-03-18 19:00:00,1579.813245,1496.0642793216264,LSTM
2025-03-18 20:00:00,1457.892348,1500.3518965905068,LSTM
2025-03-18 21:00:00,1369.7914065,1501.0441424761148,LSTM
2025-03-18 22:00:00,1525.14276725,1504.9928798883268,LSTM
2025-03-18 23:00:00,1489.2572145,1503.516835508356,LSTM
2025-03-19 00:00:00,1576.93552375,1501.3883822165235,LSTM
2025-03-19 01:00:00,1565.662905,1501.0714730544667,LSTM
2025-03-19 02:00:00,1595.55805,1500.7467896466244,LSTM
2025-03-19 03:00:00,1477.987856,1501.4552117579353,LSTM
2025-03-19 04:00:00,1361.717976,1502.2044365878107,LSTM
2025-03-19 05:00:00,1432.0193517500002,1500.9635993582858,LSTM
2025-03-19 06:00:00,1551.44629125,1498.832345406481,LSTM
2025-03-19 07:00:00,1545.48736075,1498.791349538953,LSTM
2025-03-19 08:00:00,1610.67289425,1496.7802342425184,LSTM
2025-03-19 09:00:00,1498.017662,1498.1353190840234,LSTM
2025-03-19 10:00:00,1627.1250304999999,1500.8068589743098,LSTM
2025-03-19 11:00:00,1543.22090625,1499.2372339214658,LSTM
2025-03-19 12:00:00,1513.33162075,1497.3695317305178,LSTM
2025-03-19 13:00:00,1533.684636,1498.4031201220803,LSTM
2025-03-19 14:00:00,1359.85313375,1498.7747387280817,LSTM
2025-03-19 15:00:00,1562.66765425,1498.617322322733,LSTM
2025-03-19 16:00:00,1647.32422975,1496.8365854526542,LSTM
2025-03-19 17:00:00,1503.13393425,1496.6855429631046,LSTM
2025-03-19 18:00:00,1326.3654995,1499.4565545696544,LSTM
2025-03-19 19:00:00,1466.990973,1497.1800525972083,LSTM
2025-03-19 20:00:00,1690.9544909999997,1494.8970318472402,LSTM
2025-03-19 21:00:00,1306.0088595,1498.1758803663834,LSTM
2025-03-19 22:00:00,1505.98445175,1496.508811661394,LSTM
2025-03-19 23:00:00,1458.63047425,1495.968211855847,LSTM
2025-03-20 00:00:00,1379.9846105,1494.8870605319935,LSTM
2025-03-20 01:00:00,1704.5115212500002,1499.7058133072037,LSTM
2025-03-20 02:00:00,1482.4752575,1500.001138072576,LSTM
2025-03-20 03:00:00,1541.0844485,1499.3643259395267,LSTM
2025-03-20 04:00:00,1388.02547775,1499.515465003558,LSTM
2025-03-20 05:00:00,1521.91730075,1496.341303222696,LSTM
2025-03-20 06:00:00,1450.24237075,1494.376181523223,LSTM
2025-03-20 07:00:00,1391.7172275,1494.8500000745992,LSTM
2025-03-20 08:00:00,1444.83993525,1492.6876732832723,LSTM
2025-03-20 09:00:00,1695.29967,1495.9250430624782,LSTM
2025-03-20 10:00:00,1575.65272575,1495.1253097786166,LSTM
2025-03-20 11:00:00,1492.06054625,1497.8138709213217,LSTM
2025-03-20 12:00:00,1534.88902375,1503.782415333331,LSTM
2025-03-20 13:00:00,1382.1346125,1504.2993785344554,LSTM
2025-03-20 14:00:00,1379.818606,1503.5004178464485,LSTM
2025-03-20 15:00:00,1465.47515775,1496.1052751891546,LSTM
2025-03-20 16:00:00,1232.31826215,1490.6215105322065,LSTM
2025-03-20 17:00:00,1314.15848175,1487.7341749623179,LSTM
2025-03-20 18:00:00,1581.722822,1487.202025423929,LSTM
2025-03-20 19:00:00,1608.6366605,1492.5937787433331,LSTM
2025-03-20 20:00:00,1234.57371775,1497.1643109566735,LSTM
2025-03-20 21:00:00,1426.08016175,1498.5781130831183,LSTM
2025-03-20 22:00:00,1551.2707685,1500.5348086590534,LSTM
2025-03-20 23:00:00,1667.3773550000003,1499.4073015839317,LSTM
2025-03-21 00:00:00,1445.01905625,1501.5003603281812,LSTM
2025-03-21 01:00:00,1538.5008445,1512.7576613747453,LSTM
2025-03-21 02:00:00,1442.97150975,1511.82320668876,LSTM
2025-03-21 03:00:00,1411.186341,1509.3161331409947,LSTM
2025-03-21 04:00:00,1598.537793,1507.0664305872508,LSTM
2025-03-21 05:00:00,1534.5332175,1506.8331066392,LSTM
2025-03-21 06:00:00,1551.91827075,1503.9419563772797,LSTM
2025-03-21 07:00:00,1544.20262825,1499.6588298218035,LSTM
2025-03-21 08:00:00,1420.76371325,1498.4251391039327,LSTM
2025-03-21 09:00:00,1670.43474125,1498.0465671352408,LSTM
2025-03-21 10:00:00,1531.487329,1495.7202568738019,LSTM
2025-03-21 11:00:00,1463.88629275,1498.9837259067167,LSTM
2025-03-21 12:00:00,1425.81028525,1501.3341556449875,LSTM
2025-03-21 13:00:00,1458.6852365,1502.9417344691826,LSTM
2025-03-21 14:00:00,1335.6959832500002,1503.063901188671,LSTM
2025-03-21 15:00:00,1330.60346625,1501.5056236374396,LSTM
2025-03-21 16:00:00,1629.3240639999997,1495.9475932039807,LSTM
2025-03-21 17:00:00,1426.811914,1493.9809021691783,LSTM
2025-03-21 18:00:00,1376.78490525,1491.6015000863647,LSTM
2025-03-21 19:00:00,1350.240783075,1488.255556445985,LSTM
2025-03-21 20:00:00,1500.89621675,1487.8138971970513,LSTM
2025-03-21 21:00:00,1470.57993235,1485.3021880741592,LSTM
2025-03-21 22:00:00,1538.5007735,1489.2448412940173,LSTM
2025-03-21 23:00:00,1599.5572405,1490.0261288518532,LSTM
2025-03-22 00:00:00,1770.1219549999996,1492.3050934735852,LSTM
2025-03-22 01:00:00,1465.307526125,1492.4241215224151,LSTM
2025-03-22 02:00:00,1340.985468,1495.520613276282,LSTM
2025-03-22 03:00:00,1543.8713435,1494.1391394576226,LSTM
2025-03-22 04:00:00,1515.535011,1491.9613848928266,LSTM
2025-03-22 05:00:00,1627.8019335,1494.137183824366,LSTM
2025-03-22 06:00:00,1495.8702675,1493.9011557908245,LSTM
2025-03-22 07:00:00,1437.75572875,1493.8711452706023,LSTM
2025-03-22 08:00:00,1465.4698285,1490.8233029119467,LSTM
2025-03-22 09:00:00,1495.73234175,1490.1640372118766,LSTM
2025-03-22 10:00:00,1588.521743,1489.1608456384638,LSTM
2025-03-22 11:00:00,1518.238341,1489.3615998425246,LSTM
2025-03-22 12:00:00,1560.8991665,1488.7707088755753,LSTM
2025-03-22 13:00:00,1582.78712725,1490.2441940317783,LSTM
2025-03-22 14:00:00,1440.52315825,1489.2828192089887,LSTM
2025-03-22 15:00:00,1464.98405025,1485.4405793065916,LSTM
2025-03-22 16:00:00,1746.08030825,1483.3494520519785,LSTM
2025-03-22 17:00:00,1577.1544235,1481.3533782310858,LSTM
2025-03-22 18:00:00,1539.38045525,1481.2109067267968,LSTM
2025-03-22 19:00:00,1548.34445975,1483.7669193932188,LSTM
2025-03-22 20:00:00,1320.062481,1487.2274969435061,LSTM
2025-03-22 21:00:00,1450.242158,1488.14799661687,LSTM
2025-03-22 22:00:00,1405.80607725,1488.2006538530763,LSTM
2025-03-22 23:00:00,1555.34707825,1485.7732542528038,LSTM
2025-03-23 00:00:00,1275.52035175,1484.548327669157,LSTM
2025-03-23 01:00:00,1504.31660825,1487.908057316815,LSTM
2025-03-23 02:00:00,1493.24877175,1490.3271032244113,LSTM
2025-03-23 03:00:00,1395.15361675,1490.3601558408106,LSTM
2025-03-23 04:00:00,1547.54501425,1489.9126055484865,LSTM
2025-03-23 05:00:00,1429.94193225,1486.6690308588243,LSTM
2025-03-23 06:00:00,1528.73988875,1488.152052745106,LSTM
2025-03-23 07:00:00,1400.8652155,1486.672579971031,LSTM
2025-03-23 08:00:00,1433.47861225,1488.5080262850545,LSTM
2025-03-23 09:00:00,1730.985511,1488.2270428302309,LSTM
2025-03-23 10:00:00,1519.430227,1484.4257746517412,LSTM
2025-03-23 11:00:00,1541.92420125,1486.8366600156246,LSTM
2025-03-23 12:00:00,1395.294979,1483.6910359941373,LSTM
2025-03-23 13:00:00,1501.1416415,1480.8615002516112,LSTM
2025-03-23 14:00:00,1597.8797165,1476.6529774833327,LSTM
2025-03-23 15:00:00,1359.84630575,1475.2624980942446,LSTM
2025-03-23 16:00:00,1721.95302075,1479.7832703058327,LSTM
2025-03-23 17:00:00,1433.0783135,1480.2256538633799,LSTM
2025-03-23 18:00:00,1535.557701,1486.6443802223425,LSTM
2025-03-23 19:00:00,1477.50056325,1489.0237340179153,LSTM
2025-03-23 20:00:00,1666.7328115,1490.1994800467005,LSTM
2025-03-23 21:00:00,1483.980366,1492.029300897159,LSTM
2025-03-23 22:00:00,1498.04173,1492.482307647705,LSTM
2025-03-23 23:00:00,1349.266980275,1493.6097181483449,LSTM
2025-03-24 00:00:00,1654.2608837500004,1495.9027343571802,LSTM
2025-03-24 01:00:00,1488.97446875,1497.3177195210274,LSTM
2025-03-24 02:00:00,1264.4650235,1499.4573271655088,LSTM
2025-03-24 03:00:00,1444.2150255,1502.5183519409313,LSTM
2025-03-24 04:00:00,1480.734584,1504.4980805307778,LSTM
2025-03-24 05:00:00,1606.49576225,1498.6373132404674,LSTM
2025-03-24 06:00:00,1414.806747,1503.2310716166826,LSTM
2025-03-24 07:00:00,1453.63993625,1502.3922256676885,LSTM
2025-03-24 08:00:00,1471.97639925,1501.6285146655418,LSTM
2025-03-24 09:00:00,1574.402829,1502.1555216127742,LSTM
2025-03-24 10:00:00,1265.7226927,1500.2510245442572,LSTM
2025-03-24 11:00:00,1425.74845325,1500.5974854977474,LSTM
2025-03-24 12:00:00,1317.686314,1495.3950905935505,LSTM
2025-03-24 13:00:00,1396.51524825,1490.890518751286,LSTM
2025-03-24 14:00:00,1691.0367024999998,1489.6606910126875,LSTM
2025-03-24 15:00:00,1468.174408,1485.8336133039345,LSTM
2025-03-24 16:00:00,1631.8363889999998,1493.6627375388582,LSTM
2025-03-24 17:00:00,1533.1203527500002,1496.968699343769,LSTM
2025-03-24 18:00:00,1525.73093225,1499.1711769759083,LSTM
2025-03-24 19:00:00,1528.21877375,1502.8401381143192,LSTM
2025-03-24 20:00:00,1421.0052925,1506.960584955188,LSTM
2025-03-24 21:00:00,1443.55967775,1513.0092378998581,LSTM
2025-03-24 22:00:00,1488.03530625,1511.9074196368977,LSTM
2025-03-24 23:00:00,1802.5711727499997,1505.5645042461551,LSTM
2025-03-25 00:00:00,1419.2616425,1497.5204293583447,LSTM
2025-03-25 01:00:00,1482.92910175,1494.6164588339643,LSTM
2025-03-25 02:00:00,1620.508873,1495.354287874986,LSTM
2025-03-25 03:00:00,1517.1485175,1493.5298510518887,LSTM
2025-03-25 04:00:00,1395.522797,1493.6298297841818,LSTM
2025-03-25 05:00:00,1603.41783275,1495.8921111641812,LSTM
2025-03-25 06:00:00,1464.1945735,1499.3166181455128,LSTM
2025-03-25 07:00:00,1553.00274,1499.2607980950272,LSTM
2025-03-25 08:00:00,1557.16656125,1496.428365118047,LSTM
2025-03-25 09:00:00,1553.33988575,1495.7912874051724,LSTM
2025-03-25 10:00:00,1437.45705975,1496.2672788823893,LSTM
2025-03-25 11:00:00,1511.732502,1495.9179689816856,LSTM
2025-03-25 12:00:00,1527.03804275,1496.1410077474238,LSTM
2025-03-25 13:00:00,1424.32857125,1496.4027728803676,LSTM
2025-03-25 14:00:00,1563.56916225,1499.5685809685529,LSTM
2025-03-25 15:00:00,1567.96012825,1498.0459876883501,LSTM
2025-03-25 16:00:00,1433.79654325,1499.8539585622989,LSTM
2025-03-25 17:00:00,1372.8468847499998,1498.0817202466194,LSTM
2025-03-25 18:00:00,1653.4799597500003,1496.4137823712938,LSTM
2025-03-25 19:00:00,1564.359098,1498.414950496102,LSTM
2025-03-25 20:00:00,1340.2595325,1501.5756884239922,LSTM
2025-03-25 21:00:00,1506.20559775,1505.2950614419076,LSTM
2025-03-25 22:00:00,1613.20347725,1503.7180967284462,LSTM
2025-03-25 23:00:00,1322.12423025,1505.9073436565775,LSTM
2025-03-26 00:00:00,1444.20193775,1508.4670985841697,LSTM
2025-03-26 01:00:00,1470.8870875,1505.27864378,LSTM
2025-03-26 02:00:00,1567.82460125,1502.0601543119878,LSTM
2025-03-26 03:00:00,1420.495151,1498.201762327508,LSTM
2025-03-26 04:00:00,1362.42194675,1499.8217992598566,LSTM
2025-03-26 05:00:00,1391.3041965,1497.8975527098094,LSTM
2025-03-26 06:00:00,1416.67715525,1493.2904670551043,LSTM
2025-03-26 07:00:00,1560.7036585,1495.4013920784885,LSTM
2025-03-26 08:00:00,1454.127591,1495.8567649038391,LSTM
2025-03-26 09:00:00,1538.12285925,1495.6519545715423,LSTM
2025-03-26 10:00:00,1335.4020845,1496.4790667209968,LSTM
2025-03-26 11:00:00,1450.5491135,1493.5958597102053,LSTM
2025-03-26 12:00:00,1567.83978275,1490.4882618909303,LSTM
2025-03-26 13:00:00,1371.28026625,1494.5460077494845,LSTM
2025-03-26 14:00:00,1555.46152425,1494.1477104428832,LSTM
2025-03-26 15:00:00,1550.85156075,1493.6028613601366,LSTM
2025-03-26 16:00:00,1548.31339725,1495.588094695446,LSTM
2025-03-26 17:00:00,1311.559268,1497.6382502261517,LSTM
2025-03-26 18:00:00,1612.64777475,1501.2608556132946,LSTM
2025-03-26 19:00:00,1466.1524585,1502.0339343401765,LSTM
2025-03-26 20:00:00,1419.089147,1501.5459917708358,LSTM
2025-03-26 21:00:00,1371.16558925,1501.8402059296675,LSTM
2025-03-26 22:00:00,1449.46583375,1501.0684309582898,LSTM
2025-03-26 23:00:00,1243.7693412,1499.1377622052023,LSTM
2025-03-27 00:00:00,1543.82143875,1497.8576674488222,LSTM
2025-03-27 01:00:00,1423.28839625,1502.3812161767623,LSTM
2025-03-27 02:00:00,1606.36663475,1499.6329961479196,LSTM
2025-03-27 03:00:00,1341.05469525,1499.1973486604786,LSTM
2025-03-27 04:00:00,1703.8597137499999,1497.974667433534,LSTM
2025-03-27 05:00:00,1472.531225,1497.8403806165784,LSTM
2025-03-27 06:00:00,1625.16105,1500.8887541348838,LSTM
2025-03-27 07:00:00,1519.79707225,1498.2294792037874,LSTM
2025-03-27 08:00:00,1526.94020875,1500.617959287891,LSTM
2025-03-27 09:00:00,1304.17630675,1498.6235996640505,LSTM
2025-03-27 10:00:00,1364.92217175,1495.9079976664389,LSTM
2025-03-27 11:00:00,1559.0851915,1493.2422763886816,LSTM
2025-03-27 12:00:00,1463.27834375,1489.4810624765223,LSTM
2025-03-27 13:00:00,1448.891971,1490.5235357204112,LSTM
2025-03-27 14:00:00,1456.07573825,1491.3382139053326,LSTM
2025-03-27 15:00:00,1596.539582,1491.8421878386537,LSTM
2025-03-27 16:00:00,1608.84544275,1498.5102212224065,LSTM
2025-03-27 17:00:00,1480.52447275,1502.2104724929238,LSTM
2025-03-27 18:00:00,1500.847623,1503.9690455194273,LSTM
2025-03-27 19:00:00,1385.1343804,1504.0600669685323,LSTM
2025-03-27 20:00:00,1509.6929255,1498.6538274768568,LSTM
2025-03-27 21:00:00,1481.14113125,1493.750016726793,LSTM
2025-03-27 22:00:00,1411.0930735,1494.6127648600352,LSTM
2025-03-27 23:00:00,1534.5172295,1493.8561279386809,LSTM
2025-03-28 00:00:00,1422.416578,1491.3783888897651,LSTM
2025-03-28 01:00:00,1486.63378925,1499.1313882894028,LSTM
2025-03-28 02:00:00,1393.91372375,1502.1002810091795,LSTM
2025-03-28 03:00:00,1559.5369535,1503.6066497764384,LSTM
2025-03-28 04:00:00,1566.5876605,1503.042171930264,LSTM
2025-03-28 05:00:00,1696.38243925,1502.772535977053,LSTM
2025-03-28 06:00:00,1432.1539134999998,1502.4529710167465,LSTM
2025-03-28 07:00:00,1428.327687,1503.2460406613632,LSTM
2025-03-28 08:00:00,1319.8164705,1502.4586689111732,LSTM
2025-03-28 09:00:00,1560.52882725,1503.6606349117696,LSTM
2025-03-28 10:00:00,1346.0115505,1501.333479623615,LSTM
2025-03-28 11:00:00,1455.9579515,1499.9071711017757,LSTM
2025-03-28 12:00:00,1629.75535175,1498.8430168867208,LSTM
2025-03-28 13:00:00,1380.549553,1497.3572184840873,LSTM
2025-03-28 14:00:00,1621.16971125,1499.8797922361828,LSTM
2025-03-28 15:00:00,1385.94126325,1496.1848525621651,LSTM
2025-03-28 16:00:00,1539.346201,1495.2887620890785,LSTM
2025-03-28 17:00:00,1565.9749945,1494.1682325202676,LSTM
2025-03-28 18:00:00,1339.50607025,1495.3496281562389,LSTM
2025-03-28 19:00:00,1408.9822789999998,1496.5500489651265,LSTM
2025-03-28 20:00:00,1660.9908692500003,1493.113325311846,LSTM
2025-03-28 21:00:00,1535.0651205,1493.1787062360308,LSTM
2025-03-28 22:00:00,1516.78469875,1497.6232811814714,LSTM
2025-03-28 23:00:00,1698.1901609999998,1503.5098821456656,LSTM
2025-03-29 00:00:00,1565.44448075,1509.8403394282548,LSTM
2025-03-29 01:00:00,1520.769695,1507.1794227309676,LSTM
2025-03-29 02:00:00,1414.1128245,1503.3057719783621,LSTM
2025-03-29 03:00:00,1583.281517,1500.8230834872536,LSTM
2025-03-29 04:00:00,1543.2314675,1496.5005062559583,LSTM
2025-03-29 05:00:00,1592.600165,1494.8629169115413,LSTM
2025-03-29 06:00:00,1546.70482925,1496.3344947217283,LSTM
2025-03-29 07:00:00,1485.52227775,1494.6003791827432,LSTM
2025-03-29 08:00:00,1626.7011715,1492.5978590151897,LSTM
2025-03-29 09:00:00,1632.7542435,1487.6882055089766,LSTM
2025-03-29 10:00:00,1464.3161085000002,1488.5949674623032,LSTM
2025-03-29 11:00:00,1392.522402,1487.623162595478,LSTM
2025-03-29 12:00:00,1448.05678475,1487.1600396679626,LSTM
2025-03-29 13:00:00,1466.8943095,1483.8458931757182,LSTM
2025-03-29 14:00:00,1545.2435785,1482.3618331137573,LSTM
2025-03-29 15:00:00,1440.8689825,1479.5802948886903,LSTM
2025-03-29 16:00:00,1397.657852,1479.1605821907478,LSTM
2025-03-29 17:00:00,1389.01974325,1477.8815497536675,LSTM
2025-03-29 18:00:00,1485.31156225,1477.719449485951,LSTM
2025-03-29 19:00:00,1363.82555275,1477.9144816519645,LSTM
2025-03-29 20:00:00,1478.6968225,1478.7817687858515,LSTM
2025-03-29 21:00:00,1617.3721765,1479.4535650249363,LSTM
2025-03-29 22:00:00,1348.961385,1479.9663513797225,LSTM
2025-03-29 23:00:00,1431.365245,1484.6866706143487,LSTM
2025-03-30 00:00:00,1426.95113,1484.316597200056,LSTM
2025-03-30 01:00:00,1378.7198707500002,1486.194874296762,LSTM
2025-03-30 02:00:00,1659.7741622499998,1492.520744291465,LSTM
2025-03-30 03:00:00,1600.18881025,1488.90173630377,LSTM
2025-03-30 04:00:00,1492.62675575,1488.7031308819294,LSTM
2025-03-30 05:00:00,1584.66083375,1490.8398412919566,LSTM
2025-03-30 06:00:00,1555.17806425,1492.1181252768029,LSTM
2025-03-30 07:00:00,1579.2446135,1495.5871048070076,LSTM
2025-03-30 08:00:00,1414.88281425,1493.815180358394,LSTM
2025-03-30 09:00:00,1519.091798,1495.2504703070413,LSTM
2025-03-30 10:00:00,1421.56697875,1490.142814969499,LSTM
2025-03-30 11:00:00,1452.27881475,1488.964582147807,LSTM
2025-03-30 12:00:00,1463.0009335,1486.8460518839804,LSTM
2025-03-30 13:00:00,1579.91925075,1484.3559030141523,LSTM
2025-03-30 14:00:00,1522.69545675,1483.5602258585268,LSTM
2025-03-30 15:00:00,1587.10943225,1487.508914983498,LSTM
2025-03-30 16:00:00,1572.010855,1485.7222870700289,LSTM
2025-03-30 17:00:00,1543.318895,1484.303680363114,LSTM
2025-03-30 18:00:00,1569.06984675,1482.7242530003664,LSTM
2025-03-30 19:00:00,1508.21118575,1484.968281803304,LSTM
2025-03-30 20:00:00,1507.620308,1486.3776415035857,LSTM
2025-03-30 21:00:00,1698.50120925,1484.1561628421505,LSTM
2025-03-30 22:00:00,1496.8111795,1486.7288104630643,LSTM
2025-03-30 23:00:00,1674.8715555,1490.2995553534754,LSTM
2025-03-31 00:00:00,1465.2308015,1491.9741327244253,LSTM
2025-03-31 01:00:00,1229.53191775,1498.6616500098833,LSTM
2025-03-31 02:00:00,1686.46777925,1501.0876009929289,LSTM
2025-03-31 03:00:00,1508.85802725,1497.875050855548,LSTM
2025-03-31 04:00:00,1409.0386865,1501.3015134701361,LSTM
2025-03-31 05:00:00,1338.52690025,1500.8076315701642,LSTM
2025-03-31 06:00:00,1593.2162405,1496.2473362518956,LSTM
2025-03-31 07:00:00,1415.61503275,1492.5545453600982,LSTM
2025-03-31 08:00:00,1380.1349595,1498.01662904588,LSTM
2025-03-31 09:00:00,1305.63027325,1497.604787168205,LSTM
2025-03-31 10:00:00,1726.7591832499998,1494.396776031469,LSTM
2025-03-31 11:00:00,1435.64011425,1489.2223877269967,LSTM
2025-03-31 12:00:00,1326.084663825,1495.092015726013,LSTM
2025-03-31 13:00:00,1349.673993,1494.8717776202473,LSTM
2025-03-31 14:00:00,1595.15512725,1489.1120272379092,LSTM
2025-03-31 15:00:00,1355.242759225,1491.0352838995177,LSTM
2025-03-31 16:00:00,1483.890823,1497.084105849531,LSTM
2025-03-31 17:00:00,1628.4772570000002,1496.7913885951675,LSTM
2025-03-31 18:00:00,1556.1288439999998,1501.46240655683,LSTM
2025-03-31 19:00:00,1540.59299175,1505.139431664472,LSTM
2025-03-31 20:00:00,1587.323768,1501.228696310852,LSTM
2025-03-31 21:00:00,1573.936257,1502.5485314664966,LSTM
2025-03-31 22:00:00,1504.965948,1509.1919383573882,LSTM
2025-03-31 23:00:00,1633.4813885000003,1513.2563719988077,LSTM
2025-04-01 00:00:00,1419.36417775,1516.182385648661,LSTM
2025-04-01 01:00:00,1608.94608625,1513.286551524373,LSTM
2025-04-01 02:00:00,1510.025541,1507.5676521478404,LSTM
2025-04-01 03:00:00,1581.6088425,1507.589574555211,LSTM
2025-04-01 04:00:00,1468.3167575,1503.7477450943616,LSTM
2025-04-01 05:00:00,1453.3391944999998,1507.3915002930205,LSTM
2025-04-01 06:00:00,1365.610947,1508.2460878825495,LSTM
2025-04-01 07:00:00,1577.54750025,1507.323415283345,LSTM
2025-04-01 08:00:00,1659.81991025,1504.0518098503376,LSTM
2025-04-01 09:00:00,1275.86112075,1502.6635033870905,LSTM
2025-04-01 10:00:00,1584.40947325,1508.2060094725987,LSTM
2025-04-01 11:00:00,1486.610614,1501.92094219646,LSTM
2025-04-01 12:00:00,1502.2348005,1497.938210566651,LSTM
2025-04-01 13:00:00,1593.27962425,1494.017021025375,LSTM
2025-04-01 14:00:00,1388.58122325,1492.6707003180943,LSTM
2025-04-01 15:00:00,1178.2676175,1489.960192624398,LSTM
2025-04-01 16:00:00,1366.9044135,1488.884546046008,LSTM
2025-04-01 17:00:00,1461.034562,1489.028852465451,LSTM
2025-04-01 18:00:00,1480.9363695,1492.2696023515205,LSTM
2025-04-01 19:00:00,1584.4889535,1498.9950251210885,LSTM
2025-04-01 20:00:00,1395.369024,1505.323212903355,LSTM
2025-04-01 21:00:00,1403.2606002500002,1507.2042423727926,LSTM
2025-04-01 22:00:00,1617.3527175,1507.295022385693,LSTM
2025-04-01 23:00:00,1362.66027175,1509.1842123988436,LSTM
2025-04-02 00:00:00,1564.18713775,1510.5678349997231,LSTM
2025-04-02 01:00:00,1517.80542775,1508.5526152878117,LSTM
2025-04-02 02:00:00,1615.9592935,1506.8824561994045,LSTM
2025-04-02 03:00:00,1579.47806025,1506.0281583333208,LSTM
2025-04-02 04:00:00,1591.681976,1504.989210058018,LSTM
2025-04-02 05:00:00,1420.92313875,1504.711510135576,LSTM
2025-04-02 06:00:00,1678.9317374999998,1502.5642731070316,LSTM
2025-04-02 07:00:00,1540.58667475,1501.164474280449,LSTM
2025-04-02 08:00:00,1453.25887625,1506.0749969569981,LSTM
2025-04-02 09:00:00,1618.14801975,1501.6359026134003,LSTM
2025-04-02 10:00:00,1604.98276325,1505.1069343513434,LSTM
2025-04-02 11:00:00,1612.88849675,1503.2716811862833,LSTM
2025-04-02 12:00:00,1572.92073425,1501.5407284615774,LSTM
2025-04-02 13:00:00,1558.80342175,1499.319998252376,LSTM
2025-04-02 14:00:00,1477.23544375,1497.9922922764642,LSTM
2025-04-02 15:00:00,1457.69193025,1497.4724318408855,LSTM
2025-04-02 16:00:00,1447.3290875,1498.5517482495845,LSTM
2025-04-02 17:00:00,1615.3655885,1498.9453858374386,LSTM
2025-04-02 18:00:00,1519.9662765,1499.2645644998177,LSTM
2025-04-02 19:00:00,1361.64626475,1499.715277606421,LSTM
2025-04-02 20:00:00,1401.36983875,1499.6416878512823,LSTM
2025-04-02 21:00:00,1419.081835,1496.7982453833758,LSTM
2025-04-02 22:00:00,1643.8016870000001,1498.7008592494979,LSTM
2025-04-02 23:00:00,1477.116431,1497.6370913323701,LSTM
2025-04-03 00:00:00,1342.7963685,1502.2789438005263,LSTM
2025-04-03 01:00:00,1651.80904975,1504.694271590573,LSTM
2025-04-03 02:00:00,1653.01881625,1503.1568541274123,LSTM
2025-04-03 03:00:00,1602.8033145,1500.6651842094957,LSTM
2025-04-03 04:00:00,1424.34481775,1503.118658919857,LSTM
2025-04-03 05:00:00,1526.2276405,1507.7056570823456,LSTM
2025-04-03 06:00:00,1565.88673425,1506.1736960774072,LSTM
2025-04-03 07:00:00,1413.488327,1505.9397926824654,LSTM
2025-04-03 08:00:00,1583.98264725,1503.4033604922301,LSTM
2025-04-03 09:00:00,1444.39100775,1500.4594805632423,LSTM
2025-04-03 10:00:00,1509.422177,1498.974454756463,LSTM
2025-04-03 11:00:00,1381.3452495,1496.0463647552508,LSTM
2025-04-03 12:00:00,1503.62230125,1495.4799312758198,LSTM
2025-04-03 13:00:00,1472.90637975,1493.5426471707285,LSTM
2025-04-03 14:00:00,1430.14328275,1491.8682870923626,LSTM
2025-04-03 15:00:00,1513.42035775,1490.8055332072938,LSTM
2025-04-03 16:00:00,1536.314834,1489.5320538029177,LSTM
2025-04-03 17:00:00,1348.38042875,1494.7511319488472,LSTM
2025-04-03 18:00:00,1485.39780425,1494.7275677752857,LSTM
2025-04-03 19:00:00,1450.95698075,1495.754371809501,LSTM
2025-04-03 20:00:00,1532.3342385,1502.0986392429888,LSTM
2025-04-03 21:00:00,1629.8192027500002,1506.1694950874485,LSTM
2025-04-03 22:00:00,1449.7166445,1510.3090153884746,LSTM
2025-04-03 23:00:00,1564.7347185,1511.1870705770832,LSTM
2025-04-04 00:00:00,1600.24237075,1510.5859910023032,LSTM
2025-04-04 01:00:00,1456.98658025,1516.9476418425165,LSTM
2025-04-04 02:00:00,1463.33041425,1516.732908482214,LSTM
2025-04-04 03:00:00,1622.9810115,1513.7077611267835,LSTM
2025-04-04 04:00:00,1340.85439075,1513.209050502721,LSTM
2025-04-04 05:00:00,1356.00866675,1508.9694307513,LSTM
2025-04-04 06:00:00,1506.5480245,1504.897657449263,LSTM
2025-04-04 07:00:00,1561.20736625,1499.9795053886508,LSTM
2025-04-04 08:00:00,1537.3573345,1497.8814730585882,LSTM
2025-04-04 09:00:00,1407.4171295,1496.3341084238011,LSTM
2025-04-04 10:00:00,1498.86241375,1492.506209831953,LSTM
2025-04-04 11:00:00,1333.65410975,1491.4629639922096,LSTM
2025-04-04 12:00:00,1568.90875425,1487.7480334004574,LSTM
2025-04-04 13:00:00,1420.046571,1483.1684231858271,LSTM
2025-04-04 14:00:00,1502.337402,1485.4497297387431,LSTM
2025-04-04 15:00:00,1417.42435025,1486.2926076723527,LSTM
2025-04-04 16:00:00,1605.82939875,1488.801709284236,LSTM
2025-04-04 17:00:00,1432.23492275,1490.2052986592296,LSTM
2025-04-04 18:00:00,1441.99883575,1490.9018662528986,LSTM
2025-04-04 19:00:00,1520.69688225,1488.0301033182016,LSTM
2025-04-04 20:00:00,1496.41113925,1490.1676104677035,LSTM
2025-04-04 21:00:00,1561.06856675,1491.3956032911476,LSTM
2025-04-04 22:00:00,1520.5554225,1495.2070117902272,LSTM
2025-04-04 23:00:00,1550.61929625,1495.5713390228523,LSTM
2025-04-05 00:00:00,1403.59702325,1500.502552782129,LSTM
2025-04-05 01:00:00,1468.563455,1498.6525720085933,LSTM
2025-04-05 02:00:00,1566.95386775,1497.6490665681144,LSTM
2025-04-05 03:00:00,1587.00726525,1496.879174799132,LSTM
2025-04-05 04:00:00,1437.06132045,1496.3932120066684,LSTM
2025-04-05 05:00:00,1613.899836,1493.4325281178455,LSTM
2025-04-05 06:00:00,1271.299080475,1495.6840897303643,LSTM
2025-04-05 07:00:00,1355.08662775,1496.143953269119,LSTM
2025-04-05 08:00:00,1454.00086325,1488.8174992120119,LSTM
2025-04-05 09:00:00,1651.8184847499997,1485.9754087868507,LSTM
2025-04-05 10:00:00,1689.7468957500002,1483.6337190391835,LSTM
2025-04-05 11:00:00,1509.38660975,1482.699674794746,LSTM
2025-04-05 12:00:00,1494.69247475,1484.076706187242,LSTM
2025-04-05 13:00:00,1651.6641604999998,1485.7421572696612,LSTM
2025-04-05 14:00:00,1565.8075185,1482.2758093940856,LSTM
2025-04-05 15:00:00,1489.93048375,1482.4147317861682,LSTM
2025-04-05 16:00:00,1571.80447025,1481.735233732159,LSTM
2025-04-05 17:00:00,1532.478244,1481.765075247038,LSTM
2025-04-05 18:00:00,1460.2371925,1479.6278095337404,LSTM
2025-04-05 19:00:00,1498.03605925,1481.339664654669,LSTM
2025-04-05 20:00:00,1588.94496875,1484.9278895262873,LSTM
2025-04-05 21:00:00,1064.324425325,1486.6339501783073,LSTM
2025-04-05 22:00:00,1687.99654675,1489.9358799986026,LSTM
2025-04-05 23:00:00,1485.873002,1485.0116437456363,LSTM
2025-04-06 00:00:00,1383.412336,1488.726598481009,LSTM
2025-04-06 01:00:00,1563.95412725,1484.5266708416113,LSTM
2025-04-06 02:00:00,1503.74591325,1490.7041782886351,LSTM
2025-04-06 03:00:00,1413.3789055,1492.2562026421695,LSTM
2025-04-06 04:00:00,1569.2702735,1492.8058563053862,LSTM
2025-04-06 05:00:00,1689.90426825,1489.1491842697853,LSTM
2025-04-06 06:00:00,1393.90919675,1492.0331880200517,LSTM
2025-04-06 07:00:00,1633.9969395000003,1491.567409294286,LSTM
2025-04-06 08:00:00,1432.5708925,1490.7011844796991,LSTM
2025-04-06 09:00:00,1581.90548475,1489.6405069459893,LSTM
2025-04-06 10:00:00,1590.5825735,1487.123341364875,LSTM
2025-04-06 11:00:00,1712.854762,1486.3400498865415,LSTM
2025-04-06 12:00:00,1529.7594315,1488.921606503402,LSTM
2025-04-06 13:00:00,1411.2921415,1487.8912533569803,LSTM
2025-04-06 14:00:00,1424.08495875,1489.0649471780273,LSTM
2025-04-06 15:00:00,1519.97822775,1487.4651667432383,LSTM
2025-04-06 16:00:00,1596.09343225,1486.699862262142,LSTM
2025-04-06 17:00:00,1418.43882675,1487.9036873215132,LSTM
2025-04-06 18:00:00,1483.698375,1490.4611968924034,LSTM
2025-04-06 19:00:00,1480.0128,1488.932277983642,LSTM
2025-04-06 20:00:00,1485.77215325,1491.94021093769,LSTM
2025-04-06 21:00:00,1386.07578575,1490.0045444551688,LSTM
2025-04-06 22:00:00,1443.415275,1494.1778416812076,LSTM
2025-04-06 23:00:00,1549.53934575,1495.5693109587341,LSTM
2025-04-07 00:00:00,1481.64592625,1494.2552702719981,LSTM
2025-04-07 01:00:00,1372.4199805,1501.7085749109617,LSTM
2025-04-07 02:00:00,1395.1242925,1499.9749663880057,LSTM
2025-04-07 03:00:00,1431.0398875,1494.4993622747706,LSTM
2025-04-07 04:00:00,1296.6915385,1497.6080224133455,LSTM
2025-04-07 05:00:00,1410.9776362500002,1500.0394781418543,LSTM
2025-04-07 06:00:00,1394.5045395,1499.6980873486589,LSTM
2025-04-07 07:00:00,1488.030128,1499.9932189650676,LSTM
2025-04-07 08:00:00,1405.0190855,1500.0055804987392,LSTM
2025-04-07 09:00:00,1492.901628,1499.4949912134143,LSTM
2025-04-07 10:00:00,1509.53429775,1499.5845157580513,LSTM
2025-04-07 11:00:00,1394.270183,1497.6368498961656,LSTM
2025-04-07 12:00:00,1508.987695,1499.5990502175637,LSTM
2025-04-07 13:00:00,1388.38620275,1497.591121879029,LSTM
2025-04-07 14:00:00,1352.50723325,1499.1158880850726,LSTM
2025-04-07 15:00:00,1618.65458125,1495.088442470186,LSTM
2025-04-07 16:00:00,1729.86536575,1493.911175393312,LSTM
2025-04-07 17:00:00,1523.09303375,1491.2570189097517,LSTM
2025-04-07 18:00:00,1655.52323725,1493.5221975242055,LSTM
2025-04-07 19:00:00,1441.824492,1501.1484912037095,LSTM
2025-04-07 20:00:00,1495.16638025,1503.9907264905935,LSTM
2025-04-07 21:00:00,1412.1362475,1505.649586364629,LSTM
2025-04-07 22:00:00,1563.19280625,1505.6921757111068,LSTM
2025-04-07 23:00:00,1163.4572485,1505.7137601077911,LSTM
2025-04-08 00:00:00,1544.382908,1505.6245735738405,LSTM
2025-04-08 01:00:00,1662.1948514999997,1497.429649345444,LSTM
2025-04-08 02:00:00,1549.24263725,1497.195842524984,LSTM
2025-04-08 03:00:00,1600.09191875,1498.4211312629377,LSTM
2025-04-08 04:00:00,1421.6456565,1496.2151286622122,LSTM
2025-04-08 05:00:00,1685.16432575,1496.8109932149748,LSTM
2025-04-08 06:00:00,1599.7282645,1495.0529754917416,LSTM
2025-04-08 07:00:00,1354.04254,1497.9054235300769,LSTM
2025-04-08 08:00:00,1614.46025525,1498.9993709727698,LSTM
2025-04-08 09:00:00,1451.38324225,1494.47797102705,LSTM
2025-04-08 10:00:00,1521.46974975,1493.1787786668922,LSTM
2025-04-08 11:00:00,1541.59022225,1494.9084276360938,LSTM
2025-04-08 12:00:00,1490.93287725,1493.9582554531942,LSTM
2025-04-08 13:00:00,1499.3333755,1494.4278005837502,LSTM
2025-04-08 14:00:00,1474.4119895,1495.9108466136522,LSTM
2025-04-08 15:00:00,1549.905675,1495.8879826050838,LSTM
2025-04-08 16:00:00,1477.23363725,1498.0984276319723,LSTM
2025-04-08 17:00:00,1322.2865308,1496.4717270603792,LSTM
2025-04-08 18:00:00,1210.69150755,1493.6246871930255,LSTM
2025-04-08 19:00:00,1453.99774725,1497.9267182033157,LSTM
2025-04-08 20:00:00,1567.30433375,1498.4945761563536,LSTM
2025-04-08 21:00:00,1498.07715325,1502.913631294976,LSTM
2025-04-08 22:00:00,1527.374995,1506.880717858732,LSTM
2025-04-08 23:00:00,1377.39894825,1506.709105004557,LSTM
2025-04-09 00:00:00,1505.916942,1506.3902160656232,LSTM
2025-04-09 01:00:00,1565.8704305,1505.270531523528,LSTM
2025-04-09 02:00:00,1569.1214175,1502.411733713014,LSTM
2025-04-09 03:00:00,1565.07108375,1497.122011333641,LSTM
2025-04-09 04:00:00,1695.7591840000002,1499.5884753118055,LSTM
2025-04-09 05:00:00,1536.3551195,1497.556741363505,LSTM
2025-04-09 06:00:00,1565.95569225,1498.638472134249,LSTM
2025-04-09 07:00:00,1378.123057,1499.0224522739222,LSTM
2025-04-09 08:00:00,1765.5489102499998,1498.4718811531284,LSTM
2025-04-09 09:00:00,1383.38399975,1496.4949049360134,LSTM
2025-04-09 10:00:00,1611.21002825,1497.7087013106316,LSTM
2025-04-09 11:00:00,1475.12109375,1497.270784322868,LSTM
2025-04-09 12:00:00,1401.363806,1494.957656478196,LSTM
2025-04-09 13:00:00,1470.751133,1493.0731020401724,LSTM
2025-04-09 14:00:00,1696.84011175,1491.8289812782662,LSTM
2025-04-09 15:00:00,1530.8342605,1489.3911757775786,LSTM
2025-04-09 16:00:00,1416.354653,1494.0793598533828,LSTM
2025-04-09 17:00:00,1525.16422175,1495.580948183792,LSTM
2025-04-09 18:00:00,1428.35082075,1499.5084150663859,LSTM
2025-04-09 19:00:00,1548.43369875,1500.8478548418377,LSTM
2025-04-09 20:00:00,1520.537458,1503.2819663685962,LSTM
2025-04-09 21:00:00,1585.5001015,1507.1123034661102,LSTM
2025-04-09 22:00:00,1540.42575025,1507.1385717251624,LSTM
2025-04-09 23:00:00,1498.971633,1507.6865353349474,LSTM
2025-04-10 00:00:00,1458.050219,1508.4894555767085,LSTM
2025-04-10 01:00:00,1406.8568605,1511.6250358520876,LSTM
2025-04-10 02:00:00,1390.6137455,1510.2067430122386,LSTM
2025-04-10 03:00:00,1531.51209675,1505.7131323736594,LSTM
2025-04-10 04:00:00,1531.2866545,1506.3136325015487,LSTM
2025-04-10 05:00:00,1561.091809,1503.0276857579927,LSTM
2025-04-10 06:00:00,1522.939255,1501.4955316040907,LSTM
2025-04-10 07:00:00,1324.693760575,1502.266485692373,LSTM
2025-04-10 08:00:00,1381.553562,1500.5253926470768,LSTM
2025-04-10 09:00:00,1573.03225975,1497.17160233005,LSTM
2025-04-10 10:00:00,1426.76813225,1494.7523874171106,LSTM
2025-04-10 11:00:00,1410.43161035,1493.3465043981741,LSTM
2025-04-10 12:00:00,1511.0304725,1492.0172049433122,LSTM
2025-04-10 13:00:00,1565.28729375,1498.066751201939,LSTM
2025-04-10 14:00:00,1373.4243625,1496.4089053599623,LSTM
2025-04-10 15:00:00,1198.0298384,1491.3865252898577,LSTM
2025-04-10 16:00:00,1536.477057,1486.9633898793786,LSTM
2025-04-10 17:00:00,1379.757621,1486.0884009305673,LSTM
2025-04-10 18:00:00,1359.14622075,1482.3329090564553,LSTM
2025-04-10 19:00:00,1697.743146,1480.9967769570055,LSTM
2025-04-10 20:00:00,1397.98567275,1487.299927804863,LSTM
2025-04-10 21:00:00,1385.3809965,1494.7949284763476,LSTM
2025-04-10 22:00:00,1405.1863795,1494.4501817199093,LSTM
2025-04-10 23:00:00,1555.490134,1496.634744785673,LSTM
2025-04-11 00:00:00,1586.025805,1495.2573512388701,LSTM
2025-04-11 01:00:00,1573.93073675,1501.9766656724637,LSTM
2025-04-11 02:00:00,1490.71712475,1503.2338722766551,LSTM
2025-04-11 03:00:00,1576.94905325,1505.0451266829855,LSTM
2025-04-11 04:00:00,1378.0636949999998,1506.9150983742559,LSTM
2025-04-11 05:00:00,1593.00653375,1506.6950051302128,LSTM
2025-04-11 06:00:00,1392.06426775,1503.1427542530682,LSTM
2025-04-11 07:00:00,1355.059770275,1501.5316504602872,LSTM
2025-04-11 08:00:00,1544.46931125,1497.2461578300067,LSTM
2025-04-11 09:00:00,1359.54986275,1495.0448632352698,LSTM
2025-04-11 10:00:00,1444.01424125,1496.8292457920368,LSTM
2025-04-11 11:00:00,1431.829767,1494.0972261325176,LSTM
2025-04-11 12:00:00,1657.9078799999997,1493.1921783762432,LSTM
2025-04-11 13:00:00,1493.82129325,1493.3614251556137,LSTM
2025-04-11 14:00:00,1501.18997475,1492.527576936053,LSTM
2025-04-11 15:00:00,1568.72124125,1494.8398114667684,LSTM
2025-04-11 16:00:00,1543.61484875,1494.0466452476699,LSTM
2025-04-11 17:00:00,1485.6208875,1497.226842933645,LSTM
2025-04-11 18:00:00,1534.28406775,1497.3195061489407,LSTM
2025-04-11 19:00:00,1517.6831465,1499.108113839287,LSTM
2025-04-11 20:00:00,1468.43017975,1502.5264641974031,LSTM
2025-04-11 21:00:00,1658.5286829999998,1504.5413941858692,LSTM
2025-04-11 22:00:00,1657.243948,1503.0314038755423,LSTM
2025-04-11 23:00:00,1574.50053225,1508.0396116404415,LSTM
2025-04-12 00:00:00,1379.2615135,1504.6296632622427,LSTM
2025-04-12 01:00:00,1479.0840469999998,1497.6557302073593,LSTM
2025-04-12 02:00:00,1666.68880525,1492.5602191109047,LSTM
2025-04-12 03:00:00,1403.44450075,1492.859600004513,LSTM
2025-04-12 04:00:00,1439.88851825,1495.4922928094913,LSTM
2025-04-12 05:00:00,1737.4398687500002,1494.237065982177,LSTM
2025-04-12 06:00:00,1550.51063,1492.2123336838076,LSTM
2025-04-12 07:00:00,1533.77302475,1494.4394619524287,LSTM
2025-04-12 08:00:00,1479.41875325,1496.1837419556243,LSTM
2025-04-12 09:00:00,1459.43264475,1494.0067841303032,LSTM
2025-04-12 10:00:00,1442.35193525,1490.7279356111603,LSTM
2025-04-12 11:00:00,1380.219231,1485.4001145987136,LSTM
2025-04-12 12:00:00,1484.568698,1480.067271713213,LSTM
2025-04-12 13:00:00,1582.9238945,1476.0865198602812,LSTM
2025-04-12 14:00:00,1375.97922625,1477.5887359248222,LSTM
2025-04-12 15:00:00,1530.62820925,1481.459682591937,LSTM
2025-04-12 16:00:00,1688.76477525,1478.2645158612818,LSTM
2025-04-12 17:00:00,1387.26520425,1475.7348438847732,LSTM
2025-04-12 18:00:00,1517.17688125,1479.6535949203835,LSTM
2025-04-12 19:00:00,1463.3689705,1482.9602568902876,LSTM
2025-04-12 20:00:00,1522.83607075,1483.6265483839093,LSTM
2025-04-12 21:00:00,1506.31531725,1484.057753445187,LSTM
2025-04-12 22:00:00,1460.4466035,1488.767063188887,LSTM
2025-04-12 23:00:00,1457.64312125,1490.7638613183933,LSTM
2025-04-13 00:00:00,1309.980163,1486.3437438604708,LSTM
2025-04-13 01:00:00,1472.294218,1484.1679932161721,LSTM
2025-04-13 02:00:00,1583.636818,1489.4049617848568,LSTM
2025-04-13 03:00:00,1416.47279575,1491.8773168064117,LSTM
2025-04-13 04:00:00,1606.07395825,1493.0093628821785,LSTM
2025-04-13 05:00:00,1505.75103575,1489.7427793222253,LSTM
2025-04-13 06:00:00,1486.543609,1491.9828244277883,LSTM
2025-04-13 07:00:00,1454.94246325,1491.3753709372088,LSTM
2025-04-13 08:00:00,1460.12422425,1494.106062697603,LSTM
2025-04-13 09:00:00,1439.639562,1490.755797349162,LSTM
2025-04-13 10:00:00,1508.8540245,1486.494448339334,LSTM
2025-04-13 11:00:00,1410.1310075,1483.3442853172016,LSTM
2025-04-13 12:00:00,1440.025395,1482.2242144771792,LSTM
2025-04-13 13:00:00,1537.49310225,1480.6568347810373,LSTM
2025-04-13 14:00:00,1393.5206045,1477.6495295611212,LSTM
2025-04-13 15:00:00,1321.3418135,1478.029115561872,LSTM
2025-04-13 16:00:00,1550.77144125,1479.6866475367826,LSTM
2025-04-13 17:00:00,1629.1835284999997,1482.6581719111884,LSTM
2025-04-13 18:00:00,1491.49994625,1486.4580639033122,LSTM
2025-04-13 19:00:00,1421.36219975,1486.4464508218748,LSTM
2025-04-13 20:00:00,1691.6347735,1489.259086030084,LSTM
2025-04-13 21:00:00,1705.1836619999997,1487.150406363402,LSTM
2025-04-13 22:00:00,1484.18982975,1489.8366980057847,LSTM
2025-04-13 23:00:00,1448.58105075,1490.1115972682544,LSTM
2025-04-14 00:00:00,1465.7692025,1490.5121640751781,LSTM
2025-04-14 01:00:00,1612.562237,1496.18296935977,LSTM
2025-04-14 02:00:00,1553.9973245,1499.5751480333158,LSTM
2025-04-14 03:00:00,1422.31130925,1502.2111485142964,LSTM
2025-04-14 04:00:00,1683.5792592499997,1504.5233347577707,LSTM
2025-04-14 05:00:00,1382.632599,1500.8981701468601,LSTM
2025-04-14 06:00:00,1486.12118125,1505.2987312722164,LSTM
2025-04-14 07:00:00,1517.083226,1501.3185105789346,LSTM
2025-04-14 08:00:00,1512.80663125,1503.2841875816778,LSTM
2025-04-14 09:00:00,1512.33019075,1501.6544932011484,LSTM
2025-04-14 10:00:00,1508.3529735,1499.6766478136974,LSTM
2025-04-14 11:00:00,1340.7713885,1497.925655884016,LSTM
2025-04-14 12:00:00,1519.5273435,1493.7734601822524,LSTM
2025-04-14 13:00:00,1619.02155775,1494.4624225354787,LSTM
2025-04-14 14:00:00,1590.58795125,1497.456014178978,LSTM
2025-04-14 15:00:00,1462.45824475,1495.3009787610274,LSTM
2025-04-14 16:00:00,1523.3111235,1500.0759350087371,LSTM
2025-04-14 17:00:00,1285.78064385,1500.1831809707862,LSTM
2025-04-14 18:00:00,1343.84963725,1504.9117573236072,LSTM
2025-04-14 19:00:00,1427.3821355,1498.9721369688996,LSTM
2025-04-14 20:00:00,1581.530722,1501.6139319187887,LSTM
2025-04-14 21:00:00,1364.061206,1502.570115863181,LSTM
2025-04-14 22:00:00,1319.331068625,1502.9676164303073,LSTM
2025-04-14 23:00:00,1482.1691655,1499.995102167463,LSTM
2025-04-15 00:00:00,1557.1081785,1495.2988541224277,LSTM
2025-04-15 01:00:00,1631.3895425000003,1494.3563354672115,LSTM
2025-04-15 02:00:00,1585.4021595,1495.3848536984788,LSTM
2025-04-15 03:00:00,1566.1046310000002,1497.1100843851377,LSTM
2025-04-15 04:00:00,1489.2923785,1502.1095521594332,LSTM
2025-04-15 05:00:00,1398.548458,1503.452034031062,LSTM
2025-04-15 06:00:00,1441.12018725,1504.2838300428841,LSTM
2025-04-15 07:00:00,1534.06036075,1504.3502732863687,LSTM
2025-04-15 08:00:00,1567.32959375,1502.3121654222687,LSTM
2025-04-15 09:00:00,1623.3325825,1497.690786744256,LSTM
2025-04-15 10:00:00,1567.8327465,1502.8501818604275,LSTM
2025-04-15 11:00:00,1502.995042,1505.8387757744931,LSTM
2025-04-15 12:00:00,1431.8743654999998,1504.533378503879,LSTM
2025-04-15 13:00:00,1526.1368175,1503.6845370960175,LSTM
2025-04-15 14:00:00,1496.188493,1500.2912961031716,LSTM
2025-04-15 15:00:00,1364.1515399999998,1498.1786327391148,LSTM
2025-04-15 16:00:00,1370.164309,1499.6616787690168,LSTM
2025-04-15 17:00:00,1628.45507225,1502.9117963798217,LSTM
2025-04-15 18:00:00,1513.4675745,1504.420579509126,LSTM
2025-04-15 19:00:00,1507.8318065,1500.6196010540818,LSTM
2025-04-15 20:00:00,1408.51637625,1501.9642075643103,LSTM
2025-04-15 21:00:00,1532.1036825,1503.9141429265187,LSTM
2025-04-15 22:00:00,1590.222009,1505.5755137370813,LSTM
2025-04-15 23:00:00,1260.81590225,1503.9646513805048,LSTM
2025-04-16 00:00:00,1380.6116675,1503.0341562482738,LSTM
2025-04-16 01:00:00,1611.38078425,1497.8362279138605,LSTM
2025-04-16 02:00:00,1475.1594135,1495.7549995436327,LSTM
2025-04-16 03:00:00,1561.55632525,1492.4800381473826,LSTM
2025-04-16 04:00:00,1591.13859675,1494.6391055499485,LSTM
2025-04-16 05:00:00,1226.9230085,1498.4752612599916,LSTM
2025-04-16 06:00:00,1589.4227335,1497.895138347764,LSTM
2025-04-16 07:00:00,1451.96809075,1496.2534687314906,LSTM
2025-04-16 08:00:00,1578.52536975,1496.8826031932363,LSTM
2025-04-16 09:00:00,1365.5144745,1495.20075859253,LSTM
2025-04-16 10:00:00,1526.20286275,1495.7278862578648,LSTM
2025-04-16 11:00:00,1735.8698635000003,1493.3483876005694,LSTM
2025-04-16 12:00:00,1377.287444,1493.3054360997849,LSTM
2025-04-16 13:00:00,1517.23581575,1493.2512336718694,LSTM
2025-04-16 14:00:00,1245.35224515,1489.9662043858907,LSTM
2025-04-16 15:00:00,1483.9016695,1487.0299055537246,LSTM
2025-04-16 16:00:00,1626.72517025,1488.9771368304423,LSTM
2025-04-16 17:00:00,1738.354564,1490.2175877620398,LSTM
2025-04-16 18:00:00,1450.4183935,1495.0556795772322,LSTM
2025-04-16 19:00:00,1732.3406925,1500.2781619736456,LSTM
2025-04-16 20:00:00,1395.63370825,1503.1376358055325,LSTM
2025-04-16 21:00:00,1291.551042,1505.0162509129245,LSTM
2025-04-16 22:00:00,1601.74224975,1500.0599519319978,LSTM
2025-04-16 23:00:00,1441.3518395,1503.525334062755,LSTM
2025-04-17 00:00:00,1427.5223892499998,1506.515376594048,LSTM
2025-04-17 01:00:00,1572.46262475,1509.779497504715,LSTM
2025-04-17 02:00:00,1463.5152255,1506.4101104088759,LSTM
2025-04-17 03:00:00,1594.3886065,1502.8528859459182,LSTM
2025-04-17 04:00:00,1472.97196775,1502.3837271132893,LSTM
2025-04-17 05:00:00,1647.40003075,1502.6337584466933,LSTM
2025-04-17 06:00:00,1534.4683485,1501.877290530682,LSTM
2025-04-17 07:00:00,1462.4571885,1503.8612201104872,LSTM
2025-04-17 08:00:00,1403.36339825,1500.9564528466321,LSTM
2025-04-17 09:00:00,1374.58929275,1496.8566729448705,LSTM
2025-04-17 10:00:00,1484.3190745,1493.6718155401481,LSTM
2025-04-17 11:00:00,1527.55207375,1492.2336283570464,LSTM
2025-04-17 12:00:00,1478.309574,1489.8409231393637,LSTM
2025-04-17 13:00:00,1429.58562,1488.4426936481107,LSTM
2025-04-17 14:00:00,1480.56295175,1486.007568089293,LSTM
2025-04-17 15:00:00,1362.33971575,1488.1788280201874,LSTM
2025-04-17 16:00:00,1714.40394725,1488.8208310316343,LSTM
2025-04-17 17:00:00,1473.903731,1491.8990702084393,LSTM
2025-04-17 18:00:00,1606.688584,1497.6116922436543,LSTM
2025-04-17 19:00:00,1431.51828275,1497.0126890202332,LSTM
2025-04-17 20:00:00,1535.593668,1498.3964564828354,LSTM
2025-04-17 21:00:00,1543.3134895,1499.149061419574,LSTM
2025-04-17 22:00:00,1497.370817,1497.2961834115838,LSTM
2025-04-17 23:00:00,1601.05122875,1499.0784654733716,LSTM
2025-04-18 00:00:00,1479.96264925,1501.3272988567792,LSTM
2025-04-18 01:00:00,1558.47724225,1506.828567638555,LSTM
2025-04-18 02:00:00,1407.22357925,1505.8810753975256,LSTM
2025-04-18 03:00:00,1272.70514675,1502.5314860704573,LSTM
2025-04-18 04:00:00,1485.64689075,1501.6886805677088,LSTM
2025-04-18 05:00:00,1469.050649,1498.8508394197474,LSTM
2025-04-18 06:00:00,1506.90111525,1497.350796281047,LSTM
2025-04-18 07:00:00,1372.7394935,1496.7767092739325,LSTM
2025-04-18 08:00:00,1558.9085169999998,1495.7110098671687,LSTM
2025-04-18 09:00:00,1563.984484,1496.2073061291858,LSTM
2025-04-18 10:00:00,1343.29741475,1498.6114312793425,LSTM
2025-04-18 11:00:00,1415.5636734999998,1499.2054609169506,LSTM
2025-04-18 12:00:00,1368.82545825,1495.180526238591,LSTM
2025-04-18 13:00:00,1516.05157525,1490.5636141303619,LSTM
2025-04-18 14:00:00,1517.764854,1489.1311489853074,LSTM
2025-04-18 15:00:00,1503.04871725,1489.8153309016843,LSTM
2025-04-18 16:00:00,1416.667901,1491.1618447579287,LSTM
2025-04-18 17:00:00,1366.2075335,1490.1230654879691,LSTM
2025-04-18 18:00:00,1557.86960025,1494.171829919715,LSTM
2025-04-18 19:00:00,1487.13191375,1495.3540947260226,LSTM
2025-04-18 20:00:00,1473.5941185,1498.4608716622022,LSTM
2025-04-18 21:00:00,1546.10573175,1501.3670875432845,LSTM
2025-04-18 22:00:00,1693.09656675,1503.7763311409772,LSTM
2025-04-18 23:00:00,1413.84483375,1505.4047700532428,LSTM
2025-04-19 00:00:00,1509.1075075,1506.95961921037,LSTM
2025-04-19 01:00:00,1631.5899405,1500.354793824961,LSTM
2025-04-19 02:00:00,1475.5282035,1501.1873141453968,LSTM
2025-04-19 03:00:00,1646.6934455,1499.2733044904214,LSTM
2025-04-19 04:00:00,1525.544243,1493.3110615633502,LSTM
2025-04-19 05:00:00,1600.11986025,1493.429872319596,LSTM
2025-04-19 06:00:00,1608.7543405,1491.898852915855,LSTM
2025-04-19 07:00:00,1425.3073095,1491.474890940713,LSTM
2025-04-19 08:00:00,1576.83325025,1490.7550730405485,LSTM
2025-04-19 09:00:00,1590.29504475,1487.6671039847013,LSTM
2025-04-19 10:00:00,1389.5717245,1489.7614664844552,LSTM
2025-04-19 11:00:00,1678.8758839999998,1489.243127096965,LSTM
2025-04-19 12:00:00,1458.976378,1487.9016592573953,LSTM
2025-04-19 13:00:00,1474.619211,1490.0128498606045,LSTM
2025-04-19 14:00:00,1570.42509775,1491.7095186442682,LSTM
2025-04-19 15:00:00,1559.6248165,1489.365728401622,LSTM
2025-04-19 16:00:00,1460.68583075,1485.8931273283492,LSTM
2025-04-19 17:00:00,1459.6529285,1486.472574219204,LSTM
2025-04-19 18:00:00,1496.90186075,1484.300155394528,LSTM
2025-04-19 19:00:00,1570.21227275,1481.9714549146643,LSTM
2025-04-19 20:00:00,1456.853713,1481.2774465447633,LSTM
2025-04-19 21:00:00,1580.3476175,1483.4389765966155,LSTM
2025-04-19 22:00:00,1500.15909225,1486.3344727102171,LSTM
2025-04-19 23:00:00,1427.326668,1487.3453419549337,LSTM
2025-04-20 00:00:00,1643.56796975,1488.79231741588,LSTM
2025-04-20 01:00:00,1481.903444,1487.891398218703,LSTM
2025-04-20 02:00:00,1556.26700675,1491.114136963915,LSTM
2025-04-20 03:00:00,1683.44929375,1489.1785429122554,LSTM
2025-04-20 04:00:00,1424.16826925,1491.4352954031713,LSTM
2025-04-20 05:00:00,1371.6002039999998,1490.6816281471326,LSTM
2025-04-20 06:00:00,1573.98010975,1490.2458840852098,LSTM
2025-04-20 07:00:00,1447.70858175,1490.6927342125407,LSTM
2025-04-20 08:00:00,1605.23243225,1490.9828439558955,LSTM
2025-04-20 09:00:00,1596.7656965,1486.280560005747,LSTM
2025-04-20 10:00:00,1335.900551,1485.850248258426,LSTM
2025-04-20 11:00:00,1589.75995525,1485.97857160113,LSTM
2025-04-20 12:00:00,1539.6612015,1480.2761140301252,LSTM
2025-04-20 13:00:00,1433.44243975,1481.0917821034852,LSTM
2025-04-20 14:00:00,1469.2850825,1481.0927961355442,LSTM
2025-04-20 15:00:00,1573.626354,1481.0145949488992,LSTM
2025-04-20 16:00:00,1557.6104105,1477.6434212251468,LSTM
2025-04-20 17:00:00,1542.19010975,1474.6188291729868,LSTM
2025-04-20 18:00:00,1414.734937,1477.8026242584092,LSTM
2025-04-20 19:00:00,1518.79475775,1482.0605690177536,LSTM
2025-04-20 20:00:00,1402.7916165,1483.6882353341648,LSTM
2025-04-20 21:00:00,1550.7001487500002,1482.0278302684203,LSTM
2025-04-20 22:00:00,1521.060743,1484.6456747468205,LSTM
2025-04-20 23:00:00,1588.299875,1486.6757186416896,LSTM
2025-04-21 00:00:00,1477.284003,1489.412977466847,LSTM
2025-04-21 01:00:00,1423.2730877499998,1496.0497207184937,LSTM
2025-04-21 02:00:00,1514.490005,1499.1330300555937,LSTM
2025-04-21 03:00:00,1480.468924,1498.5940961598578,LSTM
2025-04-21 04:00:00,1532.40634775,1502.4349115886482,LSTM
2025-04-21 05:00:00,1312.215414,1504.8921527037999,LSTM
2025-04-21 06:00:00,1559.08742225,1499.9838995275732,LSTM
2025-04-21 07:00:00,1423.2948582499998,1497.0996543411022,LSTM
2025-04-21 08:00:00,1574.316532,1498.0862592472645,LSTM
2025-04-21 09:00:00,1352.9907085,1495.249383844121,LSTM
2025-04-21 10:00:00,1531.328767,1498.7344671691674,LSTM
2025-04-21 11:00:00,1465.846379,1498.1655468968297,LSTM
2025-04-21 12:00:00,1367.39693375,1497.2884091657982,LSTM
2025-04-21 13:00:00,1550.3847105,1496.2719144575162,LSTM
2025-04-21 14:00:00,1455.13154575,1494.4780193142908,LSTM
2025-04-21 15:00:00,1427.057811,1496.9355742965085,LSTM
2025-04-21 16:00:00,1683.9628665,1494.4722489890028,LSTM
2025-04-21 17:00:00,1470.080386,1501.7433417244129,LSTM
2025-04-21 18:00:00,1420.9857125,1508.222571996229,LSTM
2025-04-21 19:00:00,1602.0286082500002,1506.857395121375,LSTM
2025-04-21 20:00:00,1454.144446,1505.499895917825,LSTM
2025-04-21 21:00:00,1580.0543425,1507.304679833874,LSTM
2025-04-21 22:00:00,1517.1148815,1506.2349242988741,LSTM
2025-04-21 23:00:00,1533.9359255,1503.7269815807726,LSTM
2025-04-22 00:00:00,1517.413734,1507.7709897192894,LSTM
2025-04-22 01:00:00,1599.94841075,1500.3343200348177,LSTM
2025-04-22 02:00:00,1575.66771825,1499.2575145626456,LSTM
2025-04-22 03:00:00,1476.6239805,1498.7249545827092,LSTM
2025-04-22 04:00:00,1385.07056625,1500.6792840838398,LSTM
2025-04-22 05:00:00,1523.88964,1500.7600203506322,LSTM
2025-04-22 06:00:00,1521.43341375,1497.4541792638236,LSTM
2025-04-22 07:00:00,1702.159219,1497.879106983784,LSTM
2025-04-22 08:00:00,1389.845116,1500.6757108280128,LSTM
2025-04-22 09:00:00,1480.04424725,1504.165526302668,LSTM
2025-04-22 10:00:00,1442.7735025,1500.1062111087845,LSTM
2025-04-22 11:00:00,1494.3042425,1499.727445991129,LSTM
2025-04-22 12:00:00,1586.13451725,1497.643754971615,LSTM
2025-04-22 13:00:00,1525.38027525,1496.1113110942674,LSTM
2025-04-22 14:00:00,1492.2097680000002,1493.4980297601326,LSTM
2025-04-22 15:00:00,1439.4103125,1496.7462883121625,LSTM
2025-04-22 16:00:00,1551.659825,1496.3327563810558,LSTM
2025-04-22 17:00:00,1617.49304975,1499.8476812209813,LSTM
2025-04-22 18:00:00,1564.947758,1504.5271977370433,LSTM
2025-04-22 19:00:00,1562.17459375,1509.0003345854789,LSTM
2025-04-22 20:00:00,1519.78013525,1511.1702666172484,LSTM
2025-04-22 21:00:00,1583.969661,1508.7959346947298,LSTM
2025-04-22 22:00:00,1510.254443,1513.5260562392596,LSTM
2025-04-22 23:00:00,1540.229605,1517.046630686371,LSTM
2025-04-23 00:00:00,1603.1513865,1519.6523550673041,LSTM
2025-04-23 01:00:00,1483.60973275,1516.6588841419073,LSTM
2025-04-23 02:00:00,1492.76280675,1510.0894050168406,LSTM
2025-04-23 03:00:00,1556.846489,1507.2533022095515,LSTM
2025-04-23 04:00:00,1474.84336025,1505.2337366459587,LSTM
2025-04-23 05:00:00,1557.96306525,1503.6464384629437,LSTM
2025-04-23 06:00:00,1358.9683545,1504.1491569280013,LSTM
2025-04-23 07:00:00,1471.09744075,1504.7569484292671,LSTM
2025-04-23 08:00:00,1406.65949825,1499.9887765389044,LSTM
2025-04-23 09:00:00,1576.42391825,1497.8376765310877,LSTM
2025-04-23 10:00:00,1576.87625875,1495.9128988213906,LSTM
2025-04-23 11:00:00,1509.32323,1496.120244233835,LSTM
2025-04-23 12:00:00,1542.19651225,1497.3285358629898,LSTM
2025-04-23 13:00:00,1737.2282345,1498.8548955479835,LSTM
2025-04-23 14:00:00,1516.21360825,1500.373625848914,LSTM
2025-04-23 15:00:00,1403.6548847499998,1499.7259973739017,LSTM
2025-04-23 16:00:00,1662.37696625,1500.042182227345,LSTM
2025-04-23 17:00:00,1225.740877,1495.4627651616784,LSTM
2025-04-23 18:00:00,1423.3529565,1496.9113341015745,LSTM
2025-04-23 19:00:00,1316.93444025,1498.7091163676926,LSTM
2025-04-23 20:00:00,1595.251743,1497.873409089357,LSTM
2025-04-23 21:00:00,1422.50287675,1499.9679164508336,LSTM
2025-04-23 22:00:00,1499.14039825,1501.0502266684687,LSTM
2025-04-23 23:00:00,1399.62185525,1505.050921151894,LSTM
2025-04-24 00:00:00,1555.371962,1504.084983184839,LSTM
2025-04-24 01:00:00,1478.06464225,1505.1570565074023,LSTM
2025-04-24 02:00:00,1579.65833525,1501.9204593240509,LSTM
2025-04-24 03:00:00,1479.1802525,1501.4802728359648,LSTM
2025-04-24 04:00:00,1567.64578,1501.100155675564,LSTM
2025-04-24 05:00:00,1487.1846302499998,1500.038608971518,LSTM
2025-04-24 06:00:00,1608.30112675,1502.2110519398145,LSTM
2025-04-24 07:00:00,1391.0006475,1500.0104092228298,LSTM
2025-04-24 08:00:00,1684.295515,1498.9246223238495,LSTM
2025-04-24 09:00:00,1508.1256707500002,1497.7899687370739,LSTM
2025-04-24 10:00:00,1621.50837825,1497.0831883919539,LSTM
2025-04-24 11:00:00,1703.3992637500003,1497.3349097787893,LSTM
2025-04-24 12:00:00,1372.645071,1495.9401086816404,LSTM
2025-04-24 13:00:00,1457.61645425,1498.3518873594805,LSTM
2025-04-24 14:00:00,1421.87284075,1496.321070868757,LSTM
2025-04-24 15:00:00,1516.836891,1494.3189611427513,LSTM
2025-04-24 16:00:00,1690.36721425,1492.8483007901411,LSTM
2025-04-24 17:00:00,1612.677674,1494.6644080641825,LSTM
2025-04-24 18:00:00,1578.2709275,1494.992519866129,LSTM
2025-04-24 19:00:00,1513.6457915,1491.4562762093442,LSTM
2025-04-24 20:00:00,1269.175097975,1494.1278160996305,LSTM
2025-04-24 21:00:00,1367.07145,1497.0360117575901,LSTM
2025-04-24 22:00:00,1499.82964225,1498.6543103492659,LSTM
2025-04-24 23:00:00,1456.7794115,1501.7308836162595,LSTM
2025-04-25 00:00:00,1507.62797375,1505.047347896067,LSTM
2025-04-25 01:00:00,1558.57726125,1510.924581135526,LSTM
2025-04-25 02:00:00,1582.49108825,1510.4212832235776,LSTM
2025-04-25 03:00:00,1495.6020435,1509.6864962787329,LSTM
2025-04-25 04:00:00,1346.39498275,1509.942515230009,LSTM
2025-04-25 05:00:00,1433.7520925,1509.1135681654,LSTM
2025-04-25 06:00:00,1393.530223,1504.5694973600755,LSTM
2025-04-25 07:00:00,1533.9413395,1502.5996676546144,LSTM
2025-04-25 08:00:00,1529.28290725,1498.7583210661742,LSTM
2025-04-25 09:00:00,1372.8093045,1497.741391772724,LSTM
2025-04-25 10:00:00,1590.404855,1494.4321947226724,LSTM
2025-04-25 11:00:00,1391.3105245,1491.0699058512464,LSTM
2025-04-25 12:00:00,1416.22936975,1492.0953095554753,LSTM
2025-04-25 13:00:00,1729.4022775,1494.3322159903796,LSTM
2025-04-25 14:00:00,1309.21021875,1494.8965248312109,LSTM
2025-04-25 15:00:00,1711.0231014999997,1497.3409939711432,LSTM
2025-04-25 16:00:00,1314.52528225,1495.3323171803745,LSTM
2025-04-25 17:00:00,1639.32526175,1495.7133035111117,LSTM
2025-04-25 18:00:00,1549.2810115,1495.50875875864,LSTM
2025-04-25 19:00:00,1510.3717955,1498.3335864951775,LSTM
2025-04-25 20:00:00,1575.334444,1500.3287187148726,LSTM
2025-04-25 21:00:00,1684.8694595,1505.5467345415022,LSTM
2025-04-25 22:00:00,1360.016193,1510.8602142434002,LSTM
2025-04-25 23:00:00,1216.4392560249998,1505.4984955878385,LSTM
2025-04-26 00:00:00,1578.6603905,1500.0531917182711,LSTM
2025-04-26 01:00:00,1420.46559375,1489.4773443589727,LSTM
2025-04-26 02:00:00,1609.66583425,1492.038644478274,LSTM
2025-04-26 03:00:00,1361.2447385,1492.630597764523,LSTM
2025-04-26 04:00:00,1410.44216625,1497.3660550491727,LSTM
2025-04-26 05:00:00,1282.753942,1491.8969697134598,LSTM
2025-04-26 06:00:00,1509.710107,1488.9460398472997,LSTM
2025-04-26 07:00:00,1529.89252525,1483.200389339306,LSTM
2025-04-26 08:00:00,1573.23808725,1483.1835370922302,LSTM
2025-04-26 09:00:00,1561.07796725,1482.051998032493,LSTM
2025-04-26 10:00:00,1446.3838355,1482.2108871986895,LSTM
2025-04-26 11:00:00,1556.937552,1483.7661709409847,LSTM
2025-04-26 12:00:00,1543.89010225,1481.7075892867413,LSTM
2025-04-26 13:00:00,1486.47901825,1478.5834530874565,LSTM
2025-04-26 14:00:00,1235.6900868,1475.6466955265018,LSTM
2025-04-26 15:00:00,1579.34497025,1477.1182491930686,LSTM
2025-04-26 16:00:00,1568.64977025,1472.4863197529182,LSTM
2025-04-26 17:00:00,1462.643378,1473.2245350918672,LSTM
2025-04-26 18:00:00,1396.322821,1472.0373932742284,LSTM
2025-04-26 19:00:00,1378.3004105,1474.4886709151285,LSTM
2025-04-26 20:00:00,1411.051862,1476.2543904532859,LSTM
2025-04-26 21:00:00,1543.35917125,1480.9256739947734,LSTM
2025-04-26 22:00:00,1378.16311425,1485.060582864293,LSTM
2025-04-26 23:00:00,1532.1302385,1486.2189213427323,LSTM
2025-04-27 00:00:00,1384.3529565,1485.783467004255,LSTM
2025-04-27 01:00:00,1509.66306,1485.449681451502,LSTM
2025-04-27 02:00:00,1590.227927,1487.4674120999405,LSTM
2025-04-27 03:00:00,1615.46670025,1490.310637275263,LSTM
2025-04-27 04:00:00,1444.19013525,1494.5389095250716,LSTM
2025-04-27 05:00:00,1493.8256735,1494.709701496151,LSTM
2025-04-27 06:00:00,1320.53054225,1493.8780020588108,LSTM
2025-04-27 07:00:00,1517.28834425,1491.0590895092837,LSTM
2025-04-27 08:00:00,1411.735611,1486.9486139836617,LSTM
2025-04-27 09:00:00,1286.860628225,1488.7572850226038,LSTM
2025-04-27 10:00:00,1518.7159285,1487.505124435087,LSTM
2025-04-27 11:00:00,1595.19533675,1485.5535714503083,LSTM
2025-04-27 12:00:00,1414.020166,1483.9612755378598,LSTM
2025-04-27 13:00:00,1420.50967925,1481.8602735424815,LSTM
2025-04-27 14:00:00,1667.6831834999998,1480.3288195535727,LSTM
2025-04-27 15:00:00,1579.4020015,1478.1524170315217,LSTM
2025-04-27 16:00:00,1481.45302425,1484.40595273935,LSTM
2025-04-27 17:00:00,1467.26432525,1481.2600148507968,LSTM
2025-04-27 18:00:00,1610.877908,1479.739666927296,LSTM
2025-04-27 19:00:00,1421.5983065,1480.215078957622,LSTM
2025-04-27 20:00:00,1585.881643,1485.3175434167667,LSTM
2025-04-27 21:00:00,1590.7313445,1487.4995955460033,LSTM
2025-04-27 22:00:00,1537.256511,1486.8521602199548,LSTM
2025-04-27 23:00:00,1580.6162565,1492.6023497285937,LSTM
2025-04-28 00:00:00,1359.6233714999998,1493.6912028673714,LSTM
2025-04-28 01:00:00,1303.13559975,1502.2971963775883,LSTM
2025-04-28 02:00:00,1486.116819,1504.3095188550453,LSTM
2025-04-28 03:00:00,1580.222764,1506.4594599690804,LSTM
2025-04-28 04:00:00,1424.21067575,1505.82419302774,LSTM
2025-04-28 05:00:00,1434.221992,1508.0035893587267,LSTM
2025-04-28 06:00:00,1527.78849775,1506.8363901715816,LSTM
2025-04-28 07:00:00,1469.129794,1504.1945952216925,LSTM
2025-04-28 08:00:00,1540.44486925,1502.2925608024616,LSTM
2025-04-28 09:00:00,1427.50337525,1501.1689167066122,LSTM
2025-04-28 10:00:00,1648.1089964999999,1498.9887477797708,LSTM
2025-04-28 11:00:00,1466.4578605,1498.2344045023597,LSTM
2025-04-28 12:00:00,1392.15338025,1500.255128959734,LSTM
2025-04-28 13:00:00,1544.913278,1499.5596478289856,LSTM
2025-04-28 14:00:00,1604.02087025,1497.1548949446972,LSTM
2025-04-28 15:00:00,1565.71820425,1502.758918975118,LSTM
2025-04-28 16:00:00,1320.175503,1502.801315172632,LSTM
2025-04-28 17:00:00,1531.97993525,1504.3121263660541,LSTM
2025-04-28 18:00:00,1498.08231275,1503.297708009131,LSTM
2025-04-28 19:00:00,1466.161788,1506.028061758839,LSTM
2025-04-28 20:00:00,1564.1231223,1510.2864169597312,LSTM
2025-04-28 21:00:00,1490.2108765,1510.7164631272274,LSTM
2025-04-28 22:00:00,1394.5115025,1511.8308360728229,LSTM
2025-04-28 23:00:00,1537.030208,1513.6723665792006,LSTM
2025-04-29 00:00:00,1597.585474,1510.7876385203206,LSTM
2025-04-29 01:00:00,1424.7652625,1504.5205340977984,LSTM
2025-04-29 02:00:00,1423.15003475,1505.5386222850302,LSTM
2025-04-29 03:00:00,1418.105519,1503.9055477976378,LSTM
2025-04-29 04:00:00,1421.81210225,1502.9730728885295,LSTM
2025-04-29 05:00:00,1574.20177825,1501.722481636342,LSTM
2025-04-29 06:00:00,1634.5745952499997,1505.2744910772822,LSTM
2025-04-29 07:00:00,1503.590364,1507.1676406441868,LSTM
2025-04-29 08:00:00,1619.611725,1504.5198580764256,LSTM
2025-04-29 09:00:00,1509.35475775,1503.5332531702636,LSTM
2025-04-29 10:00:00,1443.30475475,1506.531456245269,LSTM
2025-04-29 11:00:00,1410.90336625,1501.0828688433203,LSTM
2025-04-29 12:00:00,1469.45322525,1498.1102097187531,LSTM
2025-04-29 13:00:00,1570.3268945,1496.8130212790927,LSTM
2025-04-29 14:00:00,1525.61514025,1497.1694776914503,LSTM
2025-04-29 15:00:00,1485.448364,1501.957930222993,LSTM
2025-04-29 16:00:00,1608.02373475,1503.887198646094,LSTM
2025-04-29 17:00:00,1518.7934725,1503.708535854747,LSTM
2025-04-29 18:00:00,1504.15088625,1503.853301002979,LSTM
2025-04-29 19:00:00,1426.8794165,1505.4197873851642,LSTM
2025-04-29 20:00:00,1448.48218275,1501.4428985115046,LSTM
2025-04-29 21:00:00,1552.7552635,1502.7312020988386,LSTM
2025-04-29 22:00:00,1255.45170825,1507.1633913669873,LSTM
2025-04-29 23:00:00,1436.216965,1501.9435406252032,LSTM
2025-04-30 00:00:00,1322.4582729,1503.7984466973114,LSTM
2025-04-30 01:00:00,1497.705594,1500.9676554865218,LSTM
2025-04-30 02:00:00,1608.63546825,1497.2030856111198,LSTM
2025-04-30 03:00:00,1424.60624275,1495.5182713450981,LSTM
2025-04-30 04:00:00,1568.075437,1501.9860333971992,LSTM
2025-04-30 05:00:00,1596.60121575,1502.1542661445108,LSTM
2025-04-30 06:00:00,1419.980612725,1501.623879090415,LSTM
2025-04-30 07:00:00,1467.17620975,1504.0712696084222,LSTM
2025-04-30 08:00:00,1619.88920075,1500.2056828250477,LSTM
2025-04-30 09:00:00,1394.9392855,1497.9434255886688,LSTM
2025-04-30 10:00:00,1467.519901,1498.3701399365423,LSTM
2025-04-30 11:00:00,1597.8428955,1500.3266906507547,LSTM
2025-04-30 12:00:00,1550.454747,1498.013586949703,LSTM
2025-04-30 13:00:00,1430.8405255,1496.8218095569373,LSTM
2025-04-30 14:00:00,1556.416166,1496.593700630904,LSTM
2025-04-30 15:00:00,1488.83171275,1496.0096423085429,LSTM
2025-04-30 16:00:00,1414.69351025,1496.0747093656619,LSTM
2025-04-30 17:00:00,1563.17988125,1495.5192129462957,LSTM
2025-04-30 18:00:00,1581.0814605,1498.1519298948947,LSTM
2025-04-30 19:00:00,1587.17813275,1497.834489573188,LSTM
2025-04-30 20:00:00,1512.6006385,1499.4665017412806,LSTM
2025-04-30 21:00:00,1644.27730875,1503.044199994382,LSTM
2025-04-30 22:00:00,1487.623192,1504.7978960095543,LSTM
2025-04-30 23:00:00,1650.54173775,1505.2814444399726,LSTM
2025-05-01 00:00:00,1351.03585475,1505.5393948808849,LSTM
2025-05-01 01:00:00,1471.741677,1506.5328565752554,LSTM
2025-05-01 02:00:00,1727.76943575,1503.418715834838,LSTM
2025-05-01 03:00:00,1463.9885995,1504.8124787563074,LSTM
2025-05-01 04:00:00,1500.41611775,1508.2124799628798,LSTM
2025-05-01 05:00:00,1297.475812,1507.5409010163792,LSTM
2025-05-01 06:00:00,1658.0305054999997,1502.8238170268935,LSTM
2025-05-01 07:00:00,1584.83260075,1502.242728369848,LSTM
2025-05-01 08:00:00,1481.99896775,1501.2978919270683,LSTM
2025-05-01 09:00:00,1398.40382875,1498.1322287006055,LSTM
2025-05-01 10:00:00,1678.3796925,1494.341632002356,LSTM
2025-05-01 11:00:00,1582.24600975,1495.2160897915173,LSTM
2025-05-01 12:00:00,1620.1128275,1495.0185466889766,LSTM
2025-05-01 13:00:00,1549.63601975,1493.3194876868881,LSTM
2025-05-01 14:00:00,1524.79014225,1492.704960115516,LSTM
2025-05-01 15:00:00,1434.8576475,1490.1733566493713,LSTM
2025-05-01 16:00:00,1374.631709,1493.6904061278965,LSTM
2025-05-01 17:00:00,1369.05931475,1490.1363927664588,LSTM
2025-05-01 18:00:00,1477.717343,1490.4326591330287,LSTM
2025-05-01 19:00:00,1482.5873385,1487.8536375963158,LSTM
2025-05-01 20:00:00,1682.07628275,1487.5806215362413,LSTM
2025-05-01 21:00:00,1604.67834,1488.790603218828,LSTM
2025-05-01 22:00:00,1393.1207507499998,1495.6875181244686,LSTM
2025-05-01 23:00:00,1393.1518468,1496.6738091635648,LSTM
2025-05-02 00:00:00,1576.2244995,1496.5424195810635,LSTM
2025-05-02 01:00:00,1410.38964225,1501.1672266531805,LSTM
2025-05-02 02:00:00,1508.39785875,1505.9345776604478,LSTM
2025-05-02 03:00:00,1393.333766,1508.2304428164964,LSTM
2025-05-02 04:00:00,1543.1377675,1511.0279158310618,LSTM
2025-05-02 05:00:00,1594.46858525,1509.7342523599875,LSTM
2025-05-02 06:00:00,1524.867498,1506.9908127679944,LSTM
2025-05-02 07:00:00,1510.15267475,1505.491204214462,LSTM
2025-05-02 08:00:00,1332.5136555,1502.8573283720814,LSTM
2025-05-02 09:00:00,1606.1509595,1501.8572996129476,LSTM
2025-05-02 10:00:00,1265.1984455,1501.4531354065764,LSTM
2025-05-02 11:00:00,1497.10608875,1498.6062162573248,LSTM
2025-05-02 12:00:00,1480.8121525,1495.3215732692734,LSTM
2025-05-02 13:00:00,1594.95850025,1494.2932964742104,LSTM
2025-05-02 14:00:00,1589.30974625,1494.1618344608478,LSTM
2025-05-02 15:00:00,1359.94313975,1496.321070868757,LSTM
2025-05-02 16:00:00,1516.6926915,1498.5796582748274,LSTM
2025-05-02 17:00:00,1617.690381,1496.6133535379524,LSTM
2025-05-02 18:00:00,1470.91944825,1492.5002222140806,LSTM
2025-05-02 19:00:00,1365.13521325,1494.4657302114806,LSTM
2025-05-02 20:00:00,1539.12916675,1494.3361031132724,LSTM
2025-05-02 21:00:00,1644.4008907500001,1497.2007678235564,LSTM
2025-05-02 22:00:00,1497.702079,1502.977949899861,LSTM
2025-05-02 23:00:00,1406.1092505,1505.996192179842,LSTM
2025-05-03 00:00:00,1511.647156,1506.2465132366913,LSTM
2025-05-03 01:00:00,1532.05360675,1498.2983368093173,LSTM
2025-05-03 02:00:00,1497.206998,1496.0810832814614,LSTM
2025-05-03 03:00:00,1466.16485,1492.7756526362002,LSTM
2025-05-03 04:00:00,1349.86487925,1493.1037644381468,LSTM
2025-05-03 05:00:00,1566.47717825,1492.1009591626612,LSTM
2025-05-03 06:00:00,1558.08236925,1491.537616066648,LSTM
2025-05-03 07:00:00,1379.180123,1490.9894110206585,LSTM
2025-05-03 08:00:00,1593.109628,1488.6143065022854,LSTM
2025-05-03 09:00:00,1416.4892115,1485.2786239005977,LSTM
2025-05-03 10:00:00,1354.24580425,1484.525584378691,LSTM
2025-05-03 11:00:00,1424.4008865,1477.5268799692235,LSTM
2025-05-03 12:00:00,1539.59198275,1474.5972930635432,LSTM
2025-05-03 13:00:00,1675.032524,1475.7903742118135,LSTM
2025-05-03 14:00:00,1529.451365,1478.1619537616004,LSTM
2025-05-03 15:00:00,1537.5642535,1477.9251048449635,LSTM
2025-05-03 16:00:00,1650.87631375,1476.9188953189941,LSTM
2025-05-03 17:00:00,1391.8667225,1476.43983760198,LSTM
2025-05-03 18:00:00,1557.82045125,1477.576446822012,LSTM
2025-05-03 19:00:00,1585.66838925,1477.7638737475831,LSTM
2025-05-03 20:00:00,1365.51981275,1477.7627631410423,LSTM
2025-05-03 21:00:00,1411.14907,1483.7900731252325,LSTM
2025-05-03 22:00:00,1477.04576075,1484.1490646177376,LSTM
2025-05-03 23:00:00,1415.446541,1483.5129285060607,LSTM
2025-05-04 00:00:00,1280.5345252,1482.6565784322388,LSTM
2025-05-04 01:00:00,1443.9544135,1486.3827116638806,LSTM
2025-05-04 02:00:00,1564.61325775,1489.1243163407194,LSTM
2025-05-04 03:00:00,1428.408185,1489.259665476975,LSTM
2025-05-04 04:00:00,1511.97233825,1486.6601942937389,LSTM
2025-05-04 05:00:00,1719.1226389999997,1487.4723615421333,LSTM
2025-05-04 06:00:00,1584.94035725,1489.4000847735254,LSTM
2025-05-04 07:00:00,1611.14196275,1492.457801872946,LSTM
2025-05-04 08:00:00,1443.48894525,1489.7393026408802,LSTM
2025-05-04 09:00:00,1459.6329315,1486.6120760581773,LSTM
2025-05-04 10:00:00,1412.2647455,1484.6845459757487,LSTM
2025-05-04 11:00:00,1413.960155,1480.439083468178,LSTM
2025-05-04 12:00:00,1512.59018975,1480.366266308894,LSTM
2025-05-04 13:00:00,1524.829883,1479.9071512223734,LSTM
2025-05-04 14:00:00,1523.21849675,1479.8892366559978,LSTM
2025-05-04 15:00:00,1418.49635475,1481.5286850591897,LSTM
2025-05-04 16:00:00,1370.754002,1480.9751925603211,LSTM
2025-05-04 17:00:00,1359.19674475,1481.0892228797172,LSTM
2025-05-04 18:00:00,1532.046292,1474.8091291893916,LSTM
2025-05-04 19:00:00,1668.1366739999999,1475.5828115067852,LSTM
2025-05-04 20:00:00,1434.51360725,1478.80197699617,LSTM
2025-05-04 21:00:00,1562.10214125,1487.1168708745938,LSTM
2025-05-04 22:00:00,1588.0176495,1487.062161430649,LSTM
2025-05-04 23:00:00,1526.0639635,1488.447522372201,LSTM
2025-05-05 00:00:00,1484.63930225,1490.4116058959944,LSTM
2025-05-05 01:00:00,1361.0628085,1501.509438329471,LSTM
2025-05-05 02:00:00,1610.287204,1501.277273275202,LSTM
2025-05-05 03:00:00,1459.24436,1504.9086669401893,LSTM
2025-05-05 04:00:00,1427.69262975,1504.9746273112648,LSTM
2025-05-05 05:00:00,1444.507856,1507.1352881927808,LSTM
2025-05-05 06:00:00,1521.161483,1504.1277656802806,LSTM
2025-05-05 07:00:00,1461.04465025,1504.6463706475956,LSTM
2025-05-05 08:00:00,1461.6874,1503.1124781530211,LSTM
2025-05-05 09:00:00,1541.9586415,1497.4545655617508,LSTM
2025-05-05 10:00:00,1567.33129825,1495.235404687879,LSTM
2025-05-05 11:00:00,1442.06507225,1497.5722898550762,LSTM
2025-05-05 12:00:00,1518.781966,1498.4354725734863,LSTM
2025-05-05 13:00:00,1608.7210045,1497.7581957325588,LSTM
2025-05-05 14:00:00,1432.4884145,1497.128047238754,LSTM
2025-05-05 15:00:00,1484.05956225,1497.076959337877,LSTM
2025-05-05 16:00:00,1436.46248725,1495.6335088455169,LSTM
2025-05-05 17:00:00,1606.285569,1498.3183277270518,LSTM
2025-05-05 18:00:00,1453.2978645,1501.2871238723465,LSTM
2025-05-05 19:00:00,1332.74107725,1499.1783234875622,LSTM
2025-05-05 20:00:00,1445.9101815,1502.973459186457,LSTM
2025-05-05 21:00:00,1588.7892645,1503.5217608069281,LSTM
2025-05-05 22:00:00,1397.0479867,1507.9289372842882,LSTM
2025-05-05 23:00:00,1424.58626225,1514.479777534366,LSTM
2025-05-06 00:00:00,1406.637311,1514.1757610656307,LSTM
2025-05-06 01:00:00,1526.2073555,1510.0247001140285,LSTM
2025-05-06 02:00:00,1558.7722595,1506.9047649047025,LSTM
2025-05-06 03:00:00,1550.240454,1504.7373438094598,LSTM
2025-05-06 04:00:00,1415.46164475,1505.5884547176438,LSTM
2025-05-06 05:00:00,1387.814672,1507.583973235266,LSTM
2025-05-06 06:00:00,1313.57949525,1506.7115193666023,LSTM
2025-05-06 07:00:00,1481.156637,1503.5272655523913,LSTM
2025-05-06 08:00:00,1515.410684,1501.592975256236,LSTM
2025-05-06 09:00:00,1676.314772,1499.5162858866533,LSTM
2025-05-06 10:00:00,1412.0626925,1498.5670553049513,LSTM
2025-05-06 11:00:00,1583.1753922500002,1496.564438562916,LSTM
2025-05-06 12:00:00,1591.60778625,1497.1425334110256,LSTM
2025-05-06 13:00:00,1322.30702425,1495.8756210714123,LSTM
2025-05-06 14:00:00,1333.18140675,1493.4004412462646,LSTM
2025-05-06 15:00:00,1569.030856,1488.3037953996486,LSTM
2025-05-06 16:00:00,1610.80191575,1492.324939529597,LSTM
2025-05-06 17:00:00,1391.096426,1495.3156580822624,LSTM
2025-05-06 18:00:00,1600.95257425,1499.0555773211827,LSTM
2025-05-06 19:00:00,1411.85508925,1504.0690483953406,LSTM
2025-05-06 20:00:00,1538.645754,1506.7170241120655,LSTM
2025-05-06 21:00:00,1506.902287,1502.591362249179,LSTM
2025-05-06 22:00:00,1386.02710475,1508.145119261818,LSTM
2025-05-06 23:00:00,1538.54888525,1507.1469737050797,LSTM
2025-05-07 00:00:00,1427.922738,1506.8692737826375,LSTM
2025-05-07 01:00:00,1527.9891395,1504.1301800423257,LSTM
2025-05-07 02:00:00,1535.15206675,1502.236113017844,LSTM
2025-05-07 03:00:00,1634.8723572500003,1502.2765294384812,LSTM
2025-05-07 04:00:00,1391.97568825,1503.4700934591604,LSTM
2025-05-07 05:00:00,1518.2806735,1503.6081466809064,LSTM
2025-05-07 06:00:00,1394.1878419999998,1505.578797269463,LSTM
2025-05-07 07:00:00,1346.7797445,1503.2908512209226,LSTM
2025-05-07 08:00:00,1742.13302875,1498.5470643872168,LSTM
2025-05-07 09:00:00,1418.13759925,1500.8969629658377,LSTM
2025-05-07 10:00:00,1429.24793525,1500.301677859966,LSTM
2025-05-07 11:00:00,1677.80002475,1500.0638149112701,LSTM
2025-05-07 12:00:00,1521.898497,1497.4164186414362,LSTM
2025-05-07 13:00:00,1559.20247125,1496.378822408879,LSTM
2025-05-07 14:00:00,1562.80214,1496.9283312103728,LSTM
2025-05-07 15:00:00,1583.2835795,1495.9978602217623,LSTM
2025-05-07 16:00:00,1406.90596825,1497.1202247057277,LSTM
2025-05-07 17:00:00,1444.20223875,1495.569986980107,LSTM
2025-05-07 18:00:00,1450.021873,1490.9301625760686,LSTM
2025-05-07 19:00:00,1356.64217495,1491.8611888679495,LSTM
2025-05-07 20:00:00,1403.45289775,1488.4619119699905,LSTM
2025-05-07 21:00:00,1551.78666025,1487.0905784719212,LSTM
2025-05-07 22:00:00,1437.6133304999998,1493.1470056623768,LSTM
2025-05-07 23:00:00,1686.5210825,1498.1289451682242,LSTM
2025-05-08 00:00:00,1486.03897475,1502.601888867696,LSTM
2025-05-08 01:00:00,1453.46228225,1505.9211538074762,LSTM
2025-05-08 02:00:00,1370.78867125,1507.3036175145742,LSTM
2025-05-08 03:00:00,1432.291126,1503.83253748939,LSTM
2025-05-08 04:00:00,1657.10454025,1503.0855338725962,LSTM
2025-05-08 05:00:00,1521.2360555,1505.1237383111782,LSTM
2025-05-08 06:00:00,1278.49567225,1504.557039251922,LSTM
2025-05-08 07:00:00,1376.5303605,1503.018897480148,LSTM
2025-05-08 08:00:00,1630.8406237499996,1498.5173677340604,LSTM
2025-05-08 09:00:00,1567.1780675,1497.7763517351389,LSTM
2025-05-08 10:00:00,1615.177454,1499.136313587975,LSTM
2025-05-08 11:00:00,1531.1055405,1498.7970957206205,LSTM
2025-05-08 12:00:00,1265.42832975,1500.4245688880683,LSTM
2025-05-08 13:00:00,1541.66757125,1498.3534808384304,LSTM
2025-05-08 14:00:00,1470.02132225,1497.1611722860148,LSTM
2025-05-08 15:00:00,1469.07684225,1495.3315687281406,LSTM
2025-05-08 16:00:00,1644.0942315,1487.3486013436948,LSTM
2025-05-08 17:00:00,1488.34083775,1491.8081936210567,LSTM
2025-05-08 18:00:00,1551.29364525,1491.4528719588604,LSTM
2025-05-08 19:00:00,1371.93303475,1496.593700630904,LSTM
2025-05-08 20:00:00,1433.55114575,1495.4659762631984,LSTM
2025-05-08 21:00:00,1681.76827625,1489.3569159801568,LSTM
2025-05-08 22:00:00,1658.50036975,1493.568770568058,LSTM
2025-05-08 23:00:00,1504.490359,1498.2408749926408,LSTM
2025-05-09 00:00:00,1503.58878925,1501.523731352779,LSTM
2025-05-09 01:00:00,1416.14458325,1509.1471277978287,LSTM
2025-05-09 02:00:00,1524.62690675,1507.046149946071,LSTM
2025-05-09 03:00:00,1664.0037885000004,1507.77528728373,LSTM
2025-05-09 04:00:00,1518.064183,1509.812912275421,LSTM
2025-05-09 05:00:00,1492.47654925,1510.6736806317858,LSTM
2025-05-09 06:00:00,1545.605036,1510.323984433155,LSTM
2025-05-09 07:00:00,1436.47960875,1510.3032692068068,LSTM
2025-05-09 08:00:00,1803.50747175,1509.7174484001525,LSTM
2025-05-09 09:00:00,1593.87912825,1508.8334538809127,LSTM
2025-05-09 10:00:00,1552.9856925,1508.724034993023,LSTM
2025-05-09 11:00:00,1572.17868825,1507.56069878515,LSTM
2025-05-09 12:00:00,1369.23442375,1506.150518201773,LSTM
2025-05-09 13:00:00,1444.34150825,1502.2592426062374,LSTM
2025-05-09 14:00:00,1553.59962775,1500.7204248130904,LSTM
2025-05-09 15:00:00,1619.4240955,1498.5881568292266,LSTM
2025-05-09 16:00:00,1301.60893225,1498.84137512053,LSTM
2025-05-09 17:00:00,1567.71725575,1498.7313767857495,LSTM
2025-05-09 18:00:00,1611.8418605,1496.4731756776064,LSTM
2025-05-09 19:00:00,1664.47511875,1500.3273666721273,LSTM
2025-05-09 20:00:00,1526.956488,1504.6656855439574,LSTM
2025-05-09 21:00:00,1615.46714975,1508.0108324448624,LSTM
2025-05-09 22:00:00,1499.75934875,1512.137460052567,LSTM
2025-05-09 23:00:00,1577.974802,1515.4280423712498,LSTM
2025-05-10 00:00:00,1517.228283,1516.6793579320508,LSTM
2025-05-10 01:00:00,1516.164732,1509.37514014938,LSTM
2025-05-10 02:00:00,1446.75686975,1507.0998453579568,LSTM
2025-05-10 03:00:00,1421.20757975,1504.5775130420657,LSTM
2025-05-10 04:00:00,1443.6355455,1499.8111760668576,LSTM
2025-05-10 05:00:00,1604.94956225,1496.5737097131696,LSTM
2025-05-10 06:00:00,1419.48674325,1500.2752164519504,LSTM
2025-05-10 07:00:00,1536.49209725,1497.7917070777467,LSTM
2025-05-10 08:00:00,1560.2861485,1491.3916437373935,LSTM
2025-05-10 09:00:00,1712.633775,1489.1813435722277,LSTM
2025-05-10 10:00:00,1567.72138275,1485.2853358270834,LSTM
2025-05-10 11:00:00,1494.030544,1484.673657202925,LSTM
2025-05-10 12:00:00,1510.916156,1483.2259815769853,LSTM
2025-05-10 13:00:00,1347.0275799,1482.3282734813286,LSTM
2025-05-10 14:00:00,1498.532901,1481.8885698656516,LSTM
2025-05-10 15:00:00,1580.38417275,1480.2350698753564,LSTM
2025-05-10 16:00:00,1360.539693475,1481.0906232097036,LSTM
2025-05-10 17:00:00,1313.0191845,1483.1944017214337,LSTM
2025-05-10 18:00:00,1392.39865275,1482.6871683993518,LSTM
2025-05-10 19:00:00,1475.6313485,1474.8022724011832,LSTM
2025-05-10 20:00:00,1505.5487855,1475.613015175971,LSTM
2025-05-10 21:00:00,1543.21309325,1478.7287493953384,LSTM
2025-05-10 22:00:00,1565.94862075,1482.3486506969903,LSTM
2025-05-10 23:00:00,1720.80697425,1487.7478885387347,LSTM
2025-05-11 00:00:00,1495.850062,1490.3412996732372,LSTM
2025-05-11 01:00:00,1483.49483575,1493.187639375598,LSTM
2025-05-11 02:00:00,1641.8818134999997,1492.3474896710995,LSTM
2025-05-11 03:00:00,1534.7822645,1494.3967518878485,LSTM
2025-05-11 04:00:00,1429.35374575,1493.480694640648,LSTM
2025-05-11 05:00:00,1563.95365975,1492.2716787028794,LSTM
2025-05-11 06:00:00,1567.57594825,1490.8901807405996,LSTM
2025-05-11 07:00:00,1514.40811675,1489.1383196405818,LSTM
2025-05-11 08:00:00,1458.98071075,1488.571693012187,LSTM
2025-05-11 09:00:00,1396.68282375,1485.8714463571832,LSTM
2025-05-11 10:00:00,1334.73633575,1486.9849018452016,LSTM
2025-05-11 11:00:00,1502.777981,1486.7009728686828,LSTM
2025-05-11 12:00:00,1273.4263625,1481.8481775886348,LSTM
2025-05-11 13:00:00,1489.55460275,1481.5271881547217,LSTM
2025-05-11 14:00:00,1433.8883535,1474.4960830066073,LSTM
2025-05-11 15:00:00,1439.82721225,1476.9696452091848,LSTM
2025-05-11 16:00:00,1518.73258075,1475.3604004751787,LSTM
2025-05-11 17:00:00,1481.0571344999998,1476.2253456778817,LSTM
2025-05-11 18:00:00,1473.9664285,1478.067552205632,LSTM
2025-05-11 19:00:00,1303.40604475,1478.1294323048512,LSTM
2025-05-11 20:00:00,1556.9744795,1477.8379946623718,LSTM
2025-05-11 21:00:00,1457.29362725,1479.9198507667313,LSTM
2025-05-11 22:00:00,1437.17526375,1483.9075559823534,LSTM
2025-05-11 23:00:00,1402.3175635,1486.4852254763211,LSTM
2025-05-12 00:00:00,1501.23682225,1486.3948317613479,LSTM
2025-05-12 01:00:00,1536.982972,1488.3732565956898,LSTM
2025-05-12 02:00:00,1392.560121,1491.3005740010476,LSTM
2025-05-12 03:00:00,1621.0185022499998,1497.7694949469305,LSTM
2025-05-12 04:00:00,1244.3053331,1497.6121751160633,LSTM
2025-05-12 05:00:00,1539.3148765,1501.2607590388127,LSTM
2025-05-12 06:00:00,1569.87628,1500.483865619899,LSTM
2025-05-12 07:00:00,1362.75104025,1501.554055740067,LSTM
2025-05-12 08:00:00,1432.33466375,1505.7663449131362,LSTM
2025-05-12 09:00:00,1441.5472922499998,1501.7632360676655,LSTM
2025-05-12 10:00:00,1362.78884125,1497.2918375599024,LSTM
2025-05-12 11:00:00,1467.70398475,1495.4321751945652,LSTM
2025-05-12 12:00:00,1473.82755125,1494.5096474570835,LSTM
2025-05-12 13:00:00,1470.91158875,1487.417845247152,LSTM
2025-05-12 14:00:00,1379.744743,1490.1185506309446,LSTM
2025-05-12 15:00:00,1376.63990025,1490.829145668096,LSTM
2025-05-12 16:00:00,1692.4678865,1488.5042598802638,LSTM
2025-05-12 17:00:00,1522.351547,1495.4826836485513,LSTM
2025-05-12 18:00:00,1488.701529,1501.5632303158388,LSTM
2025-05-12 19:00:00,1283.92563075,1500.7926625254838,LSTM
2025-05-12 20:00:00,1638.331771,1497.5771185791666,LSTM
2025-05-12 21:00:00,1371.0208835,1501.0782332681933,LSTM
2025-05-12 22:00:00,1492.51431825,1498.9676945427364,LSTM
2025-05-12 23:00:00,1357.12075925,1494.1081149053414,LSTM
2025-05-13 00:00:00,1485.5756875,1495.5110765462032,LSTM
2025-05-13 01:00:00,1291.9038055,1495.7696064340064,LSTM
2025-05-13 02:00:00,1567.81143725,1496.1807481466883,LSTM
2025-05-13 03:00:00,1503.6766795,1493.2575834440484,LSTM
2025-05-13 04:00:00,1511.636549,1495.3994123016114,LSTM
2025-05-13 05:00:00,1454.67686675,1503.7067975140744,LSTM
2025-05-13 06:00:00,1522.689034,1504.1610838765048,LSTM
2025-05-13 07:00:00,1494.51259075,1503.890240742271,LSTM
2025-05-13 08:00:00,1692.8065592499997,1506.7662770977881,LSTM
2025-05-13 09:00:00,1492.16299325,1508.6196379781873,LSTM
2025-05-13 10:00:00,1343.50745235,1508.2507717449173,LSTM
2025-05-13 11:00:00,1373.9942297500002,1504.4738403358435,LSTM
2025-05-13 12:00:00,1486.64491025,1499.3578071620045,LSTM
2025-05-13 13:00:00,1434.48180575,1491.6529018543076,LSTM
2025-05-13 14:00:00,1546.40893625,1495.4187030543528,LSTM
2025-05-13 15:00:00,1469.62167225,1495.2289824848388,LSTM
2025-05-13 16:00:00,1407.4511425,1492.7969714530598,LSTM
2025-05-13 17:00:00,1546.33259525,1495.422662608107,LSTM
2025-05-13 18:00:00,1737.5458515,1499.5777555443249,LSTM
2025-05-13 19:00:00,1403.6686505,1499.789157085005,LSTM
2025-05-13 20:00:00,1215.22541475,1505.82419302774,LSTM
2025-05-13 21:00:00,1464.459998,1505.4434964204484,LSTM
2025-05-13 22:00:00,1486.99281725,1504.0588115002688,LSTM
2025-05-13 23:00:00,1511.4354235,1506.0863444586107,LSTM
2025-05-14 00:00:00,1558.645739,1505.1906644270719,LSTM
2025-05-14 01:00:00,1801.7710307499997,1503.6408371429989,LSTM
2025-05-14 02:00:00,1497.76664275,1504.1947883706562,LSTM
2025-05-14 03:00:00,1226.9557595,1504.656317819222,LSTM
2025-05-14 04:00:00,1562.23020175,1503.1159548343662,LSTM
2025-05-14 05:00:00,1544.857917,1500.7119262586914,LSTM
2025-05-14 06:00:00,1463.884298,1504.1390166074113,LSTM
2025-05-14 07:00:00,1449.05044125,1504.4375766179244,LSTM
2025-05-14 08:00:00,1364.09042425,1504.0224029206267,LSTM
2025-05-14 09:00:00,1420.768212,1500.0666155712427,LSTM
2025-05-14 10:00:00,1609.6889345,1502.3732004947722,LSTM
2025-05-14 11:00:00,1510.323237,1500.3250488845638,LSTM
2025-05-14 12:00:00,1419.6833435,1499.8801302468692,LSTM
2025-05-14 13:00:00,1483.04091025,1494.913183929323,LSTM
2025-05-14 14:00:00,1553.997335,1492.956874651315,LSTM
2025-05-14 15:00:00,1376.4193345,1487.6284741919776,LSTM
2025-05-14 16:00:00,1586.43938075,1485.9447946761172,LSTM
2025-05-14 17:00:00,1460.24138675,1492.5427149860766,LSTM
2025-05-14 18:00:00,1554.394871,1491.0643045313016,LSTM
2025-05-14 19:00:00,1572.7835145,1486.6865832708932,LSTM
2025-05-14 20:00:00,1380.23366025,1494.3299223464367,LSTM
2025-05-14 21:00:00,1315.360646,1500.9305708855072,LSTM
2025-05-14 22:00:00,1343.83207125,1496.537590856973,LSTM
2025-05-14 23:00:00,1490.227233,1496.618616847211,LSTM
2025-05-15 00:00:00,1403.93100125,1498.094130067532,LSTM
2025-05-15 01:00:00,1522.6980505,1498.7890317513895,LSTM
2025-05-15 02:00:00,1290.76399125,1499.825565664647,LSTM
2025-05-15 03:00:00,1453.3719005,1500.3222482245915,LSTM
2025-05-15 04:00:00,1398.71018275,1496.4910419567411,LSTM
2025-05-15 05:00:00,1462.53477775,1497.5655296413495,LSTM
2025-05-15 06:00:00,1449.58147225,1497.5555824697233,LSTM
2025-05-15 07:00:00,1444.9214855,1497.2392044673165,LSTM
2025-05-15 08:00:00,1454.602344,1499.7157604788301,LSTM
2025-05-15 09:00:00,1418.989268,1497.4095135659868,LSTM
2025-05-15 10:00:00,1343.3586055,1493.5669356529036,LSTM
2025-05-15 11:00:00,1379.896918,1491.379499496306,LSTM
2025-05-15 12:00:00,1449.668155,1486.6707450558765,LSTM
2025-05-15 13:00:00,1624.7616739999999,1488.1251084646813,LSTM
2025-05-15 14:00:00,1474.974397,1488.3481713740398,LSTM
2025-05-15 15:00:00,1439.23746175,1492.5882498542496,LSTM
2025-05-15 16:00:00,1385.32772775,1491.97224952203,LSTM
2025-05-15 17:00:00,1551.9458905,1494.2089145207296,LSTM
2025-05-15 18:00:00,1506.20499,1496.936346892363,LSTM
2025-05-15 19:00:00,1380.26288475,1499.353992469973,LSTM
2025-05-15 20:00:00,1490.8163655,1500.3774888281862,LSTM
2025-05-15 21:00:00,1399.07065425,1501.5132047342618,LSTM
2025-05-15 22:00:00,1456.14789175,1502.5657700114996,LSTM
2025-05-15 23:00:00,1632.63902875,1503.4609188833886,LSTM
2025-05-16 00:00:00,1432.6323935,1504.5592604650037,LSTM
2025-05-16 01:00:00,1724.7221954999998,1506.3227105028386,LSTM
2025-05-16 02:00:00,1351.2565694999998,1506.6754970848874,LSTM
2025-05-16 03:00:00,1520.22506625,1507.4451957049064,LSTM
2025-05-16 04:00:00,1431.3564855,1506.1175863034762,LSTM
2025-05-16 05:00:00,1586.504342,1505.9282037446483,LSTM
2025-05-16 06:00:00,1659.101246,1509.5986135002865,LSTM
2025-05-16 07:00:00,1575.473747,1511.3296145122335,LSTM
2025-05-16 08:00:00,1560.831045,1510.762142857123,LSTM
2025-05-16 09:00:00,1607.4148465,1510.2835197252768,LSTM
2025-05-16 10:00:00,1315.08248575,1506.145979201128,LSTM
2025-05-16 11:00:00,1499.7577625,1506.9427186760533,LSTM
2025-05-16 12:00:00,1467.9184895,1502.7209652037668,LSTM
2025-05-16 13:00:00,1323.88743075,1499.6911339859687,LSTM
2025-05-16 14:00:00,1640.5949792500003,1499.535166197847,LSTM
2025-05-16 15:00:00,1413.93291725,1492.3835843836757,LSTM
2025-05-16 16:00:00,1422.96927725,1495.3589717373538,LSTM
2025-05-16 17:00:00,1357.824981,1493.8612946734577,LSTM
2025-05-16 18:00:00,1347.9977495,1494.8346930192324,LSTM
2025-05-16 19:00:00,1637.44523825,1493.3332736941663,LSTM
2025-05-16 20:00:00,1563.41000725,1494.5945847138346,LSTM
2025-05-16 21:00:00,1661.56728625,1498.7192084010414,LSTM
2025-05-16 22:00:00,1378.82736375,1504.0175741965363,LSTM
2025-05-16 23:00:00,1475.155565,1507.0396794557896,LSTM
2025-05-17 00:00:00,1381.922412,1507.1127863385193,LSTM
2025-05-17 01:00:00,1382.01266625,1504.4803591133657,LSTM
2025-05-17 02:00:00,1589.02759225,1499.1026573810648,LSTM
2025-05-17 03:00:00,1461.67299275,1496.7852078283317,LSTM
2025-05-17 04:00:00,1689.36692625,1491.1104188463653,LSTM
2025-05-17 05:00:00,1565.4083235,1492.1042909822836,LSTM
2025-05-17 06:00:00,1507.041172,1495.15592388935,LSTM
2025-05-17 07:00:00,1580.3363255,1493.3840477279775,LSTM
2025-05-17 08:00:00,1461.613763,1490.0845564133476,LSTM
2025-05-17 09:00:00,1416.8566745,1489.3824599305954,LSTM
2025-05-17 10:00:00,1441.13004725,1486.9211143999667,LSTM
2025-05-17 11:00:00,1427.7899737500002,1481.2713623524094,LSTM
2025-05-17 12:00:00,1486.300529,1480.4749608881702,LSTM
2025-05-17 13:00:00,1430.85091425,1475.1703660385988,LSTM
2025-05-17 14:00:00,1499.099618,1473.907268391017,LSTM
2025-05-17 15:00:00,1718.688945,1475.9229226880964,LSTM
2025-05-17 16:00:00,1460.09812,1478.9073638994444,LSTM
2025-05-17 17:00:00,1410.00675075,1482.9457224307753,LSTM
2025-05-17 18:00:00,1392.132584,1483.6204159043143,LSTM
2025-05-17 19:00:00,1664.41884375,1483.4302366060117,LSTM
2025-05-17 20:00:00,1355.02319205,1482.320137081236,LSTM
2025-05-17 21:00:00,1509.00286725,1480.8147099151747,LSTM
2025-05-17 22:00:00,1550.960732,1481.9454039481961,LSTM
2025-05-17 23:00:00,1550.03233575,1485.5678161863752,LSTM
2025-05-18 00:00:00,1488.30005375,1488.2899611051294,LSTM
2025-05-18 01:00:00,1392.65122675,1490.5483312186157,LSTM
2025-05-18 02:00:00,1426.188194,1489.9566193685712,LSTM
2025-05-18 03:00:00,1462.43018575,1491.6864856303569,LSTM
2025-05-18 04:00:00,1372.60124975,1494.813688069439,LSTM
2025-05-18 05:00:00,1448.55786725,1496.5433853258817,LSTM
2025-05-18 06:00:00,1426.76414825,1490.7655755154453,LSTM
2025-05-18 07:00:00,1536.439364,1491.399514557661,LSTM
2025-05-18 08:00:00,1561.97140925,1486.1588520150472,LSTM
2025-05-18 09:00:00,1373.94551875,1487.755324773834,LSTM
2025-05-18 10:00:00,1362.307956,1489.909635883171,LSTM
2025-05-18 11:00:00,1392.08247465,1484.9806674805961,LSTM
2025-05-18 12:00:00,1578.9104865,1484.0268254673877,LSTM
2025-05-18 13:00:00,1615.3374365,1481.4455585739724,LSTM
2025-05-18 14:00:00,1340.75370125,1482.233968499842,LSTM
2025-05-18 15:00:00,1504.0211415,1483.435596489752,LSTM
2025-05-18 16:00:00,1386.9298155,1480.3200312757278,LSTM
2025-05-18 17:00:00,1529.3816165,1481.5844085351937,LSTM
2025-05-18 18:00:00,1430.1697695,1482.361615821173,LSTM
2025-05-18 19:00:00,1586.96892025,1485.86700393102,LSTM
2025-05-18 20:00:00,1549.520084,1485.0023243081419,LSTM
2025-05-18 21:00:00,1448.76436925,1486.8596688859157,LSTM
2025-05-18 22:00:00,1505.15875775,1490.1129975982406,LSTM
2025-05-18 23:00:00,1393.26099925,1489.800579149588,LSTM
2025-05-19 00:00:00,1630.5630295000003,1494.6017795127293,LSTM
2025-05-19 01:00:00,1513.1683832499998,1500.5171355288824,LSTM
2025-05-19 02:00:00,1483.799178,1499.8227650046745,LSTM
2025-05-19 03:00:00,1502.384068,1500.3353823541174,LSTM
2025-05-19 04:00:00,1392.717542,1508.2401002646773,LSTM
2025-05-19 05:00:00,1440.209778,1504.7334325429465,LSTM
2025-05-19 06:00:00,1231.189157,1500.867894046813,LSTM
2025-05-19 07:00:00,1431.3381605,1498.2766075509103,LSTM
2025-05-19 08:00:00,1545.6469935,1495.9622725252157,LSTM
2025-05-19 09:00:00,1404.7723465,1498.0628882226665,LSTM
2025-05-19 10:00:00,1382.50946725,1500.1682119261059,LSTM
2025-05-19 11:00:00,1569.01248725,1498.7324391050495,LSTM
2025-05-19 12:00:00,1554.776248,1494.6451897423026,LSTM
2025-05-19 13:00:00,1512.66452075,1494.3794167683639,LSTM
2025-05-19 14:00:00,1379.21269275,1499.6355070844465,LSTM
2025-05-19 15:00:00,1529.28861575,1498.3344556655138,LSTM
2025-05-19 16:00:00,1742.5051085,1496.9930361131849,LSTM
2025-05-19 17:00:00,1495.89622525,1500.3823658395177,LSTM
2025-05-19 18:00:00,1621.34155525,1504.758010748567,LSTM
2025-05-19 19:00:00,1587.001555,1514.0534977716602,LSTM
2025-05-19 20:00:00,1597.16734775,1516.208171035304,LSTM
2025-05-19 21:00:00,1296.96323275,1517.8884704443012,LSTM
2025-05-19 22:00:00,1566.01640075,1511.8155773046972,LSTM
2025-05-19 23:00:00,1585.207057,1516.838657539795,LSTM
2025-05-20 00:00:00,1359.3381755,1513.1366196413644,LSTM
2025-05-20 01:00:00,1618.77846975,1508.3544444511394,LSTM
2025-05-20 02:00:00,1522.27060075,1505.5697192681728,LSTM
2025-05-20 03:00:00,1690.919413,1510.5625234032234,LSTM
2025-05-20 04:00:00,1588.30549325,1512.2218661496681,LSTM
2025-05-20 05:00:00,1502.33713625,1512.3289672499945,LSTM
2025-05-20 06:00:00,1493.420449,1511.8154807302153,LSTM
2025-05-20 07:00:00,1434.5685306,1511.3864968820192,LSTM
2025-05-20 08:00:00,1389.50925825,1508.5590857780928,LSTM
2025-05-20 09:00:00,1503.7203825,1504.8327593974873,LSTM
2025-05-20 10:00:00,1548.55167375,1500.2653658548059,LSTM
2025-05-20 11:00:00,1634.9990545,1498.5192026492148,LSTM
2025-05-20 12:00:00,1580.32684425,1498.665850999842,LSTM
2025-05-20 13:00:00,1498.94891875,1498.1091473994531,LSTM
2025-05-20 14:00:00,1693.5727555,1499.12269658604,LSTM
2025-05-20 15:00:00,1351.7308285,1495.2747587892163,LSTM
2025-05-20 16:00:00,1448.78625575,1495.494562309814,LSTM
2025-05-20 17:00:00,1409.57218575,1496.8904257262627,LSTM
2025-05-20 18:00:00,1484.43114475,1495.4696460935072,LSTM
2025-05-20 19:00:00,1509.96895,1498.2870375949456,LSTM
2025-05-20 20:00:00,1546.98118825,1501.574819253656,LSTM
2025-05-20 21:00:00,1485.069046,1505.0382698947772,LSTM
2025-05-20 22:00:00,1510.767903,1508.1277358550924,LSTM
2025-05-20 23:00:00,1505.99193525,1510.838533272234,LSTM
2025-05-21 00:00:00,1481.83442825,1509.9599952112162,LSTM
2025-05-21 01:00:00,1519.757958,1510.5969039187476,LSTM
2025-05-21 02:00:00,1567.98004025,1507.6218304321353,LSTM
2025-05-21 03:00:00,1651.2223617499997,1507.0341264230858,LSTM
2025-05-21 04:00:00,1418.28910525,1504.93860502955,LSTM
2025-05-21 05:00:00,1637.3685785000002,1503.6729964454414,LSTM
2025-05-21 06:00:00,1565.794607,1505.5472174139113,LSTM
2025-05-21 07:00:00,1447.0175855,1508.705878990443,LSTM
2025-05-21 08:00:00,1683.4475505,1509.7141648677712,LSTM
2025-05-21 09:00:00,1487.40774875,1507.373923737331,LSTM
2025-05-21 10:00:00,1489.121049,1505.694107200743,LSTM
2025-05-21 11:00:00,1465.6252595,1505.6914996897342,LSTM
2025-05-21 12:00:00,1556.8534645,1503.5543064072979,LSTM
2025-05-21 13:00:00,1333.07324265,1501.0391688903017,LSTM
2025-05-21 14:00:00,1453.536585,1502.3541753218558,LSTM
2025-05-21 15:00:00,1540.90991975,1500.858816045523,LSTM
2025-05-21 16:00:00,1282.007423,1501.4649174933572,LSTM
2025-05-21 17:00:00,1347.71738325,1496.8512647738892,LSTM
2025-05-21 18:00:00,1531.126338,1497.749021156787,LSTM
2025-05-21 19:00:00,1598.55428375,1493.863346881196,LSTM
2025-05-21 20:00:00,1547.38235825,1500.5923670502116,LSTM
2025-05-21 21:00:00,1534.13268925,1504.2543748259322,LSTM
2025-05-21 22:00:00,1624.32242225,1502.2363544540485,LSTM
2025-05-21 23:00:00,1555.4883225,1502.9422656288325,LSTM
2025-05-22 00:00:00,1463.63422675,1505.8275248473624,LSTM
2025-05-22 01:00:00,1514.400340225,1511.2835967716514,LSTM
2025-05-22 02:00:00,1482.64059075,1506.4735115561837,LSTM
2025-05-22 03:00:00,1271.2149695,1505.3881592423716,LSTM
2025-05-22 04:00:00,1591.836693,1498.3795559485188,LSTM
2025-05-22 05:00:00,1450.56747825,1494.1388497341773,LSTM
2025-05-22 06:00:00,1698.6868794999998,1494.9167813287702,LSTM
2025-05-22 07:00:00,1582.3770515,1497.0383295451534,LSTM
2025-05-22 08:00:00,1528.69422525,1498.3782039057735,LSTM
2025-05-22 09:00:00,1530.663366,1496.0905958679195,LSTM
2025-05-22 10:00:00,1720.23826175,1495.9331553189502,LSTM
2025-05-22 11:00:00,1470.6425615,1491.6359771763707,LSTM
2025-05-22 12:00:00,1515.06152275,1493.9921772399296,LSTM
2025-05-22 13:00:00,1361.600436325,1492.4028027055556,LSTM
2025-05-22 14:00:00,1275.739942,1491.504732455592,LSTM
2025-05-22 15:00:00,1519.2164515,1490.198804025328,LSTM
2025-05-22 16:00:00,1669.3633545,1490.425729913959,LSTM
2025-05-22 17:00:00,1474.7780265,1493.2415037928272,LSTM
2025-05-22 18:00:00,1610.46438575,1496.5561331574804,LSTM
2025-05-22 19:00:00,1613.6967165,1496.893854120367,LSTM
2025-05-22 20:00:00,1412.73362325,1500.000655200167,LSTM
2025-05-22 21:00:00,1585.66985,1496.8769052988096,LSTM
2025-05-22 22:00:00,1574.15013925,1501.1834028788835,LSTM
2025-05-22 23:00:00,1486.9421,1499.6472408839863,LSTM
2025-05-23 00:00:00,1511.654917,1501.3311618360515,LSTM
2025-05-23 01:00:00,1404.23789025,1510.8408027725566,LSTM
2025-05-23 02:00:00,1407.0440175,1513.9526740126516,LSTM
2025-05-23 03:00:00,1632.717456,1513.0545313318266,LSTM
2025-05-23 04:00:00,1559.5190475,1511.7294328669234,LSTM
2025-05-23 05:00:00,1515.96044625,1515.1067390702708,LSTM
2025-05-23 06:00:00,1212.83616725,1513.213106630957,LSTM
2025-05-23 07:00:00,1275.2976442499998,1510.5112906406237,LSTM
2025-05-23 08:00:00,1575.67949975,1506.0018900742687,LSTM
2025-05-23 09:00:00,1475.309188,1502.945500873973,LSTM
2025-05-23 10:00:00,1587.27052825,1500.4992209625066,LSTM
2025-05-23 11:00:00,1516.68172925,1500.7104776414642,LSTM
2025-05-23 12:00:00,1493.43152175,1498.7029838880976,LSTM
2025-05-23 13:00:00,1446.724191,1499.331200892266,LSTM
2025-05-23 14:00:00,1695.13500275,1499.0293573493716,LSTM
2025-05-23 15:00:00,1462.84175825,1493.981095318142,LSTM
2025-05-23 16:00:00,1700.64308875,1495.7627496457978,LSTM
2025-05-23 17:00:00,1531.25883775,1498.2213669473153,LSTM
2025-05-23 18:00:00,1483.56424275,1502.7994802574776,LSTM
2025-05-23 19:00:00,1353.46595345,1505.7549974115236,LSTM
2025-05-23 20:00:00,1432.408107,1504.503440414518,LSTM
2025-05-23 21:00:00,1463.29991825,1501.5777164881101,LSTM
2025-05-23 22:00:00,1341.995970375,1501.4379732129323,LSTM
2025-05-23 23:00:00,1504.38659175,1498.9700123302998,LSTM
2025-05-24 00:00:00,1591.0863925,1496.2538550294178,LSTM
2025-05-24 01:00:00,1439.284775,1494.2870915637543,LSTM
2025-05-24 02:00:00,1418.425344,1494.5530093994157,LSTM
2025-05-24 03:00:00,1588.37691425,1493.8438388358707,LSTM
2025-05-24 04:00:00,1557.57272675,1492.4980734318603,LSTM
2025-05-24 05:00:00,1480.37234375,1489.8525120771808,LSTM
2025-05-24 06:00:00,1429.721799,1489.2784975009276,LSTM
2025-05-24 07:00:00,1515.8821005,1488.2525384934283,LSTM
2025-05-24 08:00:00,1337.88815625,1488.2193651589268,LSTM
2025-05-24 09:00:00,1434.79626925,1488.073054818986,LSTM
2025-05-24 10:00:00,1654.04277625,1484.9092265076777,LSTM
2025-05-24 11:00:00,1632.7124892500003,1479.9018879131147,LSTM
2025-05-24 12:00:00,1610.55215075,1479.40945463037,LSTM
2025-05-24 13:00:00,1647.00972225,1477.9293541221632,LSTM
2025-05-24 14:00:00,1402.504113,1478.1305670550125,LSTM
2025-05-24 15:00:00,1537.32017375,1482.1242840321272,LSTM
2025-05-24 16:00:00,1648.1044112499999,1478.219415578277,LSTM
2025-05-24 17:00:00,1451.97734725,1478.5399462834014,LSTM
2025-05-24 18:00:00,1427.22619175,1483.9531391377673,LSTM
2025-05-24 19:00:00,1349.89436275,1483.115934954964,LSTM
2025-05-24 20:00:00,1543.0996185,1478.5299749681546,LSTM
2025-05-24 21:00:00,1648.97857,1481.3462558630522,LSTM
2025-05-24 22:00:00,1403.88452975,1484.578120896795,LSTM
2025-05-24 23:00:00,1589.42223425,1487.2585214957874,LSTM
2025-05-25 00:00:00,1552.4510135,1488.2994736915875,LSTM
2025-05-25 01:00:00,1423.252008,1492.536003059591,LSTM
2025-05-25 02:00:00,1429.4723375,1495.2205322176806,LSTM
2025-05-25 03:00:00,1661.6386695,1493.4107747158182,LSTM
2025-05-25 04:00:00,1525.95037925,1490.268144503267,LSTM
2025-05-25 05:00:00,1568.20468275,1493.6256046506026,LSTM
2025-05-25 06:00:00,1661.79179275,1491.4907774429705,LSTM
2025-05-25 07:00:00,1413.7609,1488.1111534520599,LSTM
2025-05-25 08:00:00,1209.053260025,1493.0985735597496,LSTM
2025-05-25 09:00:00,1573.534604,1492.2275924519333,LSTM
2025-05-25 10:00:00,1463.5912425,1487.8810164619085,LSTM
2025-05-25 11:00:00,1519.9333795,1483.827737173138,LSTM
2025-05-25 12:00:00,1362.5328365,1487.7800719847976,LSTM
2025-05-25 13:00:00,1447.614333,1487.3905870996614,LSTM
2025-05-25 14:00:00,1319.090233,1484.5146231750057,LSTM
2025-05-25 15:00:00,1406.47821325,1479.1873816094499,LSTM
2025-05-25 16:00:00,1444.89513275,1475.3014417540342,LSTM
2025-05-25 17:00:00,1393.45094075,1474.2277990961416,LSTM
2025-05-25 18:00:00,1530.89522675,1478.0888710224913,LSTM
2025-05-25 19:00:00,1596.62699525,1483.3832531206115,LSTM
2025-05-25 20:00:00,1677.5680937500001,1485.895034674365,LSTM
2025-05-25 21:00:00,1542.5589582500002,1487.9993202021249,LSTM
2025-05-25 22:00:00,1461.49801675,1486.5755709040536,LSTM
2025-05-25 23:00:00,1361.2445965000002,1486.4706910168088,LSTM
2025-05-26 00:00:00,1421.326837,1490.2023048502936,LSTM
2025-05-26 01:00:00,1676.493718,1497.9492200575773,LSTM
2025-05-26 02:00:00,1382.03589675,1499.7520724839903,LSTM
2025-05-26 03:00:00,1470.903438,1507.1603009835694,LSTM
2025-05-26 04:00:00,1606.766824,1504.9393776254046,LSTM
2025-05-26 05:00:00,1505.4374215,1502.5725302252263,LSTM
2025-05-26 06:00:00,1480.79046425,1506.3094797988308,LSTM
2025-05-26 07:00:00,1812.70752625,1507.275369478645,LSTM
2025-05-26 08:00:00,1549.629987,1507.0371685192627,LSTM
2025-05-26 09:00:00,1709.85104375,1507.5815588732207,LSTM
2025-05-26 10:00:00,1523.97487625,1508.934470788885,LSTM
2025-05-26 11:00:00,1444.6280435,1508.0574779195763,LSTM
2025-05-26 12:00:00,1682.22232175,1504.2669295085675,LSTM
2025-05-26 13:00:00,1458.111797,1502.3836305388074,LSTM
2025-05-26 14:00:00,1692.7807600000003,1502.6436090438376,LSTM
2025-05-26 15:00:00,1524.536376,1495.6460393845316,LSTM
2025-05-26 16:00:00,1536.88874875,1497.9200545640708,LSTM
2025-05-26 17:00:00,1532.42435575,1497.9143083824033,LSTM
2025-05-26 18:00:00,1452.918217,1499.7879981912233,LSTM
2025-05-26 19:00:00,1484.48459075,1501.7223850618602,LSTM
2025-05-26 20:00:00,1321.98012525,1503.956539124033,LSTM
2025-05-26 21:00:00,1416.64083,1506.5868899978275,LSTM
2025-05-26 22:00:00,1372.83910625,1504.3398432423335,LSTM
2025-05-26 23:00:00,1456.76081525,1506.019466629958,LSTM
2025-05-27 00:00:00,1471.40632175,1503.6364912913175,LSTM
2025-05-27 01:00:00,1623.73576675,1504.5155122247443,LSTM
2025-05-27 02:00:00,1555.0338565,1499.5643316913533,LSTM
2025-05-27 03:00:00,1502.97593275,1500.6965709160836,LSTM
2025-05-27 04:00:00,1564.7534415,1499.7499478453904,LSTM
2025-05-27 05:00:00,1566.9803245,1501.983715609636,LSTM
2025-05-27 06:00:00,1445.3040855,1502.5502215199283,LSTM
2025-05-27 07:00:00,1342.26780325,1501.8689851252466,LSTM
2025-05-27 08:00:00,1663.24896275,1500.0129201593568,LSTM
2025-05-27 09:00:00,1512.0756015000002,1500.2721743557734,LSTM
2025-05-27 10:00:00,1405.55848775,1502.3035702933878,LSTM
2025-05-27 11:00:00,1573.653392,1503.8551359181333,LSTM
2025-05-27 12:00:00,1489.9623,1502.1478922287115,LSTM
2025-05-27 13:00:00,1503.43011075,1501.1328944248974,LSTM
2025-05-27 14:00:00,1386.30915725,1494.4622052428947,LSTM
2025-05-27 15:00:00,1545.44768525,1496.5390394742003,LSTM
2025-05-27 16:00:00,1620.13008825,1495.1778945839617,LSTM
2025-05-27 17:00:00,1476.664274,1498.8021658809155,LSTM
2025-05-27 18:00:00,1633.4238774999997,1502.1697180616002,LSTM
2025-05-27 19:00:00,1612.23421875,1502.807882237395,LSTM
2025-05-27 20:00:00,1527.08653825,1508.137538164996,LSTM
2025-05-27 21:00:00,1492.793959,1506.6080880965847,LSTM
2025-05-27 22:00:00,1755.778702,1512.8669836881531,LSTM
2025-05-27 23:00:00,1415.62301025,1508.6135054985923,LSTM
2025-05-28 00:00:00,1430.4278909999998,1511.0669319217127,LSTM
2025-05-28 01:00:00,1417.31866075,1508.0508142803315,LSTM
2025-05-28 02:00:00,1610.64661775,1510.0845762927502,LSTM
2025-05-28 03:00:00,1547.5234595,1508.925972234486,LSTM
2025-05-28 04:00:00,1524.1144525,1507.008679047129,LSTM
2025-05-28 05:00:00,1431.4962315,1504.283926617366,LSTM
2025-05-28 06:00:00,1502.42299525,1504.0165601644774,LSTM
2025-05-28 07:00:00,1407.5700965,1504.2240504386443,LSTM
2025-05-28 08:00:00,1368.46103725,1502.3916462207976,LSTM
2025-05-28 09:00:00,1463.00340125,1497.1719886279773,LSTM
2025-05-28 10:00:00,1420.37181075,1494.8412600839956,LSTM
2025-05-28 11:00:00,1492.433641,1492.4725536250423,LSTM
2025-05-28 12:00:00,1327.19581925,1491.0188903812307,LSTM
2025-05-28 13:00:00,1362.4657185,1489.2694194996377,LSTM
2025-05-28 14:00:00,1413.4739845,1485.5585450361216,LSTM
2025-05-28 15:00:00,1335.39106925,1479.7071454705467,LSTM
2025-05-28 16:00:00,1585.92824675,1476.665387304245,LSTM
2025-05-28 17:00:00,1396.87052725,1478.96639505145,LSTM
2025-05-28 18:00:00,1534.1773115,1484.2062367109686,LSTM
2025-05-28 19:00:00,1427.17691475,1485.2368554372154,LSTM
2025-05-28 20:00:00,1381.50954625,1487.5132608351794,LSTM
2025-05-28 21:00:00,1453.30067575,1492.7924807396555,LSTM
2025-05-28 22:00:00,1463.43611175,1491.995789551971,LSTM
2025-05-28 23:00:00,1453.38646425,1499.197058937033,LSTM
2025-05-29 00:00:00,1525.91197125,1500.6210496713088,LSTM
2025-05-29 01:00:00,1550.2695345,1504.1123137631912,LSTM
2025-05-29 02:00:00,1613.57907675,1509.971777297997,LSTM
2025-05-29 03:00:00,1423.0484875,1509.465727013317,LSTM
2025-05-29 04:00:00,1333.54619375,1509.9516898057807,LSTM
2025-05-29 05:00:00,1471.421794,1508.6426227048578,LSTM
2025-05-29 06:00:00,1592.705912,1505.8971550487468,LSTM
2025-05-29 07:00:00,1594.00505525,1504.9186141118155,LSTM
2025-05-29 08:00:00,1576.35170525,1505.6487171942927,LSTM
2025-05-29 09:00:00,1409.8365955,1504.9797940460417,LSTM
2025-05-29 10:00:00,1503.27716275,1506.1451100307916,LSTM
2025-05-29 11:00:00,1556.46787775,1506.6907075657723,LSTM
2025-05-29 12:00:00,1626.408967,1502.9097683157038,LSTM
2025-05-29 13:00:00,1443.74905975,1499.7281220125017,LSTM
2025-05-29 14:00:00,1380.5805525,1499.0737333237628,LSTM
2025-05-29 15:00:00,1516.50595525,1498.2347908002869,LSTM
2025-05-29 16:00:00,1513.09602075,1494.7938661570477,LSTM
2025-05-29 17:00:00,1543.1186485,1493.271224589604,LSTM
2025-05-29 18:00:00,1354.9155715,1494.595840182098,LSTM
2025-05-29 19:00:00,1473.9336435,1495.2677088520443,LSTM
2025-05-29 20:00:00,1374.717012,1500.2466304053348,LSTM
2025-05-29 21:00:00,1723.65296475,1501.5057684991625,LSTM
2025-05-29 22:00:00,1569.3310335,1506.7952977295718,LSTM
2025-05-29 23:00:00,1412.09297025,1508.402731692044,LSTM
2025-05-30 00:00:00,1551.35542425,1502.9614356634715,LSTM
2025-05-30 01:00:00,1414.51404075,1508.5947217618805,LSTM
2025-05-30 02:00:00,1589.135491,1504.2629699548133,LSTM
2025-05-30 03:00:00,1452.963206,1505.250926903721,LSTM
2025-05-30 04:00:00,1407.52129825,1504.7287969678198,LSTM
2025-05-30 05:00:00,1438.26047675,1506.1157513883218,LSTM
2025-05-30 06:00:00,1425.01381675,1503.5417517246626,LSTM
2025-05-30 07:00:00,1736.7454602500002,1502.2945888665795,LSTM
2025-05-30 08:00:00,1434.482208,1505.9097580186228,LSTM
2025-05-30 09:00:00,1547.812523,1507.5365551646978,LSTM
2025-05-30 10:00:00,1528.282202,1502.022635125805,LSTM
2025-05-30 11:00:00,1403.16985525,1499.9164422520294,LSTM
2025-05-30 12:00:00,1535.96068475,1496.3502846495041,LSTM
2025-05-30 13:00:00,1481.883286,1494.013665062132,LSTM
2025-05-30 14:00:00,1583.0810995000002,1491.9258213399003,LSTM
2025-05-30 15:00:00,1585.4567120000002,1489.9856158567343,LSTM
2025-05-30 16:00:00,1523.15398475,1490.9926221221785,LSTM
2025-05-30 17:00:00,1378.60891175,1494.7409916282572,LSTM
2025-05-30 18:00:00,1386.77152195,1495.709054233912,LSTM
2025-05-30 19:00:00,1550.47597675,1495.6788747083467,LSTM
2025-05-30 20:00:00,1726.27065175,1498.0478226035043,LSTM
2025-05-30 21:00:00,1346.48079025,1502.4409957810021,LSTM
2025-05-30 22:00:00,1421.132802,1497.163490073578,LSTM
2025-05-30 23:00:00,1553.95246975,1490.8601702203773,LSTM
2025-05-31 00:00:00,1400.37671025,1492.8477937741118,LSTM
2025-05-31 01:00:00,1483.05181175,1488.5145450625766,LSTM
2025-05-31 02:00:00,1383.32934325,1486.1709238252733,LSTM
2025-05-31 03:00:00,1595.867039,1483.444988358108,LSTM
2025-05-31 04:00:00,1485.084551075,1480.9636277661245,LSTM
2025-05-31 05:00:00,1537.81570575,1487.5067662012777,LSTM
2025-05-31 06:00:00,1371.435495,1486.916213245015,LSTM
2025-05-31 07:00:00,1672.7600565,1490.9003210611895,LSTM
2025-05-31 08:00:00,1437.4860062500002,1489.8953428598631,LSTM
2025-05-31 09:00:00,1448.55099875,1488.7840120104445,LSTM
2025-05-31 10:00:00,1585.43073125,1482.0472175956436,LSTM
2025-05-31 11:00:00,1589.5389485,1481.691557922761,LSTM
2025-05-31 12:00:00,1678.38448925,1483.9875920841528,LSTM
2025-05-31 13:00:00,1593.30028525,1484.8009665135696,LSTM
2025-05-31 14:00:00,1571.229902,1486.890596863715,LSTM
2025-05-31 15:00:00,1531.19091625,1487.6955693132147,LSTM
2025-05-31 16:00:00,1415.13143625,1491.5571723992143,LSTM
2025-05-31 17:00:00,1271.372617,1489.0996898478581,LSTM
2025-05-31 18:00:00,1463.52591875,1487.3605282921983,LSTM
2025-05-31 19:00:00,1417.0805265,1485.4668958528846,LSTM
2025-05-31 20:00:00,1414.8543295,1483.2685226362223,LSTM
2025-05-31 21:00:00,1362.55223475,1481.5086458542144,LSTM
2025-05-31 22:00:00,1455.7497255,1483.4326751116773,LSTM
2025-05-31 23:00:00,1620.5205185,1487.1006946488908,LSTM
