timestamp,actual,predicted,model
2024-08-09 08:00:00,1428.1394445,1428.1395662127734,Random Forest
2024-08-09 09:00:00,1502.3298155,1502.3344808580496,Random Forest
2024-08-09 10:00:00,1500.6971535,1500.6989899640193,Random Forest
2024-08-09 11:00:00,1597.17066175,1597.1825429328237,Random Forest
2024-08-09 12:00:00,1493.36172575,1493.3716368338949,Random Forest
2024-08-09 13:00:00,1621.98228825,1621.9777357483974,Random Forest
2024-08-09 14:00:00,1461.04581375,1461.0350282234358,Random Forest
2024-08-09 15:00:00,1522.956482,1522.962114502126,Random Forest
2024-08-09 16:00:00,1334.7961705,1334.7702689405319,Random Forest
2024-08-09 17:00:00,1602.23658075,1602.2334647028235,Random Forest
2024-08-09 18:00:00,1449.39122325,1449.3690480735695,Random Forest
2024-08-09 19:00:00,1685.3365815,1685.3183695514267,Random Forest
2024-08-09 20:00:00,1514.67295825,1514.6708762389362,Random Forest
2024-08-09 21:00:00,1402.69781425,1402.7042608650888,Random Forest
2024-08-09 22:00:00,1530.453833,1530.4391579452538,Random Forest
2024-08-09 23:00:00,1482.826826,1482.831988360084,Random Forest
2024-08-10 00:00:00,1429.33877625,1429.347123980585,Random Forest
2024-08-10 01:00:00,1599.70526175,1599.7071620886961,Random Forest
2024-08-10 02:00:00,1546.37596775,1546.3634172447876,Random Forest
2024-08-10 03:00:00,1563.7369525,1563.7350252435147,Random Forest
2024-08-10 04:00:00,1503.677489,1503.6819138188177,Random Forest
2024-08-10 05:00:00,1377.91943975,1377.9254166974115,Random Forest
2024-08-10 06:00:00,1408.88759025,1408.8760462263633,Random Forest
2024-08-10 07:00:00,1328.2098341,1328.203992864676,Random Forest
2024-08-10 08:00:00,1375.43432325,1375.4603935203954,Random Forest
2024-08-10 09:00:00,1563.50470875,1563.500561318316,Random Forest
2024-08-10 10:00:00,1407.25367875,1407.2637742730644,Random Forest
2024-08-10 11:00:00,1559.76824675,1559.7730954406227,Random Forest
2024-08-10 12:00:00,1712.339355,1712.3766760982908,Random Forest
2024-08-10 13:00:00,1464.28523275,1464.2802800662664,Random Forest
2024-08-10 14:00:00,1412.59615275,1412.5888642694467,Random Forest
2024-08-10 15:00:00,1534.31492675,1534.3096465202273,Random Forest
2024-08-10 16:00:00,1426.83875325,1426.844053658352,Random Forest
2024-08-10 17:00:00,1511.53985,1511.5453610807285,Random Forest
2024-08-10 18:00:00,1519.66691725,1519.664828162546,Random Forest
2024-08-10 19:00:00,1429.3845335,1429.375022714652,Random Forest
2024-08-10 20:00:00,1498.65704725,1498.667348479642,Random Forest
2024-08-10 21:00:00,1391.14381075,1391.1618572669486,Random Forest
2024-08-10 22:00:00,1491.43111,1491.4278334858054,Random Forest
2024-08-10 23:00:00,1664.16082225,1664.2327154142738,Random Forest
2024-08-11 00:00:00,1431.55548775,1431.554744918742,Random Forest
2024-08-11 01:00:00,1369.95844675,1369.9432262646965,Random Forest
2024-08-11 02:00:00,1597.9689035,1597.9786946170993,Random Forest
2024-08-11 03:00:00,1460.33936225,1460.3530649074874,Random Forest
2024-08-11 04:00:00,1528.681071,1528.6881695430855,Random Forest
2024-08-11 05:00:00,1151.596013575,1149.9639090708017,Random Forest
2024-08-11 06:00:00,1527.2367905,1527.2392712769288,Random Forest
2024-08-11 07:00:00,1385.7522545000002,1385.7493493321997,Random Forest
2024-08-11 08:00:00,1471.95485875,1471.9569258657646,Random Forest
2024-08-11 09:00:00,1437.87993,1437.869591079034,Random Forest
2024-08-11 10:00:00,1576.1784315,1576.1923000728157,Random Forest
2024-08-11 11:00:00,1566.2180745,1566.2304053050343,Random Forest
2024-08-11 12:00:00,1441.752776,1441.744450359297,Random Forest
2024-08-11 13:00:00,1318.24824125,1318.3707673538738,Random Forest
2024-08-11 14:00:00,1389.09557725,1389.0872465372106,Random Forest
2024-08-11 15:00:00,1421.18451275,1421.177450410944,Random Forest
2024-08-11 16:00:00,1498.894033,1498.9007430749157,Random Forest
2024-08-11 17:00:00,1496.83061775,1496.8319919702221,Random Forest
2024-08-11 18:00:00,1621.95129225,1621.9536936513553,Random Forest
2024-08-11 19:00:00,1599.685607,1599.6921834757784,Random Forest
2024-08-11 20:00:00,1408.63794975,1408.6282426217447,Random Forest
2024-08-11 21:00:00,1509.1031895,1509.1077174992843,Random Forest
2024-08-11 22:00:00,1701.13468125,1701.2195356534087,Random Forest
2024-08-11 23:00:00,1592.52115175,1592.4862119651648,Random Forest
2024-08-12 00:00:00,1489.1693045,1489.168023823194,Random Forest
2024-08-12 01:00:00,1621.88966125,1621.9167325691915,Random Forest
2024-08-12 02:00:00,1420.9732405,1420.9735314567502,Random Forest
2024-08-12 03:00:00,1368.508313,1368.510094330996,Random Forest
2024-08-12 04:00:00,1474.467017,1474.4911206577322,Random Forest
2024-08-12 05:00:00,1465.1178725,1465.0997605107996,Random Forest
2024-08-12 06:00:00,1439.091845,1439.0838968746493,Random Forest
2024-08-12 07:00:00,1520.52425975,1520.5225958601004,Random Forest
2024-08-12 08:00:00,1566.33108,1566.3317218699656,Random Forest
2024-08-12 09:00:00,1477.129329,1477.121392992711,Random Forest
2024-08-12 10:00:00,1629.829359,1629.8294914199564,Random Forest
2024-08-12 11:00:00,1364.65543775,1364.649024654877,Random Forest
2024-08-12 12:00:00,1518.5049215,1518.497221027012,Random Forest
2024-08-12 13:00:00,1380.653084,1380.6651604319295,Random Forest
2024-08-12 14:00:00,1471.160842,1471.1617346565563,Random Forest
2024-08-12 15:00:00,1465.60764075,1465.609420384399,Random Forest
2024-08-12 16:00:00,1483.96461875,1483.9597770153903,Random Forest
2024-08-12 17:00:00,1369.45704625,1369.4652640068923,Random Forest
2024-08-12 18:00:00,1354.85165275,1354.841529508015,Random Forest
2024-08-12 19:00:00,1455.820897,1455.821780566302,Random Forest
2024-08-12 20:00:00,1339.16443075,1339.158832893731,Random Forest
2024-08-12 21:00:00,1548.6730795,1548.657924777567,Random Forest
2024-08-12 22:00:00,1274.15046175,1274.0056146160093,Random Forest
2024-08-12 23:00:00,1410.9611610000002,1410.9718704769728,Random Forest
2024-08-13 00:00:00,1540.50344675,1540.5027118492249,Random Forest
2024-08-13 01:00:00,1565.91332975,1565.9285028264512,Random Forest
2024-08-13 02:00:00,1553.05258825,1553.0517221664925,Random Forest
2024-08-13 03:00:00,1707.71101375,1707.6779747271396,Random Forest
2024-08-13 04:00:00,1574.44141875,1574.4377895668322,Random Forest
2024-08-13 05:00:00,1396.0797665,1396.0796973931958,Random Forest
2024-08-13 06:00:00,1468.88169375,1468.8797758054477,Random Forest
2024-08-13 07:00:00,1441.7101710000002,1441.7119585931464,Random Forest
2024-08-13 08:00:00,1496.08069475,1496.063263184126,Random Forest
2024-08-13 09:00:00,1412.35040325,1412.341514025975,Random Forest
2024-08-13 10:00:00,1490.78429275,1490.7870268406132,Random Forest
2024-08-13 11:00:00,1374.5892015,1374.569398521666,Random Forest
2024-08-13 12:00:00,1367.424557,1367.42919493695,Random Forest
2024-08-13 13:00:00,1634.5043205,1634.469965585969,Random Forest
2024-08-13 14:00:00,1633.5349985,1633.5485159038114,Random Forest
2024-08-13 15:00:00,1509.91191625,1509.9119964973784,Random Forest
2024-08-13 16:00:00,1588.808418,1588.8036725244785,Random Forest
2024-08-13 17:00:00,1561.5350635,1561.5541272343619,Random Forest
2024-08-13 18:00:00,1388.80282275,1388.7915918483836,Random Forest
2024-08-13 19:00:00,1628.7918502500002,1628.7859205703376,Random Forest
2024-08-13 20:00:00,1562.94469625,1562.9383534890308,Random Forest
2024-08-13 21:00:00,1478.5299825,1478.5195037272197,Random Forest
2024-08-13 22:00:00,1460.86840775,1460.8727511161173,Random Forest
2024-08-13 23:00:00,1477.26008,1477.251552996065,Random Forest
2024-08-14 00:00:00,1378.1040545,1378.1085712012623,Random Forest
2024-08-14 01:00:00,1555.098112,1555.103030091606,Random Forest
2024-08-14 02:00:00,1283.20580675,1283.2011307109296,Random Forest
2024-08-14 03:00:00,1578.1608515,1578.1672274660846,Random Forest
2024-08-14 04:00:00,1470.4973015,1470.5126132098826,Random Forest
2024-08-14 05:00:00,1388.178794625,1388.1753993599298,Random Forest
2024-08-14 06:00:00,1393.1181165,1393.1241021993565,Random Forest
2024-08-14 07:00:00,1429.7742885,1429.7845373992022,Random Forest
2024-08-14 08:00:00,1241.92270275,1242.0776912550944,Random Forest
2024-08-14 09:00:00,1366.45826375,1366.4479906597778,Random Forest
2024-08-14 10:00:00,1536.90259175,1536.900830052508,Random Forest
2024-08-14 11:00:00,1696.3251165,1696.3756557193085,Random Forest
2024-08-14 12:00:00,1518.469767175,1518.4624922094038,Random Forest
2024-08-14 13:00:00,1460.28104525,1460.2656343022588,Random Forest
2024-08-14 14:00:00,1615.8091475,1615.7994427726703,Random Forest
2024-08-14 15:00:00,1565.16814525,1565.1730641896575,Random Forest
2024-08-14 16:00:00,1568.76202525,1568.7738928608,Random Forest
2024-08-14 17:00:00,1672.44105475,1672.419518080175,Random Forest
2024-08-14 18:00:00,1470.195536,1470.1971422241734,Random Forest
2024-08-14 19:00:00,1551.52193275,1551.5124747043812,Random Forest
2024-08-14 20:00:00,1639.99365625,1639.9715615152597,Random Forest
2024-08-14 21:00:00,1523.7731515,1523.7606576359758,Random Forest
2024-08-14 22:00:00,1442.2363025,1442.2453721869492,Random Forest
2024-08-14 23:00:00,1377.559268,1377.5423005671462,Random Forest
2024-08-15 00:00:00,1454.07681975,1454.078991631922,Random Forest
2024-08-15 01:00:00,1578.80705575,1578.801714589785,Random Forest
2024-08-15 02:00:00,1576.503602,1576.5122938649654,Random Forest
2024-08-15 03:00:00,1479.2307125,1479.225074446749,Random Forest
2024-08-15 04:00:00,1348.5788135,1348.6240836585064,Random Forest
2024-08-15 05:00:00,1581.811196,1581.8083289812596,Random Forest
2024-08-15 06:00:00,1379.324212,1379.3390696614747,Random Forest
2024-08-15 07:00:00,1413.22663,1413.2346537082133,Random Forest
2024-08-15 08:00:00,1450.93319,1450.9273633273697,Random Forest
2024-08-15 09:00:00,1336.8771702499998,1336.8848139119043,Random Forest
2024-08-15 10:00:00,1429.0035309999998,1428.9871510893531,Random Forest
2024-08-15 11:00:00,1535.8418545,1535.838344849197,Random Forest
2024-08-15 12:00:00,1477.3923945,1477.3989405606328,Random Forest
2024-08-15 13:00:00,1507.9573045,1507.9587845568165,Random Forest
2024-08-15 14:00:00,1627.027504,1627.035897884713,Random Forest
2024-08-15 15:00:00,1533.47343875,1533.4710945089464,Random Forest
2024-08-15 16:00:00,1551.390786,1551.398251592531,Random Forest
2024-08-15 17:00:00,1406.5755758,1406.5906006683426,Random Forest
2024-08-15 18:00:00,1239.3243311,1239.474167570364,Random Forest
2024-08-15 19:00:00,1568.43490525,1568.4238914934833,Random Forest
2024-08-15 20:00:00,1396.03534625,1396.05200063911,Random Forest
2024-08-15 21:00:00,1682.6327485,1682.6278353997848,Random Forest
2024-08-15 22:00:00,1471.87647425,1471.8711940302956,Random Forest
2024-08-15 23:00:00,1537.16173225,1537.1621687777929,Random Forest
2024-08-16 00:00:00,1722.54137025,1722.4680829620934,Random Forest
2024-08-16 01:00:00,1648.67702,1648.6972354958477,Random Forest
2024-08-16 02:00:00,1447.35117125,1447.3603240386851,Random Forest
2024-08-16 03:00:00,1390.59748775,1390.6009177614278,Random Forest
2024-08-16 04:00:00,1611.15025625,1611.149649707185,Random Forest
2024-08-16 05:00:00,1537.98644625,1537.9883959482272,Random Forest
2024-08-16 06:00:00,1363.5390825,1363.5482845918873,Random Forest
2024-08-16 07:00:00,1407.98877825,1407.9879313906429,Random Forest
2024-08-16 08:00:00,1394.32387125,1394.3402409235482,Random Forest
2024-08-16 09:00:00,1354.39082125,1354.3875060105272,Random Forest
2024-08-16 10:00:00,1233.14984825,1233.3783321188937,Random Forest
2024-08-16 11:00:00,1512.6912035,1512.6779307489105,Random Forest
2024-08-16 12:00:00,1398.572643,1398.5493305431091,Random Forest
2024-08-16 13:00:00,1432.19145875,1432.1977127548778,Random Forest
2024-08-16 14:00:00,1530.3602585,1530.3684634410429,Random Forest
2024-08-16 15:00:00,1553.32305325,1553.3274486621376,Random Forest
2024-08-16 16:00:00,1376.4078995,1376.4046752072795,Random Forest
2024-08-16 17:00:00,1297.32838,1297.3820421748494,Random Forest
2024-08-16 18:00:00,1401.0712975,1401.068897267992,Random Forest
2024-08-16 19:00:00,1482.15751075,1482.1679273733416,Random Forest
2024-08-16 20:00:00,1539.131572,1539.1372537872717,Random Forest
2024-08-16 21:00:00,1532.04444575,1532.0502185342543,Random Forest
2024-08-16 22:00:00,1521.084688,1521.1126669027183,Random Forest
2024-08-16 23:00:00,1613.14374725,1613.1490413680865,Random Forest
2024-08-17 00:00:00,1452.32524625,1452.3101628242484,Random Forest
2024-08-17 01:00:00,1543.54531575,1543.5446780817435,Random Forest
2024-08-17 02:00:00,1834.06653975,1835.898162380633,Random Forest
2024-08-17 03:00:00,1493.60751325,1493.5890629864944,Random Forest
2024-08-17 04:00:00,1699.172729,1699.2342572360049,Random Forest
2024-08-17 05:00:00,1734.07215325,1734.0413694439706,Random Forest
2024-08-17 06:00:00,1382.61157275,1382.5817071508143,Random Forest
2024-08-17 07:00:00,1607.339453,1607.3264275855008,Random Forest
2024-08-17 08:00:00,1503.361045,1503.3761981050538,Random Forest
2024-08-17 09:00:00,1564.0921825,1564.100387635413,Random Forest
2024-08-17 10:00:00,1605.7329925,1605.7171947508486,Random Forest
2024-08-17 11:00:00,1553.9269135,1553.9348107364203,Random Forest
2024-08-17 12:00:00,1522.4649095,1522.4618439327162,Random Forest
2024-08-17 13:00:00,1395.92109925,1395.9244836761186,Random Forest
2024-08-17 14:00:00,1537.5523245,1537.5437543494359,Random Forest
2024-08-17 15:00:00,1519.75752825,1519.7532643212003,Random Forest
2024-08-17 16:00:00,1329.22316275,1329.1959856991512,Random Forest
2024-08-17 17:00:00,1546.20574275,1546.2130057711338,Random Forest
2024-08-17 18:00:00,1535.939,1535.939336477231,Random Forest
2024-08-17 19:00:00,1578.155107,1578.15583921876,Random Forest
2024-08-17 20:00:00,1498.4185635,1498.42413310656,Random Forest
2024-08-17 21:00:00,1585.60831475,1585.613401334157,Random Forest
2024-08-17 22:00:00,1399.6674725,1399.6869415926108,Random Forest
2024-08-17 23:00:00,1479.559226,1479.5630164883282,Random Forest
2024-08-18 00:00:00,1420.4753955,1420.490502961171,Random Forest
2024-08-18 01:00:00,1426.202208,1426.2092612571325,Random Forest
2024-08-18 02:00:00,1250.8378315,1250.675542230253,Random Forest
2024-08-18 03:00:00,1477.25022425,1477.251552996065,Random Forest
2024-08-18 04:00:00,1436.03449925,1436.0445524134918,Random Forest
2024-08-18 05:00:00,1496.94095225,1496.9461716746914,Random Forest
2024-08-18 06:00:00,1575.9713475,1575.9690195428304,Random Forest
2024-08-18 07:00:00,1509.42000225,1509.4294743513442,Random Forest
2024-08-18 08:00:00,1594.6910739999998,1594.6915976037362,Random Forest
2024-08-18 09:00:00,1838.87943875,1840.9871162304553,Random Forest
2024-08-18 10:00:00,1549.5022290000002,1549.5098173021092,Random Forest
2024-08-18 11:00:00,1488.967622,1488.9554260665223,Random Forest
2024-08-18 12:00:00,1666.3236795,1666.3620806009128,Random Forest
2024-08-18 13:00:00,1533.945173,1533.9512528949015,Random Forest
2024-08-18 14:00:00,1320.42303725,1320.4107461503572,Random Forest
2024-08-18 15:00:00,1388.701852575,1388.7249233647212,Random Forest
2024-08-18 16:00:00,1587.110687,1587.1276743081553,Random Forest
2024-08-18 17:00:00,1427.20044875,1427.2011881559397,Random Forest
2024-08-18 18:00:00,1510.22054425,1510.222618888537,Random Forest
2024-08-18 19:00:00,1505.45962625,1505.4549383840756,Random Forest
2024-08-18 20:00:00,1490.3335835,1490.3303964363668,Random Forest
2024-08-18 21:00:00,1488.449606,1488.4539245472097,Random Forest
2024-08-18 22:00:00,1439.002949,1439.010055452843,Random Forest
2024-08-18 23:00:00,1550.90084325,1550.8969139806636,Random Forest
2024-08-19 00:00:00,1641.2848685,1641.2981032644486,Random Forest
2024-08-19 01:00:00,1575.19958225,1575.2031736747613,Random Forest
2024-08-19 02:00:00,1630.56661175,1630.5423896605323,Random Forest
2024-08-19 03:00:00,1571.7932145,1571.8038251480828,Random Forest
2024-08-19 04:00:00,1518.79307925,1518.792834223178,Random Forest
2024-08-19 05:00:00,1559.20775775,1559.2016383139226,Random Forest
2024-08-19 06:00:00,1682.21151775,1682.2113236080886,Random Forest
2024-08-19 07:00:00,1424.550544,1424.5560332574812,Random Forest
2024-08-19 08:00:00,1383.09743925,1383.093493714782,Random Forest
2024-08-19 09:00:00,1581.0992125,1581.1124292813035,Random Forest
2024-08-19 10:00:00,1571.1122115,1571.1110446635344,Random Forest
2024-08-19 11:00:00,1542.9345362499998,1542.9386097708702,Random Forest
2024-08-19 12:00:00,1628.83955125,1628.8555355748747,Random Forest
2024-08-19 13:00:00,1531.95970775,1531.9488768649524,Random Forest
2024-08-19 14:00:00,1464.853557,1464.8562031527226,Random Forest
2024-08-19 15:00:00,1579.937747,1579.9295828432985,Random Forest
2024-08-19 16:00:00,1591.246339,1591.2297806078316,Random Forest
2024-08-19 17:00:00,1590.9805645,1590.981485484534,Random Forest
2024-08-19 18:00:00,1313.37217025,1313.3069378822192,Random Forest
2024-08-19 19:00:00,1520.969526,1520.989572270299,Random Forest
2024-08-19 20:00:00,1537.68803725,1537.6927400374002,Random Forest
2024-08-19 21:00:00,1467.16350175,1467.1710563004626,Random Forest
2024-08-19 22:00:00,1577.8590785,1577.8535667094413,Random Forest
2024-08-19 23:00:00,1744.1840695,1744.0706881794017,Random Forest
2024-08-20 00:00:00,1519.871262,1519.8734538732815,Random Forest
2024-08-20 01:00:00,1686.8684765,1686.8615862120798,Random Forest
2024-08-20 02:00:00,1436.970964,1436.9661603626848,Random Forest
2024-08-20 03:00:00,1423.81246725,1423.8112480130862,Random Forest
2024-08-20 04:00:00,1498.556803,1498.56225098651,Random Forest
2024-08-20 05:00:00,1526.4522835,1526.4599038995775,Random Forest
2024-08-20 06:00:00,1663.827921,1663.8929686460015,Random Forest
2024-08-20 07:00:00,1515.83317625,1515.829425879403,Random Forest
2024-08-20 08:00:00,1633.011818,1633.020219213351,Random Forest
2024-08-20 09:00:00,1466.3530555,1466.3503003181418,Random Forest
2024-08-20 10:00:00,1518.87023475,1518.8590592877665,Random Forest
2024-08-20 11:00:00,1460.2164165,1460.2187072752467,Random Forest
2024-08-20 12:00:00,1648.40243025,1648.4028751968572,Random Forest
2024-08-20 13:00:00,1667.07038775,1667.0967071331504,Random Forest
2024-08-20 14:00:00,1456.3093864999998,1456.3099948113982,Random Forest
2024-08-20 15:00:00,1357.7916725,1357.7874717118557,Random Forest
2024-08-20 16:00:00,1489.09121125,1489.095207283729,Random Forest
2024-08-20 17:00:00,1498.299465,1498.2992384841627,Random Forest
2024-08-20 18:00:00,1390.359442575,1390.371236960866,Random Forest
2024-08-20 19:00:00,1464.5390925,1464.535744442221,Random Forest
2024-08-20 20:00:00,1489.0655125,1489.0612976398813,Random Forest
2024-08-20 21:00:00,1335.303216,1335.3353034249415,Random Forest
2024-08-20 22:00:00,1515.57144925,1515.5604844380225,Random Forest
2024-08-20 23:00:00,1577.179026,1577.1927113948705,Random Forest
2024-08-21 00:00:00,1706.3697855,1706.3828847728648,Random Forest
2024-08-21 01:00:00,1474.43885075,1474.4197422347083,Random Forest
2024-08-21 02:00:00,1706.24881775,1706.3472462414504,Random Forest
2024-08-21 03:00:00,1494.39012375,1494.3781348467292,Random Forest
2024-08-21 04:00:00,1403.69284075,1403.6971573017781,Random Forest
2024-08-21 05:00:00,1360.49943455,1360.4802241905647,Random Forest
2024-08-21 06:00:00,1648.3439045,1648.352356053505,Random Forest
2024-08-21 07:00:00,1694.69605125,1694.6825291531925,Random Forest
2024-08-21 08:00:00,1419.5187025,1419.5232400260347,Random Forest
2024-08-21 09:00:00,1395.01731925,1395.0204443588598,Random Forest
2024-08-21 10:00:00,1387.7097385,1387.7005138002582,Random Forest
2024-08-21 11:00:00,1470.11922075,1470.1254209217225,Random Forest
2024-08-21 12:00:00,1550.337544,1550.3348777898593,Random Forest
2024-08-21 13:00:00,1600.404997,1600.413225455374,Random Forest
2024-08-21 14:00:00,1626.69490875,1626.710403293335,Random Forest
2024-08-21 15:00:00,1651.73916325,1651.7649063895692,Random Forest
2024-08-21 16:00:00,1638.8892835,1638.9115119257083,Random Forest
2024-08-21 17:00:00,1560.9358705,1560.9471854320248,Random Forest
2024-08-21 18:00:00,1351.4814755,1351.4952157858806,Random Forest
2024-08-21 19:00:00,1457.18868235,1457.2001099271363,Random Forest
2024-08-21 20:00:00,1419.49793325,1419.503613750781,Random Forest
2024-08-21 21:00:00,1432.908253,1432.9090759820829,Random Forest
2024-08-21 22:00:00,1520.8558215,1520.862968947591,Random Forest
2024-08-21 23:00:00,1616.6840365,1616.703798920357,Random Forest
2024-08-22 00:00:00,1445.31536875,1445.3138730009014,Random Forest
2024-08-22 01:00:00,1420.27475675,1420.2758160092044,Random Forest
2024-08-22 02:00:00,1304.11317525,1304.2090795441693,Random Forest
2024-08-22 03:00:00,1452.10669675,1452.1216279879964,Random Forest
2024-08-22 04:00:00,1503.41746,1503.4071494028428,Random Forest
2024-08-22 05:00:00,1393.325893,1393.3218988219853,Random Forest
2024-08-22 06:00:00,1392.51759325,1392.5386968420153,Random Forest
2024-08-22 07:00:00,1582.6674117500002,1582.7071288311408,Random Forest
2024-08-22 08:00:00,1626.2911085,1626.290203956058,Random Forest
2024-08-22 09:00:00,1577.38995525,1577.3942233366317,Random Forest
2024-08-22 10:00:00,1346.73882425,1346.7200858469573,Random Forest
2024-08-22 11:00:00,1460.45413925,1460.4472474492982,Random Forest
2024-08-22 12:00:00,1486.9918255,1487.0092876265292,Random Forest
2024-08-22 13:00:00,1605.45820925,1605.4447400590248,Random Forest
2024-08-22 14:00:00,1444.51520825,1444.5122226016747,Random Forest
2024-08-22 15:00:00,1477.2766175,1477.262548658793,Random Forest
2024-08-22 16:00:00,1545.6335075,1545.6291917776073,Random Forest
2024-08-22 17:00:00,1447.947789,1447.9578966975055,Random Forest
2024-08-22 18:00:00,1574.050804,1574.053241158107,Random Forest
2024-08-22 19:00:00,1455.18321625,1455.184667506204,Random Forest
2024-08-22 20:00:00,1390.92111025,1390.928955372995,Random Forest
2024-08-22 21:00:00,1340.16688875,1340.1415261620295,Random Forest
2024-08-22 22:00:00,1489.02128475,1489.0366336881373,Random Forest
2024-08-22 23:00:00,1265.9733565,1265.9911779246825,Random Forest
2024-08-23 00:00:00,1458.3702214999998,1458.3684169302774,Random Forest
2024-08-23 01:00:00,1522.768516,1522.7553605211526,Random Forest
2024-08-23 02:00:00,1507.652679,1507.6521446763704,Random Forest
2024-08-23 03:00:00,1629.0298215,1629.02970151906,Random Forest
2024-08-23 04:00:00,1505.2195395,1505.232366945128,Random Forest
2024-08-23 05:00:00,1389.4397915,1389.4394791626871,Random Forest
2024-08-23 06:00:00,1335.66915575,1335.7060665115787,Random Forest
2024-08-23 07:00:00,1655.59690475,1655.5558436148378,Random Forest
2024-08-23 08:00:00,1433.3540165,1433.3685691246092,Random Forest
2024-08-23 09:00:00,1459.55772775,1459.5663964765297,Random Forest
2024-08-23 10:00:00,1493.450718,1493.4484814553994,Random Forest
2024-08-23 11:00:00,1443.37182625,1443.355324862171,Random Forest
2024-08-23 12:00:00,1524.8208285,1524.810806537358,Random Forest
2024-08-23 13:00:00,1766.16732975,1766.0780509236856,Random Forest
2024-08-23 14:00:00,1683.67725725,1683.6074536820543,Random Forest
2024-08-23 15:00:00,1580.05756675,1580.077742584526,Random Forest
2024-08-23 16:00:00,1609.2548285,1609.2602485165821,Random Forest
2024-08-23 17:00:00,1471.5147055,1471.5166302865855,Random Forest
2024-08-23 18:00:00,1301.393897025,1301.4332097832048,Random Forest
2024-08-23 19:00:00,1527.88968175,1527.886087979493,Random Forest
2024-08-23 20:00:00,1552.442733,1552.4070875930329,Random Forest
2024-08-23 21:00:00,1470.782567,1470.7737627933159,Random Forest
2024-08-23 22:00:00,1548.6769685,1548.6857168783442,Random Forest
2024-08-23 23:00:00,1465.776298,1465.7886611623603,Random Forest
2024-08-24 00:00:00,1552.70316425,1552.702508741663,Random Forest
2024-08-24 01:00:00,1599.92656825,1599.9112165906117,Random Forest
2024-08-24 02:00:00,1465.95532475,1465.9675979265899,Random Forest
2024-08-24 03:00:00,1373.01764975,1372.9898755229422,Random Forest
2024-08-24 04:00:00,1437.0391505,1437.0455104492073,Random Forest
2024-08-24 05:00:00,1529.76607875,1529.7612862613707,Random Forest
2024-08-24 06:00:00,1681.12983775,1681.1338357033976,Random Forest
2024-08-24 07:00:00,1378.45567225,1378.4634403747073,Random Forest
2024-08-24 08:00:00,1454.3194565,1454.3101777045988,Random Forest
2024-08-24 09:00:00,1607.68554075,1607.6858286373008,Random Forest
2024-08-24 10:00:00,1535.287961,1535.293420454138,Random Forest
2024-08-24 11:00:00,1573.339327,1573.345666708638,Random Forest
2024-08-24 12:00:00,1548.44968575,1548.4414949571667,Random Forest
2024-08-24 13:00:00,1569.48291825,1569.4820346913687,Random Forest
2024-08-24 14:00:00,1510.814608,1510.8196515628736,Random Forest
2024-08-24 15:00:00,1678.448094,1678.4207428685386,Random Forest
2024-08-24 16:00:00,1456.385278,1456.3796640868366,Random Forest
2024-08-24 17:00:00,1579.18455975,1579.2088983196288,Random Forest
2024-08-24 18:00:00,1618.64981375,1618.6258604041554,Random Forest
2024-08-24 19:00:00,1482.31028325,1482.3109840869824,Random Forest
2024-08-24 20:00:00,1712.75393125,1712.749118513983,Random Forest
2024-08-24 21:00:00,1531.60367025,1531.609438481328,Random Forest
2024-08-24 22:00:00,1543.74953225,1543.7411405327775,Random Forest
2024-08-24 23:00:00,1398.2623977,1398.271018744654,Random Forest
2024-08-25 00:00:00,1446.2402935,1446.2399626330675,Random Forest
2024-08-25 01:00:00,1443.80354325,1443.8025267520384,Random Forest
2024-08-25 02:00:00,1444.59377325,1444.59593758395,Random Forest
2024-08-25 03:00:00,1353.1012305,1353.0929490313765,Random Forest
2024-08-25 04:00:00,1553.4855562500002,1553.475899171293,Random Forest
2024-08-25 05:00:00,1560.33964575,1560.3333888593138,Random Forest
2024-08-25 06:00:00,1473.0764405,1473.0843120802156,Random Forest
2024-08-25 07:00:00,1530.796047,1530.8025354692147,Random Forest
2024-08-25 08:00:00,1576.61567,1576.6163896356206,Random Forest
2024-08-25 09:00:00,1446.03525975,1446.0296575569625,Random Forest
2024-08-25 10:00:00,1723.9215795,1724.0390443945414,Random Forest
2024-08-25 11:00:00,1522.86113975,1522.846316183599,Random Forest
2024-08-25 12:00:00,1784.17575725,1784.69021871423,Random Forest
2024-08-25 13:00:00,1525.376113,1525.3683217827136,Random Forest
2024-08-25 14:00:00,1416.7120525,1416.7038121213889,Random Forest
2024-08-25 15:00:00,1382.59192375,1382.5758811115747,Random Forest
2024-08-25 16:00:00,1464.1871115,1464.1841248789267,Random Forest
2024-08-25 17:00:00,1682.858116,1682.870625394617,Random Forest
2024-08-25 18:00:00,1485.548858,1485.5687476059702,Random Forest
2024-08-25 19:00:00,1532.23427275,1532.2302409309257,Random Forest
2024-08-25 20:00:00,1521.3147725,1521.3210469467253,Random Forest
2024-08-25 21:00:00,1410.139627,1410.159690007053,Random Forest
2024-08-25 22:00:00,1446.03815475,1446.030028509043,Random Forest
2024-08-25 23:00:00,1367.62476225,1367.6235261914026,Random Forest
2024-08-26 00:00:00,1457.866867,1457.8682501944277,Random Forest
2024-08-26 01:00:00,1506.7802435,1506.7956106368138,Random Forest
2024-08-26 02:00:00,1426.89999625,1426.8921478409973,Random Forest
2024-08-26 03:00:00,1651.323325,1651.3042145837223,Random Forest
2024-08-26 04:00:00,1573.44511275,1573.449242998791,Random Forest
2024-08-26 05:00:00,1521.382298,1521.3793787803513,Random Forest
2024-08-26 06:00:00,1479.35853625,1479.3626921204507,Random Forest
2024-08-26 07:00:00,1263.95814725,1263.9173730117798,Random Forest
2024-08-26 08:00:00,1618.05431975,1618.0599885057463,Random Forest
2024-08-26 09:00:00,1431.516257,1431.5280622335372,Random Forest
2024-08-26 10:00:00,1324.936368,1324.9756497261324,Random Forest
2024-08-26 11:00:00,1581.6279335,1581.6481771854849,Random Forest
2024-08-26 12:00:00,1314.12192175,1314.1690924921759,Random Forest
2024-08-26 13:00:00,1484.69637675,1484.6956154638779,Random Forest
2024-08-26 14:00:00,1572.1903225,1572.1904264311715,Random Forest
2024-08-26 15:00:00,1469.25274525,1469.2558203607427,Random Forest
2024-08-26 16:00:00,1562.89340325,1562.894438155877,Random Forest
2024-08-26 17:00:00,1452.6564175,1452.652837416438,Random Forest
2024-08-26 18:00:00,1324.05162025,1324.0941422405513,Random Forest
2024-08-26 19:00:00,1422.96014125,1422.9523321224892,Random Forest
2024-08-26 20:00:00,1547.96167175,1547.9546825887605,Random Forest
2024-08-26 21:00:00,1497.37768775,1497.3672051632152,Random Forest
2024-08-26 22:00:00,1414.043245,1414.0521906765257,Random Forest
2024-08-26 23:00:00,1493.54319875,1493.5545566449812,Random Forest
2024-08-27 00:00:00,1486.44686125,1486.4431030346625,Random Forest
2024-08-27 01:00:00,1428.18871575,1428.192797032829,Random Forest
2024-08-27 02:00:00,1525.9369605,1525.9381165674079,Random Forest
2024-08-27 03:00:00,1767.7675175,1767.827426876058,Random Forest
2024-08-27 04:00:00,1564.173001,1564.1750330981606,Random Forest
2024-08-27 05:00:00,1413.2927655,1413.2893801896323,Random Forest
2024-08-27 06:00:00,1439.0276635,1439.0275532425499,Random Forest
2024-08-27 07:00:00,1321.016714,1320.974305608033,Random Forest
2024-08-27 08:00:00,1404.10898925,1404.1282192537076,Random Forest
2024-08-27 09:00:00,1568.5630835,1568.564214745792,Random Forest
2024-08-27 10:00:00,1467.187958,1467.1846586937615,Random Forest
2024-08-27 11:00:00,1472.4767065,1472.4759489593032,Random Forest
2024-08-27 12:00:00,1367.60671025,1367.6071425971013,Random Forest
2024-08-27 13:00:00,1537.4847775,1537.482546743862,Random Forest
2024-08-27 14:00:00,1288.85783875,1288.765549499243,Random Forest
2024-08-27 15:00:00,1354.85237875,1354.840423437489,Random Forest
2024-08-27 16:00:00,1431.38212275,1431.3911569926913,Random Forest
2024-08-27 17:00:00,1615.07081275,1615.0743367314187,Random Forest
2024-08-27 18:00:00,1497.2211615,1497.2167451675768,Random Forest
2024-08-27 19:00:00,1491.85955475,1491.8580141446444,Random Forest
2024-08-27 20:00:00,1560.2034452500002,1560.2130711505133,Random Forest
2024-08-27 21:00:00,1268.68824375,1268.7980371063977,Random Forest
2024-08-27 22:00:00,1517.87963675,1517.887659778452,Random Forest
2024-08-27 23:00:00,1628.40890075,1628.416599504719,Random Forest
2024-08-28 00:00:00,1550.7402860000002,1550.7404100122167,Random Forest
2024-08-28 01:00:00,1490.058191,1490.0512887221332,Random Forest
2024-08-28 02:00:00,1645.773217,1645.7663486261706,Random Forest
2024-08-28 03:00:00,1309.90698325,1309.8995545625223,Random Forest
2024-08-28 04:00:00,1541.76490475,1541.7665873489461,Random Forest
2024-08-28 05:00:00,1549.23075975,1549.2362142339396,Random Forest
2024-08-28 06:00:00,1575.9319025,1575.9315339479706,Random Forest
2024-08-28 07:00:00,1680.9544805,1680.8778467516354,Random Forest
2024-08-28 08:00:00,1153.07117995,1150.222246434919,Random Forest
2024-08-28 09:00:00,1350.39743125,1350.4236218747153,Random Forest
2024-08-28 10:00:00,1580.54186975,1580.5573473138638,Random Forest
2024-08-28 11:00:00,1510.21354375,1510.2207166167084,Random Forest
2024-08-28 12:00:00,1430.820311,1430.832691415342,Random Forest
2024-08-28 13:00:00,1608.52873225,1608.513964706473,Random Forest
2024-08-28 14:00:00,1498.44429025,1498.442398463849,Random Forest
2024-08-28 15:00:00,1547.2028785,1547.2039894845,Random Forest
2024-08-28 16:00:00,1374.8674655,1374.888210913482,Random Forest
2024-08-28 17:00:00,1645.3677625,1645.3633897157304,Random Forest
2024-08-28 18:00:00,1563.411323,1563.4143264569605,Random Forest
2024-08-28 19:00:00,1622.76401275,1622.7521721005314,Random Forest
2024-08-28 20:00:00,1671.87660925,1671.8812187717238,Random Forest
2024-08-28 21:00:00,1643.0272055,1643.0397747995455,Random Forest
2024-08-28 22:00:00,1451.75321925,1451.760424580052,Random Forest
2024-08-28 23:00:00,1493.5653835,1493.5710632637836,Random Forest
2024-08-29 00:00:00,1532.017298,1532.0203365547789,Random Forest
2024-08-29 01:00:00,1660.31737925,1660.2662627121315,Random Forest
2024-08-29 02:00:00,1583.964294,1583.9667607637937,Random Forest
2024-08-29 03:00:00,1452.6209277500002,1452.6320582154326,Random Forest
2024-08-29 04:00:00,1492.70457625,1492.7027302969927,Random Forest
2024-08-29 05:00:00,1414.70796975,1414.7272079082206,Random Forest
2024-08-29 06:00:00,1688.573097,1688.5326677446228,Random Forest
2024-08-29 07:00:00,1594.5769487500002,1594.5847379861111,Random Forest
2024-08-29 08:00:00,1579.8850355,1579.890350757805,Random Forest
2024-08-29 09:00:00,1447.15611375,1447.1565104961185,Random Forest
2024-08-29 10:00:00,1697.05205475,1697.0310520327373,Random Forest
2024-08-29 11:00:00,1533.8687595,1533.8726730034061,Random Forest
2024-08-29 12:00:00,1599.63856,1599.681384664169,Random Forest
2024-08-29 13:00:00,1506.6290095,1506.627952241725,Random Forest
2024-08-29 14:00:00,1454.33606375,1454.3142496922828,Random Forest
2024-08-29 15:00:00,1497.654411,1497.6592134950954,Random Forest
2024-08-29 16:00:00,1331.3364215,1331.367242997033,Random Forest
2024-08-29 17:00:00,1426.4023055,1426.4071261936333,Random Forest
2024-08-29 18:00:00,1510.47513675,1510.4763696777443,Random Forest
2024-08-29 19:00:00,1507.141142,1507.1469209264428,Random Forest
2024-08-29 20:00:00,1643.30496825,1643.3093277820399,Random Forest
2024-08-29 21:00:00,1362.79941275,1362.7917307888192,Random Forest
2024-08-29 22:00:00,1500.7931145,1500.7695366309779,Random Forest
2024-08-29 23:00:00,1607.1256425,1607.127734674144,Random Forest
2024-08-30 00:00:00,1476.566461,1476.5593822811168,Random Forest
2024-08-30 01:00:00,1561.951677,1561.9648791915802,Random Forest
2024-08-30 02:00:00,1493.6039825,1493.5867966391154,Random Forest
2024-08-30 03:00:00,1637.25810725,1637.3081453823738,Random Forest
2024-08-30 04:00:00,1523.73614825,1523.7364644176807,Random Forest
2024-08-30 05:00:00,1584.8665315,1584.8737018108773,Random Forest
2024-08-30 06:00:00,1472.57577225,1472.5686678292457,Random Forest
2024-08-30 07:00:00,1538.33448825,1538.3148614762024,Random Forest
2024-08-30 08:00:00,1598.951528,1598.9627144071228,Random Forest
2024-08-30 09:00:00,1230.02825,1230.0504574803904,Random Forest
2024-08-30 10:00:00,1510.3067615,1510.325244216736,Random Forest
2024-08-30 11:00:00,1605.9344025,1605.9389551886009,Random Forest
2024-08-30 12:00:00,1484.3736245,1484.3803275466491,Random Forest
2024-08-30 13:00:00,1398.58742075,1398.5653074653248,Random Forest
2024-08-30 14:00:00,1606.328745,1606.3140704243333,Random Forest
2024-08-30 15:00:00,1439.52444125,1439.5358244426545,Random Forest
2024-08-30 16:00:00,1585.44127425,1585.4452499877443,Random Forest
2024-08-30 17:00:00,1603.85250225,1603.8551128586034,Random Forest
2024-08-30 18:00:00,1507.945968,1507.9443074675657,Random Forest
2024-08-30 19:00:00,1695.14312575,1695.16750183192,Random Forest
2024-08-30 20:00:00,1422.09294325,1422.0908852462326,Random Forest
2024-08-30 21:00:00,1553.89055175,1553.8754289631129,Random Forest
2024-08-30 22:00:00,1713.1163505,1713.0709568494829,Random Forest
2024-08-30 23:00:00,1321.930322,1321.8819106942913,Random Forest
2024-08-31 00:00:00,1453.66826,1453.6708239006239,Random Forest
2024-08-31 01:00:00,1477.804422,1477.8159123821254,Random Forest
2024-08-31 02:00:00,1509.8904185,1509.8681105469846,Random Forest
2024-08-31 03:00:00,1454.26195975,1454.2696292035473,Random Forest
2024-08-31 04:00:00,1532.5271495,1532.534267840194,Random Forest
2024-08-31 05:00:00,1482.5709845,1482.5760420084011,Random Forest
2024-08-31 06:00:00,1535.66149875,1535.6589893652638,Random Forest
2024-08-31 07:00:00,1558.7988405,1558.797810040673,Random Forest
2024-08-31 08:00:00,1523.1161605,1523.1372899052672,Random Forest
2024-08-31 09:00:00,1445.19925075,1445.1934301054375,Random Forest
2024-08-31 10:00:00,1396.68573825,1396.6740585288915,Random Forest
2024-08-31 11:00:00,1585.54095625,1585.5256964357561,Random Forest
2024-08-31 12:00:00,1344.0207985,1344.0390760183664,Random Forest
2024-08-31 13:00:00,1499.121987,1499.115357779508,Random Forest
2024-08-31 14:00:00,1618.977861,1618.9999031061677,Random Forest
2024-08-31 15:00:00,1481.570325,1481.5616106460955,Random Forest
2024-08-31 16:00:00,1535.3344865,1535.3389739553882,Random Forest
2024-08-31 17:00:00,1352.68950025,1352.659121128277,Random Forest
2024-08-31 18:00:00,1752.31897775,1752.3001531229352,Random Forest
2024-08-31 19:00:00,1338.46981375,1338.4606097484323,Random Forest
2024-08-31 20:00:00,1672.3863315,1672.3871811572576,Random Forest
2024-08-31 21:00:00,1482.22978275,1482.2249705763759,Random Forest
2024-08-31 22:00:00,1373.3037735,1373.2942365298422,Random Forest
2024-08-31 23:00:00,1534.37280225,1534.3807758812407,Random Forest
2024-09-01 00:00:00,1439.988229,1439.9913103423598,Random Forest
2024-09-01 01:00:00,1594.641775,1594.6450573712943,Random Forest
2024-09-01 02:00:00,1357.57867425,1357.5348600092839,Random Forest
2024-09-01 03:00:00,1619.73393975,1619.7496657403917,Random Forest
2024-09-01 04:00:00,1528.56581,1528.5598309265624,Random Forest
2024-09-01 05:00:00,1638.641172,1638.6130260463237,Random Forest
2024-09-01 06:00:00,1567.76064325,1567.7437668993198,Random Forest
2024-09-01 07:00:00,1590.296914,1590.3035859336167,Random Forest
2024-09-01 08:00:00,1398.08610425,1398.06385461197,Random Forest
2024-09-01 09:00:00,1586.6969305,1586.7017182308366,Random Forest
2024-09-01 10:00:00,1536.31326025,1536.3092871300958,Random Forest
2024-09-01 11:00:00,1587.2952645,1587.2974381758822,Random Forest
2024-09-01 12:00:00,1388.31879125,1388.3108526012488,Random Forest
2024-09-01 13:00:00,1395.219387,1395.223397297315,Random Forest
2024-09-01 14:00:00,1536.05187325,1536.0415426741904,Random Forest
2024-09-01 15:00:00,1435.639601,1435.6493108990521,Random Forest
2024-09-01 16:00:00,1602.5115995,1602.5175873533726,Random Forest
2024-09-01 17:00:00,1488.235329,1488.2336278259363,Random Forest
2024-09-01 18:00:00,1616.050426,1616.0609255095387,Random Forest
2024-09-01 19:00:00,1540.2956475,1540.2825470982425,Random Forest
2024-09-01 20:00:00,1286.62784,1286.7272443088814,Random Forest
2024-09-01 21:00:00,1601.40719325,1601.4272243744424,Random Forest
2024-09-01 22:00:00,1483.345937,1483.3522166212147,Random Forest
2024-09-01 23:00:00,1440.519868,1440.5141068111752,Random Forest
2024-09-02 00:00:00,1562.11980575,1562.1174132048761,Random Forest
2024-09-02 01:00:00,1610.488104,1610.4872263005711,Random Forest
2024-09-02 02:00:00,1461.9661755,1461.973225371587,Random Forest
2024-09-02 03:00:00,1502.1190955,1502.125361556199,Random Forest
2024-09-02 04:00:00,1482.4889485,1482.4824010141613,Random Forest
2024-09-02 05:00:00,1380.44923975,1380.4533292213694,Random Forest
2024-09-02 06:00:00,1427.45281125,1427.451388189967,Random Forest
2024-09-02 07:00:00,1367.033396,1367.041176483368,Random Forest
2024-09-02 08:00:00,1561.69755775,1561.6828997698221,Random Forest
2024-09-02 09:00:00,1434.00614775,1434.0240471946258,Random Forest
2024-09-02 10:00:00,1543.029943,1543.039804859017,Random Forest
2024-09-02 11:00:00,1353.565177,1353.569930247613,Random Forest
2024-09-02 12:00:00,1553.98974575,1553.9934722907024,Random Forest
2024-09-02 13:00:00,1590.17841525,1590.1425251727944,Random Forest
2024-09-02 14:00:00,1529.16690625,1529.1686531689975,Random Forest
2024-09-02 15:00:00,1558.729922,1558.744001725721,Random Forest
2024-09-02 16:00:00,1520.36724775,1520.376621403821,Random Forest
2024-09-02 17:00:00,1533.640179,1533.6409262468767,Random Forest
2024-09-02 18:00:00,1447.9628265,1447.9748577563346,Random Forest
2024-09-02 19:00:00,1458.94792825,1458.9448274502329,Random Forest
2024-09-02 20:00:00,1356.81099975,1356.804719530009,Random Forest
2024-09-02 21:00:00,1460.51378675,1460.5155908746435,Random Forest
2024-09-02 22:00:00,1593.11406575,1593.1169334917377,Random Forest
2024-09-02 23:00:00,1413.087029,1413.1011942744058,Random Forest
2024-09-03 00:00:00,1429.360295,1429.356966769931,Random Forest
2024-09-03 01:00:00,1472.42077575,1472.426022624001,Random Forest
2024-09-03 02:00:00,1602.934113,1602.9401805593243,Random Forest
2024-09-03 03:00:00,1530.75734175,1530.745192635394,Random Forest
2024-09-03 04:00:00,1579.32825775,1579.3414561827012,Random Forest
2024-09-03 05:00:00,1534.09907625,1534.0936790602493,Random Forest
2024-09-03 06:00:00,1715.61681575,1715.5778574122724,Random Forest
2024-09-03 07:00:00,1494.73707325,1494.7347923118205,Random Forest
2024-09-03 08:00:00,1391.01533075,1391.018370293425,Random Forest
2024-09-03 09:00:00,1482.18820075,1482.190633302315,Random Forest
2024-09-03 10:00:00,1581.0645645,1581.0481639722086,Random Forest
2024-09-03 11:00:00,1762.86032375,1762.9367045936885,Random Forest
2024-09-03 12:00:00,1357.34680525,1357.3717134870492,Random Forest
2024-09-03 13:00:00,1377.03606725,1377.0454176506557,Random Forest
2024-09-03 14:00:00,1393.460782,1393.4694507701054,Random Forest
2024-09-03 15:00:00,1467.9297275,1467.9267789858775,Random Forest
2024-09-03 16:00:00,1454.287285,1454.2826707757645,Random Forest
2024-09-03 17:00:00,1479.1706475,1479.1792999210793,Random Forest
2024-09-03 18:00:00,1441.7405745,1441.7346781256658,Random Forest
2024-09-03 19:00:00,1640.365069,1640.3460111672748,Random Forest
2024-09-03 20:00:00,1506.853033,1506.8521035681501,Random Forest
2024-09-03 21:00:00,1357.389695,1357.39884924011,Random Forest
2024-09-03 22:00:00,1428.426847,1428.4314805353092,Random Forest
2024-09-03 23:00:00,1536.94948875,1536.9498457538496,Random Forest
2024-09-04 00:00:00,1586.1583765,1586.144599832763,Random Forest
2024-09-04 01:00:00,1291.577507,1291.6307677012971,Random Forest
2024-09-04 02:00:00,1516.03360675,1516.024700596963,Random Forest
2024-09-04 03:00:00,1301.40297815,1301.4421785333577,Random Forest
2024-09-04 04:00:00,1682.3625912500002,1682.3397740928904,Random Forest
2024-09-04 05:00:00,1440.29825475,1440.3002406702435,Random Forest
2024-09-04 06:00:00,1585.48080475,1585.5098715792326,Random Forest
2024-09-04 07:00:00,1428.1447945,1428.1411361360767,Random Forest
2024-09-04 08:00:00,1404.64069975,1404.656957476139,Random Forest
2024-09-04 09:00:00,1417.52529125,1417.531823307044,Random Forest
2024-09-04 10:00:00,1531.65403875,1531.6481336368547,Random Forest
2024-09-04 11:00:00,1410.58031075,1410.5833885074267,Random Forest
2024-09-04 12:00:00,1457.07457375,1457.0600134813958,Random Forest
2024-09-04 13:00:00,1297.817349275,1297.784597721967,Random Forest
2024-09-04 14:00:00,1431.18558175,1431.1843004879356,Random Forest
2024-09-04 15:00:00,1811.16289075,1811.993084227231,Random Forest
2024-09-04 16:00:00,1524.1753385,1524.1642465402379,Random Forest
2024-09-04 17:00:00,1322.7614482499998,1322.7667744897649,Random Forest
2024-09-04 18:00:00,1542.61594825,1542.612828363976,Random Forest
2024-09-04 19:00:00,1507.68907375,1507.6830338832235,Random Forest
2024-09-04 20:00:00,1510.74868675,1510.7464690388158,Random Forest
2024-09-04 21:00:00,1575.01161925,1575.0027769191572,Random Forest
2024-09-04 22:00:00,1557.03545125,1557.0106332846772,Random Forest
2024-09-04 23:00:00,1488.91084975,1488.9156097076243,Random Forest
2024-09-05 00:00:00,1329.0787235,1329.0882689619527,Random Forest
2024-09-05 01:00:00,1563.03957875,1563.0533186851223,Random Forest
2024-09-05 02:00:00,1363.9369685,1363.9596161217703,Random Forest
2024-09-05 03:00:00,1388.25476925,1388.257880422983,Random Forest
2024-09-05 04:00:00,1466.05985025,1466.0602782330927,Random Forest
2024-09-05 05:00:00,1517.403807,1517.4116628762258,Random Forest
2024-09-05 06:00:00,1387.526677,1387.541856428921,Random Forest
2024-09-05 07:00:00,1544.16371925,1544.168971395306,Random Forest
2024-09-05 08:00:00,1512.71273125,1512.7253349069329,Random Forest
2024-09-05 09:00:00,1551.68381125,1551.679848880032,Random Forest
2024-09-05 10:00:00,1610.75837975,1610.7599986126243,Random Forest
2024-09-05 11:00:00,1349.23533375,1349.239979162731,Random Forest
2024-09-05 12:00:00,1821.62300525,1821.1267251064064,Random Forest
2024-09-05 13:00:00,1413.63643275,1413.6213065903848,Random Forest
2024-09-05 14:00:00,1319.78549675,1319.7644166893747,Random Forest
2024-09-05 15:00:00,1436.805435,1436.7798702497698,Random Forest
2024-09-05 16:00:00,1468.9963335,1469.009808925032,Random Forest
2024-09-05 17:00:00,1424.836486,1424.834959372808,Random Forest
2024-09-05 18:00:00,1527.17141675,1527.1672630233586,Random Forest
2024-09-05 19:00:00,1508.8260825,1508.821385119968,Random Forest
2024-09-05 20:00:00,1612.1394265,1612.1144295936188,Random Forest
2024-09-05 21:00:00,1386.6840465,1386.7143555313287,Random Forest
2024-09-05 22:00:00,1451.527626,1451.5132866148158,Random Forest
2024-09-05 23:00:00,1561.034996,1561.0455937417478,Random Forest
2024-09-06 00:00:00,1409.26741625,1409.276513225315,Random Forest
2024-09-06 01:00:00,1581.78874175,1581.7951340361856,Random Forest
2024-09-06 02:00:00,1643.3194145,1643.327248798595,Random Forest
2024-09-06 03:00:00,1560.990776,1560.9901974365214,Random Forest
2024-09-06 04:00:00,1582.36269525,1582.3553400198027,Random Forest
2024-09-06 05:00:00,1422.0577554,1422.0560598174106,Random Forest
2024-09-06 06:00:00,1394.4314047,1394.4261655841026,Random Forest
2024-09-06 07:00:00,1643.10083275,1643.0910020220667,Random Forest
2024-09-06 08:00:00,1479.4890065,1479.5025974086866,Random Forest
2024-09-06 09:00:00,1669.19947725,1669.2150982127102,Random Forest
2024-09-06 10:00:00,1484.17804675,1484.1645019474743,Random Forest
2024-09-06 11:00:00,1559.87495325,1559.8525740025434,Random Forest
2024-09-06 12:00:00,1584.3610265,1584.3534245174546,Random Forest
2024-09-06 13:00:00,1526.175334,1526.1715997963092,Random Forest
2024-09-06 14:00:00,1519.76268475,1519.7561172380958,Random Forest
2024-09-06 15:00:00,1428.60217225,1428.578707002222,Random Forest
2024-09-06 16:00:00,1485.572635,1485.5798632132062,Random Forest
2024-09-06 17:00:00,1548.765537,1548.754671088401,Random Forest
2024-09-06 18:00:00,1594.3459995,1594.3570957332622,Random Forest
2024-09-06 19:00:00,1411.40375725,1411.4022509248666,Random Forest
2024-09-06 20:00:00,1464.977462,1464.9953050831675,Random Forest
2024-09-06 21:00:00,1441.4769225,1441.4783512145957,Random Forest
2024-09-06 22:00:00,1488.3691335,1488.3720323237098,Random Forest
2024-09-06 23:00:00,1532.02786775,1532.0226487102461,Random Forest
2024-09-07 00:00:00,1600.5633815,1600.5421493853603,Random Forest
2024-09-07 01:00:00,1360.042742225,1360.0417420307122,Random Forest
2024-09-07 02:00:00,1516.30212475,1516.2997454505637,Random Forest
2024-09-07 03:00:00,1655.80392,1655.7970089556181,Random Forest
2024-09-07 04:00:00,1358.775571,1358.7920715719251,Random Forest
2024-09-07 05:00:00,1646.613404,1646.602308866798,Random Forest
2024-09-07 06:00:00,1561.18782175,1561.1846995541232,Random Forest
2024-09-07 07:00:00,1609.8422085,1609.8483487526669,Random Forest
2024-09-07 08:00:00,1635.07519025,1635.046826571992,Random Forest
2024-09-07 09:00:00,1685.04011775,1685.066992145746,Random Forest
2024-09-07 10:00:00,1380.54648125,1380.5471851735797,Random Forest
2024-09-07 11:00:00,1433.57567275,1433.5719436136926,Random Forest
2024-09-07 12:00:00,1466.6350690000002,1466.6367482762905,Random Forest
2024-09-07 13:00:00,1452.39806875,1452.398801260308,Random Forest
2024-09-07 14:00:00,1431.79282975,1431.7869994338587,Random Forest
2024-09-07 15:00:00,1449.822002,1449.8219393853706,Random Forest
2024-09-07 16:00:00,1358.30292725,1358.2794003951662,Random Forest
2024-09-07 17:00:00,1425.06259925,1425.0900134748276,Random Forest
2024-09-07 18:00:00,1459.985904,1459.9749756429844,Random Forest
2024-09-07 19:00:00,1614.14509925,1614.1571754598854,Random Forest
2024-09-07 20:00:00,1483.8668435,1483.884744556213,Random Forest
2024-09-07 21:00:00,1540.5890105,1540.5916641374329,Random Forest
2024-09-07 22:00:00,1642.738875,1642.7544822646998,Random Forest
2024-09-07 23:00:00,1446.683036,1446.6668698776277,Random Forest
2024-09-08 00:00:00,1397.5866335,1397.5909042721564,Random Forest
2024-09-08 01:00:00,1509.08763625,1509.0729334914683,Random Forest
2024-09-08 02:00:00,1509.6802355,1509.6722612639005,Random Forest
2024-09-08 03:00:00,1512.507971,1512.5121360994174,Random Forest
2024-09-08 04:00:00,1346.71131,1346.6980820933227,Random Forest
2024-09-08 05:00:00,1490.9354135,1490.9388000284735,Random Forest
2024-09-08 06:00:00,1520.7012055,1520.7031976542235,Random Forest
2024-09-08 07:00:00,1509.12926025,1509.1478278130394,Random Forest
2024-09-08 08:00:00,1419.6697345,1419.687681596115,Random Forest
2024-09-08 09:00:00,1395.7979495,1395.7948244252661,Random Forest
2024-09-08 10:00:00,1529.29461075,1529.2955257488613,Random Forest
2024-09-08 11:00:00,1409.87641425,1409.87629642898,Random Forest
2024-09-08 12:00:00,1338.78545,1338.7902410236725,Random Forest
2024-09-08 13:00:00,1376.64556775,1376.6424221933228,Random Forest
2024-09-08 14:00:00,1355.6786082,1355.7248667249848,Random Forest
2024-09-08 15:00:00,1497.8222342499998,1497.824144417042,Random Forest
2024-09-08 16:00:00,1567.91292275,1567.8829344986389,Random Forest
2024-09-08 17:00:00,1416.47992825,1416.4801976043093,Random Forest
2024-09-08 18:00:00,1322.655122,1322.707591130287,Random Forest
2024-09-08 19:00:00,1519.8713295,1519.8738430059354,Random Forest
2024-09-08 20:00:00,1402.36711975,1402.360285867753,Random Forest
2024-09-08 21:00:00,1299.329587,1299.4056675519982,Random Forest
2024-09-08 22:00:00,1666.21251925,1666.175470030062,Random Forest
2024-09-08 23:00:00,1522.292017,1522.2799090159087,Random Forest
2024-09-09 00:00:00,1437.53116725,1437.5219534790428,Random Forest
2024-09-09 01:00:00,1567.8983945,1567.877786645995,Random Forest
2024-09-09 02:00:00,1485.59871475,1485.5921847845423,Random Forest
2024-09-09 03:00:00,1495.277252,1495.2691807199078,Random Forest
2024-09-09 04:00:00,1498.732578,1498.7359859128462,Random Forest
2024-09-09 05:00:00,1559.53965575,1559.541333644136,Random Forest
2024-09-09 06:00:00,1283.168413325,1283.1523317597855,Random Forest
2024-09-09 07:00:00,1594.6553765,1594.659294879821,Random Forest
2024-09-09 08:00:00,1498.16804575,1498.1669331084427,Random Forest
2024-09-09 09:00:00,1420.9283495,1420.941782997922,Random Forest
2024-09-09 10:00:00,1494.012714,1494.0029669291807,Random Forest
2024-09-09 11:00:00,1437.47178775,1437.4701513343846,Random Forest
2024-09-09 12:00:00,1632.97016625,1632.9827355226735,Random Forest
2024-09-09 13:00:00,1476.67264225,1476.677400473957,Random Forest
2024-09-09 14:00:00,1411.2133955,1411.219084302847,Random Forest
2024-09-09 15:00:00,1498.2051615,1498.2083955495048,Random Forest
2024-09-09 16:00:00,1283.444727,1283.333135907572,Random Forest
2024-09-09 17:00:00,1512.5028735,1512.5115630638493,Random Forest
2024-09-09 18:00:00,1497.925476,1497.9266485963828,Random Forest
2024-09-09 19:00:00,1535.14371525,1535.1545933226353,Random Forest
2024-09-09 20:00:00,1628.00750975,1628.0076262566713,Random Forest
2024-09-09 21:00:00,1466.5095797499998,1466.5103415101696,Random Forest
2024-09-09 22:00:00,1456.345704,1456.3316039403878,Random Forest
2024-09-09 23:00:00,1513.05953575,1513.0479596760458,Random Forest
2024-09-10 00:00:00,1656.90723525,1656.8663377846979,Random Forest
2024-09-10 01:00:00,1187.46007975,1186.8025202064061,Random Forest
2024-09-10 02:00:00,1451.6497335,1451.6430743463445,Random Forest
2024-09-10 03:00:00,1499.613672,1499.6238133942168,Random Forest
2024-09-10 04:00:00,1447.5247095,1447.5287887058055,Random Forest
2024-09-10 05:00:00,1537.97164225,1537.980799408333,Random Forest
2024-09-10 06:00:00,1641.5195765,1641.520678657248,Random Forest
2024-09-10 07:00:00,1533.09453075,1533.0915588555717,Random Forest
2024-09-10 08:00:00,1459.70632175,1459.7003245765613,Random Forest
2024-09-10 09:00:00,1492.00257625,1491.9994834156616,Random Forest
2024-09-10 10:00:00,1500.02686025,1500.0315504243308,Random Forest
2024-09-10 11:00:00,1627.07778575,1627.0681054906981,Random Forest
2024-09-10 12:00:00,1450.887404,1450.8798777604534,Random Forest
2024-09-10 13:00:00,1576.68623225,1576.6886805786987,Random Forest
2024-09-10 14:00:00,1433.10794375,1433.115457259001,Random Forest
2024-09-10 15:00:00,1532.4174315,1532.4211617069998,Random Forest
2024-09-10 16:00:00,1449.1006005,1449.1124487717625,Random Forest
2024-09-10 17:00:00,1629.5302525,1629.5016962592397,Random Forest
2024-09-10 18:00:00,1620.61870925,1620.6102972560566,Random Forest
2024-09-10 19:00:00,1565.4729335,1565.4558330274979,Random Forest
2024-09-10 20:00:00,1504.68196175,1504.6832562341413,Random Forest
2024-09-10 21:00:00,1583.43762225,1583.4447879509285,Random Forest
2024-09-10 22:00:00,1354.697773,1354.7042775829568,Random Forest
2024-09-10 23:00:00,1427.28508675,1427.2944056532024,Random Forest
2024-09-11 00:00:00,1490.47347325,1490.4666187204857,Random Forest
2024-09-11 01:00:00,1550.64105075,1550.6283790355656,Random Forest
2024-09-11 02:00:00,1451.84258725,1451.843043275376,Random Forest
2024-09-11 03:00:00,1516.93521425,1516.9590704060147,Random Forest
2024-09-11 04:00:00,1662.1449485,1662.1218606032394,Random Forest
2024-09-11 05:00:00,1250.45152695,1250.4259742423853,Random Forest
2024-09-11 06:00:00,1722.93491275,1723.0787607385842,Random Forest
2024-09-11 07:00:00,1385.2871085000002,1385.2838462942,Random Forest
2024-09-11 08:00:00,1449.5886825,1449.5911635766847,Random Forest
2024-09-11 09:00:00,1555.5674985,1555.5744157760869,Random Forest
2024-09-11 10:00:00,1396.7371195,1396.744221230488,Random Forest
2024-09-11 11:00:00,1510.5714425,1510.5712866811975,Random Forest
2024-09-11 12:00:00,1461.43866325,1461.4179361878687,Random Forest
2024-09-11 13:00:00,1523.07115475,1523.0618928929089,Random Forest
2024-09-11 14:00:00,1424.8052765,1424.8011522596832,Random Forest
2024-09-11 15:00:00,1409.2282115,1409.2229063146651,Random Forest
2024-09-11 16:00:00,1476.37924675,1476.3872036739524,Random Forest
2024-09-11 17:00:00,1441.85867075,1441.8660711667776,Random Forest
2024-09-11 18:00:00,1348.01874625,1348.0149473199035,Random Forest
2024-09-11 19:00:00,1625.8557865,1625.847941723881,Random Forest
2024-09-11 20:00:00,1540.3858185,1540.3704398274278,Random Forest
2024-09-11 21:00:00,1393.825832,1393.8399631393427,Random Forest
2024-09-11 22:00:00,1563.50007325,1563.4952638889208,Random Forest
2024-09-11 23:00:00,1445.618319,1445.6041167184812,Random Forest
2024-09-12 00:00:00,1516.53817225,1516.5613853430593,Random Forest
2024-09-12 01:00:00,1554.6342565,1554.633260081456,Random Forest
2024-09-12 02:00:00,1378.68703925,1378.6735996564246,Random Forest
2024-09-12 03:00:00,1665.88109825,1665.8540321951782,Random Forest
2024-09-12 04:00:00,1322.10485275,1322.1432438424815,Random Forest
2024-09-12 05:00:00,1500.46362275,1500.458589752559,Random Forest
2024-09-12 06:00:00,1417.26403545,1417.263588590611,Random Forest
2024-09-12 07:00:00,1659.1545225,1659.1489614820011,Random Forest
2024-09-12 08:00:00,1521.58590675,1521.5887574172355,Random Forest
2024-09-12 09:00:00,1464.8316775,1464.8387234287968,Random Forest
2024-09-12 10:00:00,1412.7741595,1412.7678546555462,Random Forest
2024-09-12 11:00:00,1483.25037,1483.2540227574875,Random Forest
2024-09-12 12:00:00,1508.413883,1508.426842234407,Random Forest
2024-09-12 13:00:00,1431.01716825,1431.0185724857552,Random Forest
2024-09-12 14:00:00,1485.075343,1485.0867269968655,Random Forest
2024-09-12 15:00:00,1428.10211575,1428.1094284833944,Random Forest
2024-09-12 16:00:00,1423.409327,1423.3980751794245,Random Forest
2024-09-12 17:00:00,1589.47391425,1589.4811382544822,Random Forest
2024-09-12 18:00:00,1598.08334725,1598.0695662753308,Random Forest
2024-09-12 19:00:00,1561.6887475,1561.675268013658,Random Forest
2024-09-12 20:00:00,1346.1602605,1346.1689791890617,Random Forest
2024-09-12 21:00:00,1625.2814925,1625.2979829310905,Random Forest
2024-09-12 22:00:00,1544.65187475,1544.6417655876878,Random Forest
2024-09-12 23:00:00,1505.8635375,1505.8780584036765,Random Forest
2024-09-13 00:00:00,1368.6409205,1368.6538135254575,Random Forest
2024-09-13 01:00:00,1583.8335,1583.827374323507,Random Forest
2024-09-13 02:00:00,1436.3734785,1436.3689019149397,Random Forest
2024-09-13 03:00:00,1559.9732425,1559.9643150143424,Random Forest
2024-09-13 04:00:00,1657.46963875,1657.5323671616788,Random Forest
2024-09-13 05:00:00,1524.30044075,1524.3066485588015,Random Forest
2024-09-13 06:00:00,1578.938427,1578.9190949254655,Random Forest
2024-09-13 07:00:00,1586.80033575,1586.8076350772335,Random Forest
2024-09-13 08:00:00,1411.650548,1411.6453731326321,Random Forest
2024-09-13 09:00:00,1580.5725975,1580.5712492986263,Random Forest
2024-09-13 10:00:00,1610.57935825,1610.598552530178,Random Forest
2024-09-13 11:00:00,1585.53647025,1585.5269713931389,Random Forest
2024-09-13 12:00:00,1565.30143525,1565.3004410269482,Random Forest
2024-09-13 13:00:00,1446.3498775,1446.3360191160748,Random Forest
2024-09-13 14:00:00,1638.1884,1638.1975332240097,Random Forest
2024-09-13 15:00:00,1444.92959625,1444.9211719352802,Random Forest
2024-09-13 16:00:00,1598.0938257500002,1598.1042330476923,Random Forest
2024-09-13 17:00:00,1373.80213525,1373.7988918785218,Random Forest
2024-09-13 18:00:00,1618.83359525,1618.8006471131514,Random Forest
2024-09-13 19:00:00,1496.9472405,1496.954560274539,Random Forest
2024-09-13 20:00:00,1503.29726725,1503.2918993461817,Random Forest
2024-09-13 21:00:00,1368.17207475,1368.1738143475054,Random Forest
2024-09-13 22:00:00,1451.50071175,1451.4880361994735,Random Forest
2024-09-13 23:00:00,1475.594942,1475.5747609467717,Random Forest
2024-09-14 00:00:00,1556.67205675,1556.66855906924,Random Forest
2024-09-14 01:00:00,1495.437238,1495.4418117512719,Random Forest
2024-09-14 02:00:00,1577.53163525,1577.5324881989477,Random Forest
2024-09-14 03:00:00,1457.8399375,1457.8496262144345,Random Forest
2024-09-14 04:00:00,1343.005576,1342.9742196695597,Random Forest
2024-09-14 05:00:00,1690.53962625,1690.507372216142,Random Forest
2024-09-14 06:00:00,1359.990718,1359.9823341789458,Random Forest
2024-09-14 07:00:00,1545.09986725,1545.0987168459146,Random Forest
2024-09-14 08:00:00,1312.6152245,1312.59499296923,Random Forest
2024-09-14 09:00:00,1490.06381025,1490.063103344271,Random Forest
2024-09-14 10:00:00,1448.0981475,1448.100565629585,Random Forest
2024-09-14 11:00:00,1524.3556294999998,1524.3410281263975,Random Forest
2024-09-14 12:00:00,1487.27734875,1487.2875640218083,Random Forest
2024-09-14 13:00:00,1594.39212125,1594.387904542694,Random Forest
2024-09-14 14:00:00,1502.61618575,1502.61511559059,Random Forest
2024-09-14 15:00:00,1573.882981,1573.8866223336422,Random Forest
2024-09-14 16:00:00,1375.3974445,1375.431343416512,Random Forest
2024-09-14 17:00:00,1427.7254739999998,1427.7163031700036,Random Forest
2024-09-14 18:00:00,1486.36818425,1486.368430582296,Random Forest
2024-09-14 19:00:00,1545.7546605,1545.7416246828213,Random Forest
2024-09-14 20:00:00,1398.70787325,1398.7166275915451,Random Forest
2024-09-14 21:00:00,1589.62062625,1589.6482168156247,Random Forest
2024-09-14 22:00:00,1393.42306075,1393.4145157429857,Random Forest
2024-09-14 23:00:00,1255.62673445,1255.8282949460202,Random Forest
2024-09-15 00:00:00,1480.75447375,1480.7472517263677,Random Forest
2024-09-15 01:00:00,1449.084997,1449.0768726917252,Random Forest
2024-09-15 02:00:00,1593.3799185,1593.3694497457184,Random Forest
2024-09-15 03:00:00,1483.28408,1483.2787036702011,Random Forest
2024-09-15 04:00:00,1421.202334,1421.2005018448585,Random Forest
2024-09-15 05:00:00,1483.72010375,1483.725361199392,Random Forest
2024-09-15 06:00:00,1492.47163875,1492.4831663153634,Random Forest
2024-09-15 07:00:00,1525.38554425,1525.3721488243277,Random Forest
2024-09-15 08:00:00,1492.553095,1492.561919675873,Random Forest
2024-09-15 09:00:00,1472.01667975,1472.008060292636,Random Forest
2024-09-15 10:00:00,1342.87758775,1342.877014976546,Random Forest
2024-09-15 11:00:00,1417.4168915,1417.418840317349,Random Forest
2024-09-15 12:00:00,1598.18273775,1598.1808032767224,Random Forest
2024-09-15 13:00:00,1516.53792975,1516.5618118969921,Random Forest
2024-09-15 14:00:00,1429.906324125,1429.86793905596,Random Forest
2024-09-15 15:00:00,1567.6340685,1567.63686381757,Random Forest
2024-09-15 16:00:00,1421.6874415,1421.7111243879826,Random Forest
2024-09-15 17:00:00,1688.51067925,1688.4165615347106,Random Forest
2024-09-15 18:00:00,1527.01614525,1527.0271935617554,Random Forest
2024-09-15 19:00:00,1495.2399045,1495.2426006845926,Random Forest
2024-09-15 20:00:00,1454.589784,1454.5938952457932,Random Forest
2024-09-15 21:00:00,1493.97486875,1493.9718782649443,Random Forest
2024-09-15 22:00:00,1591.44710725,1591.463246306253,Random Forest
2024-09-15 23:00:00,1538.8599405,1538.8600329296082,Random Forest
2024-09-16 00:00:00,1529.67195525,1529.6741517157302,Random Forest
2024-09-16 01:00:00,1511.082562,1511.0698633624881,Random Forest
2024-09-16 02:00:00,1425.9456225,1425.9464759749007,Random Forest
2024-09-16 03:00:00,1415.117072,1415.1184664598009,Random Forest
2024-09-16 04:00:00,1452.83579175,1452.8217156253957,Random Forest
2024-09-16 05:00:00,1404.998227,1405.000522605418,Random Forest
2024-09-16 06:00:00,1441.88623125,1441.8815529286803,Random Forest
2024-09-16 07:00:00,1600.5217925,1600.5253133316467,Random Forest
2024-09-16 08:00:00,1504.36894575,1504.3663478961812,Random Forest
2024-09-16 09:00:00,1530.00673225,1530.0028170255825,Random Forest
2024-09-16 10:00:00,1385.684469,1385.6856307335734,Random Forest
2024-09-16 11:00:00,1457.28643575,1457.299153129589,Random Forest
2024-09-16 12:00:00,1521.0667035,1521.051368655895,Random Forest
2024-09-16 13:00:00,1499.75653925,1499.752537340673,Random Forest
2024-09-16 14:00:00,1505.27225175,1505.2708164629375,Random Forest
2024-09-16 15:00:00,1460.7926395,1460.7885553341837,Random Forest
2024-09-16 16:00:00,1489.88911575,1489.902428694727,Random Forest
2024-09-16 17:00:00,1447.51337525,1447.5199447030018,Random Forest
2024-09-16 18:00:00,1596.14476475,1596.1589143911617,Random Forest
2024-09-16 19:00:00,1582.88594925,1582.8959171944798,Random Forest
2024-09-16 20:00:00,1425.75935875,1425.7671797443033,Random Forest
2024-09-16 21:00:00,1692.89115375,1692.902537489368,Random Forest
2024-09-16 22:00:00,1509.163052,1509.1662437924156,Random Forest
2024-09-16 23:00:00,1662.12603775,1662.118376217132,Random Forest
2024-09-17 00:00:00,1471.52699575,1471.5280382903304,Random Forest
2024-09-17 01:00:00,1655.36140375,1655.3475566497739,Random Forest
2024-09-17 02:00:00,1377.8186919999998,1377.8258522858107,Random Forest
2024-09-17 03:00:00,1346.468598,1346.457610446451,Random Forest
2024-09-17 04:00:00,1474.40033325,1474.3866260850375,Random Forest
2024-09-17 05:00:00,1573.544984,1573.539054948633,Random Forest
2024-09-17 06:00:00,1858.2112155,1873.4427814694811,Random Forest
2024-09-17 07:00:00,1499.04109625,1499.0353405538033,Random Forest
2024-09-17 08:00:00,1406.44604625,1406.4401890180532,Random Forest
2024-09-17 09:00:00,1456.37601825,1456.3752698997807,Random Forest
2024-09-17 10:00:00,1512.8229235,1512.7956259659427,Random Forest
2024-09-17 11:00:00,1697.57257325,1697.5462832964013,Random Forest
2024-09-17 12:00:00,1669.03557725,1669.0624877991147,Random Forest
2024-09-17 13:00:00,1464.3842465,1464.386943856701,Random Forest
2024-09-17 14:00:00,1468.84788875,1468.85072328114,Random Forest
2024-09-17 15:00:00,1545.62608825,1545.6242814150298,Random Forest
2024-09-17 16:00:00,1589.86520575,1589.86923685499,Random Forest
2024-09-17 17:00:00,1424.463624,1424.4533731818542,Random Forest
2024-09-17 18:00:00,1494.77040025,1494.7696556586943,Random Forest
2024-09-17 19:00:00,1490.6899455,1490.6971545115623,Random Forest
2024-09-17 20:00:00,1523.1077565,1523.1251694566072,Random Forest
2024-09-17 21:00:00,1558.63740625,1558.638220658592,Random Forest
2024-09-17 22:00:00,1540.39628,1540.3875945061504,Random Forest
2024-09-17 23:00:00,1595.6042265,1595.6309814031006,Random Forest
2024-09-18 00:00:00,1483.9220925,1483.9168465821278,Random Forest
2024-09-18 01:00:00,1550.52609625,1550.5379535715952,Random Forest
2024-09-18 02:00:00,1389.71352575,1389.714495630406,Random Forest
2024-09-18 03:00:00,1420.4287682499998,1420.4344971059595,Random Forest
2024-09-18 04:00:00,1821.834671,1821.1985866878003,Random Forest
2024-09-18 05:00:00,1521.11675925,1521.125909204997,Random Forest
2024-09-18 06:00:00,1641.6118305,1641.615252827175,Random Forest
2024-09-18 07:00:00,1579.5845405,1579.574088168852,Random Forest
2024-09-18 08:00:00,1549.685396,1549.6822981625448,Random Forest
2024-09-18 09:00:00,1459.40614675,1459.4096872026876,Random Forest
2024-09-18 10:00:00,1393.434518,1393.4390675418408,Random Forest
2024-09-18 11:00:00,1442.68604875,1442.6970732517993,Random Forest
2024-09-18 12:00:00,1458.795068,1458.8077021820811,Random Forest
2024-09-18 13:00:00,1706.46200175,1706.4811736700756,Random Forest
2024-09-18 14:00:00,1596.837336,1596.8357785079677,Random Forest
2024-09-18 15:00:00,1456.0441795000002,1456.048649721262,Random Forest
2024-09-18 16:00:00,1502.284738,1502.3005861445056,Random Forest
2024-09-18 17:00:00,1393.3217637500002,1393.3192640737354,Random Forest
2024-09-18 18:00:00,1579.91915,1579.9101526462823,Random Forest
2024-09-18 19:00:00,1557.39595775,1557.4138001233725,Random Forest
2024-09-18 20:00:00,1420.34145975,1420.3223569946736,Random Forest
2024-09-18 21:00:00,1339.72726325,1339.7029166026311,Random Forest
2024-09-18 22:00:00,1619.52193325,1619.5238046379936,Random Forest
2024-09-18 23:00:00,1404.6627885,1404.6697133212033,Random Forest
2024-09-19 00:00:00,1496.4757115,1496.4785148087371,Random Forest
2024-09-19 01:00:00,1520.7256925000002,1520.712241324741,Random Forest
2024-09-19 02:00:00,1476.57628475,1476.5799876308554,Random Forest
2024-09-19 03:00:00,1664.21225475,1664.2481719572083,Random Forest
2024-09-19 04:00:00,1492.450056,1492.447895188842,Random Forest
2024-09-19 05:00:00,1320.728152,1320.836464439347,Random Forest
2024-09-19 06:00:00,1645.49993225,1645.546071095358,Random Forest
2024-09-19 07:00:00,1401.86754075,1401.867581548669,Random Forest
2024-09-19 08:00:00,1447.81639225,1447.821061394137,Random Forest
2024-09-19 09:00:00,1547.7939,1547.7697755206232,Random Forest
2024-09-19 10:00:00,1593.6876155,1593.6943645694382,Random Forest
2024-09-19 11:00:00,1455.33849875,1455.327590854219,Random Forest
2024-09-19 12:00:00,1486.8443155,1486.8335660560158,Random Forest
2024-09-19 13:00:00,1732.203154,1732.188512123771,Random Forest
2024-09-19 14:00:00,1481.4265965,1481.426879572646,Random Forest
2024-09-19 15:00:00,1499.429426,1499.4224377053251,Random Forest
2024-09-19 16:00:00,1643.44679725,1643.4299988694497,Random Forest
2024-09-19 17:00:00,1477.9582775,1477.9795526523728,Random Forest
2024-09-19 18:00:00,1491.89298075,1491.8960064223909,Random Forest
2024-09-19 19:00:00,1306.86978825,1306.895901239599,Random Forest
2024-09-19 20:00:00,1523.32995925,1523.3283218994172,Random Forest
2024-09-19 21:00:00,1298.082483,1298.1405065334336,Random Forest
2024-09-19 22:00:00,1391.9596465,1391.9617731342157,Random Forest
2024-09-19 23:00:00,1553.74707075,1553.745394613328,Random Forest
2024-09-20 00:00:00,1446.89911575,1446.913226119384,Random Forest
2024-09-20 01:00:00,1714.516733,1714.6160969026305,Random Forest
2024-09-20 02:00:00,1190.67218425,1190.530609060517,Random Forest
2024-09-20 03:00:00,1483.2325335,1483.2363654831736,Random Forest
2024-09-20 04:00:00,1658.59178225,1658.5409352618506,Random Forest
2024-09-20 05:00:00,1445.19270775,1445.185033518138,Random Forest
2024-09-20 06:00:00,1638.740631,1638.7617953429885,Random Forest
2024-09-20 07:00:00,1545.5424385,1545.5314728768583,Random Forest
2024-09-20 08:00:00,1365.415131,1365.4037154668645,Random Forest
2024-09-20 09:00:00,1519.2362825,1519.221547058689,Random Forest
2024-09-20 10:00:00,1569.97949375,1569.990557847603,Random Forest
2024-09-20 11:00:00,1469.962177,1469.9457408793862,Random Forest
2024-09-20 12:00:00,1483.26777425,1483.2710231032572,Random Forest
2024-09-20 13:00:00,1494.30497925,1494.3039522506347,Random Forest
2024-09-20 14:00:00,1439.08131275,1439.0810150292396,Random Forest
2024-09-20 15:00:00,1547.78901125,1547.7693776675503,Random Forest
2024-09-20 16:00:00,1442.28687275,1442.2820083388694,Random Forest
2024-09-20 17:00:00,1528.4583642500002,1528.4614202569473,Random Forest
2024-09-20 18:00:00,1489.328659,1489.3270240644429,Random Forest
2024-09-20 19:00:00,1404.48864,1404.4758537696966,Random Forest
2024-09-20 20:00:00,1660.512426,1660.5121797493393,Random Forest
2024-09-20 21:00:00,1503.4354295,1503.4385576101831,Random Forest
2024-09-20 22:00:00,1444.7212055,1444.7320432050067,Random Forest
2024-09-20 23:00:00,1497.810932,1497.8055582402067,Random Forest
2024-09-21 00:00:00,1532.4833055,1532.4889012598867,Random Forest
2024-09-21 01:00:00,1280.17981275,1280.026798813205,Random Forest
2024-09-21 02:00:00,1545.344722,1545.3414488226629,Random Forest
2024-09-21 03:00:00,1565.34928575,1565.3500067589855,Random Forest
2024-09-21 04:00:00,1589.57084425,1589.5585026897775,Random Forest
2024-09-21 05:00:00,1485.73209925,1485.7347362308305,Random Forest
2024-09-21 06:00:00,1507.89148375,1507.893452049125,Random Forest
2024-09-21 07:00:00,1550.7614415,1550.7534921457927,Random Forest
2024-09-21 08:00:00,1488.92832425,1488.931075801742,Random Forest
2024-09-21 09:00:00,1428.611758,1428.6225436922905,Random Forest
2024-09-21 10:00:00,1562.233819,1562.2106720639215,Random Forest
2024-09-21 11:00:00,1368.7154845,1368.6984494115054,Random Forest
2024-09-21 12:00:00,1681.125779,1681.132902690687,Random Forest
2024-09-21 13:00:00,1702.15355175,1702.1618224133913,Random Forest
2024-09-21 14:00:00,1382.13124225,1382.1383039755028,Random Forest
2024-09-21 15:00:00,1662.6524225,1662.6479185390294,Random Forest
2024-09-21 16:00:00,1554.532405,1554.533485051806,Random Forest
2024-09-21 17:00:00,1521.577126,1521.5887574172355,Random Forest
2024-09-21 18:00:00,1583.44363325,1583.4578708716203,Random Forest
2024-09-21 19:00:00,1517.94700175,1517.9473851255489,Random Forest
2024-09-21 20:00:00,1527.80556275,1527.8053450735626,Random Forest
2024-09-21 21:00:00,1448.011334,1448.0028360598708,Random Forest
2024-09-21 22:00:00,1490.8433295,1490.830642887866,Random Forest
2024-09-21 23:00:00,1541.611344,1541.6212947749927,Random Forest
2024-09-22 00:00:00,1564.7584385,1564.7591657268113,Random Forest
2024-09-22 01:00:00,1246.619559,1246.5110898888083,Random Forest
2024-09-22 02:00:00,1433.91074675,1433.9161611644286,Random Forest
2024-09-22 03:00:00,1537.7936305,1537.7978211222005,Random Forest
2024-09-22 04:00:00,1450.713592,1450.7152448184434,Random Forest
2024-09-22 05:00:00,1515.939371,1515.9300709965091,Random Forest
2024-09-22 06:00:00,1433.47124825,1433.4824465094339,Random Forest
2024-09-22 07:00:00,1566.74487675,1566.741223312637,Random Forest
2024-09-22 08:00:00,1363.23540675,1363.245381313998,Random Forest
2024-09-22 09:00:00,1547.2261395,1547.2219312524446,Random Forest
2024-09-22 10:00:00,1538.56112925,1538.5761113319936,Random Forest
2024-09-22 11:00:00,1410.90280975,1410.8974498848495,Random Forest
2024-09-22 12:00:00,1546.62060025,1546.6253578825904,Random Forest
2024-09-22 13:00:00,1523.45987,1523.4545970438694,Random Forest
2024-09-22 14:00:00,1413.78828725,1413.7883930608525,Random Forest
2024-09-22 15:00:00,1568.866634,1568.8764284283957,Random Forest
2024-09-22 16:00:00,1437.74665775,1437.7690451319002,Random Forest
2024-09-22 17:00:00,1518.90138375,1518.9025971042088,Random Forest
2024-09-22 18:00:00,1655.4537875,1655.4696635096784,Random Forest
2024-09-22 19:00:00,1500.2936235,1500.295371170369,Random Forest
2024-09-22 20:00:00,1494.48612725,1494.480539835824,Random Forest
2024-09-22 21:00:00,1635.9706055,1635.965796348009,Random Forest
2024-09-22 22:00:00,1464.91065025,1464.9090980405826,Random Forest
2024-09-22 23:00:00,1385.640332,1385.6409923214335,Random Forest
2024-09-23 00:00:00,1619.06882025,1619.0749100023559,Random Forest
2024-09-23 01:00:00,1542.5759345,1542.580587959604,Random Forest
2024-09-23 02:00:00,1556.8390332499998,1556.8259195600622,Random Forest
2024-09-23 03:00:00,1536.95249025,1536.956956238246,Random Forest
2024-09-23 04:00:00,1494.5778017500002,1494.57704343049,Random Forest
2024-09-23 05:00:00,1473.46278925,1473.4484228161539,Random Forest
2024-09-23 06:00:00,1653.2519149999998,1653.2326767110496,Random Forest
2024-09-23 07:00:00,1430.173128,1430.1804251101962,Random Forest
2024-09-23 08:00:00,1657.9662795,1657.9108927329178,Random Forest
2024-09-23 09:00:00,1472.28773175,1472.2750815647994,Random Forest
2024-09-23 10:00:00,1466.6208925,1466.6184068554214,Random Forest
2024-09-23 11:00:00,1426.35279375,1426.3571452638173,Random Forest
2024-09-23 12:00:00,1523.8461835,1523.8511217628109,Random Forest
2024-09-23 13:00:00,1592.05718425,1592.0351425837587,Random Forest
2024-09-23 14:00:00,1433.29584525,1433.2903522741826,Random Forest
2024-09-23 15:00:00,1492.9627845,1492.9606393058339,Random Forest
2024-09-23 16:00:00,1346.157854,1346.1704731661346,Random Forest
2024-09-23 17:00:00,1389.25757375,1389.2554603398426,Random Forest
2024-09-23 18:00:00,1399.94927325,1399.9778532338303,Random Forest
2024-09-23 19:00:00,1351.40235725,1351.3889398644292,Random Forest
2024-09-23 20:00:00,1616.0146255,1615.9980547587777,Random Forest
2024-09-23 21:00:00,1554.06751075,1554.0701713906053,Random Forest
2024-09-23 22:00:00,1363.31851125,1363.3048765176147,Random Forest
2024-09-23 23:00:00,1475.755423,1475.7538635709157,Random Forest
2024-09-24 00:00:00,1298.33209225,1298.344161082666,Random Forest
2024-09-24 01:00:00,1498.47951075,1498.480507100498,Random Forest
2024-09-24 02:00:00,1560.97199525,1560.9828127478627,Random Forest
2024-09-24 03:00:00,1462.33501575,1462.3363464707809,Random Forest
2024-09-24 04:00:00,1427.04855375,1427.052155145572,Random Forest
2024-09-24 05:00:00,1308.9470135,1308.991391825409,Random Forest
2024-09-24 06:00:00,1443.157863,1443.1685333205544,Random Forest
2024-09-24 07:00:00,1611.33522375,1611.3408813787437,Random Forest
2024-09-24 08:00:00,1501.5851185,1501.5732009255385,Random Forest
2024-09-24 09:00:00,1666.372004,1666.3910236117836,Random Forest
2024-09-24 10:00:00,1437.67385825,1437.6748353586258,Random Forest
2024-09-24 11:00:00,1425.13216825,1425.1201124499898,Random Forest
2024-09-24 12:00:00,1395.55920875,1395.5863114286255,Random Forest
2024-09-24 13:00:00,1419.3865835,1419.3780451182895,Random Forest
2024-09-24 14:00:00,1503.68619675,1503.6848002315164,Random Forest
2024-09-24 15:00:00,1376.8488865,1376.8508246657113,Random Forest
2024-09-24 16:00:00,1620.32933525,1620.318307504536,Random Forest
2024-09-24 17:00:00,1499.21107775,1499.206875053189,Random Forest
2024-09-24 18:00:00,1593.5394925,1593.5453140743143,Random Forest
2024-09-24 19:00:00,1432.481176,1432.4921916022818,Random Forest
2024-09-24 20:00:00,1304.51933475,1304.472978428802,Random Forest
2024-09-24 21:00:00,1476.36631875,1476.3546659112023,Random Forest
2024-09-24 22:00:00,1315.772836,1315.8288488732392,Random Forest
2024-09-24 23:00:00,1392.984647,1393.004285630777,Random Forest
2024-09-25 00:00:00,1317.67845325,1317.6891185703112,Random Forest
2024-09-25 01:00:00,1414.64826675,1414.6422268128392,Random Forest
2024-09-25 02:00:00,1431.9243745,1431.9256317944157,Random Forest
2024-09-25 03:00:00,1555.83475275,1555.8363830932476,Random Forest
2024-09-25 04:00:00,1483.84485125,1483.8497451567569,Random Forest
2024-09-25 05:00:00,1578.79500625,1578.7865368913192,Random Forest
2024-09-25 06:00:00,1638.70034075,1638.7284858045582,Random Forest
2024-09-25 07:00:00,1484.37126815,1484.3803275466491,Random Forest
2024-09-25 08:00:00,1508.97565325,1508.9804625876454,Random Forest
2024-09-25 09:00:00,1496.758423,1496.7703454244227,Random Forest
2024-09-25 10:00:00,1574.322968,1574.3153618003632,Random Forest
2024-09-25 11:00:00,1661.53845475,1661.5260198867234,Random Forest
2024-09-25 12:00:00,1345.4458715,1345.434630404001,Random Forest
2024-09-25 13:00:00,1503.4077395,1503.404547271303,Random Forest
2024-09-25 14:00:00,1452.00146125,1452.0164372480515,Random Forest
2024-09-25 15:00:00,1534.6635095,1534.6675620989402,Random Forest
2024-09-25 16:00:00,1276.752868,1276.7431583857522,Random Forest
2024-09-25 17:00:00,1416.41483175,1416.4128433983785,Random Forest
2024-09-25 18:00:00,1598.1474925,1598.153971704611,Random Forest
2024-09-25 19:00:00,1538.254498,1538.2593543776572,Random Forest
2024-09-25 20:00:00,1394.44367875,1394.4401309831262,Random Forest
2024-09-25 21:00:00,1472.37458775,1472.3543975128268,Random Forest
2024-09-25 22:00:00,1550.53343975,1550.5399212860368,Random Forest
2024-09-25 23:00:00,1433.91066625,1433.9166750298973,Random Forest
2024-09-26 00:00:00,1617.3074927500002,1617.3244138542007,Random Forest
2024-09-26 01:00:00,1609.73864725,1609.7420453738314,Random Forest
2024-09-26 02:00:00,1778.979986,1778.8678506052402,Random Forest
2024-09-26 03:00:00,1595.47104425,1595.469255127686,Random Forest
2024-09-26 04:00:00,1525.5887785,1525.581191401635,Random Forest
2024-09-26 05:00:00,1265.17216625,1265.2429361124202,Random Forest
2024-09-26 06:00:00,1558.54341225,1558.5389259203291,Random Forest
2024-09-26 07:00:00,1419.1903785,1419.1818354703157,Random Forest
2024-09-26 08:00:00,1460.13773475,1460.1368409924733,Random Forest
2024-09-26 09:00:00,1567.44878725,1567.456172159893,Random Forest
2024-09-26 10:00:00,1457.90501775,1457.8975074291368,Random Forest
2024-09-26 11:00:00,1427.47052925,1427.464814647093,Random Forest
2024-09-26 12:00:00,1624.8898125,1624.8995711519171,Random Forest
2024-09-26 13:00:00,1534.9279955,1534.9145771639578,Random Forest
2024-09-26 14:00:00,1603.51131275,1603.5197182431866,Random Forest
2024-09-26 15:00:00,1541.986739,1541.989384479386,Random Forest
2024-09-26 16:00:00,1570.38118,1570.370984596822,Random Forest
2024-09-26 17:00:00,1422.88861225,1422.8739942499406,Random Forest
2024-09-26 18:00:00,1562.73988625,1562.7451260014554,Random Forest
2024-09-26 19:00:00,1568.625891,1568.6129572700627,Random Forest
2024-09-26 20:00:00,1509.660125,1509.6616871585936,Random Forest
2024-09-26 21:00:00,1479.72766925,1479.7268962083667,Random Forest
2024-09-26 22:00:00,1409.16973775,1409.1678733473643,Random Forest
2024-09-26 23:00:00,1732.82682025,1732.823488945019,Random Forest
2024-09-27 00:00:00,1472.55732225,1472.5581213314467,Random Forest
2024-09-27 01:00:00,1487.30177875,1487.2957966985489,Random Forest
2024-09-27 02:00:00,1475.8629525,1475.8445746660261,Random Forest
2024-09-27 03:00:00,1550.3487305,1550.3392112979477,Random Forest
2024-09-27 04:00:00,1530.465551,1530.4772129097514,Random Forest
2024-09-27 05:00:00,1484.28871175,1484.2940410122444,Random Forest
2024-09-27 06:00:00,1654.1297065,1654.1064434643515,Random Forest
2024-09-27 07:00:00,1358.674835,1358.7026719863418,Random Forest
2024-09-27 08:00:00,1455.03975975,1455.0303346516534,Random Forest
2024-09-27 09:00:00,1392.77795525,1392.7604407494464,Random Forest
2024-09-27 10:00:00,1557.548168,1557.543124327886,Random Forest
2024-09-27 11:00:00,1707.625316,1707.6531143033071,Random Forest
2024-09-27 12:00:00,1522.9184675,1522.9101717247386,Random Forest
2024-09-27 13:00:00,1718.92379025,1718.9744655988295,Random Forest
2024-09-27 14:00:00,1479.57159775,1479.5693295741044,Random Forest
2024-09-27 15:00:00,1652.545681,1652.5473646259604,Random Forest
2024-09-27 16:00:00,1481.5868155,1481.5747171744338,Random Forest
2024-09-27 17:00:00,1457.8136185,1457.8069500453241,Random Forest
2024-09-27 18:00:00,1452.78193525,1452.7913458929092,Random Forest
2024-09-27 19:00:00,1410.813792,1410.7996531426418,Random Forest
2024-09-27 20:00:00,1450.58509825,1450.5837545977224,Random Forest
2024-09-27 21:00:00,1498.01655475,1498.0256728045888,Random Forest
2024-09-27 22:00:00,1570.2744365,1570.2731194141866,Random Forest
2024-09-27 23:00:00,1441.4059485,1441.4047236010003,Random Forest
2024-09-28 00:00:00,1533.49451025,1533.4884764357148,Random Forest
2024-09-28 01:00:00,1511.3513125,1511.3482755835905,Random Forest
2024-09-28 02:00:00,1501.18765725,1501.1619470079333,Random Forest
2024-09-28 03:00:00,1415.898702925,1415.9026378011881,Random Forest
2024-09-28 04:00:00,1440.40980375,1440.4042322994685,Random Forest
2024-09-28 05:00:00,1427.65020925,1427.6516914961173,Random Forest
2024-09-28 06:00:00,1396.46395775,1396.4635661598447,Random Forest
2024-09-28 07:00:00,1516.819911,1516.8058591929773,Random Forest
2024-09-28 08:00:00,1645.04069025,1645.0568480103432,Random Forest
2024-09-28 09:00:00,1370.258092,1370.2541989890315,Random Forest
2024-09-28 10:00:00,1659.915947,1659.9406080847236,Random Forest
2024-09-28 11:00:00,1591.09093325,1591.090703619432,Random Forest
2024-09-28 12:00:00,1383.90475175,1383.910949732195,Random Forest
2024-09-28 13:00:00,1418.188361,1418.1804557937328,Random Forest
2024-09-28 14:00:00,1466.7525885,1466.752882288345,Random Forest
2024-09-28 15:00:00,1256.62017325,1256.3556432760179,Random Forest
2024-09-28 16:00:00,1364.26060925,1364.2355501628408,Random Forest
2024-09-28 17:00:00,1516.42928225,1516.4270914132464,Random Forest
2024-09-28 18:00:00,1508.78352925,1508.7893096162027,Random Forest
2024-09-28 19:00:00,1599.8840705,1599.897151863709,Random Forest
2024-09-28 20:00:00,1465.22852775,1465.2239114073327,Random Forest
2024-09-28 21:00:00,1364.61823375,1364.6354512401992,Random Forest
2024-09-28 22:00:00,1429.05337275,1429.0671412320642,Random Forest
2024-09-28 23:00:00,1431.01099525,1431.0147742247539,Random Forest
2024-09-29 00:00:00,1470.064215,1470.046762832581,Random Forest
2024-09-29 01:00:00,1397.817191275,1397.8150151892373,Random Forest
2024-09-29 02:00:00,1563.13983675,1563.1388279177793,Random Forest
2024-09-29 03:00:00,1384.425374,1384.4188262867342,Random Forest
2024-09-29 04:00:00,1336.32952625,1336.3258527152177,Random Forest
2024-09-29 05:00:00,1546.56125025,1546.5640595862767,Random Forest
2024-09-29 06:00:00,1591.0049255,1590.982817177192,Random Forest
2024-09-29 07:00:00,1531.64748525,1531.6410549068896,Random Forest
2024-09-29 08:00:00,1603.58460925,1603.5398228107783,Random Forest
2024-09-29 09:00:00,1533.80526875,1533.8026284206044,Random Forest
2024-09-29 10:00:00,1521.29300575,1521.3005894160333,Random Forest
2024-09-29 11:00:00,1500.00559475,1499.999055698715,Random Forest
2024-09-29 12:00:00,1444.490678,1444.4873719451623,Random Forest
2024-09-29 13:00:00,1505.218047,1505.232366945128,Random Forest
2024-09-29 14:00:00,1621.10059175,1621.0864160823712,Random Forest
2024-09-29 15:00:00,1572.12279825,1572.1295209868872,Random Forest
2024-09-29 16:00:00,1596.7701525,1596.7809896801286,Random Forest
2024-09-29 17:00:00,1475.00947425,1475.0192786108328,Random Forest
2024-09-29 18:00:00,1486.36355725,1486.3634379564385,Random Forest
2024-09-29 19:00:00,1559.55843775,1559.5580224857547,Random Forest
2024-09-29 20:00:00,1565.26254975,1565.258256539239,Random Forest
2024-09-29 21:00:00,1389.30615425,1389.2955416591908,Random Forest
2024-09-29 22:00:00,1450.29725575,1450.2978218257233,Random Forest
2024-09-29 23:00:00,1539.664753,1539.689738862732,Random Forest
2024-09-30 00:00:00,1396.6760385500002,1396.6624774960205,Random Forest
2024-09-30 01:00:00,1459.8056265,1459.796938972761,Random Forest
2024-09-30 02:00:00,1478.7076545,1478.710989908915,Random Forest
2024-09-30 03:00:00,1487.81766025,1487.812980912807,Random Forest
2024-09-30 04:00:00,1413.10091725,1413.108883398844,Random Forest
2024-09-30 05:00:00,1590.54484825,1590.546998645411,Random Forest
2024-09-30 06:00:00,1523.831153,1523.8397181921903,Random Forest
2024-09-30 07:00:00,1652.0804475,1652.1588730801877,Random Forest
2024-09-30 08:00:00,1671.51381125,1671.4774922766592,Random Forest
2024-09-30 09:00:00,1380.5575835,1380.5519901923901,Random Forest
2024-09-30 10:00:00,1557.0763285,1557.086256508763,Random Forest
2024-09-30 11:00:00,1658.9062235,1658.91280972789,Random Forest
2024-09-30 12:00:00,1505.7580705,1505.75334675805,Random Forest
2024-09-30 13:00:00,1629.73483125,1629.7257811302916,Random Forest
2024-09-30 14:00:00,1489.69759575,1489.6913635798326,Random Forest
2024-09-30 15:00:00,1455.83718075,1455.8318158781292,Random Forest
2024-09-30 16:00:00,1517.63235325,1517.6399281356748,Random Forest
2024-09-30 17:00:00,1445.13784675,1445.137818158517,Random Forest
2024-09-30 18:00:00,1700.85125075,1700.8880903393135,Random Forest
2024-09-30 19:00:00,1492.1844685,1492.1838243186369,Random Forest
2024-09-30 20:00:00,1373.32702725,1373.3191549331107,Random Forest
2024-09-30 21:00:00,1469.00927225,1469.0135650196357,Random Forest
2024-09-30 22:00:00,1613.73795175,1613.7384386472695,Random Forest
2024-09-30 23:00:00,1551.84795,1551.832893555723,Random Forest
2024-10-01 00:00:00,1562.289452,1562.3136197731676,Random Forest
2024-10-01 01:00:00,1587.7618805,1587.7625123075568,Random Forest
2024-10-01 02:00:00,1515.674993,1515.6721712001477,Random Forest
2024-10-01 03:00:00,1546.09281325,1546.0907130861,Random Forest
2024-10-01 04:00:00,1459.67771625,1459.6813662172065,Random Forest
2024-10-01 05:00:00,1623.05618275,1623.0473888963147,Random Forest
2024-10-01 06:00:00,1355.59962975,1355.5901005023957,Random Forest
2024-10-01 07:00:00,1459.9426445,1459.9596201660527,Random Forest
2024-10-01 08:00:00,1341.921792,1341.94164882064,Random Forest
2024-10-01 09:00:00,1472.1809285,1472.1740813101453,Random Forest
2024-10-01 10:00:00,1567.68544675,1567.6944064612337,Random Forest
2024-10-01 11:00:00,1521.36229225,1521.3629086516885,Random Forest
2024-10-01 12:00:00,1295.01472075,1295.015698655436,Random Forest
2024-10-01 13:00:00,1421.414166,1421.4143863349088,Random Forest
2024-10-01 14:00:00,1607.6442875,1607.6631229036686,Random Forest
2024-10-01 15:00:00,1553.24533875,1553.2539446599167,Random Forest
2024-10-01 16:00:00,1638.007658,1638.0183756479519,Random Forest
2024-10-01 17:00:00,1577.25216825,1577.2404777292372,Random Forest
2024-10-01 18:00:00,1387.6934035,1387.6934394104196,Random Forest
2024-10-01 19:00:00,1471.5113045,1471.514969801039,Random Forest
2024-10-01 20:00:00,1528.31490075,1528.3058566861757,Random Forest
2024-10-01 21:00:00,1464.322011,1464.3111243831474,Random Forest
2024-10-01 22:00:00,1440.15343825,1440.1335767266944,Random Forest
2024-10-01 23:00:00,1563.9700817500002,1563.9706784694363,Random Forest
2024-10-02 00:00:00,1449.15364325,1449.1565136900579,Random Forest
2024-10-02 01:00:00,1474.03520425,1474.049888944649,Random Forest
2024-10-02 02:00:00,1500.30105075,1500.2995616986063,Random Forest
2024-10-02 03:00:00,1407.05007225,1407.0326057096765,Random Forest
2024-10-02 04:00:00,1495.99139125,1495.9937892038674,Random Forest
2024-10-02 05:00:00,1453.28292925,1453.2740249060053,Random Forest
2024-10-02 06:00:00,1549.1855907499998,1549.1839053835868,Random Forest
2024-10-02 07:00:00,1439.187704,1439.1765557286435,Random Forest
2024-10-02 08:00:00,1441.59383125,1441.5859244520238,Random Forest
2024-10-02 09:00:00,1412.5381185,1412.543276875158,Random Forest
2024-10-02 10:00:00,1398.562904,1398.5453542456241,Random Forest
2024-10-02 11:00:00,1580.39779375,1580.3954910636994,Random Forest
2024-10-02 12:00:00,1626.52283825,1626.517838305093,Random Forest
2024-10-02 13:00:00,1410.379721,1410.3739742843838,Random Forest
2024-10-02 14:00:00,1621.5040725,1621.4989330137976,Random Forest
2024-10-02 15:00:00,1410.87089175,1410.8773728298388,Random Forest
2024-10-02 16:00:00,1476.16892475,1476.170562137657,Random Forest
2024-10-02 17:00:00,1675.2612365,1675.2741351037987,Random Forest
2024-10-02 18:00:00,1344.062462,1344.0642618339677,Random Forest
2024-10-02 19:00:00,1406.614054675,1406.6066526292461,Random Forest
2024-10-02 20:00:00,1493.43795225,1493.43674114546,Random Forest
2024-10-02 21:00:00,1606.3870235,1606.39441076188,Random Forest
2024-10-02 22:00:00,1715.39851575,1715.4611554039325,Random Forest
2024-10-02 23:00:00,1515.90812025,1515.911918256179,Random Forest
2024-10-03 00:00:00,1507.95894625,1507.9599673349696,Random Forest
2024-10-03 01:00:00,1576.363908,1576.3596393098383,Random Forest
2024-10-03 02:00:00,1429.70316,1429.7121632695396,Random Forest
2024-10-03 03:00:00,1297.79727225,1297.786617566044,Random Forest
2024-10-03 04:00:00,1436.27797375,1436.2886806060749,Random Forest
2024-10-03 05:00:00,1661.38697275,1661.4291902464472,Random Forest
2024-10-03 06:00:00,1416.805095,1416.8018541706979,Random Forest
2024-10-03 07:00:00,1557.42156625,1557.439737135298,Random Forest
2024-10-03 08:00:00,1465.77782975,1465.7886611623603,Random Forest
2024-10-03 09:00:00,1617.166972,1617.1429172284977,Random Forest
2024-10-03 10:00:00,1495.30367575,1495.3177423776767,Random Forest
2024-10-03 11:00:00,1435.85885675,1435.8602119710893,Random Forest
2024-10-03 12:00:00,1705.68197475,1705.6757831013224,Random Forest
2024-10-03 13:00:00,1539.264694,1539.2537852050016,Random Forest
2024-10-03 14:00:00,1315.593594,1315.5492679733588,Random Forest
2024-10-03 15:00:00,1474.76981175,1474.7633867088919,Random Forest
2024-10-03 16:00:00,1551.63693475,1551.6365159551508,Random Forest
2024-10-03 17:00:00,1408.833392,1408.8288333110665,Random Forest
2024-10-03 18:00:00,1554.387542,1554.3878444393868,Random Forest
2024-10-03 19:00:00,1615.63327975,1615.6348360767026,Random Forest
2024-10-03 20:00:00,1614.871321,1614.880652399942,Random Forest
2024-10-03 21:00:00,1591.13326725,1591.135244401947,Random Forest
2024-10-03 22:00:00,1577.583216,1577.5748010725802,Random Forest
2024-10-03 23:00:00,1544.5214685,1544.5161760194428,Random Forest
2024-10-04 00:00:00,1366.075536375,1366.1124428474154,Random Forest
2024-10-04 01:00:00,1505.123568,1505.137551864048,Random Forest
2024-10-04 02:00:00,1507.9492705,1507.9486009820153,Random Forest
2024-10-04 03:00:00,1587.9880705,1587.9871202747388,Random Forest
2024-10-04 04:00:00,1489.04786325,1489.0593084181255,Random Forest
2024-10-04 05:00:00,1690.9342445,1690.9002818802076,Random Forest
2024-10-04 06:00:00,1457.84264525,1457.8491975637558,Random Forest
2024-10-04 07:00:00,1569.481465,1569.4828301794048,Random Forest
2024-10-04 08:00:00,1448.50505125,1448.492263012329,Random Forest
2024-10-04 09:00:00,1446.94174925,1446.9462640961046,Random Forest
2024-10-04 10:00:00,1607.71999875,1607.7051577548,Random Forest
2024-10-04 11:00:00,1539.028242,1539.0292457785717,Random Forest
2024-10-04 12:00:00,1422.327531,1422.3263146353192,Random Forest
2024-10-04 13:00:00,1552.7036885,1552.7040240606884,Random Forest
2024-10-04 14:00:00,1469.00504075,1469.0119519826687,Random Forest
2024-10-04 15:00:00,1676.32760725,1676.332151388844,Random Forest
2024-10-04 16:00:00,1429.63221175,1429.6240146615473,Random Forest
2024-10-04 17:00:00,1493.53917575,1493.5519556206614,Random Forest
2024-10-04 18:00:00,1578.3637414999998,1578.3548246848322,Random Forest
2024-10-04 19:00:00,1492.92254275,1492.921158654233,Random Forest
2024-10-04 20:00:00,1523.607252,1523.6049415494772,Random Forest
2024-10-04 21:00:00,1536.4881355,1536.4838476275077,Random Forest
2024-10-04 22:00:00,1394.69226925,1394.6783942683196,Random Forest
2024-10-04 23:00:00,1483.41754625,1483.4070706575776,Random Forest
2024-10-05 00:00:00,1579.82512125,1579.8274461897354,Random Forest
2024-10-05 01:00:00,1408.604818,1408.6037127103666,Random Forest
2024-10-05 02:00:00,1485.496582,1485.4796674478646,Random Forest
2024-10-05 03:00:00,1497.03324325,1497.0549229333503,Random Forest
2024-10-05 04:00:00,1575.08910625,1575.094441148148,Random Forest
2024-10-05 05:00:00,1483.55098605,1483.5648582239635,Random Forest
2024-10-05 06:00:00,1584.0387085,1584.0248140767878,Random Forest
2024-10-05 07:00:00,1537.43402775,1537.437559205284,Random Forest
2024-10-05 08:00:00,1424.04569025,1424.0374280937137,Random Forest
2024-10-05 09:00:00,1318.61637575,1318.6597238136546,Random Forest
2024-10-05 10:00:00,1415.515419,1415.5050003558736,Random Forest
2024-10-05 11:00:00,1542.36779275,1542.3665474073348,Random Forest
2024-10-05 12:00:00,1474.9114455,1474.9142105195633,Random Forest
2024-10-05 13:00:00,1698.6549759999998,1698.660334364912,Random Forest
2024-10-05 14:00:00,1505.90141475,1505.9021277522031,Random Forest
2024-10-05 15:00:00,1503.27075075,1503.273206846219,Random Forest
2024-10-05 16:00:00,1600.7810895,1600.775103610915,Random Forest
2024-10-05 17:00:00,1367.88731375,1367.8925066353252,Random Forest
2024-10-05 18:00:00,1467.2859952499998,1467.2864555288224,Random Forest
2024-10-05 19:00:00,1457.3046215,1457.3185818229072,Random Forest
2024-10-05 20:00:00,1627.47484425,1627.4633164529107,Random Forest
2024-10-05 21:00:00,1305.28978775,1305.2315286027326,Random Forest
2024-10-05 22:00:00,1472.9306095,1472.944856336938,Random Forest
2024-10-05 23:00:00,1469.93927225,1469.92635091885,Random Forest
2024-10-06 00:00:00,1560.79996025,1560.8216144423527,Random Forest
2024-10-06 01:00:00,1497.31434625,1497.3184427465371,Random Forest
2024-10-06 02:00:00,1685.25922325,1685.3037167782716,Random Forest
2024-10-06 03:00:00,1530.91071675,1530.9121826423384,Random Forest
2024-10-06 04:00:00,1524.00948825,1524.0079190776153,Random Forest
2024-10-06 05:00:00,1468.7651075,1468.7555598861588,Random Forest
2024-10-06 06:00:00,1503.57810475,1503.5790222226337,Random Forest
2024-10-06 07:00:00,1500.734203,1500.7310529792853,Random Forest
2024-10-06 08:00:00,1566.318106,1566.3231107503243,Random Forest
2024-10-06 09:00:00,1536.59647975,1536.5879123516488,Random Forest
2024-10-06 10:00:00,1585.7405905,1585.737804404411,Random Forest
2024-10-06 11:00:00,1416.57162825,1416.588387220354,Random Forest
2024-10-06 12:00:00,1347.02394725,1347.0305079148536,Random Forest
2024-10-06 13:00:00,1710.73671275,1710.7650141916206,Random Forest
2024-10-06 14:00:00,1671.273627,1671.3033626260874,Random Forest
2024-10-06 15:00:00,1461.2651975,1461.2783070618075,Random Forest
2024-10-06 16:00:00,1665.4669455,1665.391302172598,Random Forest
2024-10-06 17:00:00,1466.48677025,1466.4754789495162,Random Forest
2024-10-06 18:00:00,1516.96392375,1516.9672838893193,Random Forest
2024-10-06 19:00:00,1302.1724745,1302.166765915299,Random Forest
2024-10-06 20:00:00,1734.67701075,1734.8071779427119,Random Forest
2024-10-06 21:00:00,1542.33387175,1542.3392337247358,Random Forest
2024-10-06 22:00:00,1400.18428675,1400.1783437181978,Random Forest
2024-10-06 23:00:00,1460.9601125,1460.953866777999,Random Forest
2024-10-07 00:00:00,1567.1572645,1567.1522603541991,Random Forest
2024-10-07 01:00:00,1519.10831775,1519.111933726331,Random Forest
2024-10-07 02:00:00,1511.111772,1511.1082277716562,Random Forest
2024-10-07 03:00:00,1390.516847,1390.5145517309531,Random Forest
2024-10-07 04:00:00,1499.69730825,1499.6818059095451,Random Forest
2024-10-07 05:00:00,1356.4822455,1356.519884893075,Random Forest
2024-10-07 06:00:00,1539.20571775,1539.209413454442,Random Forest
2024-10-07 07:00:00,1538.169,1538.183998149847,Random Forest
2024-10-07 08:00:00,1487.52227425,1487.5193777636036,Random Forest
2024-10-07 09:00:00,1442.3204955,1442.3343934774355,Random Forest
2024-10-07 10:00:00,1515.10399825,1515.0945113823138,Random Forest
2024-10-07 11:00:00,1588.512642,1588.5029721771928,Random Forest
2024-10-07 12:00:00,1424.3612455,1424.340634914025,Random Forest
2024-10-07 13:00:00,1514.51130075,1514.524808286455,Random Forest
2024-10-07 14:00:00,1444.688404,1444.688122269078,Random Forest
2024-10-07 15:00:00,1428.99362325,1428.984758896726,Random Forest
2024-10-07 16:00:00,1586.8583935,1586.85196435193,Random Forest
2024-10-07 17:00:00,1592.08423,1592.094480683941,Random Forest
2024-10-07 18:00:00,1412.5684807500002,1412.5770619014636,Random Forest
2024-10-07 19:00:00,1535.51666525,1535.5129761832432,Random Forest
2024-10-07 20:00:00,1560.53688225,1560.521279736501,Random Forest
2024-10-07 21:00:00,1561.09646575,1561.0829303664214,Random Forest
2024-10-07 22:00:00,1543.91067075,1543.906083614943,Random Forest
2024-10-07 23:00:00,1444.1652245,1444.1559691436153,Random Forest
2024-10-08 00:00:00,1542.3041715,1542.2995916079637,Random Forest
2024-10-08 01:00:00,1469.05807525,1469.0508710239467,Random Forest
2024-10-08 02:00:00,1627.33811075,1627.3397659374025,Random Forest
2024-10-08 03:00:00,1537.754538,1537.7545436446526,Random Forest
2024-10-08 04:00:00,1549.34546975,1549.346766180385,Random Forest
2024-10-08 05:00:00,1471.37095,1471.339579289561,Random Forest
2024-10-08 06:00:00,1461.4328055,1461.405593915935,Random Forest
2024-10-08 07:00:00,1580.8322975,1580.8503321464166,Random Forest
2024-10-08 08:00:00,1475.7241795,1475.7350870568935,Random Forest
2024-10-08 09:00:00,1595.1377095,1595.1338440254497,Random Forest
2024-10-08 10:00:00,1336.06082325,1336.0920459057118,Random Forest
2024-10-08 11:00:00,1426.51181375,1426.515042659492,Random Forest
2024-10-08 12:00:00,1645.2014425,1645.170133323887,Random Forest
2024-10-08 13:00:00,1445.9111175,1445.9186330130456,Random Forest
2024-10-08 14:00:00,1531.32572225,1531.3204632283937,Random Forest
2024-10-08 15:00:00,1434.601319,1434.593894453902,Random Forest
2024-10-08 16:00:00,1542.28143,1542.2817116567496,Random Forest
2024-10-08 17:00:00,1186.720103525,1186.7124442361935,Random Forest
2024-10-08 18:00:00,1503.10464375,1503.106428907735,Random Forest
2024-10-08 19:00:00,1502.47474225,1502.4701498028403,Random Forest
2024-10-08 20:00:00,1492.41644525,1492.4110884023332,Random Forest
2024-10-08 21:00:00,1600.747932,1600.748668178235,Random Forest
2024-10-08 22:00:00,1408.5544075,1408.5578647369362,Random Forest
2024-10-08 23:00:00,1369.40246875,1369.4102235396256,Random Forest
2024-10-09 00:00:00,1452.80901925,1452.8092131816102,Random Forest
2024-10-09 01:00:00,1355.12242625,1355.1378163958527,Random Forest
2024-10-09 02:00:00,1609.3939770000002,1609.369741438673,Random Forest
2024-10-09 03:00:00,1301.812398425,1301.8240411054721,Random Forest
2024-10-09 04:00:00,1443.17072725,1443.1770878425864,Random Forest
2024-10-09 05:00:00,1564.569687,1564.5863143639833,Random Forest
2024-10-09 06:00:00,1620.8140375,1620.8201710571745,Random Forest
2024-10-09 07:00:00,1551.52294375,1551.5128498514646,Random Forest
2024-10-09 08:00:00,1520.22067,1520.212822373803,Random Forest
2024-10-09 09:00:00,1799.21510375,1799.3317051039735,Random Forest
2024-10-09 10:00:00,1350.528605,1350.4943760338529,Random Forest
2024-10-09 11:00:00,1532.52035425,1532.5306908171178,Random Forest
2024-10-09 12:00:00,1453.18901125,1453.1952840088845,Random Forest
2024-10-09 13:00:00,1477.50252625,1477.4892919999559,Random Forest
2024-10-09 14:00:00,1315.3884693999998,1315.3848384613818,Random Forest
2024-10-09 15:00:00,1592.05079325,1592.0351425837587,Random Forest
2024-10-09 16:00:00,1555.19625725,1555.1953230716297,Random Forest
2024-10-09 17:00:00,1347.89062375,1347.9018565905042,Random Forest
2024-10-09 18:00:00,1732.7021049999998,1732.6076431018012,Random Forest
2024-10-09 19:00:00,1642.98087375,1642.990036850481,Random Forest
2024-10-09 20:00:00,1424.688032,1424.6760243856074,Random Forest
2024-10-09 21:00:00,1646.03664275,1646.0289690546595,Random Forest
2024-10-09 22:00:00,1561.92563825,1561.9278174951273,Random Forest
2024-10-09 23:00:00,1642.3288052500002,1642.3206282487165,Random Forest
2024-10-10 00:00:00,1714.2651245,1714.3072353989462,Random Forest
2024-10-10 01:00:00,1569.7328670000002,1569.7207394113254,Random Forest
2024-10-10 02:00:00,1485.19026825,1485.1815396596385,Random Forest
2024-10-10 03:00:00,1648.8176975,1648.8510940288083,Random Forest
2024-10-10 04:00:00,1569.14458475,1569.1502532777083,Random Forest
2024-10-10 05:00:00,1519.55678575,1519.5483107164252,Random Forest
2024-10-10 06:00:00,1685.57951275,1685.599240652535,Random Forest
2024-10-10 07:00:00,1547.97143975,1547.9646807897818,Random Forest
2024-10-10 08:00:00,1353.79691975,1353.7880099062209,Random Forest
2024-10-10 09:00:00,1267.7383505,1267.65925174171,Random Forest
2024-10-10 10:00:00,1569.99745475,1569.992856895752,Random Forest
2024-10-10 11:00:00,1690.4205885,1690.4462236215304,Random Forest
2024-10-10 12:00:00,1587.63234075,1587.6464944806212,Random Forest
2024-10-10 13:00:00,1629.203656,1629.2067229993231,Random Forest
2024-10-10 14:00:00,1281.29308275,1281.1443098953757,Random Forest
2024-10-10 15:00:00,1586.652515,1586.6539524784844,Random Forest
2024-10-10 16:00:00,1589.84908325,1589.8596188426548,Random Forest
2024-10-10 17:00:00,1340.5973355,1340.6032823261362,Random Forest
2024-10-10 18:00:00,1680.88979375,1680.8466301547826,Random Forest
2024-10-10 19:00:00,1327.7948835,1327.7813237642322,Random Forest
2024-10-10 20:00:00,1536.5999565,1536.5897521491806,Random Forest
2024-10-10 21:00:00,1379.8819555,1379.881596744329,Random Forest
2024-10-10 22:00:00,1523.35583275,1523.3614789316653,Random Forest
2024-10-10 23:00:00,1599.04954025,1599.061646382214,Random Forest
2024-10-11 00:00:00,1454.61866175,1454.612874925695,Random Forest
2024-10-11 01:00:00,1515.31524475,1515.3115424565333,Random Forest
2024-10-11 02:00:00,1460.674616,1460.687589115692,Random Forest
2024-10-11 03:00:00,1589.9721205,1589.9519178619728,Random Forest
2024-10-11 04:00:00,1512.26479475,1512.257971409649,Random Forest
2024-10-11 05:00:00,1594.9236175,1594.9103852212013,Random Forest
2024-10-11 06:00:00,1514.68202875,1514.6755120298549,Random Forest
2024-10-11 07:00:00,1503.85202225,1503.8540605277165,Random Forest
2024-10-11 08:00:00,1501.07818325,1501.0858597877627,Random Forest
2024-10-11 09:00:00,1446.258206,1446.2483054815903,Random Forest
2024-10-11 10:00:00,1461.9877145,1461.9803846584045,Random Forest
2024-10-11 11:00:00,1395.42875275,1395.429392586865,Random Forest
2024-10-11 12:00:00,1598.9382477499998,1598.9568097617957,Random Forest
2024-10-11 13:00:00,1426.47454775,1426.48141314274,Random Forest
2024-10-11 14:00:00,1487.38473375,1487.3894429242969,Random Forest
2024-10-11 15:00:00,1388.31601125,1388.3097189630935,Random Forest
2024-10-11 16:00:00,1261.869980825,1261.8329534999057,Random Forest
2024-10-11 17:00:00,1432.9717675,1432.948077278251,Random Forest
2024-10-11 18:00:00,1550.85805975,1550.8695762432096,Random Forest
2024-10-11 19:00:00,1613.6172124999998,1613.6354913337027,Random Forest
2024-10-11 20:00:00,1479.18166025,1479.188423156207,Random Forest
2024-10-11 21:00:00,1628.53907175,1628.5186029793488,Random Forest
2024-10-11 22:00:00,1556.5703764999998,1556.5817453336517,Random Forest
2024-10-11 23:00:00,1492.58161425,1492.5691235879492,Random Forest
2024-10-12 00:00:00,1439.3331345,1439.332438048282,Random Forest
2024-10-12 01:00:00,1299.5290415,1299.5578197614989,Random Forest
2024-10-12 02:00:00,1415.05868425,1415.0493465956406,Random Forest
2024-10-12 03:00:00,1435.615269,1435.592651294582,Random Forest
2024-10-12 04:00:00,1520.27296275,1520.2709673708973,Random Forest
2024-10-12 05:00:00,1586.911214,1586.9262241703636,Random Forest
2024-10-12 06:00:00,1448.17925125,1448.1736177328553,Random Forest
2024-10-12 07:00:00,1529.8198795,1529.8129593030035,Random Forest
2024-10-12 08:00:00,1460.076422,1460.0847500331074,Random Forest
2024-10-12 09:00:00,1494.97175125,1494.9788806661784,Random Forest
2024-10-12 10:00:00,1620.41849225,1620.4084980382058,Random Forest
2024-10-12 11:00:00,1681.82422525,1681.8116314225074,Random Forest
2024-10-12 12:00:00,1296.868505,1296.8825391762903,Random Forest
2024-10-12 13:00:00,1440.289516,1440.299992041939,Random Forest
2024-10-12 14:00:00,1639.4972575,1639.5076696268638,Random Forest
2024-10-12 15:00:00,1504.11150125,1504.1116004300552,Random Forest
2024-10-12 16:00:00,1550.33783075,1550.3352667044237,Random Forest
2024-10-12 17:00:00,1464.8076075,1464.8131076709094,Random Forest
2024-10-12 18:00:00,1377.4791275,1377.473342064653,Random Forest
2024-10-12 19:00:00,1476.30453925,1476.327952861975,Random Forest
2024-10-12 20:00:00,1540.84304425,1540.8456041419965,Random Forest
2024-10-12 21:00:00,1370.00021875,1370.0032379606894,Random Forest
2024-10-12 22:00:00,1526.72031625,1526.7245863999678,Random Forest
2024-10-12 23:00:00,1552.82422,1552.8230462246058,Random Forest
2024-10-13 00:00:00,1534.16141025,1534.1661122290386,Random Forest
2024-10-13 01:00:00,1485.1019740000002,1485.1066025780738,Random Forest
2024-10-13 02:00:00,1458.823876,1458.8188561481304,Random Forest
2024-10-13 03:00:00,1413.16128075,1413.1765132839707,Random Forest
2024-10-13 04:00:00,1736.421831,1736.702164013981,Random Forest
2024-10-13 05:00:00,1447.22497525,1447.211837485065,Random Forest
2024-10-13 06:00:00,1471.274022,1471.2667152982706,Random Forest
2024-10-13 07:00:00,1545.03813475,1545.0337016954252,Random Forest
2024-10-13 08:00:00,1410.741348,1410.7543283221373,Random Forest
2024-10-13 09:00:00,1714.237578,1714.307428811395,Random Forest
2024-10-13 10:00:00,1544.3288275,1544.327444938915,Random Forest
2024-10-13 11:00:00,1470.687817,1470.693760771735,Random Forest
2024-10-13 12:00:00,1335.037476,1335.0617373207256,Random Forest
2024-10-13 13:00:00,1482.37641,1482.3864868632656,Random Forest
2024-10-13 14:00:00,1582.708326,1582.7112975390617,Random Forest
2024-10-13 15:00:00,1373.199446,1373.2035585387962,Random Forest
2024-10-13 16:00:00,1502.1356565,1502.139872360769,Random Forest
2024-10-13 17:00:00,1424.85737875,1424.8592900338947,Random Forest
2024-10-13 18:00:00,1415.1585424999998,1415.1554003223348,Random Forest
2024-10-13 19:00:00,1334.877934,1334.8171820902141,Random Forest
2024-10-13 20:00:00,1693.40345325,1693.409401327594,Random Forest
2024-10-13 21:00:00,1464.82757275,1464.8239945505015,Random Forest
2024-10-13 22:00:00,1598.74130475,1598.7502392337656,Random Forest
2024-10-13 23:00:00,1420.59969,1420.5945645786194,Random Forest
2024-10-14 00:00:00,1572.10790425,1572.1158415836885,Random Forest
2024-10-14 01:00:00,1480.04616775,1480.0569086009546,Random Forest
2024-10-14 02:00:00,1513.309661,1513.317731298453,Random Forest
2024-10-14 03:00:00,1551.8192745,1551.8200935345549,Random Forest
2024-10-14 04:00:00,1570.889852,1570.8982489343045,Random Forest
2024-10-14 05:00:00,1371.41311125,1371.4070898352638,Random Forest
2024-10-14 06:00:00,1539.03219225,1539.0319543414967,Random Forest
2024-10-14 07:00:00,1466.276832,1466.2745538914971,Random Forest
2024-10-14 08:00:00,1579.30038225,1579.2973325575877,Random Forest
2024-10-14 09:00:00,1392.897826,1392.8832365081198,Random Forest
2024-10-14 10:00:00,1391.82638575,1391.8315239874528,Random Forest
2024-10-14 11:00:00,1389.25761925,1389.2554603398426,Random Forest
2024-10-14 12:00:00,1527.92330575,1527.915118713084,Random Forest
2024-10-14 13:00:00,1495.90952875,1495.9109386708526,Random Forest
2024-10-14 14:00:00,1338.5065215,1338.5283209190204,Random Forest
2024-10-14 15:00:00,1524.87950875,1524.8786808310597,Random Forest
2024-10-14 16:00:00,1577.814254,1577.8139268698912,Random Forest
2024-10-14 17:00:00,1429.473159,1429.4581857915473,Random Forest
2024-10-14 18:00:00,1508.96874575,1508.975277192259,Random Forest
2024-10-14 19:00:00,1619.019479,1619.0215448328327,Random Forest
2024-10-14 20:00:00,1508.62162125,1508.6087006101623,Random Forest
2024-10-14 21:00:00,1384.3300144999998,1384.3412750007233,Random Forest
2024-10-14 22:00:00,1546.37401525,1546.3634287365685,Random Forest
2024-10-14 23:00:00,1442.85860625,1442.8542528592338,Random Forest
2024-10-15 00:00:00,1645.66140025,1645.6486278274,Random Forest
2024-10-15 01:00:00,1611.0108025,1611.0149549022153,Random Forest
2024-10-15 02:00:00,1602.75626575,1602.752084806281,Random Forest
2024-10-15 03:00:00,1455.2299005,1455.221154730468,Random Forest
2024-10-15 04:00:00,1455.14738875,1455.1453042135151,Random Forest
2024-10-15 05:00:00,1515.4730845,1515.4689551309152,Random Forest
2024-10-15 06:00:00,1426.579718,1426.5671402133285,Random Forest
2024-10-15 07:00:00,1422.052583,1422.0506034579826,Random Forest
2024-10-15 08:00:00,1580.01283175,1580.0212877869242,Random Forest
2024-10-15 09:00:00,1510.02555125,1510.0223355055768,Random Forest
2024-10-15 10:00:00,1432.508151,1432.5049185811595,Random Forest
2024-10-15 11:00:00,1455.51114125,1455.5203556539623,Random Forest
2024-10-15 12:00:00,1578.02102925,1578.0218315211189,Random Forest
2024-10-15 13:00:00,1661.84872975,1661.8386767177117,Random Forest
2024-10-15 14:00:00,1594.0352755,1594.0433174367986,Random Forest
2024-10-15 15:00:00,1388.76880675,1388.771515554622,Random Forest
2024-10-15 16:00:00,1632.4845375,1632.460749375713,Random Forest
2024-10-15 17:00:00,1436.39893775,1436.4035762425626,Random Forest
2024-10-15 18:00:00,1537.07606175,1537.0837634916927,Random Forest
2024-10-15 19:00:00,1482.12883775,1482.1209459849351,Random Forest
2024-10-15 20:00:00,1639.42164025,1639.399153582092,Random Forest
2024-10-15 21:00:00,1382.883397,1382.9064555066125,Random Forest
2024-10-15 22:00:00,1566.69841475,1566.7100695784693,Random Forest
2024-10-15 23:00:00,1431.94591275,1431.9678577692205,Random Forest
2024-10-16 00:00:00,1530.85691775,1530.852493673569,Random Forest
2024-10-16 01:00:00,1647.00714125,1646.9666814449329,Random Forest
2024-10-16 02:00:00,1530.2493755,1530.255641669962,Random Forest
2024-10-16 03:00:00,1352.34551025,1352.33455276934,Random Forest
2024-10-16 04:00:00,1614.42425325,1614.4292338263067,Random Forest
2024-10-16 05:00:00,1487.058195,1487.042371239147,Random Forest
2024-10-16 06:00:00,1452.91173175,1452.910260531086,Random Forest
2024-10-16 07:00:00,1793.611092,1793.0028942880929,Random Forest
2024-10-16 08:00:00,1343.895434,1343.8855829262184,Random Forest
2024-10-16 09:00:00,1293.14612725,1293.0316800687208,Random Forest
2024-10-16 10:00:00,1447.9245065,1447.918658320131,Random Forest
2024-10-16 11:00:00,1374.62906825,1374.6220849101012,Random Forest
2024-10-16 12:00:00,1497.91249375,1497.90800516643,Random Forest
2024-10-16 13:00:00,1543.195651,1543.186008629733,Random Forest
2024-10-16 14:00:00,1465.1431765,1465.1467926221108,Random Forest
2024-10-16 15:00:00,1543.280212,1543.2783139972473,Random Forest
2024-10-16 16:00:00,1393.9523475,1393.9572974316493,Random Forest
2024-10-16 17:00:00,1480.857144175,1480.860500288591,Random Forest
2024-10-16 18:00:00,1430.7328635,1430.7337612213005,Random Forest
2024-10-16 19:00:00,1409.05161375,1409.055560411349,Random Forest
2024-10-16 20:00:00,1642.39777875,1642.4033827167264,Random Forest
2024-10-16 21:00:00,1454.96134225,1454.9895150195912,Random Forest
2024-10-16 22:00:00,1355.5984,1355.585771665446,Random Forest
2024-10-16 23:00:00,1469.0002435,1469.0119519826687,Random Forest
2024-10-17 00:00:00,1408.7575475,1408.766126406042,Random Forest
2024-10-17 01:00:00,1355.068378,1355.0170412312439,Random Forest
2024-10-17 02:00:00,1471.76454425,1471.7563105085717,Random Forest
2024-10-17 03:00:00,1487.775278,1487.7825583284093,Random Forest
2024-10-17 04:00:00,1515.77565,1515.7707224856538,Random Forest
2024-10-17 05:00:00,1654.517188,1654.5051517710235,Random Forest
2024-10-17 06:00:00,1645.94628175,1645.9547842811337,Random Forest
2024-10-17 07:00:00,1520.171178,1520.1653537116072,Random Forest
2024-10-17 08:00:00,1440.13781725,1440.1281192700135,Random Forest
2024-10-17 09:00:00,1574.84395975,1574.8269545892308,Random Forest
2024-10-17 10:00:00,1373.2242354999998,1373.2377286610274,Random Forest
2024-10-17 11:00:00,1451.0848775,1451.0848284825934,Random Forest
2024-10-17 12:00:00,1438.554762,1438.5701442648676,Random Forest
2024-10-17 13:00:00,1420.8086415,1420.7981681815713,Random Forest
2024-10-17 14:00:00,1683.43886775,1683.460214186575,Random Forest
2024-10-17 15:00:00,1453.6834347499998,1453.6804541492972,Random Forest
2024-10-17 16:00:00,1646.6985705,1646.7065617894323,Random Forest
2024-10-17 17:00:00,1616.73565625,1616.7231978626871,Random Forest
2024-10-17 18:00:00,1532.80413725,1532.8077595443062,Random Forest
2024-10-17 19:00:00,1435.865252825,1435.8634455294002,Random Forest
2024-10-17 20:00:00,1417.9208855,1417.927169423511,Random Forest
2024-10-17 21:00:00,1480.76209275,1480.7514907911398,Random Forest
2024-10-17 22:00:00,1470.70740075,1470.7026704455366,Random Forest
2024-10-17 23:00:00,1513.33233725,1513.3225502345022,Random Forest
2024-10-18 00:00:00,1473.8333435,1473.8336590053136,Random Forest
2024-10-18 01:00:00,1577.13503825,1577.1385340436796,Random Forest
2024-10-18 02:00:00,1544.275047,1544.2815769072376,Random Forest
2024-10-18 03:00:00,1542.603934,1542.6062272867305,Random Forest
2024-10-18 04:00:00,1634.53777775,1634.5674876772653,Random Forest
2024-10-18 05:00:00,1367.2041545,1367.1978229036579,Random Forest
2024-10-18 06:00:00,1518.7453465,1518.7391563802275,Random Forest
2024-10-18 07:00:00,1484.85222225,1484.8375050912468,Random Forest
2024-10-18 08:00:00,1446.736636,1446.7202851768773,Random Forest
2024-10-18 09:00:00,1421.8944145,1421.882866018848,Random Forest
2024-10-18 10:00:00,1456.56852225,1456.5659029193878,Random Forest
2024-10-18 11:00:00,1543.0749965,1543.0723912602307,Random Forest
2024-10-18 12:00:00,1516.45356125,1516.4582130945857,Random Forest
2024-10-18 13:00:00,1305.49508075,1305.6121539352562,Random Forest
2024-10-18 14:00:00,1683.6325345,1683.5961903369273,Random Forest
2024-10-18 15:00:00,1543.484188,1543.4786068677452,Random Forest
2024-10-18 16:00:00,1446.30439975,1446.3160623195972,Random Forest
2024-10-18 17:00:00,1675.783913,1675.7301047508656,Random Forest
2024-10-18 18:00:00,1383.743016,1383.7532649407578,Random Forest
2024-10-18 19:00:00,1483.83081075,1483.821197847867,Random Forest
2024-10-18 20:00:00,1626.06996275,1626.0684713435442,Random Forest
2024-10-18 21:00:00,1320.566792,1320.4875564246486,Random Forest
2024-10-18 22:00:00,1505.6698475,1505.6697499568804,Random Forest
2024-10-18 23:00:00,1355.732027,1355.7446136284364,Random Forest
2024-10-19 00:00:00,1524.61984,1524.6182118813117,Random Forest
2024-10-19 01:00:00,1653.7957965,1653.7911723205177,Random Forest
2024-10-19 02:00:00,1435.789416,1435.7835055459436,Random Forest
2024-10-19 03:00:00,1423.442416325,1423.4569632932025,Random Forest
2024-10-19 04:00:00,1516.4144925,1516.405546398616,Random Forest
2024-10-19 05:00:00,1435.72058525,1435.7207359093343,Random Forest
2024-10-19 06:00:00,1554.2710785,1554.2612363444068,Random Forest
2024-10-19 07:00:00,1438.02413225,1438.0281710318427,Random Forest
2024-10-19 08:00:00,1498.47235225,1498.478869108131,Random Forest
2024-10-19 09:00:00,1457.05738825,1457.0555753898107,Random Forest
2024-10-19 10:00:00,1487.5856465,1487.5930273860006,Random Forest
2024-10-19 11:00:00,1440.59996675,1440.5893890728114,Random Forest
2024-10-19 12:00:00,1610.77346025,1610.778116613956,Random Forest
2024-10-19 13:00:00,1349.739943,1349.7793268051898,Random Forest
2024-10-19 14:00:00,1460.2218025,1460.2352249307964,Random Forest
2024-10-19 15:00:00,1408.778231,1408.7863832234716,Random Forest
2024-10-19 16:00:00,1533.21580475,1533.2026375809019,Random Forest
2024-10-19 17:00:00,1547.977642,1547.983286880434,Random Forest
2024-10-19 18:00:00,1521.1641965,1521.159366628213,Random Forest
2024-10-19 19:00:00,1406.8370055,1406.8456126801157,Random Forest
2024-10-19 20:00:00,1728.702596,1728.7700117144234,Random Forest
2024-10-19 21:00:00,1517.42979725,1517.4343336377915,Random Forest
2024-10-19 22:00:00,1486.35202325,1486.3579355385914,Random Forest
2024-10-19 23:00:00,1363.9816455,1363.9992617679266,Random Forest
2024-10-20 00:00:00,1496.89066,1496.8964988705716,Random Forest
2024-10-20 01:00:00,1658.64705875,1658.6633771764034,Random Forest
2024-10-20 02:00:00,1301.5888945000002,1301.6233499814448,Random Forest
2024-10-20 03:00:00,1593.344132,1593.344545954167,Random Forest
2024-10-20 04:00:00,1689.893581,1689.8553351263013,Random Forest
2024-10-20 05:00:00,1407.1974825,1407.202661099679,Random Forest
2024-10-20 06:00:00,1413.86797,1413.8527598218498,Random Forest
2024-10-20 07:00:00,1407.85633525,1407.8507166813051,Random Forest
2024-10-20 08:00:00,1446.36261975,1446.361544024702,Random Forest
2024-10-20 09:00:00,1518.05398625,1518.0867029893095,Random Forest
2024-10-20 10:00:00,1630.46328325,1630.4535741496372,Random Forest
2024-10-20 11:00:00,1584.58325925,1584.5661636341104,Random Forest
2024-10-20 12:00:00,1472.51094925,1472.5182078679222,Random Forest
2024-10-20 13:00:00,1475.26636825,1475.2567346569892,Random Forest
2024-10-20 14:00:00,1508.04149775,1508.038011902916,Random Forest
2024-10-20 15:00:00,1474.05591475,1474.0777858044466,Random Forest
2024-10-20 16:00:00,1371.83211475,1371.8439175081448,Random Forest
2024-10-20 17:00:00,1373.8020045,1373.8019365787668,Random Forest
2024-10-20 18:00:00,1573.495712,1573.5116146118567,Random Forest
2024-10-20 19:00:00,1369.1026940000002,1369.093275749369,Random Forest
2024-10-20 20:00:00,1644.7054,1644.819584508551,Random Forest
2024-10-20 21:00:00,1461.01340425,1461.0261751699895,Random Forest
2024-10-20 22:00:00,1593.613202,1593.607525488902,Random Forest
2024-10-20 23:00:00,1618.0175905,1618.039284173849,Random Forest
2024-10-21 00:00:00,1441.6843735,1441.7040843252628,Random Forest
2024-10-21 01:00:00,1498.251142,1498.2490301917546,Random Forest
2024-10-21 02:00:00,1670.55969675,1670.560432542551,Random Forest
2024-10-21 03:00:00,1511.10154475,1511.0996967127755,Random Forest
2024-10-21 04:00:00,1458.1603535,1458.161584009176,Random Forest
2024-10-21 05:00:00,1424.620953275,1424.628629165661,Random Forest
2024-10-21 06:00:00,1666.7130929999998,1666.7255895797011,Random Forest
2024-10-21 07:00:00,1403.04681025,1403.0390054956442,Random Forest
2024-10-21 08:00:00,1543.34813375,1543.3479161567745,Random Forest
2024-10-21 09:00:00,1498.767699,1498.7699281723792,Random Forest
2024-10-21 10:00:00,1487.52161125,1487.5188721073062,Random Forest
2024-10-21 11:00:00,1475.1768215,1475.1860643090433,Random Forest
2024-10-21 12:00:00,1469.04709025,1469.0419186986358,Random Forest
2024-10-21 13:00:00,1448.77246325,1448.7671097733196,Random Forest
2024-10-21 14:00:00,1595.56213,1595.5338932707061,Random Forest
2024-10-21 15:00:00,1302.7108605,1302.7080928142648,Random Forest
2024-10-21 16:00:00,1485.72406975,1485.7229174044178,Random Forest
2024-10-21 17:00:00,1395.052567,1395.0440899054113,Random Forest
2024-10-21 18:00:00,1482.44877675,1482.4563842586263,Random Forest
2024-10-21 19:00:00,1527.62644275,1527.6159485975522,Random Forest
2024-10-21 20:00:00,1478.26317925,1478.263964450994,Random Forest
2024-10-21 21:00:00,1530.1346935,1530.141943688234,Random Forest
2024-10-21 22:00:00,1306.28095925,1306.3272434765559,Random Forest
2024-10-21 23:00:00,1494.79431075,1494.8070313282824,Random Forest
2024-10-22 00:00:00,1492.9830849999998,1492.9897171563882,Random Forest
2024-10-22 01:00:00,1612.53461225,1612.5034926971712,Random Forest
2024-10-22 02:00:00,1455.2364515,1455.2280005110106,Random Forest
2024-10-22 03:00:00,1495.57325375,1495.5643980791515,Random Forest
2024-10-22 04:00:00,1462.91724475,1462.9132668596344,Random Forest
2024-10-22 05:00:00,1518.30016425,1518.3062369293893,Random Forest
2024-10-22 06:00:00,1518.7108435,1518.7128300419647,Random Forest
2024-10-22 07:00:00,1357.237808825,1357.2287536903161,Random Forest
2024-10-22 08:00:00,1478.376319,1478.372525351432,Random Forest
2024-10-22 09:00:00,1610.38561975,1610.3939944851375,Random Forest
2024-10-22 10:00:00,1530.5394075,1530.5286571264007,Random Forest
2024-10-22 11:00:00,1510.985963,1510.9882593252426,Random Forest
2024-10-22 12:00:00,1447.4936705,1447.502164464972,Random Forest
2024-10-22 13:00:00,1540.11150425,1540.1151654198245,Random Forest
2024-10-22 14:00:00,1552.19412175,1552.1927612677882,Random Forest
2024-10-22 15:00:00,1560.5493335,1560.5649144013812,Random Forest
2024-10-22 16:00:00,1409.712504,1409.7244749303645,Random Forest
2024-10-22 17:00:00,1627.35568025,1627.3492894231408,Random Forest
2024-10-22 18:00:00,1598.94558175,1598.9592271079557,Random Forest
2024-10-22 19:00:00,1458.324567,1458.322052143859,Random Forest
2024-10-22 20:00:00,1527.89449475,1527.8866757953153,Random Forest
2024-10-22 21:00:00,1286.23227975,1286.2433759409332,Random Forest
2024-10-22 22:00:00,1502.014311,1502.0164480910983,Random Forest
2024-10-22 23:00:00,1524.65851625,1524.6554491350846,Random Forest
2024-10-23 00:00:00,1546.122599,1546.1167306520804,Random Forest
2024-10-23 01:00:00,1567.14117775,1567.1374616310316,Random Forest
2024-10-23 02:00:00,1610.61533275,1610.6209904466093,Random Forest
2024-10-23 03:00:00,1539.1907155,1539.192330980712,Random Forest
2024-10-23 04:00:00,1510.79393375,1510.7944439901767,Random Forest
2024-10-23 05:00:00,1379.5901075000002,1379.593836512319,Random Forest
2024-10-23 06:00:00,1661.64830925,1661.668369731233,Random Forest
2024-10-23 07:00:00,1554.36023125,1554.3527602909928,Random Forest
2024-10-23 08:00:00,1490.693889,1490.697490898835,Random Forest
2024-10-23 09:00:00,1469.60386125,1469.5863475392946,Random Forest
2024-10-23 10:00:00,1625.838933,1625.837190432958,Random Forest
2024-10-23 11:00:00,1382.0959585,1382.1164308309974,Random Forest
2024-10-23 12:00:00,1402.286205,1402.2620947965097,Random Forest
2024-10-23 13:00:00,1651.01059125,1651.030427047888,Random Forest
2024-10-23 14:00:00,1607.33944075,1607.3255254120859,Random Forest
2024-10-23 15:00:00,1492.358251725,1492.346134353568,Random Forest
2024-10-23 16:00:00,1467.43073175,1467.421485801509,Random Forest
2024-10-23 17:00:00,1479.958123,1479.9534086920871,Random Forest
2024-10-23 18:00:00,1304.371423125,1304.3780678208154,Random Forest
2024-10-23 19:00:00,1245.15362955,1246.0697873241274,Random Forest
2024-10-23 20:00:00,1498.77923625,1498.7817208803765,Random Forest
2024-10-23 21:00:00,1570.69045725,1570.6802985369914,Random Forest
2024-10-23 22:00:00,1496.08605825,1496.0759876940688,Random Forest
2024-10-23 23:00:00,1487.667504,1487.6725200059807,Random Forest
2024-10-24 00:00:00,1359.50203,1359.4900937075583,Random Forest
2024-10-24 01:00:00,1558.45129275,1558.4563572455447,Random Forest
2024-10-24 02:00:00,1612.19023375,1612.2029633574355,Random Forest
2024-10-24 03:00:00,1573.42386475,1573.4140618419644,Random Forest
2024-10-24 04:00:00,1462.653804,1462.658570336471,Random Forest
2024-10-24 05:00:00,1385.3087175,1385.3209065341011,Random Forest
2024-10-24 06:00:00,1491.86820725,1491.8601212772712,Random Forest
2024-10-24 07:00:00,1634.97223275,1635.0006555050072,Random Forest
2024-10-24 08:00:00,1493.49806475,1493.496055423263,Random Forest
2024-10-24 09:00:00,1554.9275315,1554.9329558433474,Random Forest
2024-10-24 10:00:00,1502.29930425,1502.303355391859,Random Forest
2024-10-24 11:00:00,1581.85477525,1581.8526712072953,Random Forest
2024-10-24 12:00:00,1507.57949125,1507.5845294847934,Random Forest
2024-10-24 13:00:00,1500.4419645,1500.4452078547217,Random Forest
2024-10-24 14:00:00,1553.70854775,1553.7166115751647,Random Forest
2024-10-24 15:00:00,1706.71274275,1706.6013055489436,Random Forest
2024-10-24 16:00:00,1705.633844,1705.617666848086,Random Forest
2024-10-24 17:00:00,1460.19117425,1460.2046459516216,Random Forest
2024-10-24 18:00:00,1615.35127225,1615.3624543356736,Random Forest
2024-10-24 19:00:00,1595.28257225,1595.2816668515852,Random Forest
2024-10-24 20:00:00,1539.64133725,1539.617208905485,Random Forest
2024-10-24 21:00:00,1560.13863175,1560.118381705876,Random Forest
2024-10-24 22:00:00,1623.2663225,1623.27771776276,Random Forest
2024-10-24 23:00:00,1623.20861825,1623.2169936667476,Random Forest
2024-10-25 00:00:00,1611.98587075,1611.9805871274336,Random Forest
2024-10-25 01:00:00,1520.9658295,1520.9900293950386,Random Forest
2024-10-25 02:00:00,1546.361379,1546.3563396877332,Random Forest
2024-10-25 03:00:00,1371.75245425,1371.7598954567804,Random Forest
2024-10-25 04:00:00,1387.34059775,1387.347031578903,Random Forest
2024-10-25 05:00:00,1320.8729935,1320.8547032704969,Random Forest
2024-10-25 06:00:00,1439.6056962500002,1439.599601296104,Random Forest
2024-10-25 07:00:00,1188.35781425,1186.981086145767,Random Forest
2024-10-25 08:00:00,1526.87586075,1526.8746892535592,Random Forest
2024-10-25 09:00:00,1362.81431875,1362.8048527433566,Random Forest
2024-10-25 10:00:00,1774.284828,1773.91968045945,Random Forest
2024-10-25 11:00:00,1518.41778575,1518.4258097170678,Random Forest
2024-10-25 12:00:00,1477.20971525,1477.2088264641188,Random Forest
2024-10-25 13:00:00,1552.7823475,1552.7839215735678,Random Forest
2024-10-25 14:00:00,1508.94339,1508.9492631242624,Random Forest
2024-10-25 15:00:00,1584.06606075,1584.0844240126528,Random Forest
2024-10-25 16:00:00,1489.5226055,1489.5224120422345,Random Forest
2024-10-25 17:00:00,1540.04750475,1540.0522694580725,Random Forest
2024-10-25 18:00:00,1839.19298125,1840.9871162304553,Random Forest
2024-10-25 19:00:00,1349.4846465,1349.4847410259235,Random Forest
2024-10-25 20:00:00,1647.1239,1647.0835605615343,Random Forest
2024-10-25 21:00:00,1663.15381025,1663.1606200955025,Random Forest
2024-10-25 22:00:00,1497.90632525,1497.9023439289167,Random Forest
2024-10-25 23:00:00,1377.56047925,1377.5431473532635,Random Forest
2024-10-26 00:00:00,1530.1038715,1530.1012958236504,Random Forest
2024-10-26 01:00:00,1417.3284055,1417.3130602292088,Random Forest
2024-10-26 02:00:00,1649.00826875,1649.0650555816035,Random Forest
2024-10-26 03:00:00,1650.47158275,1650.4590957426055,Random Forest
2024-10-26 04:00:00,1440.390414,1440.3995690509933,Random Forest
2024-10-26 05:00:00,1543.6927987499998,1543.6927083344667,Random Forest
2024-10-26 06:00:00,1396.4024225,1396.4072756335854,Random Forest
2024-10-26 07:00:00,1726.664452,1726.817842529099,Random Forest
2024-10-26 08:00:00,1510.9497125,1510.9636879421626,Random Forest
2024-10-26 09:00:00,1417.678701,1417.670264563326,Random Forest
2024-10-26 10:00:00,1424.42504725,1424.42473228732,Random Forest
2024-10-26 11:00:00,1414.39724625,1414.402219475029,Random Forest
2024-10-26 12:00:00,1357.409099,1357.421753899272,Random Forest
2024-10-26 13:00:00,1580.92718625,1580.9432933673068,Random Forest
2024-10-26 14:00:00,1681.87766825,1681.9168702214677,Random Forest
2024-10-26 15:00:00,1553.7923035,1553.786898960606,Random Forest
2024-10-26 16:00:00,1592.7173075,1592.7243711125193,Random Forest
2024-10-26 17:00:00,1503.80443425,1503.8042684997295,Random Forest
2024-10-26 18:00:00,1414.710179,1414.7272632379184,Random Forest
2024-10-26 19:00:00,1487.63251625,1487.6268665087366,Random Forest
2024-10-26 20:00:00,1436.16802825,1436.1782437305162,Random Forest
2024-10-26 21:00:00,1519.732643,1519.7481114257491,Random Forest
2024-10-26 22:00:00,1577.63378825,1577.6333694244524,Random Forest
2024-10-26 23:00:00,1475.8000685,1475.8035450000648,Random Forest
2024-10-27 00:00:00,1522.725587,1522.7316037896028,Random Forest
2024-10-27 01:00:00,1370.18956975,1370.2046032393455,Random Forest
2024-10-27 02:00:00,1704.84927425,1704.7086836284966,Random Forest
2024-10-27 03:00:00,1598.80350975,1598.794930471104,Random Forest
2024-10-27 04:00:00,1393.28410125,1393.2794130477116,Random Forest
2024-10-27 05:00:00,1405.62664575,1405.6187415869704,Random Forest
2024-10-27 06:00:00,1477.941616,1477.9384632858182,Random Forest
2024-10-27 07:00:00,1420.28700875,1420.290540745512,Random Forest
2024-10-27 08:00:00,1444.8993065,1444.9012064298863,Random Forest
2024-10-27 09:00:00,1476.611237,1476.6113521947752,Random Forest
2024-10-27 10:00:00,1584.65641925,1584.6621737102882,Random Forest
2024-10-27 11:00:00,1539.40901975,1539.4013086637974,Random Forest
2024-10-27 12:00:00,1429.43217525,1429.4490182599955,Random Forest
2024-10-27 13:00:00,1657.07211825,1657.0879949236082,Random Forest
2024-10-27 14:00:00,1460.18461225,1460.2033738734872,Random Forest
2024-10-27 15:00:00,1491.5318095,1491.541286145678,Random Forest
2024-10-27 16:00:00,1452.647935,1452.649680710269,Random Forest
2024-10-27 17:00:00,1515.8002805,1515.7804846670304,Random Forest
2024-10-27 18:00:00,1650.1983235,1650.21119358111,Random Forest
2024-10-27 19:00:00,1608.78706925,1608.7746727045323,Random Forest
2024-10-27 20:00:00,1376.2481885,1376.2499476898247,Random Forest
2024-10-27 21:00:00,1374.7538825,1374.7429937658685,Random Forest
2024-10-27 22:00:00,1507.1772685,1507.1791907913032,Random Forest
2024-10-27 23:00:00,1509.587356,1509.5828328968405,Random Forest
2024-10-28 00:00:00,1516.5617355,1516.5666794137956,Random Forest
2024-10-28 01:00:00,1379.41154725,1379.399596006893,Random Forest
2024-10-28 02:00:00,1379.42724775,1379.407738871937,Random Forest
2024-10-28 03:00:00,1321.4100715,1321.41775292129,Random Forest
2024-10-28 04:00:00,1328.31764615,1328.333581507133,Random Forest
2024-10-28 05:00:00,1498.9164342499998,1498.9148729380418,Random Forest
2024-10-28 06:00:00,1372.01381775,1372.0022422085367,Random Forest
2024-10-28 07:00:00,1543.2410345,1543.2365528180742,Random Forest
2024-10-28 08:00:00,1503.8465285,1503.8352783876223,Random Forest
2024-10-28 09:00:00,1436.72083125,1436.7230072039192,Random Forest
2024-10-28 10:00:00,1479.43980525,1479.429923296741,Random Forest
2024-10-28 11:00:00,1506.1137175,1506.1134852631637,Random Forest
2024-10-28 12:00:00,1401.75510925,1401.8116898777268,Random Forest
2024-10-28 13:00:00,1425.61993625,1425.617452147985,Random Forest
2024-10-28 14:00:00,1511.445722,1511.4386831667036,Random Forest
2024-10-28 15:00:00,1440.65188575,1440.6512956019694,Random Forest
2024-10-28 16:00:00,1631.95736525,1631.9833657154597,Random Forest
2024-10-28 17:00:00,1416.2968025,1416.2769606453369,Random Forest
2024-10-28 18:00:00,1458.30657775,1458.3038121669829,Random Forest
2024-10-28 19:00:00,1406.044410825,1406.0290775177893,Random Forest
2024-10-28 20:00:00,1533.0687445,1533.0573342007178,Random Forest
2024-10-28 21:00:00,1437.7532845,1437.7826132163123,Random Forest
2024-10-28 22:00:00,1537.35499925,1537.3528418772858,Random Forest
2024-10-28 23:00:00,1608.38368125,1608.3846856558823,Random Forest
2024-10-29 00:00:00,1470.7262605,1470.7205630416918,Random Forest
2024-10-29 01:00:00,1441.164552,1441.1566478403859,Random Forest
2024-10-29 02:00:00,1514.16902025,1514.1746909804351,Random Forest
2024-10-29 03:00:00,1548.06019425,1548.0600473896695,Random Forest
2024-10-29 04:00:00,1393.10135525,1393.1208262771795,Random Forest
2024-10-29 05:00:00,1658.416971,1658.4061717440557,Random Forest
2024-10-29 06:00:00,1422.243562,1422.2374035176952,Random Forest
2024-10-29 07:00:00,1638.05894275,1638.0571831128532,Random Forest
2024-10-29 08:00:00,1514.75367925,1514.7611851637932,Random Forest
2024-10-29 09:00:00,1666.73864225,1666.748896556845,Random Forest
2024-10-29 10:00:00,1509.64475,1509.6511355489545,Random Forest
2024-10-29 11:00:00,1346.69058075,1346.692002149537,Random Forest
2024-10-29 12:00:00,1546.189961,1546.2065363397974,Random Forest
2024-10-29 13:00:00,1527.5890375,1527.5983647558296,Random Forest
2024-10-29 14:00:00,1460.94412675,1460.9440569140443,Random Forest
2024-10-29 15:00:00,1367.80396075,1367.8142135255182,Random Forest
2024-10-29 16:00:00,1554.878404,1554.8767635077331,Random Forest
2024-10-29 17:00:00,1492.2024085,1492.197603786801,Random Forest
2024-10-29 18:00:00,1549.292641,1549.2876498692046,Random Forest
2024-10-29 19:00:00,1509.52751325,1509.5504288666104,Random Forest
2024-10-29 20:00:00,1503.0193654999998,1503.0078073783259,Random Forest
2024-10-29 21:00:00,1419.83309175,1419.81961532591,Random Forest
2024-10-29 22:00:00,1440.83966825,1440.8349893443665,Random Forest
2024-10-29 23:00:00,1529.726867,1529.7234690508556,Random Forest
2024-10-30 00:00:00,1430.09430125,1430.0879472376548,Random Forest
2024-10-30 01:00:00,1457.35502975,1457.3462899540766,Random Forest
2024-10-30 02:00:00,1402.703685,1402.7079413037104,Random Forest
2024-10-30 03:00:00,1656.087128,1656.0991135395693,Random Forest
2024-10-30 04:00:00,1275.32772975,1275.30242337114,Random Forest
2024-10-30 05:00:00,1403.99519125,1404.0067769631182,Random Forest
2024-10-30 06:00:00,1475.0404405,1475.0536034776908,Random Forest
2024-10-30 07:00:00,1565.18345925,1565.1848036246938,Random Forest
2024-10-30 08:00:00,1498.17644375,1498.174804462296,Random Forest
2024-10-30 09:00:00,1378.74729,1378.738698733426,Random Forest
2024-10-30 10:00:00,1448.3696747499998,1448.3629284297235,Random Forest
2024-10-30 11:00:00,1350.3719835,1350.3989199885295,Random Forest
2024-10-30 12:00:00,1432.7158985,1432.7150911365775,Random Forest
2024-10-30 13:00:00,1406.70201175,1406.6851845112128,Random Forest
2024-10-30 14:00:00,1404.37952425,1404.390263997211,Random Forest
2024-10-30 15:00:00,1314.346754,1314.3137960954555,Random Forest
2024-10-30 16:00:00,1360.78494875,1360.7980258058183,Random Forest
2024-10-30 17:00:00,1428.27811825,1428.288098720325,Random Forest
2024-10-30 18:00:00,1499.62929925,1499.63845184904,Random Forest
2024-10-30 19:00:00,1623.39126425,1623.3684056403833,Random Forest
2024-10-30 20:00:00,1560.31825475,1560.324112951075,Random Forest
2024-10-30 21:00:00,1653.46592,1653.4712711912853,Random Forest
2024-10-30 22:00:00,1480.94020025,1480.9329682247744,Random Forest
2024-10-30 23:00:00,1607.06166075,1607.0659685326452,Random Forest
2024-10-31 00:00:00,1390.351796,1390.354347850563,Random Forest
2024-10-31 01:00:00,1314.63269575,1314.6208630506796,Random Forest
2024-10-31 02:00:00,1478.467278,1478.486270450287,Random Forest
2024-10-31 03:00:00,1506.160384,1506.1549647018267,Random Forest
2024-10-31 04:00:00,1518.8442185,1518.8467030673803,Random Forest
2024-10-31 05:00:00,1472.9015035,1472.9061871114632,Random Forest
2024-10-31 06:00:00,1500.5441435,1500.5357406619742,Random Forest
2024-10-31 07:00:00,1468.072958,1468.0872840647153,Random Forest
2024-10-31 08:00:00,1629.92905925,1629.930444644495,Random Forest
2024-10-31 09:00:00,1539.09766875,1539.0932149788139,Random Forest
2024-10-31 10:00:00,1363.8003975,1363.807459783023,Random Forest
2024-10-31 11:00:00,1355.28465975,1355.3034879115928,Random Forest
2024-10-31 12:00:00,1469.23408475,1469.2176523314224,Random Forest
2024-10-31 13:00:00,1505.61487,1505.6121683087106,Random Forest
2024-10-31 14:00:00,1561.7121965,1561.7185640896005,Random Forest
2024-10-31 15:00:00,1581.2650515,1581.2622434434932,Random Forest
2024-10-31 16:00:00,1492.743917,1492.7382367723392,Random Forest
2024-10-31 17:00:00,1623.758963,1623.7594359510208,Random Forest
2024-10-31 18:00:00,1683.9822195,1684.0329654894822,Random Forest
2024-10-31 19:00:00,1412.425171,1412.42128709198,Random Forest
2024-10-31 20:00:00,1599.47374625,1599.465244616679,Random Forest
2024-10-31 21:00:00,1232.10055775,1232.4905013941661,Random Forest
2024-10-31 22:00:00,1438.445916,1438.4501228012564,Random Forest
2024-10-31 23:00:00,1581.63315575,1581.6481771854849,Random Forest
2024-11-01 00:00:00,1522.63997625,1522.6474274384639,Random Forest
2024-11-01 01:00:00,1636.4896275,1636.4863738868721,Random Forest
2024-11-01 02:00:00,1513.35431425,1513.3689131480487,Random Forest
2024-11-01 03:00:00,1470.91815025,1470.911171949667,Random Forest
2024-11-01 04:00:00,1627.58607075,1627.5680805720995,Random Forest
2024-11-01 05:00:00,1548.2025045,1548.1895591538334,Random Forest
2024-11-01 06:00:00,1646.467382,1646.4699182362267,Random Forest
2024-11-01 07:00:00,1294.0761625,1294.0688493834152,Random Forest
2024-11-01 08:00:00,1690.82775325,1690.8344820836896,Random Forest
2024-11-01 09:00:00,1337.45548475,1337.4535032946528,Random Forest
2024-11-01 10:00:00,1591.530952,1591.5328360231733,Random Forest
2024-11-01 11:00:00,1473.456324,1473.43825173641,Random Forest
2024-11-01 12:00:00,1596.34814325,1596.340027482833,Random Forest
2024-11-01 13:00:00,1424.3824155,1424.3991558618259,Random Forest
2024-11-01 14:00:00,1304.539477,1304.4850166741348,Random Forest
2024-11-01 15:00:00,1514.79280575,1514.801514577202,Random Forest
2024-11-01 16:00:00,1593.2744360000002,1593.2643427789217,Random Forest
2024-11-01 17:00:00,1577.9904875,1577.9810532816807,Random Forest
2024-11-01 18:00:00,1467.4235265,1467.4158667350143,Random Forest
2024-11-01 19:00:00,1553.23776825,1553.2507735232575,Random Forest
2024-11-01 20:00:00,1513.74725125,1513.7444016524385,Random Forest
2024-11-01 21:00:00,1585.29241,1585.2923357351683,Random Forest
2024-11-01 22:00:00,1620.79051525,1620.7942569890868,Random Forest
2024-11-01 23:00:00,1481.6812505,1481.6819127275207,Random Forest
2024-11-02 00:00:00,1467.3723105,1467.3763479299503,Random Forest
2024-11-02 01:00:00,1607.90413675,1607.9186453605441,Random Forest
2024-11-02 02:00:00,1556.93780125,1556.9248655057538,Random Forest
2024-11-02 03:00:00,1467.876922,1467.8878434287544,Random Forest
2024-11-02 04:00:00,1390.026,1389.9964974365823,Random Forest
2024-11-02 05:00:00,1603.7921095000002,1603.787308156725,Random Forest
2024-11-02 06:00:00,1659.73749925,1659.7226262482643,Random Forest
2024-11-02 07:00:00,1508.3175075,1508.3132092859655,Random Forest
2024-11-02 08:00:00,1513.64311725,1513.6366228474199,Random Forest
2024-11-02 09:00:00,1647.34401875,1647.3095537367428,Random Forest
2024-11-02 10:00:00,1598.0109265,1598.0088045901045,Random Forest
2024-11-02 11:00:00,1433.680354,1433.6799401770973,Random Forest
2024-11-02 12:00:00,1432.9925322499998,1432.9562371066736,Random Forest
2024-11-02 13:00:00,1478.3635055,1478.3689176267342,Random Forest
2024-11-02 14:00:00,1558.90132825,1558.9071248694354,Random Forest
2024-11-02 15:00:00,1561.96638475,1561.9738959130386,Random Forest
2024-11-02 16:00:00,1516.60001925,1516.5930274513494,Random Forest
2024-11-02 17:00:00,1617.298024,1617.3261515153636,Random Forest
2024-11-02 18:00:00,1464.7710345,1464.7597240102007,Random Forest
2024-11-02 19:00:00,1534.850129,1534.8621607820085,Random Forest
2024-11-02 20:00:00,1587.40596125,1587.394569387011,Random Forest
2024-11-02 21:00:00,1622.6938,1622.7039703892547,Random Forest
2024-11-02 22:00:00,1421.86804,1421.8705195924401,Random Forest
2024-11-02 23:00:00,1599.28887,1599.3140231505022,Random Forest
2024-11-03 00:00:00,1572.558911,1572.5498397889942,Random Forest
2024-11-03 01:00:00,1428.0838845,1428.0834144597559,Random Forest
2024-11-03 02:00:00,1537.32980375,1537.3413610200992,Random Forest
2024-11-03 03:00:00,1573.05852575,1573.0622518515938,Random Forest
2024-11-03 04:00:00,1538.68691925,1538.6913175295042,Random Forest
2024-11-03 05:00:00,1459.29260885,1459.2917598768136,Random Forest
2024-11-03 06:00:00,1456.1821155,1456.1880357054179,Random Forest
2024-11-03 07:00:00,1529.270512,1529.2655001984836,Random Forest
2024-11-03 08:00:00,1535.22736925,1535.2195453725321,Random Forest
2024-11-03 09:00:00,1489.64360875,1489.6401146932121,Random Forest
2024-11-03 10:00:00,1574.32756325,1574.3172638750925,Random Forest
2024-11-03 11:00:00,1276.0526545,1275.9867170925186,Random Forest
2024-11-03 12:00:00,1564.4237565,1564.413367929934,Random Forest
2024-11-03 13:00:00,1369.94921225,1369.9420377209483,Random Forest
2024-11-03 14:00:00,1305.136794,1305.1465905180098,Random Forest
2024-11-03 15:00:00,1545.7088075,1545.7161297716639,Random Forest
2024-11-03 16:00:00,1516.24440325,1516.2492266005067,Random Forest
2024-11-03 17:00:00,1395.6294465,1395.6377608649293,Random Forest
2024-11-03 18:00:00,1402.039276,1402.037241348419,Random Forest
2024-11-03 19:00:00,1537.3834555,1537.361430588512,Random Forest
2024-11-03 20:00:00,1342.27740375,1342.2792535282435,Random Forest
2024-11-03 21:00:00,1552.04129725,1552.0656024435118,Random Forest
2024-11-03 22:00:00,1787.936087,1787.8245652244952,Random Forest
2024-11-03 23:00:00,1522.95510625,1522.9617969064443,Random Forest
2024-11-04 00:00:00,1445.410939,1445.4171441994613,Random Forest
2024-11-04 01:00:00,1396.816734,1396.7826921988185,Random Forest
2024-11-04 02:00:00,1693.5742355,1693.680858342481,Random Forest
2024-11-04 03:00:00,1489.51005825,1489.5156181669765,Random Forest
2024-11-04 04:00:00,1405.71253725,1405.7169950171476,Random Forest
2024-11-04 05:00:00,1569.48159425,1569.4820950827907,Random Forest
2024-11-04 06:00:00,1455.53873725,1455.5462104920464,Random Forest
2024-11-04 07:00:00,1405.59203975,1405.6088390035552,Random Forest
2024-11-04 08:00:00,1625.8659347500002,1625.853683439761,Random Forest
2024-11-04 09:00:00,1513.813308,1513.8352192668376,Random Forest
2024-11-04 10:00:00,1455.41449425,1455.414455847164,Random Forest
2024-11-04 11:00:00,1539.15459775,1539.1564126101325,Random Forest
2024-11-04 12:00:00,1561.24723825,1561.2543592885525,Random Forest
2024-11-04 13:00:00,1732.864145,1732.8612636321755,Random Forest
2024-11-04 14:00:00,1508.075301,1508.0703734904291,Random Forest
2024-11-04 15:00:00,1496.4496,1496.451517420511,Random Forest
2024-11-04 16:00:00,1483.62262925,1483.6219084430209,Random Forest
2024-11-04 17:00:00,1645.08652675,1645.0855733686235,Random Forest
2024-11-04 18:00:00,1522.62032575,1522.6296493264579,Random Forest
2024-11-04 19:00:00,1479.90866475,1479.9070849785694,Random Forest
2024-11-04 20:00:00,1694.793868,1694.790835606612,Random Forest
2024-11-04 21:00:00,1417.87191275,1417.8551933108115,Random Forest
2024-11-04 22:00:00,1472.954395,1472.9597550857154,Random Forest
2024-11-04 23:00:00,1575.87238375,1575.8994444950438,Random Forest
2024-11-05 00:00:00,1405.08746625,1405.0647878410578,Random Forest
2024-11-05 01:00:00,1455.6738135,1455.6696917062054,Random Forest
2024-11-05 02:00:00,1572.7011115,1572.6975164682556,Random Forest
2024-11-05 03:00:00,1453.70940225,1453.6900136278296,Random Forest
2024-11-05 04:00:00,1597.09585875,1597.104104112236,Random Forest
2024-11-05 05:00:00,1530.16464775,1530.181041184441,Random Forest
2024-11-05 06:00:00,1421.827057,1421.8234517239343,Random Forest
2024-11-05 07:00:00,1610.615468,1610.6203052850608,Random Forest
2024-11-05 08:00:00,1272.74213375,1272.7160842288465,Random Forest
2024-11-05 09:00:00,1526.72304375,1526.7258316608031,Random Forest
2024-11-05 10:00:00,1471.9084245,1471.9165064094238,Random Forest
2024-11-05 11:00:00,1420.91123525,1420.9339515503523,Random Forest
2024-11-05 12:00:00,1663.31992225,1663.2855614056784,Random Forest
2024-11-05 13:00:00,1597.43090875,1597.4345100625019,Random Forest
2024-11-05 14:00:00,1581.99197975,1581.9950016137182,Random Forest
2024-11-05 15:00:00,1460.87208625,1460.8749580505346,Random Forest
2024-11-05 16:00:00,1363.68260155,1363.7222853060493,Random Forest
2024-11-05 17:00:00,1382.58259575,1382.575563804651,Random Forest
2024-11-05 18:00:00,1680.65235675,1680.7071359587333,Random Forest
2024-11-05 19:00:00,1424.60449975,1424.595997309175,Random Forest
2024-11-05 20:00:00,1433.06892925,1433.0744616133009,Random Forest
2024-11-05 21:00:00,1646.20336625,1646.2227457898282,Random Forest
2024-11-05 22:00:00,1571.54534125,1571.5360370987805,Random Forest
2024-11-05 23:00:00,1532.2654285,1532.2651568365304,Random Forest
2024-11-06 00:00:00,1651.24608075,1651.2459601137257,Random Forest
2024-11-06 01:00:00,1509.35816225,1509.352406505592,Random Forest
2024-11-06 02:00:00,1578.62547425,1578.619798142373,Random Forest
2024-11-06 03:00:00,1533.1348835,1533.1434190019656,Random Forest
2024-11-06 04:00:00,1364.44378575,1364.458561358613,Random Forest
2024-11-06 05:00:00,1470.151754,1470.1412222944211,Random Forest
2024-11-06 06:00:00,1504.7797725,1504.7793611328368,Random Forest
2024-11-06 07:00:00,1255.46418425,1255.804039259088,Random Forest
2024-11-06 08:00:00,1344.16510375,1344.152493766403,Random Forest
2024-11-06 09:00:00,1433.735962,1433.7253014091648,Random Forest
2024-11-06 10:00:00,1460.785779,1460.7752376282067,Random Forest
2024-11-06 11:00:00,1369.223657725,1369.230326788257,Random Forest
2024-11-06 12:00:00,1401.11140725,1401.106939330696,Random Forest
2024-11-06 13:00:00,1509.604376,1509.5969467408938,Random Forest
2024-11-06 14:00:00,1455.9613935,1455.9724479647589,Random Forest
2024-11-06 15:00:00,1492.5830695,1492.5692561724804,Random Forest
2024-11-06 16:00:00,1463.1345717499998,1463.1430857768596,Random Forest
2024-11-06 17:00:00,1588.674082,1588.6666943136017,Random Forest
2024-11-06 18:00:00,1527.2847780000002,1527.2895447662277,Random Forest
2024-11-06 19:00:00,1565.08453575,1565.0796064405868,Random Forest
2024-11-06 20:00:00,1547.5532565,1547.5642258505995,Random Forest
2024-11-06 21:00:00,1470.8998865,1470.8924039427834,Random Forest
2024-11-06 22:00:00,1596.6007535,1596.5963641639685,Random Forest
2024-11-06 23:00:00,1487.816857,1487.8126169252125,Random Forest
2024-11-07 00:00:00,1364.66628725,1364.6510982742623,Random Forest
2024-11-07 01:00:00,1549.17942825,1549.1796988638505,Random Forest
2024-11-07 02:00:00,1407.052504,1407.0351628464175,Random Forest
2024-11-07 03:00:00,1385.59874025,1385.5924047154413,Random Forest
2024-11-07 04:00:00,1350.6931465,1350.6975847003,Random Forest
2024-11-07 05:00:00,1499.151417625,1499.1640622219345,Random Forest
2024-11-07 06:00:00,1489.01761375,1489.0369978632498,Random Forest
2024-11-07 07:00:00,1504.83879025,1504.8315514323872,Random Forest
2024-11-07 08:00:00,1437.1179535,1437.107000576178,Random Forest
2024-11-07 09:00:00,1522.27202425,1522.2642518397927,Random Forest
2024-11-07 10:00:00,1286.7694075,1286.7764934337479,Random Forest
2024-11-07 11:00:00,1592.1124595,1592.1252010844414,Random Forest
2024-11-07 12:00:00,1463.69840925,1463.697282199506,Random Forest
2024-11-07 13:00:00,1494.59092,1494.5868137602063,Random Forest
2024-11-07 14:00:00,1525.544736,1525.5504170056308,Random Forest
2024-11-07 15:00:00,1362.592606,1362.6248569815812,Random Forest
2024-11-07 16:00:00,1513.37056375,1513.3769081458895,Random Forest
2024-11-07 17:00:00,1607.500863,1607.5096456698584,Random Forest
2024-11-07 18:00:00,1572.978737,1572.9887490462625,Random Forest
2024-11-07 19:00:00,1505.14037225,1505.1480287744782,Random Forest
2024-11-07 20:00:00,1485.2560945,1485.2528269647776,Random Forest
2024-11-07 21:00:00,1599.89557725,1599.8995873090023,Random Forest
2024-11-07 22:00:00,1432.56146825,1432.573129711754,Random Forest
2024-11-07 23:00:00,1648.42890725,1648.4296878830858,Random Forest
2024-11-08 00:00:00,1418.49295025,1418.47188236686,Random Forest
2024-11-08 01:00:00,1591.712627,1591.706290063,Random Forest
2024-11-08 02:00:00,1586.98993875,1586.9691205921056,Random Forest
2024-11-08 03:00:00,1481.13414025,1481.1327145022058,Random Forest
2024-11-08 04:00:00,1409.68979,1409.7011831958114,Random Forest
2024-11-08 05:00:00,1696.9912875,1696.9590811250062,Random Forest
2024-11-08 06:00:00,1434.27185025,1434.2601924705186,Random Forest
2024-11-08 07:00:00,1462.5967245,1462.5844471277076,Random Forest
2024-11-08 08:00:00,1521.4402735,1521.4457820496073,Random Forest
2024-11-08 09:00:00,1498.91814025,1498.9173045561613,Random Forest
2024-11-08 10:00:00,1414.18942925,1414.2049984509417,Random Forest
2024-11-08 11:00:00,1600.74492825,1600.7428609799235,Random Forest
2024-11-08 12:00:00,1525.787481,1525.8101366557476,Random Forest
2024-11-08 13:00:00,1525.70157475,1525.702058979758,Random Forest
2024-11-08 14:00:00,1386.24157225,1386.2301310346988,Random Forest
2024-11-08 15:00:00,1313.2206625,1313.212424633301,Random Forest
2024-11-08 16:00:00,1525.4288345,1525.4430025754198,Random Forest
2024-11-08 17:00:00,1252.448285575,1252.6389224645948,Random Forest
2024-11-08 18:00:00,1451.04522625,1451.0453335413079,Random Forest
2024-11-08 19:00:00,1535.12168925,1535.1275475926457,Random Forest
2024-11-08 20:00:00,1497.69286375,1497.6911368991925,Random Forest
2024-11-08 21:00:00,1518.85288125,1518.856303405955,Random Forest
2024-11-08 22:00:00,1393.35999025,1393.3436604911767,Random Forest
2024-11-08 23:00:00,1647.7461365,1647.783685017383,Random Forest
2024-11-09 00:00:00,1416.820189,1416.8212521357168,Random Forest
2024-11-09 01:00:00,1325.108219,1325.0901102816688,Random Forest
2024-11-09 02:00:00,1475.12987025,1475.1222001630042,Random Forest
2024-11-09 03:00:00,1378.6378085,1378.644848489528,Random Forest
2024-11-09 04:00:00,1531.4682745,1531.463280837438,Random Forest
2024-11-09 05:00:00,1399.3421315,1399.3357855637626,Random Forest
2024-11-09 06:00:00,1387.918331,1387.9289284392446,Random Forest
2024-11-09 07:00:00,1622.045436,1622.05160051846,Random Forest
2024-11-09 08:00:00,1389.44904475,1389.4493665787188,Random Forest
2024-11-09 09:00:00,1460.49507725,1460.4956788816376,Random Forest
2024-11-09 10:00:00,1557.49762925,1557.5049660586928,Random Forest
2024-11-09 11:00:00,1439.41342925,1439.4051836061708,Random Forest
2024-11-09 12:00:00,1519.5097635,1519.5181061654262,Random Forest
2024-11-09 13:00:00,1435.40361375,1435.4005093097126,Random Forest
2024-11-09 14:00:00,1467.56155575,1467.562706569093,Random Forest
2024-11-09 15:00:00,1583.19618575,1583.189894276624,Random Forest
2024-11-09 16:00:00,1456.450211,1456.443748305212,Random Forest
2024-11-09 17:00:00,1652.55147125,1652.5496784317575,Random Forest
2024-11-09 18:00:00,1512.42568975,1512.3987575060573,Random Forest
2024-11-09 19:00:00,1450.63548725,1450.6143985285025,Random Forest
2024-11-09 20:00:00,1575.76658775,1575.7719406351046,Random Forest
2024-11-09 21:00:00,1497.41363675,1497.415303831281,Random Forest
2024-11-09 22:00:00,1448.2398,1448.2411996736867,Random Forest
2024-11-09 23:00:00,1579.1049695,1579.1026462388988,Random Forest
2024-11-10 00:00:00,1407.569960425,1407.5662789028984,Random Forest
2024-11-10 01:00:00,1557.838372,1557.8507237082179,Random Forest
2024-11-10 02:00:00,1518.05120175,1518.0863270403631,Random Forest
2024-11-10 03:00:00,1451.6389285,1451.6364892014235,Random Forest
2024-11-10 04:00:00,1662.30504425,1662.310504659793,Random Forest
2024-11-10 05:00:00,1644.22014225,1644.2043703378354,Random Forest
2024-11-10 06:00:00,1400.01247005,1400.0138878302544,Random Forest
2024-11-10 07:00:00,1386.084771,1386.0955359738375,Random Forest
2024-11-10 08:00:00,1504.491355,1504.493171064253,Random Forest
2024-11-10 09:00:00,1614.5051365,1614.489861615712,Random Forest
2024-11-10 10:00:00,1463.91836125,1463.9126189366623,Random Forest
2024-11-10 11:00:00,1556.48369675,1556.4805225532534,Random Forest
2024-11-10 12:00:00,1309.1989125,1309.2054949494757,Random Forest
2024-11-10 13:00:00,1527.699787,1527.693655069035,Random Forest
2024-11-10 14:00:00,1523.94357875,1523.9451534185441,Random Forest
2024-11-10 15:00:00,1515.415242,1515.4335477635054,Random Forest
2024-11-10 16:00:00,1337.95600175,1337.9317090480442,Random Forest
2024-11-10 17:00:00,1621.72102825,1621.7110028854956,Random Forest
2024-11-10 18:00:00,1452.64841975,1452.6489866486322,Random Forest
2024-11-10 19:00:00,1492.5202495,1492.5152842428747,Random Forest
2024-11-10 20:00:00,1392.4537435,1392.45931514235,Random Forest
2024-11-10 21:00:00,1344.9691475,1344.9601665278155,Random Forest
2024-11-10 22:00:00,1544.126605,1544.116050209104,Random Forest
2024-11-10 23:00:00,1349.9211365,1349.9612203884724,Random Forest
2024-11-11 00:00:00,1524.78767,1524.7804944071343,Random Forest
2024-11-11 01:00:00,1534.5113795,1534.5063599447944,Random Forest
2024-11-11 02:00:00,1583.5991477500002,1583.6037307798563,Random Forest
2024-11-11 03:00:00,1553.5968205,1553.5913901953181,Random Forest
2024-11-11 04:00:00,1558.37516125,1558.3576166904572,Random Forest
2024-11-11 05:00:00,1503.159077,1503.159863853273,Random Forest
2024-11-11 06:00:00,1585.2169775,1585.208631816841,Random Forest
2024-11-11 07:00:00,1670.5034755,1670.5037975508226,Random Forest
2024-11-11 08:00:00,1481.3583885,1481.3364966348665,Random Forest
2024-11-11 09:00:00,1518.949804,1518.9507474352808,Random Forest
2024-11-11 10:00:00,1311.96964875,1311.9960281937754,Random Forest
2024-11-11 11:00:00,1297.38221675,1297.4134069676816,Random Forest
2024-11-11 12:00:00,1505.2407675,1505.2407162916675,Random Forest
2024-11-11 13:00:00,1655.899852,1655.8932295098475,Random Forest
2024-11-11 14:00:00,1487.4827165000002,1487.4805798327423,Random Forest
2024-11-11 15:00:00,1380.04429425,1380.0476116072045,Random Forest
2024-11-11 16:00:00,1763.994644,1763.9449763470468,Random Forest
2024-11-11 17:00:00,1442.64235175,1442.6516037130405,Random Forest
2024-11-11 18:00:00,1488.51479225,1488.5151191556254,Random Forest
2024-11-11 19:00:00,1427.785085,1427.7860429135333,Random Forest
2024-11-11 20:00:00,1524.3100035,1524.320805851018,Random Forest
2024-11-11 21:00:00,1485.80151725,1485.8043924353242,Random Forest
2024-11-11 22:00:00,1388.5304355,1388.5271248641716,Random Forest
2024-11-11 23:00:00,1503.3577175,1503.3720699117546,Random Forest
2024-11-12 00:00:00,1419.5574785,1419.5478528131123,Random Forest
2024-11-12 01:00:00,1456.95408075,1456.9492365330061,Random Forest
2024-11-12 02:00:00,1679.949278,1679.9223780265943,Random Forest
2024-11-12 03:00:00,1483.2576315,1483.2580184562862,Random Forest
2024-11-12 04:00:00,1536.17210025,1536.178549620508,Random Forest
2024-11-12 05:00:00,1294.3425985,1294.3623881846238,Random Forest
2024-11-12 06:00:00,1662.23179675,1662.2161548950753,Random Forest
2024-11-12 07:00:00,1442.0056285,1442.001493737039,Random Forest
2024-11-12 08:00:00,1626.8087435,1626.78192799168,Random Forest
2024-11-12 09:00:00,1587.1652535,1587.156223861885,Random Forest
2024-11-12 10:00:00,1302.336057,1302.3864126058374,Random Forest
2024-11-12 11:00:00,1487.39074625,1487.3890403827797,Random Forest
2024-11-12 12:00:00,1558.87323875,1558.8668321745477,Random Forest
2024-11-12 13:00:00,1496.3515415,1496.3515291402136,Random Forest
2024-11-12 14:00:00,1442.92164575,1442.9032328971516,Random Forest
2024-11-12 15:00:00,1478.4780985,1478.4960027993375,Random Forest
2024-11-12 16:00:00,1330.85865225,1330.8109141063635,Random Forest
2024-11-12 17:00:00,1541.04514175,1541.0494055778056,Random Forest
2024-11-12 18:00:00,1567.46498875,1567.462261909086,Random Forest
2024-11-12 19:00:00,1553.3107115,1553.310352250498,Random Forest
2024-11-12 20:00:00,1425.776418,1425.7742941992421,Random Forest
2024-11-12 21:00:00,1670.34222675,1670.3078689592421,Random Forest
2024-11-12 22:00:00,1420.28381025,1420.282693009128,Random Forest
2024-11-12 23:00:00,1471.94561675,1471.9452399919305,Random Forest
2024-11-13 00:00:00,1480.730247,1480.7258673138117,Random Forest
2024-11-13 01:00:00,1679.350939,1679.3263172650643,Random Forest
2024-11-13 02:00:00,1412.80071225,1412.8053304856417,Random Forest
2024-11-13 03:00:00,1607.169541,1607.1700987131105,Random Forest
2024-11-13 04:00:00,1508.8942945,1508.8971738241844,Random Forest
2024-11-13 05:00:00,1432.05441975,1432.0501331336488,Random Forest
2024-11-13 06:00:00,1472.238348,1472.244570247714,Random Forest
2024-11-13 07:00:00,1471.87527275,1471.8711940302956,Random Forest
2024-11-13 08:00:00,1372.7743105,1372.782550304725,Random Forest
2024-11-13 09:00:00,1581.68152725,1581.6748332169043,Random Forest
2024-11-13 10:00:00,1545.80586275,1545.8171251843573,Random Forest
2024-11-13 11:00:00,1356.2736675,1356.3152632259762,Random Forest
2024-11-13 12:00:00,1533.9609015,1533.9578754371748,Random Forest
2024-11-13 13:00:00,1606.563639,1606.5595196681907,Random Forest
2024-11-13 14:00:00,1439.72760225,1439.7277083311121,Random Forest
2024-11-13 15:00:00,1514.01809775,1514.0172540610351,Random Forest
2024-11-13 16:00:00,1426.16286025,1426.1597273997352,Random Forest
2024-11-13 17:00:00,1536.45106825,1536.450685979884,Random Forest
2024-11-13 18:00:00,1572.4612085,1572.4514181319787,Random Forest
2024-11-13 19:00:00,1542.63795675,1542.6429355413754,Random Forest
2024-11-13 20:00:00,1548.0980065,1548.0696377955774,Random Forest
2024-11-13 21:00:00,1568.757705,1568.762883168621,Random Forest
2024-11-13 22:00:00,1676.837333,1676.7780004542565,Random Forest
2024-11-13 23:00:00,1497.1438135,1497.143599227734,Random Forest
2024-11-14 00:00:00,1382.06291425,1382.0672772127207,Random Forest
2024-11-14 01:00:00,1513.108466,1513.1087243208356,Random Forest
2024-11-14 02:00:00,1516.5051065,1516.4908956862732,Random Forest
2024-11-14 03:00:00,1562.20062775,1562.1996927804003,Random Forest
2024-11-14 04:00:00,1708.200105,1708.2804342903235,Random Forest
2024-11-14 05:00:00,1313.46678625,1313.4867061898979,Random Forest
2024-11-14 06:00:00,1577.8417735,1577.8242843602827,Random Forest
2024-11-14 07:00:00,1527.264042,1527.264435676518,Random Forest
2024-11-14 08:00:00,1593.44825575,1593.466836458777,Random Forest
2024-11-14 09:00:00,1417.78365,1417.784656120349,Random Forest
2024-11-14 10:00:00,1527.365809,1527.364152566623,Random Forest
2024-11-14 11:00:00,1584.588421,1584.5797364252433,Random Forest
2024-11-14 12:00:00,1511.9953355,1511.9970836963882,Random Forest
2024-11-14 13:00:00,1476.09569375,1476.074739651974,Random Forest
2024-11-14 14:00:00,1536.925047,1536.9345454307272,Random Forest
2024-11-14 15:00:00,1409.05727225,1409.0577108630905,Random Forest
2024-11-14 16:00:00,1442.332374,1442.3362855138237,Random Forest
2024-11-14 17:00:00,1292.646382,1292.646192031685,Random Forest
2024-11-14 18:00:00,1641.264988,1641.2773246174381,Random Forest
2024-11-14 19:00:00,1457.34985675,1457.3412707418577,Random Forest
2024-11-14 20:00:00,1580.2221235,1580.217343951387,Random Forest
2024-11-14 21:00:00,1550.0698229999998,1550.0755176184937,Random Forest
2024-11-14 22:00:00,1640.276817,1640.2776661119728,Random Forest
2024-11-14 23:00:00,1505.1307385,1505.1432935875323,Random Forest
2024-11-15 00:00:00,1473.32925025,1473.3230673780913,Random Forest
2024-11-15 01:00:00,1475.48686075,1475.4793298734214,Random Forest
2024-11-15 02:00:00,1648.9794235,1649.023451187736,Random Forest
2024-11-15 03:00:00,1533.38563975,1533.389363390532,Random Forest
2024-11-15 04:00:00,1458.069357,1458.065370376034,Random Forest
2024-11-15 05:00:00,1398.967333,1398.9748216615608,Random Forest
2024-11-15 06:00:00,1617.19408375,1617.1512440233066,Random Forest
2024-11-15 07:00:00,1544.62843625,1544.6179841937635,Random Forest
2024-11-15 08:00:00,1469.94006275,1469.9270910721234,Random Forest
2024-11-15 09:00:00,1497.93143125,1497.9322403559736,Random Forest
2024-11-15 10:00:00,1580.29589725,1580.2864700897626,Random Forest
2024-11-15 11:00:00,1533.685803,1533.686204684981,Random Forest
2024-11-15 12:00:00,1631.56246725,1631.5602470059953,Random Forest
2024-11-15 13:00:00,1501.62813975,1501.6440602411524,Random Forest
2024-11-15 14:00:00,1371.0738865,1371.0789130854478,Random Forest
2024-11-15 15:00:00,1459.99921,1459.9813525495929,Random Forest
2024-11-15 16:00:00,1373.78932075,1373.784027003068,Random Forest
2024-11-15 17:00:00,1436.02898375,1436.043785995816,Random Forest
2024-11-15 18:00:00,1533.621395,1533.6292806169395,Random Forest
2024-11-15 19:00:00,1468.18028475,1468.193815141284,Random Forest
2024-11-15 20:00:00,1641.55930075,1641.5709815880596,Random Forest
2024-11-15 21:00:00,1574.11315625,1574.1031365807764,Random Forest
2024-11-15 22:00:00,1545.45585575,1545.4539353870377,Random Forest
2024-11-15 23:00:00,1551.75146375,1551.7571307516864,Random Forest
2024-11-16 00:00:00,1560.036717,1560.0321550334402,Random Forest
2024-11-16 01:00:00,1665.8501765,1665.8246903882991,Random Forest
2024-11-16 02:00:00,1457.295554,1457.3102413127117,Random Forest
2024-11-16 03:00:00,1513.11862775,1513.1149312953848,Random Forest
2024-11-16 04:00:00,1355.44640525,1355.4536778700997,Random Forest
2024-11-16 05:00:00,1424.706371,1424.7238133795215,Random Forest
2024-11-16 06:00:00,1574.5403045,1574.5388806880314,Random Forest
2024-11-16 07:00:00,1442.517226,1442.5173047638998,Random Forest
2024-11-16 08:00:00,1381.1040155,1381.1101004642853,Random Forest
2024-11-16 09:00:00,1613.90205425,1613.905542656708,Random Forest
2024-11-16 10:00:00,1473.29672475,1473.3146259253535,Random Forest
2024-11-16 11:00:00,1523.69068875,1523.6934118588717,Random Forest
2024-11-16 12:00:00,1641.7417845,1641.7558523464863,Random Forest
2024-11-16 13:00:00,1432.32352825,1432.338871220428,Random Forest
2024-11-16 14:00:00,1516.401655775,1516.397415318183,Random Forest
2024-11-16 15:00:00,1483.95446075,1483.9553748923406,Random Forest
2024-11-16 16:00:00,1469.98381675,1469.9747565474522,Random Forest
2024-11-16 17:00:00,1447.29588525,1447.2941834959877,Random Forest
2024-11-16 18:00:00,1628.023658,1628.0137729277913,Random Forest
2024-11-16 19:00:00,1649.61122825,1649.6142648579255,Random Forest
2024-11-16 20:00:00,1351.102053975,1351.0753229710383,Random Forest
2024-11-16 21:00:00,1478.442299,1478.4242629557423,Random Forest
2024-11-16 22:00:00,1536.0748255,1536.0768093130848,Random Forest
2024-11-16 23:00:00,1458.38864575,1458.3839454666254,Random Forest
2024-11-17 00:00:00,1599.25484325,1599.2422939897335,Random Forest
2024-11-17 01:00:00,1635.2801625,1635.2714815898025,Random Forest
2024-11-17 02:00:00,1469.8081435,1469.7986614840574,Random Forest
2024-11-17 03:00:00,1559.14882475,1559.1462632432938,Random Forest
2024-11-17 04:00:00,1461.3534387,1461.3516670672914,Random Forest
2024-11-17 05:00:00,1406.40600875,1406.4091291876784,Random Forest
2024-11-17 06:00:00,1623.13719,1623.1430359847204,Random Forest
2024-11-17 07:00:00,1432.306322,1432.3207349377863,Random Forest
2024-11-17 08:00:00,1504.5866745,1504.5969912437577,Random Forest
2024-11-17 09:00:00,1469.5880745,1469.57923585001,Random Forest
2024-11-17 10:00:00,1468.5802055,1468.5917448446914,Random Forest
2024-11-17 11:00:00,1498.99046675,1498.9795574344375,Random Forest
2024-11-17 12:00:00,1641.04757775,1641.0883408026043,Random Forest
2024-11-17 13:00:00,1633.21770125,1633.2255793733455,Random Forest
2024-11-17 14:00:00,1587.22038325,1587.2155053349034,Random Forest
2024-11-17 15:00:00,1399.9465535,1399.976104974875,Random Forest
2024-11-17 16:00:00,1399.84162425,1399.8286593805728,Random Forest
2024-11-17 17:00:00,1483.72808075,1483.7342846441322,Random Forest
2024-11-17 18:00:00,1566.6768155,1566.6717487744017,Random Forest
2024-11-17 19:00:00,1583.1442075,1583.152771274709,Random Forest
2024-11-17 20:00:00,1432.4707715,1432.4691576252787,Random Forest
2024-11-17 21:00:00,1463.5488785,1463.5451515143795,Random Forest
2024-11-17 22:00:00,1580.2483205,1580.2582506109452,Random Forest
2024-11-17 23:00:00,1568.65355725,1568.6733238728816,Random Forest
2024-11-18 00:00:00,1448.142124,1448.138966378498,Random Forest
2024-11-18 01:00:00,1397.79971555,1397.7992278539946,Random Forest
2024-11-18 02:00:00,1496.63949175,1496.6485152511323,Random Forest
2024-11-18 03:00:00,1509.3443905,1509.3392036432058,Random Forest
2024-11-18 04:00:00,1594.6721042499998,1594.6666630843379,Random Forest
2024-11-18 05:00:00,1514.613959,1514.6167388925853,Random Forest
2024-11-18 06:00:00,1492.04178425,1492.0506395530422,Random Forest
2024-11-18 07:00:00,1492.01449025,1492.0096941299294,Random Forest
2024-11-18 08:00:00,1592.10560275,1592.120832786852,Random Forest
2024-11-18 09:00:00,1452.3425425,1452.341069861593,Random Forest
2024-11-18 10:00:00,1599.92862525,1599.9364664029054,Random Forest
2024-11-18 11:00:00,1433.32806575,1433.3196502625187,Random Forest
2024-11-18 12:00:00,1566.17840325,1566.1702826504804,Random Forest
2024-11-18 13:00:00,1564.7597885,1564.760617935219,Random Forest
2024-11-18 14:00:00,1565.33452375,1565.3361671543441,Random Forest
2024-11-18 15:00:00,1521.8116135,1521.8175341861815,Random Forest
2024-11-18 16:00:00,1508.32363625,1508.3151756586199,Random Forest
2024-11-18 17:00:00,1608.5254102499998,1608.5145490006823,Random Forest
2024-11-18 18:00:00,1549.28088275,1549.2820928487367,Random Forest
2024-11-18 19:00:00,1441.154277,1441.156526573183,Random Forest
2024-11-18 20:00:00,1560.81735975,1560.8262350724494,Random Forest
2024-11-18 21:00:00,1582.03078275,1582.0370434894835,Random Forest
2024-11-18 22:00:00,1391.42683635,1391.3859278624282,Random Forest
2024-11-18 23:00:00,1472.02837075,1472.0236651331747,Random Forest
2024-11-19 00:00:00,1447.05907025,1447.0666705428293,Random Forest
2024-11-19 01:00:00,1408.02676125,1408.041837382798,Random Forest
2024-11-19 02:00:00,1388.0857935,1388.0799675404223,Random Forest
2024-11-19 03:00:00,1332.62179865,1332.6364214607192,Random Forest
2024-11-19 04:00:00,1383.96672775,1383.974064834658,Random Forest
2024-11-19 05:00:00,1523.46454325,1523.4556208775498,Random Forest
2024-11-19 06:00:00,1337.598756,1337.5772483517626,Random Forest
2024-11-19 07:00:00,1597.0836842499998,1597.0920683257996,Random Forest
2024-11-19 08:00:00,1556.879414,1556.885788891429,Random Forest
2024-11-19 09:00:00,1422.72738625,1422.7536260947195,Random Forest
2024-11-19 10:00:00,1432.97706425,1432.954636634366,Random Forest
2024-11-19 11:00:00,1607.3494725,1607.3331024964843,Random Forest
2024-11-19 12:00:00,1337.2513525,1337.269736842266,Random Forest
2024-11-19 13:00:00,1420.815634,1420.805384019006,Random Forest
2024-11-19 14:00:00,1545.84533425,1545.8413395739062,Random Forest
2024-11-19 15:00:00,1478.4210125,1478.397579826586,Random Forest
2024-11-19 16:00:00,1445.82764325,1445.8301539172605,Random Forest
2024-11-19 17:00:00,1441.347071,1441.3525307301645,Random Forest
2024-11-19 18:00:00,1549.797043,1549.8112229384124,Random Forest
2024-11-19 19:00:00,1681.88532675,1681.9721664950985,Random Forest
2024-11-19 20:00:00,1615.11513125,1615.1285062020263,Random Forest
2024-11-19 21:00:00,1488.394852,1488.3974618703674,Random Forest
2024-11-19 22:00:00,1485.8649175,1485.8718132123158,Random Forest
2024-11-19 23:00:00,1532.212644,1532.215987860572,Random Forest
2024-11-20 00:00:00,1462.89153825,1462.8914736272682,Random Forest
2024-11-20 01:00:00,1457.48386975,1457.4916728000744,Random Forest
2024-11-20 02:00:00,1636.4344605,1636.4332021461432,Random Forest
2024-11-20 03:00:00,1467.626853,1467.6124854504367,Random Forest
2024-11-20 04:00:00,1635.05909275,1635.046195153758,Random Forest
2024-11-20 05:00:00,1590.592781,1590.587482564779,Random Forest
2024-11-20 06:00:00,1497.42299075,1497.4353542803829,Random Forest
2024-11-20 07:00:00,1453.71556625,1453.724091734624,Random Forest
2024-11-20 08:00:00,1461.278914,1461.287929007526,Random Forest
2024-11-20 09:00:00,1305.76474625,1305.718821508309,Random Forest
2024-11-20 10:00:00,1698.0680585,1697.9960653569763,Random Forest
2024-11-20 11:00:00,1671.25614425,1671.2997373585144,Random Forest
2024-11-20 12:00:00,1611.9770385,1611.9764287026574,Random Forest
2024-11-20 13:00:00,1605.93086425,1605.9361794433994,Random Forest
2024-11-20 14:00:00,1608.046164,1608.0420495313256,Random Forest
2024-11-20 15:00:00,1465.4244315,1465.4225371813957,Random Forest
2024-11-20 16:00:00,1588.26496,1588.2494022623835,Random Forest
2024-11-20 17:00:00,1513.88822775,1513.8723653370207,Random Forest
2024-11-20 18:00:00,1593.8984175,1593.8953603041973,Random Forest
2024-11-20 19:00:00,1334.03445825,1334.0407007795618,Random Forest
2024-11-20 20:00:00,1626.4114565,1626.4252882710289,Random Forest
2024-11-20 21:00:00,1558.3866195,1558.3635002174299,Random Forest
2024-11-20 22:00:00,1533.48750025,1533.4784037500276,Random Forest
2024-11-20 23:00:00,1538.72509425,1538.722112414547,Random Forest
2024-11-21 00:00:00,1338.210261875,1338.2135236504664,Random Forest
2024-11-21 01:00:00,1316.40796325,1316.4404370144416,Random Forest
2024-11-21 02:00:00,1568.65868025,1568.6757348261629,Random Forest
2024-11-21 03:00:00,1466.65357425,1466.6448133301944,Random Forest
2024-11-21 04:00:00,1269.569459075,1269.5075546144433,Random Forest
2024-11-21 05:00:00,1401.6991475,1401.6727171898103,Random Forest
2024-11-21 06:00:00,1452.130986,1452.1351972754637,Random Forest
2024-11-21 07:00:00,1454.898577,1454.8986280241213,Random Forest
2024-11-21 08:00:00,1250.51475375,1250.4587806830805,Random Forest
2024-11-21 09:00:00,1378.7941035,1378.794012464637,Random Forest
2024-11-21 10:00:00,1557.456788,1557.4471270849692,Random Forest
2024-11-21 11:00:00,1565.5573175,1565.5565870549433,Random Forest
2024-11-21 12:00:00,1382.1480265,1382.1433018400517,Random Forest
2024-11-21 13:00:00,1464.44125975,1464.4406195496463,Random Forest
2024-11-21 14:00:00,1557.296107,1557.3124430882044,Random Forest
2024-11-21 15:00:00,1470.61240575,1470.6030533462263,Random Forest
2024-11-21 16:00:00,1351.610219,1351.6123515517952,Random Forest
2024-11-21 17:00:00,1399.6228042500002,1399.624500341575,Random Forest
2024-11-21 18:00:00,1340.1969865,1340.2102931368295,Random Forest
2024-11-21 19:00:00,1682.7069525,1682.6879166310703,Random Forest
2024-11-21 20:00:00,1611.003692,1611.015920300378,Random Forest
2024-11-21 21:00:00,1428.07081775,1428.0735803952944,Random Forest
2024-11-21 22:00:00,1582.19312125,1582.2060891464969,Random Forest
2024-11-21 23:00:00,1357.23561775,1357.2246595265926,Random Forest
2024-11-22 00:00:00,1327.065832,1327.0322236108163,Random Forest
2024-11-22 01:00:00,1504.49007475,1504.493171064253,Random Forest
2024-11-22 02:00:00,1486.77672675,1486.7976739984263,Random Forest
2024-11-22 03:00:00,1466.72017375,1466.7429784739686,Random Forest
2024-11-22 04:00:00,1398.836347,1398.8505160704465,Random Forest
2024-11-22 05:00:00,1653.36680475,1653.4014625711307,Random Forest
2024-11-22 06:00:00,1500.951586,1500.9399295975306,Random Forest
2024-11-22 07:00:00,1403.374661,1403.3763667948997,Random Forest
2024-11-22 08:00:00,1525.52454775,1525.5367570113274,Random Forest
2024-11-22 09:00:00,1413.852159,1413.8313813951934,Random Forest
2024-11-22 10:00:00,1502.27656825,1502.2574260751437,Random Forest
2024-11-22 11:00:00,1430.6979835,1430.7044401171827,Random Forest
2024-11-22 12:00:00,1668.3085545,1668.327731958877,Random Forest
2024-11-22 13:00:00,1484.02334875,1484.0221757691124,Random Forest
2024-11-22 14:00:00,1525.36976925,1525.3670440807698,Random Forest
2024-11-22 15:00:00,1481.50204575,1481.5129842997007,Random Forest
2024-11-22 16:00:00,1551.27430925,1551.2710876732856,Random Forest
2024-11-22 17:00:00,1496.63417975,1496.6392850932746,Random Forest
2024-11-22 18:00:00,1771.768075,1771.7703123459971,Random Forest
2024-11-22 19:00:00,1613.373051,1613.372366890092,Random Forest
2024-11-22 20:00:00,1437.9662475,1437.9637131922982,Random Forest
2024-11-22 21:00:00,1705.1179975,1705.3291000072227,Random Forest
2024-11-22 22:00:00,1493.39615075,1493.3979349881315,Random Forest
2024-11-22 23:00:00,1655.2915795,1655.2823217457337,Random Forest
2024-11-23 00:00:00,1476.1741225,1476.1752644037986,Random Forest
2024-11-23 01:00:00,1531.11032825,1531.1181800535699,Random Forest
2024-11-23 02:00:00,1472.312365,1472.319872168433,Random Forest
2024-11-23 03:00:00,1591.49579675,1591.4901531457865,Random Forest
2024-11-23 04:00:00,1541.01308025,1541.01331107543,Random Forest
2024-11-23 05:00:00,1357.42136625,1357.4239579309465,Random Forest
2024-11-23 06:00:00,1527.579298,1527.5915152832129,Random Forest
2024-11-23 07:00:00,1483.01946475,1483.015761960682,Random Forest
2024-11-23 08:00:00,1415.16250725,1415.1575063910716,Random Forest
2024-11-23 09:00:00,1539.944015,1539.9351515888616,Random Forest
2024-11-23 10:00:00,1630.01201275,1630.0326772670035,Random Forest
2024-11-23 11:00:00,1629.8070595,1629.8171867139483,Random Forest
2024-11-23 12:00:00,1480.50505625,1480.4865303589745,Random Forest
2024-11-23 13:00:00,1355.6807045,1355.7251453060685,Random Forest
2024-11-23 14:00:00,1440.93357275,1440.9285084286419,Random Forest
2024-11-23 15:00:00,1608.41227,1608.44557994611,Random Forest
2024-11-23 16:00:00,1503.66788975,1503.6665108670984,Random Forest
2024-11-23 17:00:00,1381.7772690000002,1381.769695415799,Random Forest
2024-11-23 18:00:00,1515.127859,1515.1252080130917,Random Forest
2024-11-23 19:00:00,1378.52231875,1378.5426193771368,Random Forest
2024-11-23 20:00:00,1499.86303075,1499.864443679108,Random Forest
2024-11-23 21:00:00,1491.9970775,1491.998903495493,Random Forest
2024-11-23 22:00:00,1570.46873775,1570.465772120067,Random Forest
2024-11-23 23:00:00,1460.34163725,1460.3543314176027,Random Forest
2024-11-24 00:00:00,1433.856428,1433.8620403534233,Random Forest
2024-11-24 01:00:00,1500.82915325,1500.8304838546592,Random Forest
2024-11-24 02:00:00,1485.40482675,1485.3899169406657,Random Forest
2024-11-24 03:00:00,1670.4041155,1670.3855446823252,Random Forest
2024-11-24 04:00:00,1339.6092619,1339.619368997395,Random Forest
2024-11-24 05:00:00,1450.6625995,1450.6695698093154,Random Forest
2024-11-24 06:00:00,1376.06816075,1376.0750524267423,Random Forest
2024-11-24 07:00:00,1492.6948562500002,1492.6931923653613,Random Forest
2024-11-24 08:00:00,1584.702038,1584.6886821795417,Random Forest
2024-11-24 09:00:00,1455.2833645,1455.303335665421,Random Forest
2024-11-24 10:00:00,1431.39625575,1431.3978314001454,Random Forest
2024-11-24 11:00:00,1608.6288485,1608.6165461832227,Random Forest
2024-11-24 12:00:00,1690.4692635,1690.4849818510013,Random Forest
2024-11-24 13:00:00,1589.505155,1589.5058068972073,Random Forest
2024-11-24 14:00:00,1500.45866,1500.4548098313285,Random Forest
2024-11-24 15:00:00,1646.51791125,1646.5108331681831,Random Forest
2024-11-24 16:00:00,1484.11156025,1484.1157414022805,Random Forest
2024-11-24 17:00:00,1518.30717775,1518.316155742518,Random Forest
2024-11-24 18:00:00,1597.03353975,1597.0326257688748,Random Forest
2024-11-24 19:00:00,1462.16154275,1462.1412096079368,Random Forest
2024-11-24 20:00:00,1556.2804115,1556.2831623307688,Random Forest
2024-11-24 21:00:00,1645.71523025,1645.7089532397865,Random Forest
2024-11-24 22:00:00,1478.241552,1478.244492333807,Random Forest
2024-11-24 23:00:00,1385.68789525,1385.6901572533343,Random Forest
2024-11-25 00:00:00,1501.54204225,1501.546269117685,Random Forest
2024-11-25 01:00:00,1554.78653875,1554.7988767084253,Random Forest
2024-11-25 02:00:00,1455.22497075,1455.2207200804678,Random Forest
2024-11-25 03:00:00,1447.3164275,1447.311277683025,Random Forest
2024-11-25 04:00:00,1495.65493425,1495.6532380958008,Random Forest
2024-11-25 05:00:00,1498.48198225,1498.4804001992927,Random Forest
2024-11-25 06:00:00,1401.2684813,1401.2760561027594,Random Forest
2024-11-25 07:00:00,1412.1582265,1412.1722310900495,Random Forest
2024-11-25 08:00:00,1446.06322975,1446.0632775531733,Random Forest
2024-11-25 09:00:00,1541.1342925,1541.1381171270527,Random Forest
2024-11-25 10:00:00,1545.004519,1545.0026159007678,Random Forest
2024-11-25 11:00:00,1434.7628412499998,1434.7676503527775,Random Forest
2024-11-25 12:00:00,1488.59047075,1488.581123462053,Random Forest
2024-11-25 13:00:00,1428.64322725,1428.6597069502545,Random Forest
2024-11-25 14:00:00,1587.97755875,1587.9804356463105,Random Forest
2024-11-25 15:00:00,1449.334554,1449.3311514882316,Random Forest
2024-11-25 16:00:00,1497.24167025,1497.228459836073,Random Forest
2024-11-25 17:00:00,1335.2590375,1335.2983003603667,Random Forest
2024-11-25 18:00:00,1472.336608,1472.3302771178742,Random Forest
2024-11-25 19:00:00,1410.83840325,1410.8423667155546,Random Forest
2024-11-25 20:00:00,1507.91091225,1507.9182969935814,Random Forest
2024-11-25 21:00:00,1470.89263225,1470.8890957342974,Random Forest
2024-11-25 22:00:00,1541.845104,1541.851646877044,Random Forest
2024-11-25 23:00:00,1549.376299,1549.3650038448127,Random Forest
2024-11-26 00:00:00,1615.044732,1615.0400989980553,Random Forest
2024-11-26 01:00:00,1754.71335875,1754.8704316453693,Random Forest
2024-11-26 02:00:00,1457.25831875,1457.2476276676998,Random Forest
2024-11-26 03:00:00,1485.6628557499998,1485.6685901155258,Random Forest
2024-11-26 04:00:00,1496.4577805,1496.4599038460356,Random Forest
2024-11-26 05:00:00,1716.473944,1716.5791557218029,Random Forest
2024-11-26 06:00:00,1497.6633765,1497.6598919689159,Random Forest
2024-11-26 07:00:00,1687.51408125,1687.4691951786867,Random Forest
2024-11-26 08:00:00,1607.694691,1607.6938597264948,Random Forest
2024-11-26 09:00:00,1514.06533525,1514.0662131782146,Random Forest
2024-11-26 10:00:00,1588.09653175,1588.067484646096,Random Forest
2024-11-26 11:00:00,1572.210789,1572.212537769929,Random Forest
2024-11-26 12:00:00,1538.987579,1538.98110480709,Random Forest
2024-11-26 13:00:00,1604.423049,1604.4211780576518,Random Forest
2024-11-26 14:00:00,1424.71185475,1424.7251545915888,Random Forest
2024-11-26 15:00:00,1538.535474,1538.5249286544274,Random Forest
2024-11-26 16:00:00,1508.0785425,1508.0719686465186,Random Forest
2024-11-26 17:00:00,1391.4666542,1391.51447520261,Random Forest
2024-11-26 18:00:00,1284.424841675,1284.368731667546,Random Forest
2024-11-26 19:00:00,1568.1032015,1568.1176367409196,Random Forest
2024-11-26 20:00:00,1438.238468,1438.2398318358273,Random Forest
2024-11-26 21:00:00,1526.177149,1526.1772559291683,Random Forest
2024-11-26 22:00:00,1538.917033,1538.9242595577005,Random Forest
2024-11-26 23:00:00,1549.21014875,1549.2036851267992,Random Forest
2024-11-27 00:00:00,1544.18924125,1544.1893176945828,Random Forest
2024-11-27 01:00:00,1624.68725875,1624.681129899097,Random Forest
2024-11-27 02:00:00,1591.9633805,1591.9732652960138,Random Forest
2024-11-27 03:00:00,1533.39769075,1533.397507442211,Random Forest
2024-11-27 04:00:00,1509.4754175,1509.4731798727673,Random Forest
2024-11-27 05:00:00,1229.13559325,1229.1380910262158,Random Forest
2024-11-27 06:00:00,1501.8777515,1501.8977939261777,Random Forest
2024-11-27 07:00:00,1597.531748,1597.5366150062744,Random Forest
2024-11-27 08:00:00,1316.554264,1316.4930342693108,Random Forest
2024-11-27 09:00:00,1555.7850555,1555.8028362726325,Random Forest
2024-11-27 10:00:00,1454.35926525,1454.3662378927759,Random Forest
2024-11-27 11:00:00,1486.507844,1486.500717574268,Random Forest
2024-11-27 12:00:00,1548.3443115,1548.3602550208434,Random Forest
2024-11-27 13:00:00,1525.0612725,1525.0828351569435,Random Forest
2024-11-27 14:00:00,1653.61371575,1653.6064660861773,Random Forest
2024-11-27 15:00:00,1548.5449267499998,1548.543022591177,Random Forest
2024-11-27 16:00:00,1656.05615275,1656.0887532937659,Random Forest
2024-11-27 17:00:00,1661.88707775,1661.8821553665057,Random Forest
2024-11-27 18:00:00,1442.2413205,1442.2495459457493,Random Forest
2024-11-27 19:00:00,1513.804313,1513.8236610115073,Random Forest
2024-11-27 20:00:00,1570.69434325,1570.6834200330184,Random Forest
2024-11-27 21:00:00,1438.7945435,1438.7935593987513,Random Forest
2024-11-27 22:00:00,1334.64850275,1334.6278880328705,Random Forest
2024-11-27 23:00:00,1524.82291675,1524.811313352616,Random Forest
2024-11-28 00:00:00,1420.9999635,1420.991946144972,Random Forest
2024-11-28 01:00:00,1566.22873325,1566.23763251048,Random Forest
2024-11-28 02:00:00,1609.65325225,1609.6344153411771,Random Forest
2024-11-28 03:00:00,1546.675694,1546.6662106246224,Random Forest
2024-11-28 04:00:00,1411.424857,1411.4063493396345,Random Forest
2024-11-28 05:00:00,1547.4727405,1547.4838114265926,Random Forest
2024-11-28 06:00:00,1340.120539,1340.1093487384758,Random Forest
2024-11-28 07:00:00,1538.61536225,1538.6102250690744,Random Forest
2024-11-28 08:00:00,1402.76028975,1402.7605617734569,Random Forest
2024-11-28 09:00:00,1446.34693425,1446.3331821382762,Random Forest
2024-11-28 10:00:00,1456.4359825,1456.440789319678,Random Forest
2024-11-28 11:00:00,1584.418421,1584.427982474827,Random Forest
2024-11-28 12:00:00,1470.482728,1470.4776694149693,Random Forest
2024-11-28 13:00:00,1533.772897,1533.7897306665213,Random Forest
2024-11-28 14:00:00,1375.6597305,1375.6709993367808,Random Forest
2024-11-28 15:00:00,1547.276171,1547.2945676506404,Random Forest
2024-11-28 16:00:00,1568.0976885,1568.0932898029857,Random Forest
2024-11-28 17:00:00,1543.52387475,1543.51066773282,Random Forest
2024-11-28 18:00:00,1400.6320355,1400.6367244242979,Random Forest
2024-11-28 19:00:00,1630.41724075,1630.4092140949933,Random Forest
2024-11-28 20:00:00,1363.8798215,1363.8579009363048,Random Forest
2024-11-28 21:00:00,1501.73803125,1501.7578186365974,Random Forest
2024-11-28 22:00:00,1401.25976275,1401.2669954956175,Random Forest
2024-11-28 23:00:00,1470.6937225,1470.6969839184812,Random Forest
2024-11-29 00:00:00,1606.9030914999998,1606.8995611728426,Random Forest
2024-11-29 01:00:00,1610.19823225,1610.194480847631,Random Forest
2024-11-29 02:00:00,1602.9816765,1602.9860044739662,Random Forest
2024-11-29 03:00:00,1354.27210625,1354.304835710874,Random Forest
2024-11-29 04:00:00,1650.2394685,1650.235449512679,Random Forest
2024-11-29 05:00:00,1558.0706205,1558.0595364542796,Random Forest
2024-11-29 06:00:00,1270.07981655,1270.0748382310185,Random Forest
2024-11-29 07:00:00,1365.28023075,1365.2953740851144,Random Forest
2024-11-29 08:00:00,1401.46251325,1401.4503658781207,Random Forest
2024-11-29 09:00:00,1423.09389175,1423.0789963424672,Random Forest
2024-11-29 10:00:00,1393.0157450000002,1393.0150669793188,Random Forest
2024-11-29 11:00:00,1328.7056335,1328.7316631644626,Random Forest
2024-11-29 12:00:00,1449.2659295,1449.2733211339207,Random Forest
2024-11-29 13:00:00,1405.65726275,1405.6548904648805,Random Forest
2024-11-29 14:00:00,1583.84090425,1583.8341008120033,Random Forest
2024-11-29 15:00:00,1493.610593,1493.5917624727676,Random Forest
2024-11-29 16:00:00,1601.13803425,1601.133483034541,Random Forest
2024-11-29 17:00:00,1523.9685855,1523.9676409445178,Random Forest
2024-11-29 18:00:00,1395.788125175,1395.790400636715,Random Forest
2024-11-29 19:00:00,1596.347983,1596.3401982744886,Random Forest
2024-11-29 20:00:00,1488.15507675,1488.1349252942757,Random Forest
2024-11-29 21:00:00,1469.00609325,1469.0119519826687,Random Forest
2024-11-29 22:00:00,1416.00728875,1416.0183914200682,Random Forest
2024-11-29 23:00:00,1536.6772475,1536.681176655531,Random Forest
2024-11-30 00:00:00,1667.759183,1667.7567976433975,Random Forest
2024-11-30 01:00:00,1562.8205345,1562.8219138092622,Random Forest
2024-11-30 02:00:00,1474.7819495,1474.7796672202164,Random Forest
2024-11-30 03:00:00,1377.55314075,1377.5427950300846,Random Forest
2024-11-30 04:00:00,1435.555787,1435.564732330037,Random Forest
2024-11-30 05:00:00,1366.4498835,1366.4386117262027,Random Forest
2024-11-30 06:00:00,1687.3461160000002,1687.2917946388502,Random Forest
2024-11-30 07:00:00,1497.37742025,1497.3632175030198,Random Forest
2024-11-30 08:00:00,1537.9653735,1537.97604331212,Random Forest
2024-11-30 09:00:00,1535.400734,1535.3740928905033,Random Forest
2024-11-30 10:00:00,1458.08358825,1458.0768498287196,Random Forest
2024-11-30 11:00:00,1576.94211675,1576.9428762346809,Random Forest
2024-11-30 12:00:00,1408.542402,1408.5590696045779,Random Forest
2024-11-30 13:00:00,1595.03064575,1595.0338443170433,Random Forest
2024-11-30 14:00:00,1455.32029225,1455.32376432124,Random Forest
2024-11-30 15:00:00,1533.6226255,1533.6296131994395,Random Forest
2024-11-30 16:00:00,1550.07803775,1550.0781004560663,Random Forest
2024-11-30 17:00:00,1261.0565645,1261.015476673406,Random Forest
2024-11-30 18:00:00,1473.37543,1473.3840204604394,Random Forest
2024-11-30 19:00:00,1485.10395125,1485.106548856788,Random Forest
2024-11-30 20:00:00,1549.01204125,1549.0084081752618,Random Forest
2024-11-30 21:00:00,1495.009027,1495.002395348244,Random Forest
2024-11-30 22:00:00,1675.572811,1675.5827680508094,Random Forest
2024-11-30 23:00:00,1459.72318075,1459.7166574149703,Random Forest
2024-12-01 00:00:00,1467.3997182500002,1467.3869929953105,Random Forest
2024-12-01 01:00:00,1514.57287575,1514.5808052732953,Random Forest
2024-12-01 02:00:00,1484.06573475,1484.069056568685,Random Forest
2024-12-01 03:00:00,1317.78007125,1317.7646104520336,Random Forest
2024-12-01 04:00:00,1523.235075,1523.2277280561163,Random Forest
2024-12-01 05:00:00,1584.662626,1584.6643805756862,Random Forest
2024-12-01 06:00:00,1553.06543625,1553.0578592867887,Random Forest
2024-12-01 07:00:00,1494.9248055,1494.935733209422,Random Forest
2024-12-01 08:00:00,1481.0453595,1481.03432706837,Random Forest
2024-12-01 09:00:00,1397.76423925,1397.789636933129,Random Forest
2024-12-01 10:00:00,1573.44896975,1573.448896504769,Random Forest
2024-12-01 11:00:00,1504.2950609999998,1504.2990493052928,Random Forest
2024-12-01 12:00:00,1476.31242975,1476.3282866094385,Random Forest
2024-12-01 13:00:00,1483.49360175,1483.4740733709652,Random Forest
2024-12-01 14:00:00,1527.117895,1527.1285071508348,Random Forest
2024-12-01 15:00:00,1527.95889375,1527.9665700680978,Random Forest
2024-12-01 16:00:00,1473.57007875,1473.574220163315,Random Forest
2024-12-01 17:00:00,1432.5568294999998,1432.564257607782,Random Forest
2024-12-01 18:00:00,1499.7045345,1499.712125848156,Random Forest
2024-12-01 19:00:00,1511.84233225,1511.8437469201565,Random Forest
2024-12-01 20:00:00,1321.07801925,1321.106412828128,Random Forest
2024-12-01 21:00:00,1306.18253775,1306.1631554189498,Random Forest
2024-12-01 22:00:00,1425.31976725,1425.3150411657919,Random Forest
2024-12-01 23:00:00,1329.34728975,1329.3254971612419,Random Forest
2024-12-02 00:00:00,1557.8470525,1557.852821120429,Random Forest
2024-12-02 01:00:00,1447.79899625,1447.7995270650242,Random Forest
2024-12-02 02:00:00,1609.29954825,1609.2884411177108,Random Forest
2024-12-02 03:00:00,1249.87050525,1249.950614623916,Random Forest
2024-12-02 04:00:00,1597.986969,1598.0002381862555,Random Forest
2024-12-02 05:00:00,1440.12769275,1440.1282831281105,Random Forest
2024-12-02 06:00:00,1506.12626225,1506.1243852929852,Random Forest
2024-12-02 07:00:00,1504.4306005,1504.4195051166055,Random Forest
2024-12-02 08:00:00,1573.9887145,1573.9941632376504,Random Forest
2024-12-02 09:00:00,1560.87101475,1560.8638141120457,Random Forest
2024-12-02 10:00:00,1686.31583725,1686.3106763950473,Random Forest
2024-12-02 11:00:00,1438.01194115,1438.017072715711,Random Forest
2024-12-02 12:00:00,1382.94619925,1382.9431499360235,Random Forest
2024-12-02 13:00:00,1434.90557375,1434.923025688013,Random Forest
2024-12-02 14:00:00,1519.4506972499998,1519.4513603184073,Random Forest
2024-12-02 15:00:00,1444.60117225,1444.5967971906007,Random Forest
2024-12-02 16:00:00,1534.61751975,1534.6133003429613,Random Forest
2024-12-02 17:00:00,1544.0506719999998,1544.0542467535797,Random Forest
2024-12-02 18:00:00,1442.22684025,1442.2303502411598,Random Forest
2024-12-02 19:00:00,1562.159465,1562.1643785283345,Random Forest
2024-12-02 20:00:00,1214.7538645,1215.135490633248,Random Forest
2024-12-02 21:00:00,1537.2119655,1537.2053118935623,Random Forest
2024-12-02 22:00:00,1697.69129675,1697.7233188824964,Random Forest
2024-12-02 23:00:00,1555.8666495,1555.8538129087183,Random Forest
2024-12-03 00:00:00,1404.895066,1404.8933602434204,Random Forest
2024-12-03 01:00:00,1630.450734,1630.441917205017,Random Forest
2024-12-03 02:00:00,1431.671506,1431.6730121351918,Random Forest
2024-12-03 03:00:00,1462.8383055,1462.849032676405,Random Forest
2024-12-03 04:00:00,1275.416588,1275.3987582687973,Random Forest
2024-12-03 05:00:00,1441.12469475,1441.129877766804,Random Forest
2024-12-03 06:00:00,1543.153432,1543.1580842808796,Random Forest
2024-12-03 07:00:00,1477.98905625,1477.9984917190484,Random Forest
2024-12-03 08:00:00,1595.99537375,1595.9927729966703,Random Forest
2024-12-03 09:00:00,1566.0308415,1566.0186230277402,Random Forest
2024-12-03 10:00:00,1556.35344925,1556.3523398620528,Random Forest
2024-12-03 11:00:00,1463.7318095,1463.743698124758,Random Forest
2024-12-03 12:00:00,1519.0980949999998,1519.0933479877024,Random Forest
2024-12-03 13:00:00,1404.4916755,1404.4824937850476,Random Forest
2024-12-03 14:00:00,1499.50664775,1499.5226670617603,Random Forest
2024-12-03 15:00:00,1615.364224,1615.3698951199178,Random Forest
2024-12-03 16:00:00,1505.0536605,1505.050990631939,Random Forest
2024-12-03 17:00:00,1624.1180065,1624.1218456704346,Random Forest
2024-12-03 18:00:00,1710.1003862500002,1710.1246260587066,Random Forest
2024-12-03 19:00:00,1555.784183,1555.8040922777132,Random Forest
2024-12-03 20:00:00,1417.09640175,1417.094434028278,Random Forest
2024-12-03 21:00:00,1414.236643,1414.2380621771326,Random Forest
2024-12-03 22:00:00,1597.754202,1597.7697826838803,Random Forest
2024-12-03 23:00:00,1683.93628575,1684.0046546858184,Random Forest
2024-12-04 00:00:00,1395.20359225,1395.2084097901973,Random Forest
2024-12-04 01:00:00,1609.3914815,1609.372832432484,Random Forest
2024-12-04 02:00:00,1360.9089851,1360.8797307586306,Random Forest
2024-12-04 03:00:00,1360.7256405,1360.7332769467012,Random Forest
2024-12-04 04:00:00,1601.0125135,1601.0021280150465,Random Forest
2024-12-04 05:00:00,1467.16775325,1467.174522615287,Random Forest
2024-12-04 06:00:00,1561.37580775,1561.3812613483394,Random Forest
2024-12-04 07:00:00,1391.151554,1391.1622131394136,Random Forest
2024-12-04 08:00:00,1515.9368185,1515.9296197577307,Random Forest
2024-12-04 09:00:00,1429.07922475,1429.0822049004614,Random Forest
2024-12-04 10:00:00,1662.680708,1662.659414099512,Random Forest
2024-12-04 11:00:00,1606.87952575,1606.8889173180983,Random Forest
2024-12-04 12:00:00,1477.72818725,1477.7197478679698,Random Forest
2024-12-04 13:00:00,1564.8994965,1564.9014888511692,Random Forest
2024-12-04 14:00:00,1418.23631825,1418.2426277404456,Random Forest
2024-12-04 15:00:00,1458.05514875,1458.061430413962,Random Forest
2024-12-04 16:00:00,1565.730416,1565.7186797598476,Random Forest
2024-12-04 17:00:00,1494.96901525,1494.9788301551098,Random Forest
2024-12-04 18:00:00,1477.55068025,1477.5626293546354,Random Forest
2024-12-04 19:00:00,1580.5393175,1580.558287019141,Random Forest
2024-12-04 20:00:00,1376.57155475,1376.579985189666,Random Forest
2024-12-04 21:00:00,1478.1682175,1478.1652215332902,Random Forest
2024-12-04 22:00:00,1325.0610295,1325.0667085245411,Random Forest
2024-12-04 23:00:00,1418.41764075,1418.444450140621,Random Forest
2024-12-05 00:00:00,1664.12362475,1664.1268385910728,Random Forest
2024-12-05 01:00:00,1553.36372225,1553.352430565391,Random Forest
2024-12-05 02:00:00,1547.00774675,1546.9960230541838,Random Forest
2024-12-05 03:00:00,1609.7717790000002,1609.7659349770297,Random Forest
2024-12-05 04:00:00,1693.0951055,1693.065092559829,Random Forest
2024-12-05 05:00:00,1577.0026235,1577.00355003134,Random Forest
2024-12-05 06:00:00,1354.10744625,1354.0941206901937,Random Forest
2024-12-05 07:00:00,1574.153371,1574.1625121527636,Random Forest
2024-12-05 08:00:00,1568.31493225,1568.3122523068614,Random Forest
2024-12-05 09:00:00,1290.8599445,1290.6495968844447,Random Forest
2024-12-05 10:00:00,1576.939169,1576.9419045908978,Random Forest
2024-12-05 11:00:00,1523.93640825,1523.9425682054655,Random Forest
2024-12-05 12:00:00,1632.618705,1632.615339573279,Random Forest
2024-12-05 13:00:00,1488.650094875,1488.6510266532805,Random Forest
2024-12-05 14:00:00,1385.10818475,1385.0826511333828,Random Forest
2024-12-05 15:00:00,1479.47408525,1479.4848576231234,Random Forest
2024-12-05 16:00:00,1437.35190275,1437.3381882687668,Random Forest
2024-12-05 17:00:00,1449.96613825,1449.9496646446692,Random Forest
2024-12-05 18:00:00,1716.93044625,1716.9616709744641,Random Forest
2024-12-05 19:00:00,1360.5690555,1360.5739473415586,Random Forest
2024-12-05 20:00:00,1532.204543,1532.213260218132,Random Forest
2024-12-05 21:00:00,1471.0438047500002,1471.0580736431398,Random Forest
2024-12-05 22:00:00,1663.5634325,1663.5611017622996,Random Forest
2024-12-05 23:00:00,1473.2922755,1473.294357854976,Random Forest
2024-12-06 00:00:00,1700.6700115,1700.7431227084983,Random Forest
2024-12-06 01:00:00,1556.63565175,1556.6251910558315,Random Forest
2024-12-06 02:00:00,1467.27245175,1467.279117926497,Random Forest
2024-12-06 03:00:00,1517.9622655,1517.9578798540533,Random Forest
2024-12-06 04:00:00,1601.811059,1601.8292450028932,Random Forest
2024-12-06 05:00:00,1484.927088,1484.9334081766726,Random Forest
2024-12-06 06:00:00,1611.48175925,1611.4995330970644,Random Forest
2024-12-06 07:00:00,1641.484899,1641.4785032901866,Random Forest
2024-12-06 08:00:00,1482.27060425,1482.2785345218851,Random Forest
2024-12-06 09:00:00,1482.06988075,1482.0666215295373,Random Forest
2024-12-06 10:00:00,1558.25930225,1558.2605893528096,Random Forest
2024-12-06 11:00:00,1465.32218525,1465.325007995738,Random Forest
2024-12-06 12:00:00,1340.08923025,1340.0754317666483,Random Forest
2024-12-06 13:00:00,1334.06404925,1334.0918564156123,Random Forest
2024-12-06 14:00:00,1472.6264265,1472.6442148461338,Random Forest
2024-12-06 15:00:00,1536.7669135,1536.7727490314437,Random Forest
2024-12-06 16:00:00,1666.2636305,1666.2918871742972,Random Forest
2024-12-06 17:00:00,1330.975034,1331.0059187661964,Random Forest
2024-12-06 18:00:00,1651.8879655,1651.8793825599014,Random Forest
2024-12-06 19:00:00,1257.97147875,1257.8375305721024,Random Forest
2024-12-06 20:00:00,1541.165586,1541.172230586616,Random Forest
2024-12-06 21:00:00,1444.98275125,1444.9860041155448,Random Forest
2024-12-06 22:00:00,1557.53453875,1557.5263181828414,Random Forest
2024-12-06 23:00:00,1498.23122975,1498.2405550314422,Random Forest
2024-12-07 00:00:00,1659.833589,1659.8802606420543,Random Forest
2024-12-07 01:00:00,1503.3186065,1503.3007725592884,Random Forest
2024-12-07 02:00:00,1440.97473925,1440.972121415106,Random Forest
2024-12-07 03:00:00,1729.3198255,1729.3886296522066,Random Forest
2024-12-07 04:00:00,1195.346822375,1194.0869174285885,Random Forest
2024-12-07 05:00:00,1488.51524175,1488.5153404464413,Random Forest
2024-12-07 06:00:00,1599.69910325,1599.6995550546228,Random Forest
2024-12-07 07:00:00,1559.53286525,1559.5367624385347,Random Forest
2024-12-07 08:00:00,1585.7537755,1585.7453785857097,Random Forest
2024-12-07 09:00:00,1406.13083,1406.1169845243683,Random Forest
2024-12-07 10:00:00,1371.624986,1371.6448622545336,Random Forest
2024-12-07 11:00:00,1664.22834825,1664.26005819835,Random Forest
2024-12-07 12:00:00,1442.37209725,1442.380639137377,Random Forest
2024-12-07 13:00:00,1418.36905825,1418.3589596402214,Random Forest
2024-12-07 14:00:00,1575.41395175,1575.4104646705775,Random Forest
2024-12-07 15:00:00,1491.711945,1491.7064161946685,Random Forest
2024-12-07 16:00:00,1597.908496,1597.8711526883728,Random Forest
2024-12-07 17:00:00,1522.49369325,1522.487485705197,Random Forest
2024-12-07 18:00:00,1665.5864775,1665.7102392684492,Random Forest
2024-12-07 19:00:00,1642.62820075,1642.5753369257034,Random Forest
2024-12-07 20:00:00,1549.38418275,1549.3705851447403,Random Forest
2024-12-07 21:00:00,1556.23162625,1556.2315194901023,Random Forest
2024-12-07 22:00:00,1404.15591425,1404.149614577097,Random Forest
2024-12-07 23:00:00,1263.0583285,1263.1662527261515,Random Forest
2024-12-08 00:00:00,1425.83360625,1425.8530281167214,Random Forest
2024-12-08 01:00:00,1496.00128475,1495.999571646596,Random Forest
2024-12-08 02:00:00,1423.50061625,1423.503386434439,Random Forest
2024-12-08 03:00:00,1430.16093525,1430.1736383856748,Random Forest
2024-12-08 04:00:00,1381.275808,1381.2806592270235,Random Forest
2024-12-08 05:00:00,1603.34453675,1603.3531525423757,Random Forest
2024-12-08 06:00:00,1414.2616725,1414.2555883846298,Random Forest
2024-12-08 07:00:00,1591.06011575,1591.0705352369862,Random Forest
2024-12-08 08:00:00,1574.14263725,1574.1591135066806,Random Forest
2024-12-08 09:00:00,1630.6189315,1630.6286191296113,Random Forest
2024-12-08 10:00:00,1548.213775,1548.2065165029205,Random Forest
2024-12-08 11:00:00,1627.180234,1627.2068434572689,Random Forest
2024-12-08 12:00:00,1428.64572475,1428.6572244224983,Random Forest
2024-12-08 13:00:00,1699.42576525,1699.4332733653546,Random Forest
2024-12-08 14:00:00,1662.33915375,1662.32672148547,Random Forest
2024-12-08 15:00:00,1697.5463885,1697.5318424343307,Random Forest
2024-12-08 16:00:00,1437.214069,1437.2151554797572,Random Forest
2024-12-08 17:00:00,1510.730167,1510.7310375385887,Random Forest
2024-12-08 18:00:00,1563.408399,1563.4105183605716,Random Forest
2024-12-08 19:00:00,1369.83549225,1369.865260027,Random Forest
2024-12-08 20:00:00,1597.5760275,1597.5807407006703,Random Forest
2024-12-08 21:00:00,1484.86261325,1484.8449113709605,Random Forest
2024-12-08 22:00:00,1605.1751245,1605.181227485508,Random Forest
2024-12-08 23:00:00,1512.24032125,1512.2454541598418,Random Forest
2024-12-09 00:00:00,1523.24371025,1523.2341546201933,Random Forest
2024-12-09 01:00:00,1568.897914,1568.8935088300207,Random Forest
2024-12-09 02:00:00,1359.55357675,1359.5418638088397,Random Forest
2024-12-09 03:00:00,1669.8859675,1669.8691784584707,Random Forest
2024-12-09 04:00:00,1585.360297,1585.3602473325948,Random Forest
2024-12-09 05:00:00,1587.16730725,1587.1584823172236,Random Forest
2024-12-09 06:00:00,1453.5945285,1453.6011383920766,Random Forest
2024-12-09 07:00:00,1422.32535125,1422.325850923427,Random Forest
2024-12-09 08:00:00,1496.27431675,1496.285165016393,Random Forest
2024-12-09 09:00:00,1408.08523225,1408.0792867668124,Random Forest
2024-12-09 10:00:00,1492.1419105,1492.1425443034282,Random Forest
2024-12-09 11:00:00,1405.81799375,1405.8231199807606,Random Forest
2024-12-09 12:00:00,1259.980822,1260.102124290829,Random Forest
2024-12-09 13:00:00,1540.566023,1540.5719745223728,Random Forest
2024-12-09 14:00:00,1518.91996775,1518.9174584433026,Random Forest
2024-12-09 15:00:00,1483.5265184999998,1483.5473361336794,Random Forest
2024-12-09 16:00:00,1493.82997575,1493.8197669853007,Random Forest
2024-12-09 17:00:00,1537.848745,1537.8284910678638,Random Forest
2024-12-09 18:00:00,1521.85650125,1521.8488560959117,Random Forest
2024-12-09 19:00:00,1488.60327775,1488.600368319206,Random Forest
2024-12-09 20:00:00,1471.18155625,1471.1756518551133,Random Forest
2024-12-09 21:00:00,1627.89108475,1627.8668596423438,Random Forest
2024-12-09 22:00:00,1475.0797235,1475.068849752722,Random Forest
2024-12-09 23:00:00,1518.27286625,1518.275594668552,Random Forest
2024-12-10 00:00:00,1405.14768175,1405.1490982211808,Random Forest
2024-12-10 01:00:00,1568.75776325,1568.762883168621,Random Forest
2024-12-10 02:00:00,1467.07369525,1467.0663775699559,Random Forest
2024-12-10 03:00:00,1618.9724885,1619.0001742476657,Random Forest
2024-12-10 04:00:00,1559.77488925,1559.7746053647058,Random Forest
2024-12-10 05:00:00,1643.906324,1643.885272439939,Random Forest
2024-12-10 06:00:00,1435.692283,1435.6980248768098,Random Forest
2024-12-10 07:00:00,1516.085849,1516.1005870460847,Random Forest
2024-12-10 08:00:00,1439.363745,1439.3538694838776,Random Forest
2024-12-10 09:00:00,1341.72736125,1341.7193077726388,Random Forest
2024-12-10 10:00:00,1414.45404875,1414.4599133658535,Random Forest
2024-12-10 11:00:00,1646.14644,1646.1190599669849,Random Forest
2024-12-10 12:00:00,1490.6374375,1490.6358854866967,Random Forest
2024-12-10 13:00:00,1593.91847225,1593.9121447145767,Random Forest
2024-12-10 14:00:00,1620.20612925,1620.2586370932884,Random Forest
2024-12-10 15:00:00,1448.66805075,1448.6764754343571,Random Forest
2024-12-10 16:00:00,1514.84549075,1514.848286648285,Random Forest
2024-12-10 17:00:00,1530.83481225,1530.838395986132,Random Forest
2024-12-10 18:00:00,1488.3143675,1488.2996108843488,Random Forest
2024-12-10 19:00:00,1560.63456125,1560.6302857110231,Random Forest
2024-12-10 20:00:00,1596.95238175,1596.9661691999104,Random Forest
2024-12-10 21:00:00,1298.660434,1298.6927723217123,Random Forest
2024-12-10 22:00:00,1478.3378817500002,1478.3507504851534,Random Forest
2024-12-10 23:00:00,1548.43187525,1548.4325016367468,Random Forest
2024-12-11 00:00:00,1448.4176075,1448.4226948958274,Random Forest
2024-12-11 01:00:00,1580.0111057499998,1580.0212877869242,Random Forest
2024-12-11 02:00:00,1542.439784,1542.4360760782465,Random Forest
2024-12-11 03:00:00,1516.34755675,1516.3348196579498,Random Forest
2024-12-11 04:00:00,1458.87115325,1458.8739539162157,Random Forest
2024-12-11 05:00:00,1470.1252285,1470.1253497012442,Random Forest
2024-12-11 06:00:00,1408.01052775,1408.0046843386103,Random Forest
2024-12-11 07:00:00,1396.393628,1396.4013067394208,Random Forest
2024-12-11 08:00:00,1691.133409,1691.1056298719393,Random Forest
2024-12-11 09:00:00,1611.58232675,1611.5803512762154,Random Forest
2024-12-11 10:00:00,1547.441665,1547.47047191972,Random Forest
2024-12-11 11:00:00,1335.11541025,1335.1043454642472,Random Forest
2024-12-11 12:00:00,1518.30356575,1518.3057714700146,Random Forest
2024-12-11 13:00:00,1462.17236575,1462.1784213523167,Random Forest
2024-12-11 14:00:00,1380.2557755,1380.2730281368233,Random Forest
2024-12-11 15:00:00,1539.53505175,1539.5201432111385,Random Forest
2024-12-11 16:00:00,1355.37100775,1355.343087869804,Random Forest
2024-12-11 17:00:00,1390.8901515,1390.8790426405276,Random Forest
2024-12-11 18:00:00,1493.8539105,1493.8620613792707,Random Forest
2024-12-11 19:00:00,1709.4320275,1709.3247835895343,Random Forest
2024-12-11 20:00:00,1558.55114475,1558.5455221937652,Random Forest
2024-12-11 21:00:00,1315.726771825,1315.8298083207121,Random Forest
2024-12-11 22:00:00,1559.01656725,1559.00503769835,Random Forest
2024-12-11 23:00:00,1521.619616,1521.6291415726748,Random Forest
2024-12-12 00:00:00,1564.3996895,1564.3892445346676,Random Forest
2024-12-12 01:00:00,1328.0872545,1328.0801074425167,Random Forest
2024-12-12 02:00:00,1529.0423485,1529.0411586053053,Random Forest
2024-12-12 03:00:00,1424.05200275,1424.046265610555,Random Forest
2024-12-12 04:00:00,1594.315125,1594.3193178243453,Random Forest
2024-12-12 05:00:00,1415.99115175,1416.0057948574631,Random Forest
2024-12-12 06:00:00,1680.80309425,1680.7707850330887,Random Forest
2024-12-12 07:00:00,1486.58206325,1486.5863765546226,Random Forest
2024-12-12 08:00:00,1668.302886,1668.3128100340261,Random Forest
2024-12-12 09:00:00,1592.33715875,1592.3281166866304,Random Forest
2024-12-12 10:00:00,1477.89006075,1477.8816058219234,Random Forest
2024-12-12 11:00:00,1469.20071575,1469.1982731981668,Random Forest
2024-12-12 12:00:00,1533.76829975,1533.7863562701802,Random Forest
2024-12-12 13:00:00,1302.03439475,1302.0823454606627,Random Forest
2024-12-12 14:00:00,1540.7836625,1540.776516320183,Random Forest
2024-12-12 15:00:00,1404.12343975,1404.1359282331427,Random Forest
2024-12-12 16:00:00,1360.617634,1360.626279589294,Random Forest
2024-12-12 17:00:00,1395.06226825,1395.055246102314,Random Forest
2024-12-12 18:00:00,1505.79382875,1505.7944661455272,Random Forest
2024-12-12 19:00:00,1533.46384775,1533.4559780799163,Random Forest
2024-12-12 20:00:00,1386.867198,1386.870585978363,Random Forest
2024-12-12 21:00:00,1657.89701025,1657.8799293598101,Random Forest
2024-12-12 22:00:00,1278.697806625,1278.748279397821,Random Forest
2024-12-12 23:00:00,1626.61389375,1626.5533223490163,Random Forest
2024-12-13 00:00:00,1527.049311,1527.0426758895937,Random Forest
2024-12-13 01:00:00,1405.20065875,1405.193797789226,Random Forest
2024-12-13 02:00:00,1535.16806375,1535.1760148939045,Random Forest
2024-12-13 03:00:00,1401.98807825,1401.9424756628657,Random Forest
2024-12-13 04:00:00,1424.12255275,1424.116859990225,Random Forest
2024-12-13 05:00:00,1575.60649975,1575.625904643578,Random Forest
2024-12-13 06:00:00,1433.44645175,1433.4693164838711,Random Forest
2024-12-13 07:00:00,1461.4128285,1461.3984297397276,Random Forest
2024-12-13 08:00:00,1453.31991425,1453.300460251642,Random Forest
2024-12-13 09:00:00,1407.42003075,1407.4092462393646,Random Forest
2024-12-13 10:00:00,1376.9362075,1376.9202243877082,Random Forest
2024-12-13 11:00:00,1564.7003445,1564.708983778735,Random Forest
2024-12-13 12:00:00,1478.6334185,1478.6462489704181,Random Forest
2024-12-13 13:00:00,1376.77089525,1376.7608797786802,Random Forest
2024-12-13 14:00:00,1549.3969105,1549.3979400073472,Random Forest
2024-12-13 15:00:00,1542.22063175,1542.223987669202,Random Forest
2024-12-13 16:00:00,1499.90065375,1499.89285364595,Random Forest
2024-12-13 17:00:00,1516.56948125,1516.568956968462,Random Forest
2024-12-13 18:00:00,1324.5347285,1324.5462373370399,Random Forest
2024-12-13 19:00:00,1465.54308375,1465.5324042150855,Random Forest
2024-12-13 20:00:00,1342.40317125,1342.4488172526762,Random Forest
2024-12-13 21:00:00,1637.58947475,1637.601857918924,Random Forest
2024-12-13 22:00:00,1458.054361,1458.0602793985063,Random Forest
2024-12-13 23:00:00,1679.87931075,1679.8909722918324,Random Forest
2024-12-14 00:00:00,1495.14319725,1495.1673930752377,Random Forest
2024-12-14 01:00:00,1399.460612,1399.4791913925562,Random Forest
2024-12-14 02:00:00,1450.68593525,1450.683778706415,Random Forest
2024-12-14 03:00:00,1420.7468095,1420.7533367201436,Random Forest
2024-12-14 04:00:00,1652.42706375,1652.4781194856125,Random Forest
2024-12-14 05:00:00,1416.729657,1416.7229035850376,Random Forest
2024-12-14 06:00:00,1502.539229,1502.5348465827797,Random Forest
2024-12-14 07:00:00,1600.77714,1600.7680068953184,Random Forest
2024-12-14 08:00:00,1519.18638225,1519.1863847242294,Random Forest
2024-12-14 09:00:00,1437.4853095,1437.498962317139,Random Forest
2024-12-14 10:00:00,1550.64559125,1550.6344561663789,Random Forest
2024-12-14 11:00:00,1611.54316825,1611.5428304348543,Random Forest
2024-12-14 12:00:00,1469.6217322500002,1469.6217123776673,Random Forest
2024-12-14 13:00:00,1378.35348675,1378.3572859565613,Random Forest
2024-12-14 14:00:00,1200.07080725,1200.055893065487,Random Forest
2024-12-14 15:00:00,1455.708297,1455.6978100030285,Random Forest
2024-12-14 16:00:00,1509.347432,1509.3396032621677,Random Forest
2024-12-14 17:00:00,1507.97351575,1507.9632953606322,Random Forest
2024-12-14 18:00:00,1588.97482175,1588.9818891937532,Random Forest
2024-12-14 19:00:00,1414.086166,1414.0942204500845,Random Forest
2024-12-14 20:00:00,1481.5791455,1481.5707546335314,Random Forest
2024-12-14 21:00:00,1511.1887195,1511.1788242647433,Random Forest
2024-12-14 22:00:00,1420.7369755,1420.7523481561198,Random Forest
2024-12-14 23:00:00,1459.25027725,1459.2525998776268,Random Forest
2024-12-15 00:00:00,1566.27424325,1566.2491955245537,Random Forest
2024-12-15 01:00:00,1426.25297125,1426.253153948711,Random Forest
2024-12-15 02:00:00,1474.03383775,1474.0212661084845,Random Forest
2024-12-15 03:00:00,1546.64153625,1546.6439898056196,Random Forest
2024-12-15 04:00:00,1532.663362,1532.659568518457,Random Forest
2024-12-15 05:00:00,1449.49065425,1449.484921428568,Random Forest
2024-12-15 06:00:00,1540.92019975,1540.925460737475,Random Forest
2024-12-15 07:00:00,1546.278564,1546.2781296456294,Random Forest
2024-12-15 08:00:00,1358.965379,1358.9644118048643,Random Forest
2024-12-15 09:00:00,1610.06168525,1610.0375424713334,Random Forest
2024-12-15 10:00:00,1579.70083875,1579.711550791219,Random Forest
2024-12-15 11:00:00,1460.8429580000002,1460.8511894903954,Random Forest
2024-12-15 12:00:00,1655.6141125,1655.5824247009755,Random Forest
2024-12-15 13:00:00,1454.75009025,1454.753323218021,Random Forest
2024-12-15 14:00:00,1534.54313775,1534.5378828711941,Random Forest
2024-12-15 15:00:00,1607.63683225,1607.6442206989832,Random Forest
2024-12-15 16:00:00,1483.06123275,1483.0574408394505,Random Forest
2024-12-15 17:00:00,1517.87095375,1517.8775694861383,Random Forest
2024-12-15 18:00:00,1429.4844035,1429.4755273445535,Random Forest
2024-12-15 19:00:00,1514.9328165,1514.909312521365,Random Forest
2024-12-15 20:00:00,1465.68890025,1465.7037150158578,Random Forest
2024-12-15 21:00:00,1567.90230375,1567.8796270993248,Random Forest
2024-12-15 22:00:00,1441.359701,1441.3567774192727,Random Forest
2024-12-15 23:00:00,1418.062763,1418.0748440796413,Random Forest
2024-12-16 00:00:00,1604.636454,1604.6514249090205,Random Forest
2024-12-16 01:00:00,1498.38305075,1498.3802158084975,Random Forest
2024-12-16 02:00:00,1704.5217025,1704.5681320591937,Random Forest
2024-12-16 03:00:00,1310.3219805,1310.3010719753643,Random Forest
2024-12-16 04:00:00,1653.26690875,1653.2356041240218,Random Forest
2024-12-16 05:00:00,1355.40723125,1355.434764711353,Random Forest
2024-12-16 06:00:00,1272.046173,1271.9749003652441,Random Forest
2024-12-16 07:00:00,1711.78190875,1711.8433129871867,Random Forest
2024-12-16 08:00:00,1448.297971,1448.2946826928983,Random Forest
2024-12-16 09:00:00,1543.521323,1543.5091703898422,Random Forest
2024-12-16 10:00:00,1402.818462,1402.809891318109,Random Forest
2024-12-16 11:00:00,1399.72320275,1399.7026089074393,Random Forest
2024-12-16 12:00:00,1636.6261155,1636.5996699268514,Random Forest
2024-12-16 13:00:00,1535.4634565,1535.4606846294907,Random Forest
2024-12-16 14:00:00,1349.8665945,1349.8683501064404,Random Forest
2024-12-16 15:00:00,1721.10565875,1721.1920900044452,Random Forest
2024-12-16 16:00:00,1391.6218835,1391.6172131614267,Random Forest
2024-12-16 17:00:00,1487.79251975,1487.7992550446327,Random Forest
2024-12-16 18:00:00,1587.849143,1587.8347633404185,Random Forest
2024-12-16 19:00:00,1548.60998475,1548.6399372305177,Random Forest
2024-12-16 20:00:00,1578.0999485,1578.098108022146,Random Forest
2024-12-16 21:00:00,1454.1672865,1454.1692939617883,Random Forest
2024-12-16 22:00:00,1524.97045375,1524.983840379422,Random Forest
2024-12-16 23:00:00,1617.648753,1617.6346487879562,Random Forest
2024-12-17 00:00:00,1508.550727,1508.5640190686684,Random Forest
2024-12-17 01:00:00,1461.82076175,1461.8218633854722,Random Forest
2024-12-17 02:00:00,1591.5289385,1591.5340152492292,Random Forest
2024-12-17 03:00:00,1624.02803825,1624.020720660813,Random Forest
2024-12-17 04:00:00,1314.7670675,1314.7801004608937,Random Forest
2024-12-17 05:00:00,1573.17973625,1573.1648183997684,Random Forest
2024-12-17 06:00:00,1495.46300725,1495.4688761816797,Random Forest
2024-12-17 07:00:00,1629.411916,1629.435815854131,Random Forest
2024-12-17 08:00:00,1261.7905735,1261.7686983889002,Random Forest
2024-12-17 09:00:00,1558.51008975,1558.5218843723258,Random Forest
2024-12-17 10:00:00,1478.42594325,1478.402884193841,Random Forest
2024-12-17 11:00:00,1424.972951775,1424.9715555610692,Random Forest
2024-12-17 12:00:00,1460.0539555,1460.066842119701,Random Forest
2024-12-17 13:00:00,1470.6939470000002,1470.6970206518788,Random Forest
2024-12-17 14:00:00,1526.72735825,1526.726661114114,Random Forest
2024-12-17 15:00:00,1506.41753025,1506.4228644358548,Random Forest
2024-12-17 16:00:00,1639.63906425,1639.6100366001806,Random Forest
2024-12-17 17:00:00,1445.65307175,1445.66119926918,Random Forest
2024-12-17 18:00:00,1409.74762875,1409.7415639789544,Random Forest
2024-12-17 19:00:00,1615.60764475,1615.6213112443845,Random Forest
2024-12-17 20:00:00,1574.0187405,1574.006335309688,Random Forest
2024-12-17 21:00:00,1500.9720055,1500.977331976418,Random Forest
2024-12-17 22:00:00,1790.0535965,1789.637584405551,Random Forest
2024-12-17 23:00:00,1542.58902925,1542.591410782268,Random Forest
2024-12-18 00:00:00,1425.46323675,1425.4588413279644,Random Forest
2024-12-18 01:00:00,1401.60414275,1401.606728590786,Random Forest
2024-12-18 02:00:00,1653.4825345,1653.4782392559507,Random Forest
2024-12-18 03:00:00,1436.0674555,1436.0596582579665,Random Forest
2024-12-18 04:00:00,1356.12396025,1356.1215566101278,Random Forest
2024-12-18 05:00:00,1467.449121,1467.440358332121,Random Forest
2024-12-18 06:00:00,1553.02463825,1553.0338364841664,Random Forest
2024-12-18 07:00:00,1431.53555425,1431.5410387528036,Random Forest
2024-12-18 08:00:00,1592.12342675,1592.1341452284898,Random Forest
2024-12-18 09:00:00,1637.519928,1637.492375553168,Random Forest
2024-12-18 10:00:00,1420.2515115,1420.265630786073,Random Forest
2024-12-18 11:00:00,1487.6874445,1487.685165489634,Random Forest
2024-12-18 12:00:00,1618.94877025,1618.9186806457872,Random Forest
2024-12-18 13:00:00,1544.474868,1544.4793615783492,Random Forest
2024-12-18 14:00:00,1408.3362475,1408.3468995236922,Random Forest
2024-12-18 15:00:00,1370.41952525,1370.4158915758276,Random Forest
2024-12-18 16:00:00,1636.18740675,1636.1980801596278,Random Forest
2024-12-18 17:00:00,1529.86105825,1529.886905824853,Random Forest
2024-12-18 18:00:00,1526.50289275,1526.5005099099853,Random Forest
2024-12-18 19:00:00,1516.000289,1516.0106455259445,Random Forest
2024-12-18 20:00:00,1696.0693525,1696.0151638551588,Random Forest
2024-12-18 21:00:00,1340.88862825,1340.8970983827387,Random Forest
2024-12-18 22:00:00,1425.766211,1425.7704085665328,Random Forest
2024-12-18 23:00:00,1519.06295325,1519.0623706421818,Random Forest
2024-12-19 00:00:00,1430.08993375,1430.0884218592103,Random Forest
2024-12-19 01:00:00,1472.39253575,1472.4210679467851,Random Forest
2024-12-19 02:00:00,1423.15424575,1423.163524677536,Random Forest
2024-12-19 03:00:00,1572.85084375,1572.8560138996152,Random Forest
2024-12-19 04:00:00,1607.84440275,1607.8385943233923,Random Forest
2024-12-19 05:00:00,1567.60930625,1567.6155875095,Random Forest
2024-12-19 06:00:00,1485.82776425,1485.8106044228864,Random Forest
2024-12-19 07:00:00,1513.5138555,1513.5070911152748,Random Forest
2024-12-19 08:00:00,1570.63185075,1570.6353495768562,Random Forest
2024-12-19 09:00:00,1345.36880075,1345.3717508474685,Random Forest
2024-12-19 10:00:00,1417.0956725,1417.0931662711912,Random Forest
2024-12-19 11:00:00,1627.816504,1627.8197873526826,Random Forest
2024-12-19 12:00:00,1265.60103,1265.6286865016464,Random Forest
2024-12-19 13:00:00,1521.4085735,1521.3942738382896,Random Forest
2024-12-19 14:00:00,1567.985373,1568.000567118712,Random Forest
2024-12-19 15:00:00,1531.384905,1531.4024149783445,Random Forest
2024-12-19 16:00:00,1499.41230075,1499.4127432871026,Random Forest
2024-12-19 17:00:00,1559.199992,1559.1957459464115,Random Forest
2024-12-19 18:00:00,1634.691475,1634.6662798587467,Random Forest
2024-12-19 19:00:00,1468.916756,1468.927809484536,Random Forest
2024-12-19 20:00:00,1459.39061775,1459.4051063248066,Random Forest
2024-12-19 21:00:00,1630.2268635,1630.2122051148208,Random Forest
2024-12-19 22:00:00,1581.18299475,1581.1644279561867,Random Forest
2024-12-19 23:00:00,1469.043009,1469.037729832352,Random Forest
2024-12-20 00:00:00,1534.60950125,1534.604910398841,Random Forest
2024-12-20 01:00:00,1430.521781475,1430.5165012437483,Random Forest
2024-12-20 02:00:00,1427.90798775,1427.91702153749,Random Forest
2024-12-20 03:00:00,1521.63449125,1521.63147939169,Random Forest
2024-12-20 04:00:00,1490.987384,1490.9982365503813,Random Forest
2024-12-20 05:00:00,1381.14464675,1381.1503080813925,Random Forest
2024-12-20 06:00:00,1461.90181925,1461.8905117800452,Random Forest
2024-12-20 07:00:00,1344.32237075,1344.2859279445856,Random Forest
2024-12-20 08:00:00,1578.09410805,1578.0930763942558,Random Forest
2024-12-20 09:00:00,1551.36440825,1551.3623891236612,Random Forest
2024-12-20 10:00:00,1578.78327475,1578.769221300185,Random Forest
2024-12-20 11:00:00,1430.0680515,1430.0697853142765,Random Forest
2024-12-20 12:00:00,1409.1922835,1409.1888938932361,Random Forest
2024-12-20 13:00:00,1540.3952445,1540.3875945061504,Random Forest
2024-12-20 14:00:00,1569.82767025,1569.8284292114436,Random Forest
2024-12-20 15:00:00,1449.4707667500002,1449.4719688639875,Random Forest
2024-12-20 16:00:00,1566.774046,1566.7785140578999,Random Forest
2024-12-20 17:00:00,1479.68598975,1479.6867952991188,Random Forest
2024-12-20 18:00:00,1403.36627825,1403.3564739186259,Random Forest
2024-12-20 19:00:00,1516.8439965,1516.8526729523678,Random Forest
2024-12-20 20:00:00,1492.40389025,1492.4065466762113,Random Forest
2024-12-20 21:00:00,1521.2749085,1521.2723959625175,Random Forest
2024-12-20 22:00:00,1387.814771,1387.7972107453525,Random Forest
2024-12-20 23:00:00,1530.76349575,1530.7537451423932,Random Forest
2024-12-21 00:00:00,1495.7086715,1495.6908567209655,Random Forest
2024-12-21 01:00:00,1674.830678,1674.819375054941,Random Forest
2024-12-21 02:00:00,1642.95581,1642.9309115710782,Random Forest
2024-12-21 03:00:00,1475.458513,1475.4683210557828,Random Forest
2024-12-21 04:00:00,1487.19737,1487.202036861208,Random Forest
2024-12-21 05:00:00,1485.17771925,1485.1738167529336,Random Forest
2024-12-21 06:00:00,1460.6658135,1460.687589115692,Random Forest
2024-12-21 07:00:00,1427.76619125,1427.782001436131,Random Forest
2024-12-21 08:00:00,1293.5874285,1293.5881425257846,Random Forest
2024-12-21 09:00:00,1452.856764,1452.8601683216152,Random Forest
2024-12-21 10:00:00,1615.56213925,1615.548553909984,Random Forest
2024-12-21 11:00:00,1509.597771,1509.5863088564763,Random Forest
2024-12-21 12:00:00,1501.02148425,1501.0175214913897,Random Forest
2024-12-21 13:00:00,1463.8314985,1463.8340859704406,Random Forest
2024-12-21 14:00:00,1567.22974025,1567.2212347055568,Random Forest
2024-12-21 15:00:00,1568.4563435,1568.4394825197824,Random Forest
2024-12-21 16:00:00,1483.394947,1483.3974304187964,Random Forest
2024-12-21 17:00:00,1548.90435375,1548.9036535106693,Random Forest
2024-12-21 18:00:00,1433.9838595,1433.981851390953,Random Forest
2024-12-21 19:00:00,1498.65041,1498.6607642742251,Random Forest
2024-12-21 20:00:00,1381.80060475,1381.8184600058748,Random Forest
2024-12-21 21:00:00,1547.24392375,1547.2426741927165,Random Forest
2024-12-21 22:00:00,1511.992565,1511.9960860604933,Random Forest
2024-12-21 23:00:00,1368.1095835,1368.1194451785052,Random Forest
2024-12-22 00:00:00,1514.5187155,1514.5443276266897,Random Forest
2024-12-22 01:00:00,1443.81523425,1443.8087159362206,Random Forest
2024-12-22 02:00:00,1428.0914094999998,1428.0861386338095,Random Forest
2024-12-22 03:00:00,1433.216722,1433.227616752625,Random Forest
2024-12-22 04:00:00,1554.49436875,1554.509225900468,Random Forest
2024-12-22 05:00:00,1676.3395795,1676.3343102394408,Random Forest
2024-12-22 06:00:00,1365.97998375,1365.9717633225332,Random Forest
2024-12-22 07:00:00,1580.494668,1580.4640108705967,Random Forest
2024-12-22 08:00:00,1343.2223395,1343.2338141536977,Random Forest
2024-12-22 09:00:00,1501.5120625,1501.5123333791325,Random Forest
2024-12-22 10:00:00,1488.66394025,1488.6592212185963,Random Forest
2024-12-22 11:00:00,1498.28759125,1498.2879986693865,Random Forest
2024-12-22 12:00:00,1531.50148825,1531.4988897487842,Random Forest
2024-12-22 13:00:00,1338.4817722500002,1338.4680352458104,Random Forest
2024-12-22 14:00:00,1448.634107,1448.6405828650052,Random Forest
2024-12-22 15:00:00,1307.03798975,1307.0079705098533,Random Forest
2024-12-22 16:00:00,1657.4557102499998,1657.5308924735955,Random Forest
2024-12-22 17:00:00,1655.40634325,1655.415718738951,Random Forest
2024-12-22 18:00:00,1562.35345825,1562.356983181795,Random Forest
2024-12-22 19:00:00,1487.9363825,1487.9252609855987,Random Forest
2024-12-22 20:00:00,1438.37614725,1438.3655954618737,Random Forest
2024-12-22 21:00:00,1593.80578375,1593.8042280978764,Random Forest
2024-12-22 22:00:00,1379.358004,1379.3561183336224,Random Forest
2024-12-22 23:00:00,1568.27689625,1568.287462069221,Random Forest
2024-12-23 00:00:00,1624.9150105,1624.9163032824717,Random Forest
2024-12-23 01:00:00,1311.7046995,1311.6835219101042,Random Forest
2024-12-23 02:00:00,1448.345255,1448.3506756173817,Random Forest
2024-12-23 03:00:00,1420.5640455,1420.5661940980112,Random Forest
2024-12-23 04:00:00,1701.91189325,1701.9248772619787,Random Forest
2024-12-23 05:00:00,1351.6776538,1351.6621093820088,Random Forest
2024-12-23 06:00:00,1479.870416,1479.8839038051615,Random Forest
2024-12-23 07:00:00,1594.681173,1594.6721193851572,Random Forest
2024-12-23 08:00:00,1576.7327785,1576.7342823045701,Random Forest
2024-12-23 09:00:00,1520.55425475,1520.54737483521,Random Forest
2024-12-23 10:00:00,1483.21934325,1483.2292119931747,Random Forest
2024-12-23 11:00:00,1426.61298,1426.587243054094,Random Forest
2024-12-23 12:00:00,1582.9005445,1582.9125127621655,Random Forest
2024-12-23 13:00:00,1396.3856015,1396.3975028172938,Random Forest
2024-12-23 14:00:00,1550.47523625,1550.4633766469144,Random Forest
2024-12-23 15:00:00,1537.30996425,1537.3156999564878,Random Forest
2024-12-23 16:00:00,1555.32063375,1555.3276330527972,Random Forest
2024-12-23 17:00:00,1528.59334775,1528.5879117935654,Random Forest
2024-12-23 18:00:00,1390.8173365,1390.8198395240472,Random Forest
2024-12-23 19:00:00,1393.49513425,1393.4972108800637,Random Forest
2024-12-23 20:00:00,1568.71025175,1568.7123349566227,Random Forest
2024-12-23 21:00:00,1298.33048675,1298.3460975603232,Random Forest
2024-12-23 22:00:00,1471.75099275,1471.7470148781067,Random Forest
2024-12-23 23:00:00,1453.25491625,1453.2550157643718,Random Forest
2024-12-24 00:00:00,1395.246168,1395.244640026622,Random Forest
2024-12-24 01:00:00,1544.95037625,1544.9511516204805,Random Forest
2024-12-24 02:00:00,1527.025063,1527.0290027054962,Random Forest
2024-12-24 03:00:00,1522.03714075,1522.0549431368659,Random Forest
2024-12-24 04:00:00,1514.58863025,1514.5917348860944,Random Forest
2024-12-24 05:00:00,1534.8066645,1534.8142714823719,Random Forest
2024-12-24 06:00:00,1496.9996565,1496.9914062384091,Random Forest
2024-12-24 07:00:00,1497.77008225,1497.7698374249435,Random Forest
2024-12-24 08:00:00,1486.40366575,1486.4056602984347,Random Forest
2024-12-24 09:00:00,1596.84240925,1596.8425408697722,Random Forest
2024-12-24 10:00:00,1390.20328175,1390.219437848527,Random Forest
2024-12-24 11:00:00,1469.39935375,1469.3833209622937,Random Forest
2024-12-24 12:00:00,1518.11693975,1518.107927288117,Random Forest
2024-12-24 13:00:00,1507.982146,1507.9642367021763,Random Forest
2024-12-24 14:00:00,1419.783666,1419.7878284353067,Random Forest
2024-12-24 15:00:00,1686.10868775,1686.0708572302956,Random Forest
2024-12-24 16:00:00,1334.50197825,1334.4678582353788,Random Forest
2024-12-24 17:00:00,1529.800513,1529.8095981931249,Random Forest
2024-12-24 18:00:00,1601.644639,1601.6596708799293,Random Forest
2024-12-24 19:00:00,1582.87544225,1582.8854019731473,Random Forest
2024-12-24 20:00:00,1543.79029,1543.7670303533512,Random Forest
2024-12-24 21:00:00,1432.72555175,1432.7215803178801,Random Forest
2024-12-24 22:00:00,1629.4389275,1629.4437598058714,Random Forest
2024-12-24 23:00:00,1478.1514585,1478.1522780712737,Random Forest
2024-12-25 00:00:00,1579.3841235,1579.382646126027,Random Forest
2024-12-25 01:00:00,1478.3571244999998,1478.3684027925397,Random Forest
2024-12-25 02:00:00,1496.668411,1496.666808121652,Random Forest
2024-12-25 03:00:00,1480.400588,1480.4059078364082,Random Forest
2024-12-25 04:00:00,1529.1356045,1529.140506427779,Random Forest
2024-12-25 05:00:00,1502.42337625,1502.4383904977883,Random Forest
2024-12-25 06:00:00,1466.71002325,1466.7257169141988,Random Forest
2024-12-25 07:00:00,1515.804007,1515.795319087164,Random Forest
2024-12-25 08:00:00,1487.880284,1487.8722019515603,Random Forest
2024-12-25 09:00:00,1632.56904825,1632.5799184704438,Random Forest
2024-12-25 10:00:00,1543.44621,1543.4638339669589,Random Forest
2024-12-25 11:00:00,1403.34242025,1403.327659862938,Random Forest
2024-12-25 12:00:00,1654.776949,1654.8316944289008,Random Forest
2024-12-25 13:00:00,1544.34241875,1544.3296102873253,Random Forest
2024-12-25 14:00:00,1524.76707875,1524.7752857069584,Random Forest
2024-12-25 15:00:00,1603.2145839999998,1603.2314537255827,Random Forest
2024-12-25 16:00:00,1531.99207025,1531.984077531832,Random Forest
2024-12-25 17:00:00,1475.1980815,1475.1949907596352,Random Forest
2024-12-25 18:00:00,1500.14605625,1500.16435879374,Random Forest
2024-12-25 19:00:00,1468.72429325,1468.73523461023,Random Forest
2024-12-25 20:00:00,1601.9042925,1601.9035460457746,Random Forest
2024-12-25 21:00:00,1550.67852175,1550.6603328402355,Random Forest
2024-12-25 22:00:00,1290.5579739999998,1290.5463496240764,Random Forest
2024-12-25 23:00:00,1546.56076625,1546.5640595862767,Random Forest
2024-12-26 00:00:00,1660.1530897500002,1660.147623919616,Random Forest
2024-12-26 01:00:00,1698.55752175,1698.5192529724113,Random Forest
2024-12-26 02:00:00,1427.94260225,1427.9382167364322,Random Forest
2024-12-26 03:00:00,1693.27938,1693.2599686239541,Random Forest
2024-12-26 04:00:00,1739.0275695,1738.7700198862697,Random Forest
2024-12-26 05:00:00,1577.125131,1577.1079144605505,Random Forest
2024-12-26 06:00:00,1347.897274,1347.9051185467788,Random Forest
2024-12-26 07:00:00,1294.722573625,1294.717374036119,Random Forest
2024-12-26 08:00:00,1548.81777075,1548.8271784392784,Random Forest
2024-12-26 09:00:00,1517.9997375,1517.9773157836926,Random Forest
2024-12-26 10:00:00,1476.06045225,1476.04799502974,Random Forest
2024-12-26 11:00:00,1634.66766125,1634.663709680354,Random Forest
2024-12-26 12:00:00,1594.81068125,1594.8428701906614,Random Forest
2024-12-26 13:00:00,1513.65724,1513.6626953426853,Random Forest
2024-12-26 14:00:00,1395.40499925,1395.4182271268699,Random Forest
2024-12-26 15:00:00,1390.3350305,1390.3461683554178,Random Forest
2024-12-26 16:00:00,1464.480169,1464.480316223884,Random Forest
2024-12-26 17:00:00,1380.63994875,1380.6383777255098,Random Forest
2024-12-26 18:00:00,1640.6011775,1640.6097212555676,Random Forest
2024-12-26 19:00:00,1505.92513,1505.9184451865578,Random Forest
2024-12-26 20:00:00,1475.04410975,1475.0539325913364,Random Forest
2024-12-26 21:00:00,1710.19160875,1710.2012321835764,Random Forest
2024-12-26 22:00:00,1431.92330025,1431.9163356512204,Random Forest
2024-12-26 23:00:00,1730.6676985,1730.6292169903616,Random Forest
2024-12-27 00:00:00,1585.147261,1585.1482642023716,Random Forest
2024-12-27 01:00:00,1429.31375225,1429.3348876678015,Random Forest
2024-12-27 02:00:00,1417.9499965,1417.9470106667939,Random Forest
2024-12-27 03:00:00,1608.19373525,1608.1966731733921,Random Forest
2024-12-27 04:00:00,1616.09666325,1616.0891488808425,Random Forest
2024-12-27 05:00:00,1511.325559,1511.3129511440764,Random Forest
2024-12-27 06:00:00,1478.05052575,1478.0384750496753,Random Forest
2024-12-27 07:00:00,1434.32488375,1434.3310877006882,Random Forest
2024-12-27 08:00:00,1521.824907,1521.8265390516294,Random Forest
2024-12-27 09:00:00,1628.98686875,1628.9975144480925,Random Forest
2024-12-27 10:00:00,1431.63417,1431.6288626333533,Random Forest
2024-12-27 11:00:00,1540.22831425,1540.227721108663,Random Forest
2024-12-27 12:00:00,1527.524063,1527.51163756607,Random Forest
2024-12-27 13:00:00,1341.01418625,1340.9695845294573,Random Forest
2024-12-27 14:00:00,1445.847783,1445.8523288200115,Random Forest
2024-12-27 15:00:00,1496.19383125,1496.202825334195,Random Forest
2024-12-27 16:00:00,1402.52329475,1402.5130703898694,Random Forest
2024-12-27 17:00:00,1635.39835425,1635.4001022645127,Random Forest
2024-12-27 18:00:00,1649.0764285,1649.0908442765376,Random Forest
2024-12-27 19:00:00,1615.06612725,1615.07284603823,Random Forest
2024-12-27 20:00:00,1468.52937425,1468.521691663751,Random Forest
2024-12-27 21:00:00,1479.8407645,1479.8275384733633,Random Forest
2024-12-27 22:00:00,1645.71318275,1645.7102768860705,Random Forest
2024-12-27 23:00:00,1623.09732075,1623.107304076666,Random Forest
2024-12-28 00:00:00,1506.10871075,1506.1086536758899,Random Forest
2024-12-28 01:00:00,1468.7640765,1468.7555598861588,Random Forest
2024-12-28 02:00:00,1452.45725625,1452.4593041639394,Random Forest
2024-12-28 03:00:00,1458.46250925,1458.4626316017477,Random Forest
2024-12-28 04:00:00,1354.50275975,1354.5185394001064,Random Forest
2024-12-28 05:00:00,1657.56817275,1657.5565628472668,Random Forest
2024-12-28 06:00:00,1483.32607925,1483.3199589664637,Random Forest
2024-12-28 07:00:00,1596.37707825,1596.3734210728987,Random Forest
2024-12-28 08:00:00,1391.52237125,1391.5236876073159,Random Forest
2024-12-28 09:00:00,1523.678484,1523.671886714242,Random Forest
2024-12-28 10:00:00,1322.659187575,1322.7094833245212,Random Forest
2024-12-28 11:00:00,1535.92585175,1535.9326883482436,Random Forest
2024-12-28 12:00:00,1604.50615175,1604.5174367657744,Random Forest
2024-12-28 13:00:00,1412.130528,1412.1667620171606,Random Forest
2024-12-28 14:00:00,1491.63386675,1491.6158768664034,Random Forest
2024-12-28 15:00:00,1549.4922445,1549.5074046431087,Random Forest
2024-12-28 16:00:00,1491.31248875,1491.299151789502,Random Forest
2024-12-28 17:00:00,1596.561985,1596.5546177950725,Random Forest
2024-12-28 18:00:00,1350.68097725,1350.6786021114965,Random Forest
2024-12-28 19:00:00,1636.57003375,1636.5404505316928,Random Forest
2024-12-28 20:00:00,1294.5251805,1294.5569469134923,Random Forest
2024-12-28 21:00:00,1550.16416875,1550.1667543221747,Random Forest
2024-12-28 22:00:00,1371.021067,1371.0460106656403,Random Forest
2024-12-28 23:00:00,1516.78682225,1516.7897290477094,Random Forest
2024-12-29 00:00:00,1628.340814,1628.3457013940217,Random Forest
2024-12-29 01:00:00,1498.10726,1498.1127834884846,Random Forest
2024-12-29 02:00:00,1570.2437475,1570.240049489598,Random Forest
2024-12-29 03:00:00,1423.79545075,1423.799128441067,Random Forest
2024-12-29 04:00:00,1450.5730845,1450.5733679304324,Random Forest
2024-12-29 05:00:00,1502.712225,1502.6843666520288,Random Forest
2024-12-29 06:00:00,1440.97630075,1440.9724323739601,Random Forest
2024-12-29 07:00:00,1638.05868175,1638.0570328908566,Random Forest
2024-12-29 08:00:00,1507.9502055,1507.9486009820153,Random Forest
2024-12-29 09:00:00,1527.978975,1527.979682887542,Random Forest
2024-12-29 10:00:00,1622.62946,1622.6263437681994,Random Forest
2024-12-29 11:00:00,1515.36396175,1515.3507191854453,Random Forest
2024-12-29 12:00:00,1199.890673225,1199.97065544976,Random Forest
2024-12-29 13:00:00,1501.3930615,1501.3904427643936,Random Forest
2024-12-29 14:00:00,1593.54190925,1593.5452070310503,Random Forest
2024-12-29 15:00:00,1451.24713625,1451.2406622569151,Random Forest
2024-12-29 16:00:00,1596.80335025,1596.7956105076366,Random Forest
2024-12-29 17:00:00,1614.749619,1614.7481699999387,Random Forest
2024-12-29 18:00:00,1665.70490425,1665.7436016052814,Random Forest
2024-12-29 19:00:00,1362.511706175,1362.4922702830174,Random Forest
2024-12-29 20:00:00,1529.15740025,1529.1476811462358,Random Forest
2024-12-29 21:00:00,1356.765363,1356.763183182734,Random Forest
2024-12-29 22:00:00,1436.7691875,1436.7659152699548,Random Forest
2024-12-29 23:00:00,1395.2792725,1395.2752199720583,Random Forest
2024-12-30 00:00:00,1349.588122,1349.593026982191,Random Forest
2024-12-30 01:00:00,1617.0006,1617.0261126931362,Random Forest
2024-12-30 02:00:00,1361.994342825,1361.9943710660948,Random Forest
2024-12-30 03:00:00,1477.958263,1477.9796328370326,Random Forest
2024-12-30 04:00:00,1451.03750625,1451.0339120521605,Random Forest
2024-12-30 05:00:00,1574.8272415,1574.8240625812034,Random Forest
2024-12-30 06:00:00,1558.26439525,1558.2617956865577,Random Forest
2024-12-30 07:00:00,1540.71523425,1540.7196051823275,Random Forest
2024-12-30 08:00:00,1361.57513125,1361.6283350950484,Random Forest
2024-12-30 09:00:00,1380.61288525,1380.6069521736683,Random Forest
2024-12-30 10:00:00,1515.02568025,1515.020527413746,Random Forest
2024-12-30 11:00:00,1425.42325425,1425.4320050305148,Random Forest
2024-12-30 12:00:00,1514.1998765,1514.1986257960612,Random Forest
2024-12-30 13:00:00,1456.4897615,1456.4938676540655,Random Forest
2024-12-30 14:00:00,1431.7114695,1431.7013076233175,Random Forest
2024-12-30 15:00:00,1572.47011575,1572.4680623476484,Random Forest
2024-12-30 16:00:00,1384.3246,1384.3301148479989,Random Forest
2024-12-30 17:00:00,1420.99694825,1420.991770117366,Random Forest
2024-12-30 18:00:00,1647.97785275,1647.9592580929714,Random Forest
2024-12-30 19:00:00,1599.62893375,1599.6183538151852,Random Forest
2024-12-30 20:00:00,1526.882904,1526.8815673361178,Random Forest
2024-12-30 21:00:00,1648.51062,1648.5057005101519,Random Forest
2024-12-30 22:00:00,1492.94820475,1492.9507930282757,Random Forest
2024-12-30 23:00:00,1333.829302,1333.7980900063337,Random Forest
2024-12-31 00:00:00,1206.89247725,1207.268822072146,Random Forest
2024-12-31 01:00:00,1488.96557925,1488.9550577802347,Random Forest
2024-12-31 02:00:00,1477.893515,1477.8833698904702,Random Forest
2024-12-31 03:00:00,1580.46565675,1580.438688679896,Random Forest
2024-12-31 04:00:00,1490.2201747499998,1490.2090002271334,Random Forest
2024-12-31 05:00:00,1551.060488,1551.0799766397004,Random Forest
2024-12-31 06:00:00,1452.3586915,1452.367503130837,Random Forest
2024-12-31 07:00:00,1533.51405125,1533.5036634040562,Random Forest
2024-12-31 08:00:00,1517.0581045,1517.0559462571598,Random Forest
2024-12-31 09:00:00,1609.95533025,1609.969664031842,Random Forest
2024-12-31 10:00:00,1426.9115455,1426.9097212024667,Random Forest
2024-12-31 11:00:00,1633.872632,1633.858178433357,Random Forest
2024-12-31 12:00:00,1715.08469575,1715.042059953171,Random Forest
2024-12-31 13:00:00,1616.34168775,1616.3303740815068,Random Forest
2024-12-31 14:00:00,1586.321685,1586.3123547080925,Random Forest
2024-12-31 15:00:00,1339.07408275,1339.0921141419062,Random Forest
2024-12-31 16:00:00,1713.437518,1713.4745185882027,Random Forest
2024-12-31 17:00:00,1333.96327325,1333.9762650297666,Random Forest
2024-12-31 18:00:00,1434.365828,1434.3659610256927,Random Forest
2024-12-31 19:00:00,1275.18279375,1275.152477781303,Random Forest
2024-12-31 20:00:00,1596.531692,1596.5355743989671,Random Forest
2024-12-31 21:00:00,1521.93743375,1521.9489757318984,Random Forest
2024-12-31 22:00:00,1460.591425,1460.5754246709812,Random Forest
2024-12-31 23:00:00,1490.86274625,1490.8660731073296,Random Forest
2025-01-01 00:00:00,1476.949977,1476.952883114372,Random Forest
2025-01-01 01:00:00,1536.8157,1536.8215605373168,Random Forest
2025-01-01 02:00:00,1447.41737875,1447.4120018633912,Random Forest
2025-01-01 03:00:00,1462.3267085,1462.3305468492556,Random Forest
2025-01-01 04:00:00,1390.623608,1390.622745018681,Random Forest
2025-01-01 05:00:00,1488.83143225,1488.8284623771992,Random Forest
2025-01-01 06:00:00,1526.64309275,1526.6339765883226,Random Forest
2025-01-01 07:00:00,1608.871553,1608.8869863708633,Random Forest
2025-01-01 08:00:00,1549.0160265,1549.0123304743247,Random Forest
2025-01-01 09:00:00,1470.18753025,1470.18693299785,Random Forest
2025-01-01 10:00:00,1442.61259625,1442.616610117447,Random Forest
2025-01-01 11:00:00,1365.0184795,1365.0341420917248,Random Forest
2025-01-01 12:00:00,1536.012557,1536.0137921019507,Random Forest
2025-01-01 13:00:00,1771.280083,1771.2150881595478,Random Forest
2025-01-01 14:00:00,1484.49590725,1484.484270066231,Random Forest
2025-01-01 15:00:00,1399.59386975,1399.6158389260695,Random Forest
2025-01-01 16:00:00,1349.7004035,1349.6882832542005,Random Forest
2025-01-01 17:00:00,1433.87702875,1433.8772847097152,Random Forest
2025-01-01 18:00:00,1398.433423,1398.447737814584,Random Forest
2025-01-01 19:00:00,1568.545052,1568.5535149043678,Random Forest
2025-01-01 20:00:00,1443.16248575,1443.1694131198412,Random Forest
2025-01-01 21:00:00,1485.1434645,1485.146163221905,Random Forest
2025-01-01 22:00:00,1437.910627325,1437.9260432702117,Random Forest
2025-01-01 23:00:00,1628.38759075,1628.3891072755973,Random Forest
2025-01-02 00:00:00,1484.69416625,1484.690163813288,Random Forest
2025-01-02 01:00:00,1550.28938775,1550.2898955470291,Random Forest
2025-01-02 02:00:00,1383.78768425,1383.7829777586853,Random Forest
2025-01-02 03:00:00,1513.8601595,1513.859054187325,Random Forest
2025-01-02 04:00:00,1540.34153725,1540.3495989671042,Random Forest
2025-01-02 05:00:00,1605.6239735,1605.6408284777167,Random Forest
2025-01-02 06:00:00,1522.64678425,1522.6564592789664,Random Forest
2025-01-02 07:00:00,1698.53271,1698.5244244563175,Random Forest
2025-01-02 08:00:00,1413.54781825,1413.564738231227,Random Forest
2025-01-02 09:00:00,1524.73595425,1524.7432860156998,Random Forest
2025-01-02 10:00:00,1579.91864,1579.9098317515475,Random Forest
2025-01-02 11:00:00,1389.3618635,1389.3747998268962,Random Forest
2025-01-02 12:00:00,1467.4349055,1467.4222600763396,Random Forest
2025-01-02 13:00:00,1410.804686,1410.7851356210629,Random Forest
2025-01-02 14:00:00,1491.425351,1491.4240407306233,Random Forest
2025-01-02 15:00:00,1550.6348785,1550.6234034944623,Random Forest
2025-01-02 16:00:00,1472.36808725,1472.3521949329067,Random Forest
2025-01-02 17:00:00,1403.760163,1403.7472116875567,Random Forest
2025-01-02 18:00:00,1321.27532175,1321.2926479685216,Random Forest
2025-01-02 19:00:00,1366.93364275,1366.9234417733996,Random Forest
2025-01-02 20:00:00,1386.693727,1386.7277357453897,Random Forest
2025-01-02 21:00:00,1364.21545975,1364.2189908544856,Random Forest
2025-01-02 22:00:00,1742.5455535,1742.6621444040463,Random Forest
2025-01-02 23:00:00,1377.18257425,1377.2092153311066,Random Forest
2025-01-03 00:00:00,1555.59078825,1555.5815176212968,Random Forest
2025-01-03 01:00:00,1271.72247825,1271.8664067980646,Random Forest
2025-01-03 02:00:00,1342.428732,1342.464376045899,Random Forest
2025-01-03 03:00:00,1493.273032,1493.2585627570097,Random Forest
2025-01-03 04:00:00,1469.00488825,1469.0119519826687,Random Forest
2025-01-03 05:00:00,1630.0873339999998,1630.0912385139993,Random Forest
2025-01-03 06:00:00,1477.902497,1477.886414887892,Random Forest
2025-01-03 07:00:00,1628.8690635,1628.865238664574,Random Forest
2025-01-03 08:00:00,1443.05777475,1443.076177383621,Random Forest
2025-01-03 09:00:00,1404.1447385,1404.1388802603751,Random Forest
2025-01-03 10:00:00,1554.783591,1554.7852040806968,Random Forest
2025-01-03 11:00:00,1423.91851275,1423.90763516452,Random Forest
2025-01-03 12:00:00,1471.75032075,1471.7470148781067,Random Forest
2025-01-03 13:00:00,1430.214564,1430.1905862029794,Random Forest
2025-01-03 14:00:00,1427.6025305,1427.597056862443,Random Forest
2025-01-03 15:00:00,1576.115253,1576.1122258076311,Random Forest
2025-01-03 16:00:00,1610.134353,1610.1361531128082,Random Forest
2025-01-03 17:00:00,1527.2041245,1527.2109301189662,Random Forest
2025-01-03 18:00:00,1598.45117825,1598.4940451650973,Random Forest
2025-01-03 19:00:00,1459.14798925,1459.1285050092729,Random Forest
2025-01-03 20:00:00,1485.6677585,1485.6693284588819,Random Forest
2025-01-03 21:00:00,1563.57775375,1563.5719821436592,Random Forest
2025-01-03 22:00:00,1335.72974975,1335.7379467671362,Random Forest
2025-01-03 23:00:00,1458.74680475,1458.7509656260127,Random Forest
2025-01-04 00:00:00,1571.0877420000002,1571.098002003069,Random Forest
2025-01-04 01:00:00,1453.7398395,1453.7352284401295,Random Forest
2025-01-04 02:00:00,1525.43197925,1525.4433681437993,Random Forest
2025-01-04 03:00:00,1516.17777525,1516.1704031974875,Random Forest
2025-01-04 04:00:00,1400.3896835,1400.3772017532442,Random Forest
2025-01-04 05:00:00,1520.663406,1520.6707731371637,Random Forest
2025-01-04 06:00:00,1482.1505535,1482.1489583708067,Random Forest
2025-01-04 07:00:00,1463.932664,1463.9387071718538,Random Forest
2025-01-04 08:00:00,1660.50053975,1660.5107952999563,Random Forest
2025-01-04 09:00:00,1635.383248,1635.3841883765972,Random Forest
2025-01-04 10:00:00,1575.9199865,1575.9307891097135,Random Forest
2025-01-04 11:00:00,1432.59743525,1432.6014150888493,Random Forest
2025-01-04 12:00:00,1495.8514695,1495.8632246992354,Random Forest
2025-01-04 13:00:00,1501.959694,1501.9439413658497,Random Forest
2025-01-04 14:00:00,1458.96373575,1458.96677749239,Random Forest
2025-01-04 15:00:00,1605.073684,1605.0861221088394,Random Forest
2025-01-04 16:00:00,1667.7564115,1667.7566737562158,Random Forest
2025-01-04 17:00:00,1385.5243105,1385.5483546158675,Random Forest
2025-01-04 18:00:00,1478.58989025,1478.586449047674,Random Forest
2025-01-04 19:00:00,1477.126073,1477.1209621990179,Random Forest
2025-01-04 20:00:00,1530.434805,1530.4299934869587,Random Forest
2025-01-04 21:00:00,1456.62670775,1456.6364454818902,Random Forest
2025-01-04 22:00:00,1403.46828725,1403.4580173125269,Random Forest
2025-01-04 23:00:00,1641.61058425,1641.615756155388,Random Forest
2025-01-05 00:00:00,1481.58378475,1481.572347845605,Random Forest
2025-01-05 01:00:00,1581.76897775,1581.7816865857978,Random Forest
2025-01-05 02:00:00,1503.776284,1503.7730224290738,Random Forest
2025-01-05 03:00:00,1583.73275325,1583.720943299274,Random Forest
2025-01-05 04:00:00,1697.28025275,1697.301693074999,Random Forest
2025-01-05 05:00:00,1490.60331,1490.6219790622763,Random Forest
2025-01-05 06:00:00,1522.09921375,1522.0987883304053,Random Forest
2025-01-05 07:00:00,1502.67391225,1502.671997913516,Random Forest
2025-01-05 08:00:00,1599.7970185,1599.8051755869735,Random Forest
2025-01-05 09:00:00,1286.196406,1286.197582895279,Random Forest
2025-01-05 10:00:00,1512.663073,1512.6652761940534,Random Forest
2025-01-05 11:00:00,1596.388685,1596.3823399881596,Random Forest
2025-01-05 12:00:00,1513.46702175,1513.4557620127807,Random Forest
2025-01-05 13:00:00,1567.521716,1567.5189735147333,Random Forest
2025-01-05 14:00:00,1510.660015,1510.6648764898753,Random Forest
2025-01-05 15:00:00,1538.90401075,1538.9097958555044,Random Forest
2025-01-05 16:00:00,1539.7200665,1539.7121470927004,Random Forest
2025-01-05 17:00:00,1558.55465525,1558.5511207209704,Random Forest
2025-01-05 18:00:00,1539.081715,1539.079304930544,Random Forest
2025-01-05 19:00:00,1384.226897,1384.204202268903,Random Forest
2025-01-05 20:00:00,1450.491466,1450.501789635506,Random Forest
2025-01-05 21:00:00,1692.96466475,1692.965848366163,Random Forest
2025-01-05 22:00:00,1515.6865145,1515.680134786952,Random Forest
2025-01-05 23:00:00,1475.760546,1475.7541508705765,Random Forest
2025-01-06 00:00:00,1658.462373,1658.4258036947833,Random Forest
2025-01-06 01:00:00,1424.66096525,1424.6666549580289,Random Forest
2025-01-06 02:00:00,1483.11417575,1483.120522034138,Random Forest
2025-01-06 03:00:00,1715.67098825,1715.6549917353184,Random Forest
2025-01-06 04:00:00,1476.8008455,1476.8071695176823,Random Forest
2025-01-06 05:00:00,1782.4760325,1782.5278306614312,Random Forest
2025-01-06 06:00:00,1465.88485825,1465.8897618904825,Random Forest
2025-01-06 07:00:00,1341.84567875,1341.8802509239135,Random Forest
2025-01-06 08:00:00,1538.6622475,1538.6674078096785,Random Forest
2025-01-06 09:00:00,1480.00589525,1480.0013086528188,Random Forest
2025-01-06 10:00:00,1619.24682125,1619.2525360617208,Random Forest
2025-01-06 11:00:00,1660.48512,1660.4881797626097,Random Forest
2025-01-06 12:00:00,1537.33124725,1537.3417003416616,Random Forest
2025-01-06 13:00:00,1438.3605645,1438.3605182912659,Random Forest
2025-01-06 14:00:00,1553.49041925,1553.4777781862174,Random Forest
2025-01-06 15:00:00,1363.314242,1363.2892248358405,Random Forest
2025-01-06 16:00:00,1471.4213945,1471.4346975005565,Random Forest
2025-01-06 17:00:00,1586.2909365,1586.2861487854132,Random Forest
2025-01-06 18:00:00,1576.964814,1576.962066328522,Random Forest
2025-01-06 19:00:00,1401.06235575,1401.063157035963,Random Forest
2025-01-06 20:00:00,1499.20888075,1499.201578004724,Random Forest
2025-01-06 21:00:00,1462.91357525,1462.9109648180852,Random Forest
2025-01-06 22:00:00,1569.94920125,1569.9361966899473,Random Forest
2025-01-06 23:00:00,1372.190496,1372.1959438667247,Random Forest
2025-01-07 00:00:00,1553.95554025,1553.9569788192387,Random Forest
2025-01-07 01:00:00,1706.2543335,1706.3503095663746,Random Forest
2025-01-07 02:00:00,1510.94244725,1510.961456422399,Random Forest
2025-01-07 03:00:00,1481.73135,1481.7305717735187,Random Forest
2025-01-07 04:00:00,1352.004767,1352.0039056451005,Random Forest
2025-01-07 05:00:00,1341.65080975,1341.5983743702425,Random Forest
2025-01-07 06:00:00,1597.96853875,1597.9779306767186,Random Forest
2025-01-07 07:00:00,1537.27863575,1537.2843882555053,Random Forest
2025-01-07 08:00:00,1650.28461775,1650.280209348336,Random Forest
2025-01-07 09:00:00,1453.66737325,1453.6673842017317,Random Forest
2025-01-07 10:00:00,1596.52160275,1596.5174615708502,Random Forest
2025-01-07 11:00:00,1455.69520275,1455.6858117271754,Random Forest
2025-01-07 12:00:00,1382.43131475,1382.435682329342,Random Forest
2025-01-07 13:00:00,1454.205942,1454.1962156260954,Random Forest
2025-01-07 14:00:00,1410.6121375,1410.6029848583066,Random Forest
2025-01-07 15:00:00,1452.239273,1452.2428222747042,Random Forest
2025-01-07 16:00:00,1512.81819475,1512.794480986876,Random Forest
2025-01-07 17:00:00,1572.376431,1572.3690630923013,Random Forest
2025-01-07 18:00:00,1563.49900375,1563.4942887702452,Random Forest
2025-01-07 19:00:00,1651.6675105,1651.7154741563656,Random Forest
2025-01-07 20:00:00,1480.313767,1480.3141738175711,Random Forest
2025-01-07 21:00:00,1426.603801,1426.585252049989,Random Forest
2025-01-07 22:00:00,1497.812122,1497.805986537736,Random Forest
2025-01-07 23:00:00,1637.59347625,1637.6036446635344,Random Forest
2025-01-08 00:00:00,1443.46547575,1443.4547379605572,Random Forest
2025-01-08 01:00:00,1756.646562,1756.9493483818515,Random Forest
2025-01-08 02:00:00,1482.7383935,1482.7364959302506,Random Forest
2025-01-08 03:00:00,1412.58324525,1412.5839480959123,Random Forest
2025-01-08 04:00:00,1441.580171,1441.580587904871,Random Forest
2025-01-08 05:00:00,1531.734558,1531.7328489111658,Random Forest
2025-01-08 06:00:00,1668.744473,1668.8069894140124,Random Forest
2025-01-08 07:00:00,1358.79479525,1358.7993053536643,Random Forest
2025-01-08 08:00:00,1500.2650515,1500.2734837682283,Random Forest
2025-01-08 09:00:00,1515.0914555,1515.083055912061,Random Forest
2025-01-08 10:00:00,1358.73964875,1358.7586683713632,Random Forest
2025-01-08 11:00:00,1311.48349525,1311.565110576802,Random Forest
2025-01-08 12:00:00,1814.22445,1814.666972122811,Random Forest
2025-01-08 13:00:00,1485.4678495,1485.4633358261924,Random Forest
2025-01-08 14:00:00,1505.319299,1505.309625951644,Random Forest
2025-01-08 15:00:00,1412.2133445,1412.205818697251,Random Forest
2025-01-08 16:00:00,1380.60686695,1380.6068688823311,Random Forest
2025-01-08 17:00:00,1580.81977125,1580.8257552527748,Random Forest
2025-01-08 18:00:00,1449.407677,1449.4050496072523,Random Forest
2025-01-08 19:00:00,1492.96260875,1492.961349256486,Random Forest
2025-01-08 20:00:00,1374.7120695,1374.7302441527916,Random Forest
2025-01-08 21:00:00,1602.0322875,1602.043874331994,Random Forest
2025-01-08 22:00:00,1392.75550175,1392.7567188686778,Random Forest
2025-01-08 23:00:00,1565.2769305,1565.2747143998631,Random Forest
2025-01-09 00:00:00,1655.08114525,1655.0833800977769,Random Forest
2025-01-09 01:00:00,1517.011481,1517.0186362697577,Random Forest
2025-01-09 02:00:00,1456.1736125,1456.1862486294694,Random Forest
2025-01-09 03:00:00,1391.02522825,1391.0265954385793,Random Forest
2025-01-09 04:00:00,1374.110691,1374.1250136104466,Random Forest
2025-01-09 05:00:00,1692.268816,1692.2521663121381,Random Forest
2025-01-09 06:00:00,1600.3565825,1600.3482148433575,Random Forest
2025-01-09 07:00:00,1462.81135,1462.7986645598287,Random Forest
2025-01-09 08:00:00,1433.734981,1433.725704501977,Random Forest
2025-01-09 09:00:00,1347.7875125,1347.7515612890347,Random Forest
2025-01-09 10:00:00,1523.23143075,1523.221530414318,Random Forest
2025-01-09 11:00:00,1699.789184,1699.8014051741816,Random Forest
2025-01-09 12:00:00,1322.172283,1322.1800607508578,Random Forest
2025-01-09 13:00:00,1488.96840625,1488.9549423228557,Random Forest
2025-01-09 14:00:00,1538.2861905,1538.297639488044,Random Forest
2025-01-09 15:00:00,1705.682021,1705.6757831013224,Random Forest
2025-01-09 16:00:00,1557.8518955,1557.8543849650698,Random Forest
2025-01-09 17:00:00,1679.04068925,1679.0501473028332,Random Forest
2025-01-09 18:00:00,1434.146447,1434.1380331592318,Random Forest
2025-01-09 19:00:00,1473.90189075,1473.901981603276,Random Forest
2025-01-09 20:00:00,1320.79796875,1320.8363037917259,Random Forest
2025-01-09 21:00:00,1312.43143575,1312.5055115069702,Random Forest
2025-01-09 22:00:00,1665.3026185,1665.3011400735832,Random Forest
2025-01-09 23:00:00,1434.359162,1434.363442173576,Random Forest
2025-01-10 00:00:00,1464.34132575,1464.352715527676,Random Forest
2025-01-10 01:00:00,1417.0708205,1417.08421534683,Random Forest
2025-01-10 02:00:00,1513.55028675,1513.5591287989744,Random Forest
2025-01-10 03:00:00,1541.98263,1541.9884776504512,Random Forest
2025-01-10 04:00:00,1585.69218375,1585.686963764526,Random Forest
2025-01-10 05:00:00,1344.23068175,1344.227805216039,Random Forest
2025-01-10 06:00:00,1495.774098,1495.7636611947223,Random Forest
2025-01-10 07:00:00,1389.3138485,1389.3008062909848,Random Forest
2025-01-10 08:00:00,1529.8577095,1529.8877108875488,Random Forest
2025-01-10 09:00:00,1539.19625475,1539.2074476682728,Random Forest
2025-01-10 10:00:00,1341.70254975,1341.6354644457556,Random Forest
2025-01-10 11:00:00,1374.12771575,1374.130896722644,Random Forest
2025-01-10 12:00:00,1661.2385975,1661.2210270705139,Random Forest
2025-01-10 13:00:00,1697.99096275,1697.9803659359284,Random Forest
2025-01-10 14:00:00,1435.3803475,1435.3759693101422,Random Forest
2025-01-10 15:00:00,1462.877253,1462.887062652893,Random Forest
2025-01-10 16:00:00,1540.720851,1540.7218358816765,Random Forest
2025-01-10 17:00:00,1648.0602867500002,1648.0846693567687,Random Forest
2025-01-10 18:00:00,1514.4155705,1514.4128253412182,Random Forest
2025-01-10 19:00:00,1515.8815545,1515.8792202153918,Random Forest
2025-01-10 20:00:00,1523.20997225,1523.2111307941927,Random Forest
2025-01-10 21:00:00,1388.917073,1388.9153199371835,Random Forest
2025-01-10 22:00:00,1422.13586175,1422.139201059053,Random Forest
2025-01-10 23:00:00,1527.0093925,1527.020029084566,Random Forest
2025-01-11 00:00:00,1478.05679025,1478.041948834386,Random Forest
2025-01-11 01:00:00,1564.15926425,1564.147868423079,Random Forest
2025-01-11 02:00:00,1527.12141425,1527.129221765133,Random Forest
2025-01-11 03:00:00,1554.56047875,1554.5509062354042,Random Forest
2025-01-11 04:00:00,1358.979264,1358.9694155153309,Random Forest
2025-01-11 05:00:00,1705.91489425,1705.7830584039477,Random Forest
2025-01-11 06:00:00,1568.1401255,1568.1448512429363,Random Forest
2025-01-11 07:00:00,1697.368097,1697.339204448472,Random Forest
2025-01-11 08:00:00,1662.125756,1662.120713705614,Random Forest
2025-01-11 09:00:00,1576.859257,1576.867642662726,Random Forest
2025-01-11 10:00:00,1548.261558,1548.2650893540797,Random Forest
2025-01-11 11:00:00,1502.09281425,1502.086779926042,Random Forest
2025-01-11 12:00:00,1571.4064985,1571.4168803098423,Random Forest
2025-01-11 13:00:00,1542.71000775,1542.7124739935555,Random Forest
2025-01-11 14:00:00,1437.50485175,1437.510625668926,Random Forest
2025-01-11 15:00:00,1358.756737,1358.792190867416,Random Forest
2025-01-11 16:00:00,1473.98377525,1473.9753289033636,Random Forest
2025-01-11 17:00:00,1542.814726,1542.8099397016495,Random Forest
2025-01-11 18:00:00,1540.4477815,1540.4443480076122,Random Forest
2025-01-11 19:00:00,1433.9940837499998,1433.9807746089668,Random Forest
2025-01-11 20:00:00,1602.656831,1602.6587505869027,Random Forest
2025-01-11 21:00:00,1576.98460975,1576.9810734655653,Random Forest
2025-01-11 22:00:00,1436.97901555,1436.9698426106668,Random Forest
2025-01-11 23:00:00,1712.90123125,1712.892059809967,Random Forest
2025-01-12 00:00:00,1408.01705925,1408.019851719272,Random Forest
2025-01-12 01:00:00,1423.09373375,1423.0793677199672,Random Forest
2025-01-12 02:00:00,1326.46772025,1326.4804132727168,Random Forest
2025-01-12 03:00:00,1538.55289975,1538.5642096006454,Random Forest
2025-01-12 04:00:00,1409.192364,1409.1897634387822,Random Forest
2025-01-12 05:00:00,1464.95850875,1464.9452951794408,Random Forest
2025-01-12 06:00:00,1488.763293,1488.761394593266,Random Forest
2025-01-12 07:00:00,1599.27532,1599.2475719849112,Random Forest
2025-01-12 08:00:00,1615.37409625,1615.3802894317687,Random Forest
2025-01-12 09:00:00,1435.5994207499998,1435.5837068951832,Random Forest
2025-01-12 10:00:00,1525.2679535,1525.274521093091,Random Forest
2025-01-12 11:00:00,1573.53080375,1573.524466590539,Random Forest
2025-01-12 12:00:00,1505.89432,1505.894860106061,Random Forest
2025-01-12 13:00:00,1502.99844425,1503.0029729184153,Random Forest
2025-01-12 14:00:00,1442.45100625,1442.4367182741762,Random Forest
2025-01-12 15:00:00,1485.570505,1485.579024409122,Random Forest
2025-01-12 16:00:00,1485.4188835,1485.431468455525,Random Forest
2025-01-12 17:00:00,1520.098359,1520.1006707654667,Random Forest
2025-01-12 18:00:00,1425.65012925,1425.664365248459,Random Forest
2025-01-12 19:00:00,1420.22524255,1420.235278491116,Random Forest
2025-01-12 20:00:00,1475.540701,1475.5435564373138,Random Forest
2025-01-12 21:00:00,1484.98838225,1484.9827131301981,Random Forest
2025-01-12 22:00:00,1589.9752775,1589.9519178619728,Random Forest
2025-01-12 23:00:00,1583.88376,1583.894213960357,Random Forest
2025-01-13 00:00:00,1426.70017675,1426.7013004475382,Random Forest
2025-01-13 01:00:00,1352.341268,1352.3341005275483,Random Forest
2025-01-13 02:00:00,1659.576078,1659.5934629862093,Random Forest
2025-01-13 03:00:00,1429.87997975,1429.862209151868,Random Forest
2025-01-13 04:00:00,1579.6209210000002,1579.6016298470527,Random Forest
2025-01-13 05:00:00,1638.7491905,1638.7603084612178,Random Forest
2025-01-13 06:00:00,1540.79888725,1540.7934442018557,Random Forest
2025-01-13 07:00:00,1305.6247955,1305.6298276045143,Random Forest
2025-01-13 08:00:00,1563.17300425,1563.1547076728998,Random Forest
2025-01-13 09:00:00,1413.429963,1413.431834421099,Random Forest
2025-01-13 10:00:00,1522.20050525,1522.1953712164554,Random Forest
2025-01-13 11:00:00,1617.13686675,1617.12167133759,Random Forest
2025-01-13 12:00:00,1536.11330825,1536.1201105624687,Random Forest
2025-01-13 13:00:00,1388.45397975,1388.4566053190179,Random Forest
2025-01-13 14:00:00,1513.39095025,1513.3847542801254,Random Forest
2025-01-13 15:00:00,1464.29891925,1464.292986246457,Random Forest
2025-01-13 16:00:00,1706.40917725,1706.3940090725744,Random Forest
2025-01-13 17:00:00,1659.26030825,1659.2859665120936,Random Forest
2025-01-13 18:00:00,1378.737798,1378.6883838820088,Random Forest
2025-01-13 19:00:00,1413.43166475,1413.432320115321,Random Forest
2025-01-13 20:00:00,1561.7988877500002,1561.7982934552756,Random Forest
2025-01-13 21:00:00,1528.78929175,1528.7894847577868,Random Forest
2025-01-13 22:00:00,1656.09174475,1656.0983609305842,Random Forest
2025-01-13 23:00:00,1620.46926025,1620.508160077878,Random Forest
2025-01-14 00:00:00,1327.17674375,1327.1399275315398,Random Forest
2025-01-14 01:00:00,1263.237566,1263.185419175213,Random Forest
2025-01-14 02:00:00,1410.941211,1410.9324844620496,Random Forest
2025-01-14 03:00:00,1507.643123,1507.651563095933,Random Forest
2025-01-14 04:00:00,1283.65447975,1283.8654301623608,Random Forest
2025-01-14 05:00:00,1363.4690725,1363.4690629082852,Random Forest
2025-01-14 06:00:00,1510.31716225,1510.3272991519837,Random Forest
2025-01-14 07:00:00,1561.511292,1561.5079958349922,Random Forest
2025-01-14 08:00:00,1515.29657775,1515.2986964945112,Random Forest
2025-01-14 09:00:00,1685.2982415,1685.3123558775644,Random Forest
2025-01-14 10:00:00,1525.0896945,1525.0929378806106,Random Forest
2025-01-14 11:00:00,1504.89875075,1504.9070950360472,Random Forest
2025-01-14 12:00:00,1472.36123425,1472.3476351504933,Random Forest
2025-01-14 13:00:00,1496.72656875,1496.7262215726662,Random Forest
2025-01-14 14:00:00,1388.890066,1388.8933570379577,Random Forest
2025-01-14 15:00:00,1475.31344875,1475.3271536685468,Random Forest
2025-01-14 16:00:00,1686.784185,1686.7712718811083,Random Forest
2025-01-14 17:00:00,1523.179263,1523.1723071125637,Random Forest
2025-01-14 18:00:00,1666.953375,1666.9777682129413,Random Forest
2025-01-14 19:00:00,1380.7830105,1380.7801096982012,Random Forest
2025-01-14 20:00:00,1524.17607075,1524.1642465402379,Random Forest
2025-01-14 21:00:00,1495.401559,1495.3890539616834,Random Forest
2025-01-14 22:00:00,1478.9131415,1478.9065085175532,Random Forest
2025-01-14 23:00:00,1652.40380925,1652.416014122211,Random Forest
2025-01-15 00:00:00,1352.49313675,1352.50640160567,Random Forest
2025-01-15 01:00:00,1436.4413155,1436.4427693136233,Random Forest
2025-01-15 02:00:00,1556.53816225,1556.5322350975707,Random Forest
2025-01-15 03:00:00,1485.7945905,1485.80386554941,Random Forest
2025-01-15 04:00:00,1569.361222,1569.3693532818384,Random Forest
2025-01-15 05:00:00,1544.9667015,1544.9763875694168,Random Forest
2025-01-15 06:00:00,1508.3095745,1508.3092420351445,Random Forest
2025-01-15 07:00:00,1468.66473875,1468.6514892263494,Random Forest
2025-01-15 08:00:00,1467.903733,1467.9048820311177,Random Forest
2025-01-15 09:00:00,1305.76350175,1305.7115867400673,Random Forest
2025-01-15 10:00:00,1647.011563,1646.9835291953934,Random Forest
2025-01-15 11:00:00,1379.4982485,1379.5184550357508,Random Forest
2025-01-15 12:00:00,1523.19416275,1523.1949375854788,Random Forest
2025-01-15 13:00:00,1455.89004575,1455.8785266151392,Random Forest
2025-01-15 14:00:00,1574.4859865,1574.4957693747428,Random Forest
2025-01-15 15:00:00,1478.88350825,1478.8851526168887,Random Forest
2025-01-15 16:00:00,1457.64380875,1457.6381807109935,Random Forest
2025-01-15 17:00:00,1408.72565975,1408.7408410484236,Random Forest
2025-01-15 18:00:00,1451.13981525,1451.1482508299973,Random Forest
2025-01-15 19:00:00,1453.195723,1453.2022255578192,Random Forest
2025-01-15 20:00:00,1377.3970785,1377.3975362237443,Random Forest
2025-01-15 21:00:00,1563.8677885,1563.8543577078733,Random Forest
2025-01-15 22:00:00,1456.33781275,1456.329054709788,Random Forest
2025-01-15 23:00:00,1654.56447475,1654.5735308838239,Random Forest
2025-01-16 00:00:00,1569.8384715,1569.8292605246183,Random Forest
2025-01-16 01:00:00,1523.172161,1523.1699648248052,Random Forest
2025-01-16 02:00:00,1569.03225875,1569.046815339421,Random Forest
2025-01-16 03:00:00,1420.7258485,1420.7431095086285,Random Forest
2025-01-16 04:00:00,1252.7806255,1252.8189637843425,Random Forest
2025-01-16 05:00:00,1369.3968465,1369.3907751506788,Random Forest
2025-01-16 06:00:00,1530.12237725,1530.1284148268085,Random Forest
2025-01-16 07:00:00,1248.5269505,1248.405530245719,Random Forest
2025-01-16 08:00:00,1445.54274825,1445.549492570371,Random Forest
2025-01-16 09:00:00,1411.358406,1411.3688449577726,Random Forest
2025-01-16 10:00:00,1511.003862,1511.0039035763577,Random Forest
2025-01-16 11:00:00,1400.72427475,1400.7179433473864,Random Forest
2025-01-16 12:00:00,1387.798825,1387.7869963110738,Random Forest
2025-01-16 13:00:00,1486.87434225,1486.868434935325,Random Forest
2025-01-16 14:00:00,1402.03941,1402.0375363221815,Random Forest
2025-01-16 15:00:00,1562.818891,1562.8237750730382,Random Forest
2025-01-16 16:00:00,1604.415611,1604.4171414217144,Random Forest
2025-01-16 17:00:00,1526.55094625,1526.5510297067501,Random Forest
2025-01-16 18:00:00,1572.1225115,1572.1287862266688,Random Forest
2025-01-16 19:00:00,1658.864172,1658.8638944594213,Random Forest
2025-01-16 20:00:00,1312.3105335,1312.377525461681,Random Forest
2025-01-16 21:00:00,1312.2273025,1312.2888003392636,Random Forest
2025-01-16 22:00:00,1444.9373255,1444.939178993764,Random Forest
2025-01-16 23:00:00,1486.85300675,1486.839612191203,Random Forest
2025-01-17 00:00:00,1573.5448377500002,1573.539000032113,Random Forest
2025-01-17 01:00:00,1507.04280175,1507.028925663676,Random Forest
2025-01-17 02:00:00,1616.41138325,1616.4379597637258,Random Forest
2025-01-17 03:00:00,1576.26573325,1576.2700835005392,Random Forest
2025-01-17 04:00:00,1579.1580775,1579.1482282488118,Random Forest
2025-01-17 05:00:00,1500.54694825,1500.544101762495,Random Forest
2025-01-17 06:00:00,1467.4693045,1467.4808572671384,Random Forest
2025-01-17 07:00:00,1445.8478192500002,1445.8513673098205,Random Forest
2025-01-17 08:00:00,1346.93959125,1346.9462857468586,Random Forest
2025-01-17 09:00:00,1289.40670525,1289.3909924280786,Random Forest
2025-01-17 10:00:00,1486.53039775,1486.5333046043859,Random Forest
2025-01-17 11:00:00,1545.9037065,1545.9021729946846,Random Forest
2025-01-17 12:00:00,1607.0403615,1607.0189063850405,Random Forest
2025-01-17 13:00:00,1437.1978245,1437.2027715756767,Random Forest
2025-01-17 14:00:00,1493.08117675,1493.0891661192884,Random Forest
2025-01-17 15:00:00,1470.63433675,1470.6389666754667,Random Forest
2025-01-17 16:00:00,1549.322465,1549.331748496086,Random Forest
2025-01-17 17:00:00,1452.471051,1452.4731781010546,Random Forest
2025-01-17 18:00:00,1538.74330525,1538.728535245418,Random Forest
2025-01-17 19:00:00,1491.8211295,1491.8162579548325,Random Forest
2025-01-17 20:00:00,1547.84676625,1547.8669037314205,Random Forest
2025-01-17 21:00:00,1541.0547455,1541.0536424113682,Random Forest
2025-01-17 22:00:00,1761.531742,1761.2256759563977,Random Forest
2025-01-17 23:00:00,1684.1925705,1684.2341233980637,Random Forest
2025-01-18 00:00:00,1564.47376825,1564.4830589548542,Random Forest
2025-01-18 01:00:00,1421.46175425,1421.4542115692645,Random Forest
2025-01-18 02:00:00,1369.49136125,1369.4918782785608,Random Forest
2025-01-18 03:00:00,1516.02211375,1516.0179188742093,Random Forest
2025-01-18 04:00:00,1502.3114595,1502.3145431484472,Random Forest
2025-01-18 05:00:00,1411.774764,1411.7909015417067,Random Forest
2025-01-18 06:00:00,1415.27954325,1415.2798134603026,Random Forest
2025-01-18 07:00:00,1376.2342235,1376.2328453022826,Random Forest
2025-01-18 08:00:00,1472.40888175,1472.4221909135915,Random Forest
2025-01-18 09:00:00,1422.55699975,1422.554863429293,Random Forest
2025-01-18 10:00:00,1631.9835245,1632.0154638301176,Random Forest
2025-01-18 11:00:00,1459.1858705,1459.1966208402166,Random Forest
2025-01-18 12:00:00,1656.00570375,1655.9859882175413,Random Forest
2025-01-18 13:00:00,1563.02290225,1563.0290736431782,Random Forest
2025-01-18 14:00:00,1422.38434375,1422.3975374474644,Random Forest
2025-01-18 15:00:00,1505.10027625,1505.1333144523064,Random Forest
2025-01-18 16:00:00,1619.0961695,1619.0859183270659,Random Forest
2025-01-18 17:00:00,1549.8732585,1549.8790256458751,Random Forest
2025-01-18 18:00:00,1483.26904225,1483.2717363255997,Random Forest
2025-01-18 19:00:00,1488.48741325,1488.4760902880544,Random Forest
2025-01-18 20:00:00,1370.08285875,1370.0824682344662,Random Forest
2025-01-18 21:00:00,1559.00151525,1558.9884832513728,Random Forest
2025-01-18 22:00:00,1680.2503625,1680.3376550169219,Random Forest
2025-01-18 23:00:00,1504.566994,1504.579771889038,Random Forest
2025-01-19 00:00:00,1251.660687,1251.7872043930092,Random Forest
2025-01-19 01:00:00,1573.16070575,1573.1515458040883,Random Forest
2025-01-19 02:00:00,1469.04057375,1469.0351644217837,Random Forest
2025-01-19 03:00:00,1617.67434575,1617.6724147931318,Random Forest
2025-01-19 04:00:00,1561.6498845,1561.6506478802353,Random Forest
2025-01-19 05:00:00,1493.70585125,1493.7032769440782,Random Forest
2025-01-19 06:00:00,1507.860916,1507.8635223110357,Random Forest
2025-01-19 07:00:00,1561.678488,1561.66646424374,Random Forest
2025-01-19 08:00:00,1497.773332,1497.771325595805,Random Forest
2025-01-19 09:00:00,1638.140004,1638.1268071717006,Random Forest
2025-01-19 10:00:00,1415.523203925,1415.5095872398886,Random Forest
2025-01-19 11:00:00,1409.04514275,1409.0537993681803,Random Forest
2025-01-19 12:00:00,1528.1497775,1528.1542085581784,Random Forest
2025-01-19 13:00:00,1449.78005875,1449.7727691151106,Random Forest
2025-01-19 14:00:00,1617.52510775,1617.5349603863162,Random Forest
2025-01-19 15:00:00,1469.04326425,1469.0375882056353,Random Forest
2025-01-19 16:00:00,1610.53279075,1610.517664535896,Random Forest
2025-01-19 17:00:00,1698.32476375,1698.363146160964,Random Forest
2025-01-19 18:00:00,1637.698616,1637.716424235139,Random Forest
2025-01-19 19:00:00,1563.4182087499998,1563.4168905090864,Random Forest
2025-01-19 20:00:00,1249.7283385,1249.7265734129337,Random Forest
2025-01-19 21:00:00,1555.51287725,1555.511309262018,Random Forest
2025-01-19 22:00:00,1538.450371,1538.4490622840387,Random Forest
2025-01-19 23:00:00,1526.0254455,1526.0201219464323,Random Forest
2025-01-20 00:00:00,1538.98269,1538.9811370557131,Random Forest
2025-01-20 01:00:00,1552.05136825,1552.0681691227426,Random Forest
2025-01-20 02:00:00,1529.3597405,1529.3564703888105,Random Forest
2025-01-20 03:00:00,1482.441816,1482.4505650090605,Random Forest
2025-01-20 04:00:00,1569.6872455,1569.6686395311228,Random Forest
2025-01-20 05:00:00,1465.544252,1465.532308645868,Random Forest
2025-01-20 06:00:00,1409.368365925,1409.3683619330677,Random Forest
2025-01-20 07:00:00,1479.5170715,1479.5155191157228,Random Forest
2025-01-20 08:00:00,1360.479624,1360.4693485009118,Random Forest
2025-01-20 09:00:00,1475.27887475,1475.2741830777231,Random Forest
2025-01-20 10:00:00,1461.75801575,1461.7691853398317,Random Forest
2025-01-20 11:00:00,1354.5260385,1354.5248987063796,Random Forest
2025-01-20 12:00:00,1538.725908,1538.724753532039,Random Forest
2025-01-20 13:00:00,1564.17576075,1564.1830581730871,Random Forest
2025-01-20 14:00:00,1404.97846375,1404.9805371664029,Random Forest
2025-01-20 15:00:00,1495.908225,1495.9115638664775,Random Forest
2025-01-20 16:00:00,1623.88530525,1623.8979394237915,Random Forest
2025-01-20 17:00:00,1572.819697,1572.8201791727884,Random Forest
2025-01-20 18:00:00,1363.97253525,1363.9992617679266,Random Forest
2025-01-20 19:00:00,1439.750004,1439.7340212788697,Random Forest
2025-01-20 20:00:00,1540.1679705,1540.181719615563,Random Forest
2025-01-20 21:00:00,1364.43618275,1364.4185785802122,Random Forest
2025-01-20 22:00:00,1545.764684,1545.7480123382632,Random Forest
2025-01-20 23:00:00,1487.63290925,1487.6265319956533,Random Forest
2025-01-21 00:00:00,1465.219004,1465.2212246489435,Random Forest
2025-01-21 01:00:00,1570.484104,1570.4844538331902,Random Forest
2025-01-21 02:00:00,1328.249871,1328.249875799673,Random Forest
2025-01-21 03:00:00,1464.45613575,1464.4424263602962,Random Forest
2025-01-21 04:00:00,1388.0098045,1388.0009173976352,Random Forest
2025-01-21 05:00:00,1488.808998,1488.809266082291,Random Forest
2025-01-21 06:00:00,1452.160542,1452.150345727044,Random Forest
2025-01-21 07:00:00,1489.62992975,1489.6305024534552,Random Forest
2025-01-21 08:00:00,1688.00775375,1687.970525276506,Random Forest
2025-01-21 09:00:00,1477.47735775,1477.4779550649764,Random Forest
2025-01-21 10:00:00,1459.7410495,1459.7402134553788,Random Forest
2025-01-21 11:00:00,1640.901587,1640.8808037203312,Random Forest
2025-01-21 12:00:00,1458.91490225,1458.9107933939626,Random Forest
2025-01-21 13:00:00,1453.796713,1453.8003074206792,Random Forest
2025-01-21 14:00:00,1402.9835155,1402.9964267927173,Random Forest
2025-01-21 15:00:00,1528.52841775,1528.5395090703607,Random Forest
2025-01-21 16:00:00,1511.831252,1511.8322803633002,Random Forest
2025-01-21 17:00:00,1504.829011,1504.8292635991172,Random Forest
2025-01-21 18:00:00,1504.0851642500002,1504.098499270519,Random Forest
2025-01-21 19:00:00,1584.2841905,1584.2907194533464,Random Forest
2025-01-21 20:00:00,1507.64329775,1507.651563095933,Random Forest
2025-01-21 21:00:00,1443.70834425,1443.700955663981,Random Forest
2025-01-21 22:00:00,1518.5067415,1518.4963440075285,Random Forest
2025-01-21 23:00:00,1388.98283375,1388.98204672532,Random Forest
2025-01-22 00:00:00,1446.2923425,1446.3026849080395,Random Forest
2025-01-22 01:00:00,1284.0357577250002,1284.0468367492967,Random Forest
2025-01-22 02:00:00,1530.5847845,1530.5839164515032,Random Forest
2025-01-22 03:00:00,1645.512073,1645.5550640706208,Random Forest
2025-01-22 04:00:00,1517.71915625,1517.7200417749941,Random Forest
2025-01-22 05:00:00,1392.0538355,1392.063756808714,Random Forest
2025-01-22 06:00:00,1518.594249,1518.6070804616306,Random Forest
2025-01-22 07:00:00,1366.26484025,1366.285947136818,Random Forest
2025-01-22 08:00:00,1474.91027225,1474.9138771184523,Random Forest
2025-01-22 09:00:00,1586.25389725,1586.257320716824,Random Forest
2025-01-22 10:00:00,1638.80780175,1638.7745715166848,Random Forest
2025-01-22 11:00:00,1650.66809525,1650.6821265269894,Random Forest
2025-01-22 12:00:00,1419.59242675,1419.5607528943908,Random Forest
2025-01-22 13:00:00,1541.5591015,1541.5699320608792,Random Forest
2025-01-22 14:00:00,1634.07452725,1634.0666183337057,Random Forest
2025-01-22 15:00:00,1330.93239225,1330.958479725391,Random Forest
2025-01-22 16:00:00,1342.302799,1342.3146639137017,Random Forest
2025-01-22 17:00:00,1549.109936,1549.1139017658613,Random Forest
2025-01-22 18:00:00,1610.92563525,1610.9087306141637,Random Forest
2025-01-22 19:00:00,1529.94475425,1529.9591705555772,Random Forest
2025-01-22 20:00:00,1587.9525825,1587.9475792864475,Random Forest
2025-01-22 21:00:00,1743.339802,1743.4486379110378,Random Forest
2025-01-22 22:00:00,1331.08899375,1331.0782880585896,Random Forest
2025-01-22 23:00:00,1473.0496175,1473.0357388138466,Random Forest
2025-01-23 00:00:00,1447.15792975,1447.1593167993985,Random Forest
2025-01-23 01:00:00,1568.16738525,1568.1748448578676,Random Forest
2025-01-23 02:00:00,1454.61771925,1454.6112888871119,Random Forest
2025-01-23 03:00:00,1575.0585795,1575.0692796524509,Random Forest
2025-01-23 04:00:00,1313.7688455,1313.7653077940467,Random Forest
2025-01-23 05:00:00,1492.987647,1492.9921916418627,Random Forest
2025-01-23 06:00:00,1572.68133075,1572.681388025733,Random Forest
2025-01-23 07:00:00,1607.35265875,1607.3357561978364,Random Forest
2025-01-23 08:00:00,1455.7014545,1455.6888784317237,Random Forest
2025-01-23 09:00:00,1577.76013825,1577.778839071331,Random Forest
2025-01-23 10:00:00,1538.5238175,1538.5141490572992,Random Forest
2025-01-23 11:00:00,1477.08450575,1477.0865444586511,Random Forest
2025-01-23 12:00:00,1472.529629,1472.5278018401855,Random Forest
2025-01-23 13:00:00,1397.71705825,1397.7555913630642,Random Forest
2025-01-23 14:00:00,1538.8348015,1538.8223730396296,Random Forest
2025-01-23 15:00:00,1465.7796555,1465.7886611623603,Random Forest
2025-01-23 16:00:00,1518.8203155,1518.8228207134089,Random Forest
2025-01-23 17:00:00,1440.92236925,1440.9230756278398,Random Forest
2025-01-23 18:00:00,1526.512785,1526.5133603731274,Random Forest
2025-01-23 19:00:00,1525.332418,1525.340444051909,Random Forest
2025-01-23 20:00:00,1757.8100985,1757.7702339191464,Random Forest
2025-01-23 21:00:00,1434.1619135,1434.1547269440646,Random Forest
2025-01-23 22:00:00,1726.249055,1726.3203309576802,Random Forest
2025-01-23 23:00:00,1541.28879525,1541.2977524906612,Random Forest
2025-01-24 00:00:00,1596.89753,1596.8922841002138,Random Forest
2025-01-24 01:00:00,1610.69842075,1610.704518065046,Random Forest
2025-01-24 02:00:00,1602.44224175,1602.4306741787889,Random Forest
2025-01-24 03:00:00,1554.07971425,1554.0904283148793,Random Forest
2025-01-24 04:00:00,1610.327032,1610.3168390088028,Random Forest
2025-01-24 05:00:00,1574.1581475,1574.1645842804419,Random Forest
2025-01-24 06:00:00,1520.96044075,1520.989804023702,Random Forest
2025-01-24 07:00:00,1547.38301325,1547.3836764533085,Random Forest
2025-01-24 08:00:00,1488.0870625,1488.098504638135,Random Forest
2025-01-24 09:00:00,1415.263229,1415.275012985157,Random Forest
2025-01-24 10:00:00,1405.16010275,1405.1719282469824,Random Forest
2025-01-24 11:00:00,1458.05269175,1458.0595207769913,Random Forest
2025-01-24 12:00:00,1597.867195,1597.856619934654,Random Forest
2025-01-24 13:00:00,1446.693731,1446.7107255462442,Random Forest
2025-01-24 14:00:00,1542.73700975,1542.749513088619,Random Forest
2025-01-24 15:00:00,1449.43276525,1449.4534650742562,Random Forest
2025-01-24 16:00:00,1471.997905,1471.997309971856,Random Forest
2025-01-24 17:00:00,1332.7622085,1332.7051963419651,Random Forest
2025-01-24 18:00:00,1471.13887375,1471.143049266779,Random Forest
2025-01-24 19:00:00,1392.2228005,1392.2394214171447,Random Forest
2025-01-24 20:00:00,1518.63930525,1518.6271109055588,Random Forest
2025-01-24 21:00:00,1525.67165775,1525.6778767124144,Random Forest
2025-01-24 22:00:00,1535.19089675,1535.1914375695592,Random Forest
2025-01-24 23:00:00,1481.43911525,1481.4302721138959,Random Forest
2025-01-25 00:00:00,1368.88346825,1368.8749143701427,Random Forest
2025-01-25 01:00:00,1605.41029725,1605.418574619827,Random Forest
2025-01-25 02:00:00,1575.18767675,1575.1960438775695,Random Forest
2025-01-25 03:00:00,1474.9964215,1474.9862939835848,Random Forest
2025-01-25 04:00:00,1253.90093375,1253.9967718944724,Random Forest
2025-01-25 05:00:00,1312.52712225,1312.553510760012,Random Forest
2025-01-25 06:00:00,1488.9343565,1488.9361397617636,Random Forest
2025-01-25 07:00:00,1451.2290515,1451.2292599150958,Random Forest
2025-01-25 08:00:00,1359.92890575,1359.9310242923632,Random Forest
2025-01-25 09:00:00,1549.68737725,1549.6830400659085,Random Forest
2025-01-25 10:00:00,1599.161049,1599.148592116409,Random Forest
2025-01-25 11:00:00,1368.9095415,1368.9274335986236,Random Forest
2025-01-25 12:00:00,1393.87119525,1393.869625735641,Random Forest
2025-01-25 13:00:00,1415.61462025,1415.6052006603463,Random Forest
2025-01-25 14:00:00,1346.95216675,1346.9477965785031,Random Forest
2025-01-25 15:00:00,1512.6741069999998,1512.6705014781217,Random Forest
2025-01-25 16:00:00,1373.760395,1373.7609158413218,Random Forest
2025-01-25 17:00:00,1649.6292635,1649.6195950797007,Random Forest
2025-01-25 18:00:00,1515.05940875,1515.0666846832466,Random Forest
2025-01-25 19:00:00,1589.29149125,1589.2683956359158,Random Forest
2025-01-25 20:00:00,1476.48474275,1476.4777876947667,Random Forest
2025-01-25 21:00:00,1576.55554225,1576.5554281415075,Random Forest
2025-01-25 22:00:00,1587.16339525,1587.1565816816562,Random Forest
2025-01-25 23:00:00,1486.86396425,1486.8485905756938,Random Forest
2025-01-26 00:00:00,1449.9563294,1449.9469700467243,Random Forest
2025-01-26 01:00:00,1483.2266025,1483.2321082692956,Random Forest
2025-01-26 02:00:00,1518.3878032500002,1518.3733002088534,Random Forest
2025-01-26 03:00:00,1519.4088565,1519.4044090239988,Random Forest
2025-01-26 04:00:00,1470.276723,1470.2763149122004,Random Forest
2025-01-26 05:00:00,1487.427638,1487.4275454341216,Random Forest
2025-01-26 06:00:00,1607.47397375,1607.4613141329628,Random Forest
2025-01-26 07:00:00,1552.103201,1552.1050508950952,Random Forest
2025-01-26 08:00:00,1657.08547225,1657.0938800307445,Random Forest
2025-01-26 09:00:00,1410.65183375,1410.6278330888401,Random Forest
2025-01-26 10:00:00,1595.9580835,1595.9715598134292,Random Forest
2025-01-26 11:00:00,1509.28516,1509.289990797551,Random Forest
2025-01-26 12:00:00,1394.1495289,1394.1549466852562,Random Forest
2025-01-26 13:00:00,1381.5768605,1381.588686429287,Random Forest
2025-01-26 14:00:00,1569.25211925,1569.2531452396945,Random Forest
2025-01-26 15:00:00,1360.8952235,1360.875383535283,Random Forest
2025-01-26 16:00:00,1664.597563,1664.6404587743125,Random Forest
2025-01-26 17:00:00,1503.981948,1503.982746626874,Random Forest
2025-01-26 18:00:00,1554.340391,1554.3436604004792,Random Forest
2025-01-26 19:00:00,1682.6478535,1682.6302102200873,Random Forest
2025-01-26 20:00:00,1346.36100075,1346.3421574329934,Random Forest
2025-01-26 21:00:00,1467.81329065,1467.8054832722635,Random Forest
2025-01-26 22:00:00,1536.11358075,1536.1198913487156,Random Forest
2025-01-26 23:00:00,1467.754807,1467.7509623033618,Random Forest
2025-01-27 00:00:00,1492.17468475,1492.175195835726,Random Forest
2025-01-27 01:00:00,1389.254699,1389.2558225056582,Random Forest
2025-01-27 02:00:00,1403.649707,1403.6466842434704,Random Forest
2025-01-27 03:00:00,1580.7317015,1580.7292564017105,Random Forest
2025-01-27 04:00:00,1490.0498775,1490.04775173619,Random Forest
2025-01-27 05:00:00,1514.9207905,1514.9084823445164,Random Forest
2025-01-27 06:00:00,1561.35985125,1561.3578340357026,Random Forest
2025-01-27 07:00:00,1646.5974225,1646.5885768684193,Random Forest
2025-01-27 08:00:00,1391.65217975,1391.6564858827298,Random Forest
2025-01-27 09:00:00,1230.831039,1230.7197352513515,Random Forest
2025-01-27 10:00:00,1403.8380365,1403.8463947006517,Random Forest
2025-01-27 11:00:00,1433.22980225,1433.2394856646567,Random Forest
2025-01-27 12:00:00,1551.64774825,1551.6520673406399,Random Forest
2025-01-27 13:00:00,1581.953416,1581.9305937919678,Random Forest
2025-01-27 14:00:00,1501.78324975,1501.7753029498615,Random Forest
2025-01-27 15:00:00,1583.2974495,1583.2985891559522,Random Forest
2025-01-27 16:00:00,1543.08186175,1543.0777513830656,Random Forest
2025-01-27 17:00:00,1578.3417685,1578.3355383033684,Random Forest
2025-01-27 18:00:00,1356.5775055,1356.5901744722107,Random Forest
2025-01-27 19:00:00,1433.06354925,1433.0734828554612,Random Forest
2025-01-27 20:00:00,1309.662592,1309.7102854290465,Random Forest
2025-01-27 21:00:00,1344.0594982500002,1344.0639362256325,Random Forest
2025-01-27 22:00:00,1521.41042775,1521.3947290396923,Random Forest
2025-01-27 23:00:00,1434.063116,1434.0493319727216,Random Forest
2025-01-28 00:00:00,1574.1067815,1574.0990364565587,Random Forest
2025-01-28 01:00:00,1271.79635175,1271.8696372740053,Random Forest
2025-01-28 02:00:00,1594.8704337499998,1594.8766219954368,Random Forest
2025-01-28 03:00:00,1360.98980575,1360.995503873668,Random Forest
2025-01-28 04:00:00,1630.0957495,1630.0930347802093,Random Forest
2025-01-28 05:00:00,1522.28823675,1522.2773239965911,Random Forest
2025-01-28 06:00:00,1444.04233575,1444.0355298343156,Random Forest
2025-01-28 07:00:00,1662.93804075,1662.9436616041835,Random Forest
2025-01-28 08:00:00,1492.016638,1492.0154659825268,Random Forest
2025-01-28 09:00:00,1621.1981775,1621.1950161564143,Random Forest
2025-01-28 10:00:00,1506.23335275,1506.2398773345726,Random Forest
2025-01-28 11:00:00,1626.82719125,1626.8083601607223,Random Forest
2025-01-28 12:00:00,1426.78352825,1426.7823507810813,Random Forest
2025-01-28 13:00:00,1488.7322235,1488.731667443395,Random Forest
2025-01-28 14:00:00,1554.639752,1554.6342176941862,Random Forest
2025-01-28 15:00:00,1550.42159125,1550.4193460712734,Random Forest
2025-01-28 16:00:00,1687.518323,1687.4733772807624,Random Forest
2025-01-28 17:00:00,1334.73472575,1334.742885652907,Random Forest
2025-01-28 18:00:00,1537.693396,1537.699304498866,Random Forest
2025-01-28 19:00:00,1493.5012275,1493.4956132834798,Random Forest
2025-01-28 20:00:00,1734.76158375,1734.8939925674767,Random Forest
2025-01-28 21:00:00,1431.3036435,1431.303615476937,Random Forest
2025-01-28 22:00:00,1570.8417365,1570.8291847876694,Random Forest
2025-01-28 23:00:00,1371.49744225,1371.5105725508447,Random Forest
2025-01-29 00:00:00,1422.832004,1422.8367864708132,Random Forest
2025-01-29 01:00:00,1539.93739425,1539.9325239091063,Random Forest
2025-01-29 02:00:00,1595.5646769999998,1595.53276906855,Random Forest
2025-01-29 03:00:00,1535.6851895,1535.6825706704997,Random Forest
2025-01-29 04:00:00,1609.92096025,1609.9402792211736,Random Forest
2025-01-29 05:00:00,1495.9267485,1495.925258134128,Random Forest
2025-01-29 06:00:00,1671.32394375,1671.324969337794,Random Forest
2025-01-29 07:00:00,1542.15609875,1542.1441732665253,Random Forest
2025-01-29 08:00:00,1361.68864875,1361.6664824265056,Random Forest
2025-01-29 09:00:00,1432.73417275,1432.7299637534359,Random Forest
2025-01-29 10:00:00,1550.54498875,1550.5457810022751,Random Forest
2025-01-29 11:00:00,1633.83576675,1633.8488577086018,Random Forest
2025-01-29 12:00:00,1485.364268,1485.368688230494,Random Forest
2025-01-29 13:00:00,1507.998645,1508.0141060329438,Random Forest
2025-01-29 14:00:00,1581.4056225,1581.4071014362491,Random Forest
2025-01-29 15:00:00,1602.26404975,1602.2568428322224,Random Forest
2025-01-29 16:00:00,1528.812342,1528.7931805915152,Random Forest
2025-01-29 17:00:00,1553.424441,1553.4535174218845,Random Forest
2025-01-29 18:00:00,1577.86081225,1577.852923981919,Random Forest
2025-01-29 19:00:00,1675.96119675,1675.9993053587873,Random Forest
2025-01-29 20:00:00,1231.373834,1231.8989435880121,Random Forest
2025-01-29 21:00:00,1709.45148375,1709.4773213767166,Random Forest
2025-01-29 22:00:00,1451.2545225,1451.2484419702648,Random Forest
2025-01-29 23:00:00,1489.71986825,1489.7248288244393,Random Forest
2025-01-30 00:00:00,1656.42720375,1656.411300069641,Random Forest
2025-01-30 01:00:00,1785.15112225,1785.2271840000894,Random Forest
2025-01-30 02:00:00,1378.20805825,1378.1854853225307,Random Forest
2025-01-30 03:00:00,1637.01058525,1637.034398355994,Random Forest
2025-01-30 04:00:00,1503.0047555,1503.0066964515959,Random Forest
2025-01-30 05:00:00,1542.5742934999998,1542.580587959604,Random Forest
2025-01-30 06:00:00,1367.17372925,1367.1827492854095,Random Forest
2025-01-30 07:00:00,1418.12815025,1418.1161448738212,Random Forest
2025-01-30 08:00:00,1410.39134675,1410.3882651789952,Random Forest
2025-01-30 09:00:00,1382.735422775,1382.7423486127466,Random Forest
2025-01-30 10:00:00,1640.50775475,1640.5157623875555,Random Forest
2025-01-30 11:00:00,1626.532012,1626.522474194809,Random Forest
2025-01-30 12:00:00,1427.1401970000002,1427.1443053646199,Random Forest
2025-01-30 13:00:00,1415.91541325,1415.9064838973222,Random Forest
2025-01-30 14:00:00,1398.014581,1398.0151636111923,Random Forest
2025-01-30 15:00:00,1429.3099775,1429.3306017396171,Random Forest
2025-01-30 16:00:00,1556.9710725,1556.9852712281497,Random Forest
2025-01-30 17:00:00,1487.91855125,1487.9121507911439,Random Forest
2025-01-30 18:00:00,1534.27905575,1534.2944486834829,Random Forest
2025-01-30 19:00:00,1534.0303315,1534.0222576871831,Random Forest
2025-01-30 20:00:00,1361.0935065,1361.0855802329734,Random Forest
2025-01-30 21:00:00,1561.58069,1561.579740300604,Random Forest
2025-01-30 22:00:00,1530.48084975,1530.4949764923315,Random Forest
2025-01-30 23:00:00,1263.07931105,1263.1771967051766,Random Forest
2025-01-31 00:00:00,1454.49151925,1454.4976197814697,Random Forest
2025-01-31 01:00:00,1567.59445725,1567.602592177839,Random Forest
2025-01-31 02:00:00,1670.6012314999998,1670.5990428133698,Random Forest
2025-01-31 03:00:00,1574.38922525,1574.395391856008,Random Forest
2025-01-31 04:00:00,1603.6913855,1603.6873658095442,Random Forest
2025-01-31 05:00:00,1464.89415375,1464.9010199983882,Random Forest
2025-01-31 06:00:00,1406.7570855,1406.7440097954582,Random Forest
2025-01-31 07:00:00,1422.4318755,1422.4229712908843,Random Forest
2025-01-31 08:00:00,1530.68427175,1530.68369247881,Random Forest
2025-01-31 09:00:00,1395.957861,1395.9506402149784,Random Forest
2025-01-31 10:00:00,1655.1886535,1655.2218660879382,Random Forest
2025-01-31 11:00:00,1674.58752025,1674.5664814934353,Random Forest
2025-01-31 12:00:00,1359.8457435,1359.8608789181476,Random Forest
2025-01-31 13:00:00,1460.326761,1460.3452801495162,Random Forest
2025-01-31 14:00:00,1500.062405,1500.0527779124118,Random Forest
2025-01-31 15:00:00,1478.5784135,1478.5838500042205,Random Forest
2025-01-31 16:00:00,1526.367088925,1526.3765617194026,Random Forest
2025-01-31 17:00:00,1455.19086525,1455.1888527246033,Random Forest
2025-01-31 18:00:00,1557.525612,1557.5176148107264,Random Forest
2025-01-31 19:00:00,1535.5392355,1535.547066187323,Random Forest
2025-01-31 20:00:00,1594.97704775,1594.9872176847277,Random Forest
2025-01-31 21:00:00,1538.2093125,1538.2069479857566,Random Forest
2025-01-31 22:00:00,1574.110768,1574.1024190956873,Random Forest
2025-01-31 23:00:00,1490.637047,1490.6358828686236,Random Forest
2025-02-01 00:00:00,1326.64553,1326.6818254057953,Random Forest
2025-02-01 01:00:00,1365.93483875,1365.917727728893,Random Forest
2025-02-01 02:00:00,1508.8810075,1508.8874805234134,Random Forest
2025-02-01 03:00:00,1541.10166075,1541.0987069585906,Random Forest
2025-02-01 04:00:00,1484.862621,1484.8451489142938,Random Forest
2025-02-01 05:00:00,1444.4121115,1444.40926480519,Random Forest
2025-02-01 06:00:00,1539.79682,1539.7989986974176,Random Forest
2025-02-01 07:00:00,1597.22185125,1597.2190605823062,Random Forest
2025-02-01 08:00:00,1483.5790785,1483.5730682665549,Random Forest
2025-02-01 09:00:00,1566.89209975,1566.8879769814157,Random Forest
2025-02-01 10:00:00,1542.83786625,1542.8348107222084,Random Forest
2025-02-01 11:00:00,1528.656322,1528.6540650436232,Random Forest
2025-02-01 12:00:00,1639.23109625,1639.2521915931447,Random Forest
2025-02-01 13:00:00,1584.84910025,1584.8547134784558,Random Forest
2025-02-01 14:00:00,1561.50048775,1561.4977922729615,Random Forest
2025-02-01 15:00:00,1653.95826375,1653.9824402487825,Random Forest
2025-02-01 16:00:00,1492.632331,1492.6382994202559,Random Forest
2025-02-01 17:00:00,1390.98461,1390.995479839176,Random Forest
2025-02-01 18:00:00,1460.74442125,1460.7513626543723,Random Forest
2025-02-01 19:00:00,1527.63800975,1527.6247022017976,Random Forest
2025-02-01 20:00:00,1484.96025775,1484.9586237522037,Random Forest
2025-02-01 21:00:00,1586.4955515,1586.4953542518592,Random Forest
2025-02-01 22:00:00,1513.16250325,1513.1525437221787,Random Forest
2025-02-01 23:00:00,1492.1932995,1492.1879559017284,Random Forest
2025-02-02 00:00:00,1592.165663,1592.1603539264095,Random Forest
2025-02-02 01:00:00,1696.567991,1696.5913638999548,Random Forest
2025-02-02 02:00:00,1423.952286,1423.9705995690301,Random Forest
2025-02-02 03:00:00,1429.3096605,1429.3306017396171,Random Forest
2025-02-02 04:00:00,1633.157199,1633.1674833518728,Random Forest
2025-02-02 05:00:00,1481.57469625,1481.5664173101009,Random Forest
2025-02-02 06:00:00,1492.037625,1492.0461370128803,Random Forest
2025-02-02 07:00:00,1519.4667505,1519.4513603184073,Random Forest
2025-02-02 08:00:00,1592.22197275,1592.1934037177707,Random Forest
2025-02-02 09:00:00,1511.32465475,1511.3132674016126,Random Forest
2025-02-02 10:00:00,1380.99809025,1381.0077336039674,Random Forest
2025-02-02 11:00:00,1604.369069,1604.375062254282,Random Forest
2025-02-02 12:00:00,1599.0514735,1599.0610605288387,Random Forest
2025-02-02 13:00:00,1406.2161135,1406.215774476931,Random Forest
2025-02-02 14:00:00,1469.50255275,1469.4796881818622,Random Forest
2025-02-02 15:00:00,1548.765367,1548.7561864978989,Random Forest
2025-02-02 16:00:00,1612.023164,1612.034258576129,Random Forest
2025-02-02 17:00:00,1546.6005625,1546.5990033010416,Random Forest
2025-02-02 18:00:00,1659.37634025,1659.3612934152095,Random Forest
2025-02-02 19:00:00,1550.5619755,1550.5604636485411,Random Forest
2025-02-02 20:00:00,1523.667413,1523.6642206346542,Random Forest
2025-02-02 21:00:00,1435.54000625,1435.5531725876783,Random Forest
2025-02-02 22:00:00,1589.46995875,1589.4712061115602,Random Forest
2025-02-02 23:00:00,1348.274939,1348.307900377327,Random Forest
2025-02-03 00:00:00,1527.3702095,1527.3659695393117,Random Forest
2025-02-03 01:00:00,1436.400386975,1436.4045501628684,Random Forest
2025-02-03 02:00:00,1484.77310075,1484.7765107168202,Random Forest
2025-02-03 03:00:00,1492.4505515,1492.448547284921,Random Forest
2025-02-03 04:00:00,1681.39319675,1681.308622314175,Random Forest
2025-02-03 05:00:00,1610.26339275,1610.2943730598668,Random Forest
2025-02-03 06:00:00,1373.05278825,1373.0475207114598,Random Forest
2025-02-03 07:00:00,1420.21434475,1420.2205060286549,Random Forest
2025-02-03 08:00:00,1566.4087045,1566.409569422261,Random Forest
2025-02-03 09:00:00,1692.36839975,1692.332552964801,Random Forest
2025-02-03 10:00:00,1353.29798425,1353.2636212043424,Random Forest
2025-02-03 11:00:00,1442.0296724999998,1442.0324549244986,Random Forest
2025-02-03 12:00:00,1533.70515725,1533.7064480007882,Random Forest
2025-02-03 13:00:00,1536.02389975,1536.027860308456,Random Forest
2025-02-03 14:00:00,1585.61335675,1585.6219378610522,Random Forest
2025-02-03 15:00:00,1685.7485375,1685.686512985805,Random Forest
2025-02-03 16:00:00,1344.563494,1344.597310012797,Random Forest
2025-02-03 17:00:00,1487.9656925,1487.9757328232186,Random Forest
2025-02-03 18:00:00,1513.230503,1513.232315630793,Random Forest
2025-02-03 19:00:00,1462.094957,1462.098042118352,Random Forest
2025-02-03 20:00:00,1580.632197,1580.6292531146487,Random Forest
2025-02-03 21:00:00,1465.0517885,1465.048397193219,Random Forest
2025-02-03 22:00:00,1509.06219275,1509.0635390696075,Random Forest
2025-02-03 23:00:00,1669.64132825,1669.646566888168,Random Forest
2025-02-04 00:00:00,1390.2129452499998,1390.2202905197971,Random Forest
2025-02-04 01:00:00,1463.009272,1463.018352713747,Random Forest
2025-02-04 02:00:00,1694.90288775,1694.8996163619013,Random Forest
2025-02-04 03:00:00,1442.2825465,1442.2819818839373,Random Forest
2025-02-04 04:00:00,1439.11085425,1439.1386488869239,Random Forest
2025-02-04 05:00:00,1559.22603175,1559.2182896180168,Random Forest
2025-02-04 06:00:00,1520.580305,1520.5839944843278,Random Forest
2025-02-04 07:00:00,1481.373215,1481.3870691734376,Random Forest
2025-02-04 08:00:00,1521.00693675,1521.0013285575121,Random Forest
2025-02-04 09:00:00,1536.08493975,1536.0837827953571,Random Forest
2025-02-04 10:00:00,1475.292424,1475.2978825209702,Random Forest
2025-02-04 11:00:00,1308.25573425,1308.219003666776,Random Forest
2025-02-04 12:00:00,1428.09718075,1428.094465233641,Random Forest
2025-02-04 13:00:00,1549.6483205,1549.6468374815022,Random Forest
2025-02-04 14:00:00,1465.0136445,1465.0283608883037,Random Forest
2025-02-04 15:00:00,1594.351212,1594.3582757408108,Random Forest
2025-02-04 16:00:00,1427.31504225,1427.3185542917752,Random Forest
2025-02-04 17:00:00,1381.371186,1381.373624267728,Random Forest
2025-02-04 18:00:00,1620.92374925,1620.937587043446,Random Forest
2025-02-04 19:00:00,1540.232547,1540.2280981471451,Random Forest
2025-02-04 20:00:00,1642.257928,1642.2491204692224,Random Forest
2025-02-04 21:00:00,1523.61608125,1523.608455528916,Random Forest
2025-02-04 22:00:00,1508.6107,1508.6023776923896,Random Forest
2025-02-04 23:00:00,1321.5735705,1321.564704888255,Random Forest
2025-02-05 00:00:00,1472.40268775,1472.4205875165128,Random Forest
2025-02-05 01:00:00,1571.48637575,1571.4837344665946,Random Forest
2025-02-05 02:00:00,1505.7425305000002,1505.7434843050423,Random Forest
2025-02-05 03:00:00,1454.24107725,1454.2421038108157,Random Forest
2025-02-05 04:00:00,1419.27374325,1419.2754813373883,Random Forest
2025-02-05 05:00:00,1325.92904175,1325.9396285262205,Random Forest
2025-02-05 06:00:00,1710.428763,1710.5362913203032,Random Forest
2025-02-05 07:00:00,1631.282642,1631.2882389836946,Random Forest
2025-02-05 08:00:00,1429.107342,1429.0993261085175,Random Forest
2025-02-05 09:00:00,1354.34054425,1354.3654918448728,Random Forest
2025-02-05 10:00:00,1566.74829875,1566.7330164689006,Random Forest
2025-02-05 11:00:00,1426.43460775,1426.4280377479452,Random Forest
2025-02-05 12:00:00,1595.067146,1595.0690358625898,Random Forest
2025-02-05 13:00:00,1507.0795495,1507.0803273596068,Random Forest
2025-02-05 14:00:00,1493.01314,1493.005282772159,Random Forest
2025-02-05 15:00:00,1460.614427,1460.5919322069092,Random Forest
2025-02-05 16:00:00,1653.57866975,1653.586316619588,Random Forest
2025-02-05 17:00:00,1429.88879425,1429.8650169273542,Random Forest
2025-02-05 18:00:00,1626.84770575,1626.841070014716,Random Forest
2025-02-05 19:00:00,1641.707437,1641.7129307855744,Random Forest
2025-02-05 20:00:00,1571.91340825,1571.91511045232,Random Forest
2025-02-05 21:00:00,1553.28837675,1553.2954350349444,Random Forest
2025-02-05 22:00:00,1448.5414345,1448.5446849312475,Random Forest
2025-02-05 23:00:00,1446.41482525,1446.4312817562432,Random Forest
2025-02-06 00:00:00,1627.99804675,1628.00376141728,Random Forest
2025-02-06 01:00:00,1533.38858475,1533.3930378963064,Random Forest
2025-02-06 02:00:00,1467.603366,1467.602542156287,Random Forest
2025-02-06 03:00:00,1405.081751,1405.0480815206538,Random Forest
2025-02-06 04:00:00,1617.39064175,1617.3704162879176,Random Forest
2025-02-06 05:00:00,1655.5284645,1655.5280954624143,Random Forest
2025-02-06 06:00:00,1542.779437,1542.7797931205878,Random Forest
2025-02-06 07:00:00,1434.19965075,1434.2109820884227,Random Forest
2025-02-06 08:00:00,1387.85733375,1387.8166427658912,Random Forest
2025-02-06 09:00:00,1487.57494,1487.5694122801306,Random Forest
2025-02-06 10:00:00,1633.5430125,1633.55213299548,Random Forest
2025-02-06 11:00:00,1340.06976125,1340.0532396010283,Random Forest
2025-02-06 12:00:00,1350.42275085,1350.4351880177587,Random Forest
2025-02-06 13:00:00,1451.653783,1451.6465398327025,Random Forest
2025-02-06 14:00:00,1702.6784385,1702.6876614151913,Random Forest
2025-02-06 15:00:00,1469.9838065,1469.973173363705,Random Forest
2025-02-06 16:00:00,1640.3891625,1640.3780159425203,Random Forest
2025-02-06 17:00:00,1315.737435,1315.828513736483,Random Forest
2025-02-06 18:00:00,1406.90457275,1406.888993584691,Random Forest
2025-02-06 19:00:00,1498.69940425,1498.6867037958364,Random Forest
2025-02-06 20:00:00,1494.497613,1494.4895840105098,Random Forest
2025-02-06 21:00:00,1567.52770075,1567.5201035682433,Random Forest
2025-02-06 22:00:00,1331.88003775,1331.8551573451355,Random Forest
2025-02-06 23:00:00,1344.49883775,1344.51628287747,Random Forest
2025-02-07 00:00:00,1577.6926065,1577.6710921444524,Random Forest
2025-02-07 01:00:00,1636.3920215,1636.39856477531,Random Forest
2025-02-07 02:00:00,1604.65475425,1604.6552976747207,Random Forest
2025-02-07 03:00:00,1485.43225375,1485.4419799147583,Random Forest
2025-02-07 04:00:00,1488.81898725,1488.8137263713847,Random Forest
2025-02-07 05:00:00,1538.58569475,1538.586912873906,Random Forest
2025-02-07 06:00:00,1412.49015975,1412.475993410658,Random Forest
2025-02-07 07:00:00,1409.726370175,1409.7271727138518,Random Forest
2025-02-07 08:00:00,1484.262287,1484.2615068318892,Random Forest
2025-02-07 09:00:00,1534.29294275,1534.300050074107,Random Forest
2025-02-07 10:00:00,1672.0292325,1671.9958173523992,Random Forest
2025-02-07 11:00:00,1509.625564,1509.6259569476128,Random Forest
2025-02-07 12:00:00,1608.8740785,1608.8910577620338,Random Forest
2025-02-07 13:00:00,1559.32741225,1559.3247014802482,Random Forest
2025-02-07 14:00:00,1390.45816125,1390.4753022236305,Random Forest
2025-02-07 15:00:00,1559.02635975,1559.0081344921748,Random Forest
2025-02-07 16:00:00,1625.57899275,1625.595903762977,Random Forest
2025-02-07 17:00:00,1491.5715325,1491.5706416731555,Random Forest
2025-02-07 18:00:00,1574.61035475,1574.6208041818932,Random Forest
2025-02-07 19:00:00,1613.7610155,1613.7657344979016,Random Forest
2025-02-07 20:00:00,1432.77307575,1432.7771698315003,Random Forest
2025-02-07 21:00:00,1432.6950095,1432.7049584009847,Random Forest
2025-02-07 22:00:00,1501.2536475,1501.2617607170268,Random Forest
2025-02-07 23:00:00,1530.7657235,1530.7683701998494,Random Forest
2025-02-08 00:00:00,1558.17586025,1558.1626110670247,Random Forest
2025-02-08 01:00:00,1475.4554785,1475.4652031557018,Random Forest
2025-02-08 02:00:00,1371.76555925,1371.7655249069874,Random Forest
2025-02-08 03:00:00,1392.74530575,1392.745963043636,Random Forest
2025-02-08 04:00:00,1409.442533,1409.445272438252,Random Forest
2025-02-08 05:00:00,1405.953133,1405.958475436567,Random Forest
2025-02-08 06:00:00,1403.21397675,1403.2010763241858,Random Forest
2025-02-08 07:00:00,1534.07117325,1534.0492714187872,Random Forest
2025-02-08 08:00:00,1472.1256095,1472.1257276901636,Random Forest
2025-02-08 09:00:00,1418.93882775,1418.9346790725147,Random Forest
2025-02-08 10:00:00,1603.07574575,1603.077904217354,Random Forest
2025-02-08 11:00:00,1524.772647,1524.7757829432774,Random Forest
2025-02-08 12:00:00,1371.63674625,1371.6529802358154,Random Forest
2025-02-08 13:00:00,1505.28775175,1505.2837867688434,Random Forest
2025-02-08 14:00:00,1696.01182625,1695.997348972248,Random Forest
2025-02-08 15:00:00,1374.0221125,1373.9936800501143,Random Forest
2025-02-08 16:00:00,1513.28520475,1513.2927089303207,Random Forest
2025-02-08 17:00:00,1482.8542435,1482.8489874418744,Random Forest
2025-02-08 18:00:00,1586.71140525,1586.7187724242776,Random Forest
2025-02-08 19:00:00,1519.131676,1519.1413504164648,Random Forest
2025-02-08 20:00:00,1508.91975375,1508.9164818197366,Random Forest
2025-02-08 21:00:00,1495.779199,1495.7655870447797,Random Forest
2025-02-08 22:00:00,1538.06620125,1538.0745293353664,Random Forest
2025-02-08 23:00:00,1604.6323895,1604.6514249090205,Random Forest
2025-02-09 00:00:00,1657.68896225,1657.7295969674917,Random Forest
2025-02-09 01:00:00,1487.42433925,1487.4248394100878,Random Forest
2025-02-09 02:00:00,1344.04256725,1344.042639748799,Random Forest
2025-02-09 03:00:00,1290.33865525,1290.3906079310814,Random Forest
2025-02-09 04:00:00,1546.071943,1546.0760397698211,Random Forest
2025-02-09 05:00:00,1432.40500025,1432.4115263154893,Random Forest
2025-02-09 06:00:00,1647.276699,1647.2536553505,Random Forest
2025-02-09 07:00:00,1429.5388295,1429.5492639538631,Random Forest
2025-02-09 08:00:00,1694.71485625,1694.6926113592383,Random Forest
2025-02-09 09:00:00,1441.80915525,1441.8084537567522,Random Forest
2025-02-09 10:00:00,1385.1792965,1385.1893071867082,Random Forest
2025-02-09 11:00:00,1635.76772475,1635.7473688404568,Random Forest
2025-02-09 12:00:00,1418.777399,1418.7691880752047,Random Forest
2025-02-09 13:00:00,1546.19372,1546.2095162917324,Random Forest
2025-02-09 14:00:00,1506.02857675,1506.0399666807975,Random Forest
2025-02-09 15:00:00,1422.66555025,1422.6613467400916,Random Forest
2025-02-09 16:00:00,1616.34454225,1616.334864102357,Random Forest
2025-02-09 17:00:00,1458.1059985,1458.092537166773,Random Forest
2025-02-09 18:00:00,1718.140327,1718.076674555232,Random Forest
2025-02-09 19:00:00,1596.79195175,1596.7894909278807,Random Forest
2025-02-09 20:00:00,1419.92685925,1419.9290349997898,Random Forest
2025-02-09 21:00:00,1495.8140115,1495.8168035014685,Random Forest
2025-02-09 22:00:00,1523.4831735,1523.4904593141712,Random Forest
2025-02-09 23:00:00,1574.08460125,1574.0884266718888,Random Forest
2025-02-10 00:00:00,1576.930499,1576.9327885361497,Random Forest
2025-02-10 01:00:00,1423.0596245000002,1423.0661922628806,Random Forest
2025-02-10 02:00:00,1460.80029725,1460.7916716567133,Random Forest
2025-02-10 03:00:00,1447.3464535,1447.357841931899,Random Forest
2025-02-10 04:00:00,1509.59314925,1509.584817807503,Random Forest
2025-02-10 05:00:00,1395.020666,1395.02466014359,Random Forest
2025-02-10 06:00:00,1627.504279,1627.5311994457263,Random Forest
2025-02-10 07:00:00,1496.40119525,1496.3992867644429,Random Forest
2025-02-10 08:00:00,1602.325164,1602.3398321815766,Random Forest
2025-02-10 09:00:00,1540.01883275,1540.005978189677,Random Forest
2025-02-10 10:00:00,1586.8807705,1586.8656101261504,Random Forest
2025-02-10 11:00:00,1279.4128835,1279.5183048786203,Random Forest
2025-02-10 12:00:00,1402.58009275,1402.5643221227604,Random Forest
2025-02-10 13:00:00,1408.56687975,1408.5811323794524,Random Forest
2025-02-10 14:00:00,1326.044270675,1326.0329268452888,Random Forest
2025-02-10 15:00:00,1541.55077375,1541.5673289432516,Random Forest
2025-02-10 16:00:00,1619.10668225,1619.1015036272477,Random Forest
2025-02-10 17:00:00,1633.772525,1633.7847677916468,Random Forest
2025-02-10 18:00:00,1556.97302,1556.9868175910774,Random Forest
2025-02-10 19:00:00,1669.68720375,1669.6798947758577,Random Forest
2025-02-10 20:00:00,1409.028409,1409.0278921294741,Random Forest
2025-02-10 21:00:00,1499.24780225,1499.252489036232,Random Forest
2025-02-10 22:00:00,1561.37871475,1561.384596233757,Random Forest
2025-02-10 23:00:00,1463.416144,1463.39521864154,Random Forest
2025-02-11 00:00:00,1499.44275075,1499.437091560571,Random Forest
2025-02-11 01:00:00,1721.30204475,1721.3295914123346,Random Forest
2025-02-11 02:00:00,1650.12704725,1650.1216071318572,Random Forest
2025-02-11 03:00:00,1581.93318875,1581.924818356321,Random Forest
2025-02-11 04:00:00,1446.82556175,1446.8271053246904,Random Forest
2025-02-11 05:00:00,1560.08591575,1560.093976483455,Random Forest
2025-02-11 06:00:00,1593.675004,1593.689723648789,Random Forest
2025-02-11 07:00:00,1743.48000475,1743.4596158573854,Random Forest
2025-02-11 08:00:00,1653.8099165,1653.8028370207178,Random Forest
2025-02-11 09:00:00,1445.274518,1445.2750733608302,Random Forest
2025-02-11 10:00:00,1474.22619425,1474.2165440931133,Random Forest
2025-02-11 11:00:00,1536.25501125,1536.2549183476149,Random Forest
2025-02-11 12:00:00,1434.56467425,1434.5704849711294,Random Forest
2025-02-11 13:00:00,1373.864692,1373.8606134576555,Random Forest
2025-02-11 14:00:00,1406.8281895,1406.8413614037877,Random Forest
2025-02-11 15:00:00,1572.85519975,1572.8614003095363,Random Forest
2025-02-11 16:00:00,1427.5723360000002,1427.5788210112923,Random Forest
2025-02-11 17:00:00,1374.8421065,1374.8211192684103,Random Forest
2025-02-11 18:00:00,1536.5347845,1536.5494830283028,Random Forest
2025-02-11 19:00:00,1432.724123875,1432.7205946950876,Random Forest
2025-02-11 20:00:00,1466.1036965,1466.1093742088703,Random Forest
2025-02-11 21:00:00,1532.9436839999998,1532.933246477986,Random Forest
2025-02-11 22:00:00,1440.33656975,1440.333040164577,Random Forest
2025-02-11 23:00:00,1535.8504735,1535.8469792586093,Random Forest
2025-02-12 00:00:00,1325.06185525,1325.0672279549183,Random Forest
2025-02-12 01:00:00,1406.8831135,1406.875302886177,Random Forest
2025-02-12 02:00:00,1621.4229635,1621.4244182389418,Random Forest
2025-02-12 03:00:00,1625.09805975,1625.0882256990524,Random Forest
2025-02-12 04:00:00,1420.386722,1420.3982742440585,Random Forest
2025-02-12 05:00:00,1477.301516,1477.2978892420317,Random Forest
2025-02-12 06:00:00,1638.725434,1638.7540680901554,Random Forest
2025-02-12 07:00:00,1537.2278595,1537.2168575018038,Random Forest
2025-02-12 08:00:00,1380.8504245,1380.844804321273,Random Forest
2025-02-12 09:00:00,1327.4156465,1327.4493948870759,Random Forest
2025-02-12 10:00:00,1494.88348375,1494.8715648508378,Random Forest
2025-02-12 11:00:00,1711.45667275,1711.5873616217377,Random Forest
2025-02-12 12:00:00,1342.62204825,1342.5981346691894,Random Forest
2025-02-12 13:00:00,1544.90025775,1544.920964317725,Random Forest
2025-02-12 14:00:00,1501.6742815,1501.6619022100276,Random Forest
2025-02-12 15:00:00,1557.52526875,1557.5156187830778,Random Forest
2025-02-12 16:00:00,1547.6638575000002,1547.6522851280286,Random Forest
2025-02-12 17:00:00,1435.404227,1435.4008505487125,Random Forest
2025-02-12 18:00:00,1456.26382025,1456.2453930734284,Random Forest
2025-02-12 19:00:00,1629.43984475,1629.445167218673,Random Forest
2025-02-12 20:00:00,1486.415409,1486.4169781856765,Random Forest
2025-02-12 21:00:00,1393.8517675,1393.8573024515936,Random Forest
2025-02-12 22:00:00,1241.64250675,1241.72794634258,Random Forest
2025-02-12 23:00:00,1297.98564875,1297.9202829725757,Random Forest
2025-02-13 00:00:00,1746.12178675,1745.9810485536495,Random Forest
2025-02-13 01:00:00,1255.91839425,1255.9692069812156,Random Forest
2025-02-13 02:00:00,1366.212023,1366.1924981359518,Random Forest
2025-02-13 03:00:00,1353.01115625,1353.0100074743632,Random Forest
2025-02-13 04:00:00,1481.79054425,1481.7899282229444,Random Forest
2025-02-13 05:00:00,1543.2393225,1543.2359373743966,Random Forest
2025-02-13 06:00:00,1667.731903,1667.7416161453057,Random Forest
2025-02-13 07:00:00,1539.538685,1539.5204549456314,Random Forest
2025-02-13 08:00:00,1449.9154255,1449.9257218818925,Random Forest
2025-02-13 09:00:00,1598.17967625,1598.1794730236286,Random Forest
2025-02-13 10:00:00,1459.1081495,1459.108596890802,Random Forest
2025-02-13 11:00:00,1526.2610435,1526.2651574843464,Random Forest
2025-02-13 12:00:00,1508.22078325,1508.2148044062626,Random Forest
2025-02-13 13:00:00,1559.22806,1559.2194828383044,Random Forest
2025-02-13 14:00:00,1632.08114325,1632.0668433944581,Random Forest
2025-02-13 15:00:00,1439.54747375,1439.5555453437648,Random Forest
2025-02-13 16:00:00,1438.8712375,1438.8716221804134,Random Forest
2025-02-13 17:00:00,1544.10784,1544.0975103919302,Random Forest
2025-02-13 18:00:00,1403.1890685,1403.194261425228,Random Forest
2025-02-13 19:00:00,1439.10777375,1439.127539229896,Random Forest
2025-02-13 20:00:00,1503.64220175,1503.6412669037957,Random Forest
2025-02-13 21:00:00,1538.98317825,1538.9798451883719,Random Forest
2025-02-13 22:00:00,1439.492309,1439.482621053329,Random Forest
2025-02-13 23:00:00,1449.65964825,1449.6770151306753,Random Forest
2025-02-14 00:00:00,1485.92206875,1485.9134891176636,Random Forest
2025-02-14 01:00:00,1466.1194835,1466.121382408942,Random Forest
2025-02-14 02:00:00,1465.74962125,1465.7524281086014,Random Forest
2025-02-14 03:00:00,1500.49769175,1500.5046626279684,Random Forest
2025-02-14 04:00:00,1622.804717,1622.7846448967052,Random Forest
2025-02-14 05:00:00,1457.14365425,1457.1349053943152,Random Forest
2025-02-14 06:00:00,1320.87992175,1320.8756053916863,Random Forest
2025-02-14 07:00:00,1566.4787475,1566.4388282134223,Random Forest
2025-02-14 08:00:00,1569.74916275,1569.7391625914006,Random Forest
2025-02-14 09:00:00,1423.10339375,1423.08092025214,Random Forest
2025-02-14 10:00:00,1482.9736275,1482.9817646697495,Random Forest
2025-02-14 11:00:00,1403.41410875,1403.4246448167562,Random Forest
2025-02-14 12:00:00,1624.336644,1624.326153492707,Random Forest
2025-02-14 13:00:00,1493.507582,1493.5001969203533,Random Forest
2025-02-14 14:00:00,1613.052973,1613.0429016795365,Random Forest
2025-02-14 15:00:00,1630.18629575,1630.1745316971262,Random Forest
2025-02-14 16:00:00,1454.8173752500002,1454.8213244159092,Random Forest
2025-02-14 17:00:00,1559.1282745,1559.120716840218,Random Forest
2025-02-14 18:00:00,1553.29785125,1553.2963807390902,Random Forest
2025-02-14 19:00:00,1593.5346855,1593.5256720834884,Random Forest
2025-02-14 20:00:00,1650.1054135,1650.1028180772505,Random Forest
2025-02-14 21:00:00,1589.09275525,1589.0722997084076,Random Forest
2025-02-14 22:00:00,1570.69775675,1570.6819530665578,Random Forest
2025-02-14 23:00:00,1503.2361395,1503.2563789562262,Random Forest
2025-02-15 00:00:00,1617.50770025,1617.5329966237666,Random Forest
2025-02-15 01:00:00,1461.822039,1461.8320920763465,Random Forest
2025-02-15 02:00:00,1353.44639025,1353.4431765975196,Random Forest
2025-02-15 03:00:00,1545.12126675,1545.1112437603547,Random Forest
2025-02-15 04:00:00,1345.80795325,1345.7985340654182,Random Forest
2025-02-15 05:00:00,1557.7650105,1557.7540533666563,Random Forest
2025-02-15 06:00:00,1502.952233,1502.9600310341734,Random Forest
2025-02-15 07:00:00,1506.69240075,1506.6850625219997,Random Forest
2025-02-15 08:00:00,1481.00561525,1481.006230642064,Random Forest
2025-02-15 09:00:00,1346.803143,1346.8019651448194,Random Forest
2025-02-15 10:00:00,1621.92246725,1621.9226367658098,Random Forest
2025-02-15 11:00:00,1542.8591045,1542.8573496539445,Random Forest
2025-02-15 12:00:00,1733.06322675,1732.9928606834249,Random Forest
2025-02-15 13:00:00,1606.9375705,1606.9279172547037,Random Forest
2025-02-15 14:00:00,1601.73690975,1601.704043252582,Random Forest
2025-02-15 15:00:00,1638.89339875,1638.9146807152604,Random Forest
2025-02-15 16:00:00,1600.264245,1600.2640031072794,Random Forest
2025-02-15 17:00:00,1325.9323575,1325.9396285262205,Random Forest
2025-02-15 18:00:00,1597.170382,1597.1828101063145,Random Forest
2025-02-15 19:00:00,1579.19001825,1579.2110842879154,Random Forest
2025-02-15 20:00:00,1620.6721455,1620.6553814013853,Random Forest
2025-02-15 21:00:00,1617.315165,1617.3333015998494,Random Forest
2025-02-15 22:00:00,1444.33204625,1444.328830798412,Random Forest
2025-02-15 23:00:00,1691.8757295,1691.8745041336474,Random Forest
2025-02-16 00:00:00,1503.47917975,1503.4956016976257,Random Forest
2025-02-16 01:00:00,1510.908354,1510.9171249803849,Random Forest
2025-02-16 02:00:00,1567.24436475,1567.2543606474344,Random Forest
2025-02-16 03:00:00,1541.3339145,1541.31700001038,Random Forest
2025-02-16 04:00:00,1511.140484,1511.1469073595117,Random Forest
2025-02-16 05:00:00,1489.17791525,1489.178356200071,Random Forest
2025-02-16 06:00:00,1424.5346685,1424.5479756660463,Random Forest
2025-02-16 07:00:00,1423.95129275,1423.9594032503965,Random Forest
2025-02-16 08:00:00,1408.93648675,1408.9555639440953,Random Forest
2025-02-16 09:00:00,1562.51652175,1562.530544303131,Random Forest
2025-02-16 10:00:00,1529.42862375,1529.4301124106228,Random Forest
2025-02-16 11:00:00,1513.1745055,1513.1621911471964,Random Forest
2025-02-16 12:00:00,1534.7788725,1534.761163099776,Random Forest
2025-02-16 13:00:00,1526.8138675,1526.831444772376,Random Forest
2025-02-16 14:00:00,1685.1366025,1685.106763925888,Random Forest
2025-02-16 15:00:00,1547.539753,1547.520195696561,Random Forest
2025-02-16 16:00:00,1654.507683,1654.5043371472734,Random Forest
2025-02-16 17:00:00,1680.00355875,1679.9596138919744,Random Forest
2025-02-16 18:00:00,1379.6650225,1379.6398575668866,Random Forest
2025-02-16 19:00:00,1397.37051275,1397.3731979335828,Random Forest
2025-02-16 20:00:00,1532.3474015,1532.3559828868094,Random Forest
2025-02-16 21:00:00,1460.1712195,1460.1571113983643,Random Forest
2025-02-16 22:00:00,1492.89915125,1492.9021649968133,Random Forest
2025-02-16 23:00:00,1328.709703,1328.7316631644626,Random Forest
2025-02-17 00:00:00,1450.284109,1450.294882978503,Random Forest
2025-02-17 01:00:00,1641.218969,1641.2717409956133,Random Forest
2025-02-17 02:00:00,1728.1856295,1728.0462411748597,Random Forest
2025-02-17 03:00:00,1466.3918025,1466.3956711887192,Random Forest
2025-02-17 04:00:00,1552.65588725,1552.6395787307085,Random Forest
2025-02-17 05:00:00,1353.9708565,1353.997119201686,Random Forest
2025-02-17 06:00:00,1292.47095575,1292.427092553849,Random Forest
2025-02-17 07:00:00,1570.06382225,1570.0640834680285,Random Forest
2025-02-17 08:00:00,1418.69690525,1418.703244850022,Random Forest
2025-02-17 09:00:00,1451.400613,1451.3941291065803,Random Forest
2025-02-17 10:00:00,1368.2846455,1368.2820488173656,Random Forest
2025-02-17 11:00:00,1482.64257875,1482.6281576103947,Random Forest
2025-02-17 12:00:00,1413.5676985,1413.576282081638,Random Forest
2025-02-17 13:00:00,1617.98889175,1618.0057373026493,Random Forest
2025-02-17 14:00:00,1482.38024275,1482.3886797871871,Random Forest
2025-02-17 15:00:00,1529.9076435,1529.902500075255,Random Forest
2025-02-17 16:00:00,1413.908608,1413.9248673502473,Random Forest
2025-02-17 17:00:00,1523.144666,1523.150836393743,Random Forest
2025-02-17 18:00:00,1681.9014315,1681.9910699347633,Random Forest
2025-02-17 19:00:00,1422.0116815,1422.0171469425325,Random Forest
2025-02-17 20:00:00,1643.927714,1643.8945740608224,Random Forest
2025-02-17 21:00:00,1375.09717525,1375.1027350866589,Random Forest
2025-02-17 22:00:00,1663.6871395,1663.6346911534474,Random Forest
2025-02-17 23:00:00,1467.10861725,1467.1115126357656,Random Forest
2025-02-18 00:00:00,1523.91159625,1523.9063722168307,Random Forest
2025-02-18 01:00:00,1497.96108125,1497.9546062765107,Random Forest
2025-02-18 02:00:00,1326.33643675,1326.337214390401,Random Forest
2025-02-18 03:00:00,1659.543655,1659.562506180023,Random Forest
2025-02-18 04:00:00,1508.8706794999998,1508.8813492443476,Random Forest
2025-02-18 05:00:00,1678.228367,1678.171480570324,Random Forest
2025-02-18 06:00:00,1444.82556025,1444.8312453649175,Random Forest
2025-02-18 07:00:00,1727.31535075,1727.5526293621756,Random Forest
2025-02-18 08:00:00,1439.41533225,1439.411492375266,Random Forest
2025-02-18 09:00:00,1214.08437025,1214.8997024022897,Random Forest
2025-02-18 10:00:00,1567.18760925,1567.1811599440691,Random Forest
2025-02-18 11:00:00,1450.068753,1450.0615279091626,Random Forest
2025-02-18 12:00:00,1532.88053025,1532.883246064574,Random Forest
2025-02-18 13:00:00,1563.31229975,1563.3251929522112,Random Forest
2025-02-18 14:00:00,1516.44979175,1516.4524646068023,Random Forest
2025-02-18 15:00:00,1458.77953775,1458.785324590686,Random Forest
2025-02-18 16:00:00,1405.51275025,1405.5109775040137,Random Forest
2025-02-18 17:00:00,1342.77965925,1342.7808303663683,Random Forest
2025-02-18 18:00:00,1368.81987225,1368.8070903281875,Random Forest
2025-02-18 19:00:00,1471.71829425,1471.710988391356,Random Forest
2025-02-18 20:00:00,1441.3167865,1441.3193168078758,Random Forest
2025-02-18 21:00:00,1329.85379325,1329.845545391971,Random Forest
2025-02-18 22:00:00,1464.365445,1464.3650708086611,Random Forest
2025-02-18 23:00:00,1478.02218875,1478.0193923852253,Random Forest
2025-02-19 00:00:00,1562.58189525,1562.5730946979725,Random Forest
2025-02-19 01:00:00,1287.803524325,1287.757398030321,Random Forest
2025-02-19 02:00:00,1504.78402575,1504.7782146712418,Random Forest
2025-02-19 03:00:00,1567.54523225,1567.5568825598693,Random Forest
2025-02-19 04:00:00,1602.789764,1602.7937248432934,Random Forest
2025-02-19 05:00:00,1614.635035,1614.632744258222,Random Forest
2025-02-19 06:00:00,1422.740311,1422.7593754405693,Random Forest
2025-02-19 07:00:00,1415.586639,1415.5881039788371,Random Forest
2025-02-19 08:00:00,1380.3613405,1380.3534550473537,Random Forest
2025-02-19 09:00:00,1567.124766,1567.1357633399696,Random Forest
2025-02-19 10:00:00,1438.8177839999998,1438.8260506152574,Random Forest
2025-02-19 11:00:00,1445.3398995,1445.3290012920654,Random Forest
2025-02-19 12:00:00,1624.024664,1624.0202312788338,Random Forest
2025-02-19 13:00:00,1424.4087845,1424.4196940760685,Random Forest
2025-02-19 14:00:00,1208.568962,1208.6412237709822,Random Forest
2025-02-19 15:00:00,1741.10455225,1741.1186094589355,Random Forest
2025-02-19 16:00:00,1485.4343415,1485.4420224371265,Random Forest
2025-02-19 17:00:00,1486.9183395,1486.9273213636327,Random Forest
2025-02-19 18:00:00,1617.6278377499998,1617.6211766413512,Random Forest
2025-02-19 19:00:00,1595.4852905,1595.4908722265359,Random Forest
2025-02-19 20:00:00,1412.9182065,1412.913386682938,Random Forest
2025-02-19 21:00:00,1500.767176,1500.7610385040618,Random Forest
2025-02-19 22:00:00,1586.98997175,1586.9680367084181,Random Forest
2025-02-19 23:00:00,1506.3754435,1506.3876422214441,Random Forest
2025-02-20 00:00:00,1475.217902,1475.2129281551563,Random Forest
2025-02-20 01:00:00,1599.2188025,1599.2100535670145,Random Forest
2025-02-20 02:00:00,1494.414625,1494.4070228170156,Random Forest
2025-02-20 03:00:00,1535.30061075,1535.3034086534064,Random Forest
2025-02-20 04:00:00,1486.596955,1486.5987521688191,Random Forest
2025-02-20 05:00:00,1490.136796,1490.1417210864324,Random Forest
2025-02-20 06:00:00,1442.52846625,1442.5282319597202,Random Forest
2025-02-20 07:00:00,1459.849342,1459.8457064217343,Random Forest
2025-02-20 08:00:00,1413.16762525,1413.179478754536,Random Forest
2025-02-20 09:00:00,1533.84483775,1533.8241499267797,Random Forest
2025-02-20 10:00:00,1542.08612775,1542.0976409766276,Random Forest
2025-02-20 11:00:00,1634.610985,1634.61239118785,Random Forest
2025-02-20 12:00:00,1560.4506085,1560.4422760660827,Random Forest
2025-02-20 13:00:00,1564.3003835,1564.3063647113338,Random Forest
2025-02-20 14:00:00,1364.2566955,1364.2346953797135,Random Forest
2025-02-20 15:00:00,1626.5082905,1626.504345201518,Random Forest
2025-02-20 16:00:00,1469.15904425,1469.171077255512,Random Forest
2025-02-20 17:00:00,1523.01017125,1523.0118511396772,Random Forest
2025-02-20 18:00:00,1486.939006,1486.9336575004418,Random Forest
2025-02-20 19:00:00,1460.87627925,1460.8772558481237,Random Forest
2025-02-20 20:00:00,1529.7301435,1529.7252202916427,Random Forest
2025-02-20 21:00:00,1498.4473225,1498.446807490989,Random Forest
2025-02-20 22:00:00,1630.89459675,1630.9314834269942,Random Forest
2025-02-20 23:00:00,1578.33157,1578.3295892455155,Random Forest
2025-02-21 00:00:00,1453.49419075,1453.517562746195,Random Forest
2025-02-21 01:00:00,1488.295526,1488.2906206911753,Random Forest
2025-02-21 02:00:00,1509.1821645,1509.1790625171918,Random Forest
2025-02-21 03:00:00,1464.780524,1464.7663902845347,Random Forest
2025-02-21 04:00:00,1553.0362455,1553.0371062973727,Random Forest
2025-02-21 05:00:00,1495.667236,1495.6648706989467,Random Forest
2025-02-21 06:00:00,1624.58274775,1624.5943395678905,Random Forest
2025-02-21 07:00:00,1393.5178515,1393.5306058220265,Random Forest
2025-02-21 08:00:00,1601.0835065,1601.0812883200197,Random Forest
2025-02-21 09:00:00,1672.92493,1672.9511944979458,Random Forest
2025-02-21 10:00:00,1550.34623725,1550.3367376872754,Random Forest
2025-02-21 11:00:00,1589.363944,1589.3762826931954,Random Forest
2025-02-21 12:00:00,1586.31072675,1586.3044817576902,Random Forest
2025-02-21 13:00:00,1506.5204795,1506.5085294494506,Random Forest
2025-02-21 14:00:00,1595.5381615,1595.5224272242638,Random Forest
2025-02-21 15:00:00,1647.253753,1647.2382076322276,Random Forest
2025-02-21 16:00:00,1553.82717825,1553.8381725701256,Random Forest
2025-02-21 17:00:00,1330.317705,1330.3608418706651,Random Forest
2025-02-21 18:00:00,1555.748373,1555.737587183077,Random Forest
2025-02-21 19:00:00,1531.06486025,1531.0578146955895,Random Forest
2025-02-21 20:00:00,1415.083918,1415.0886241268436,Random Forest
2025-02-21 21:00:00,1408.7811556,1408.7879129326434,Random Forest
2025-02-21 22:00:00,1491.43856845,1491.4289905584928,Random Forest
2025-02-21 23:00:00,1536.9073275,1536.9112762005925,Random Forest
2025-02-22 00:00:00,1416.5159965,1416.5076859393478,Random Forest
2025-02-22 01:00:00,1465.8437655,1465.8410768243639,Random Forest
2025-02-22 02:00:00,1383.92309875,1383.9281911340047,Random Forest
2025-02-22 03:00:00,1620.22431675,1620.2565902656986,Random Forest
2025-02-22 04:00:00,1426.868361,1426.8682542777135,Random Forest
2025-02-22 05:00:00,1598.10566275,1598.1155482556608,Random Forest
2025-02-22 06:00:00,1579.8617205,1579.8756001038598,Random Forest
2025-02-22 07:00:00,1574.372684,1574.3871210862144,Random Forest
2025-02-22 08:00:00,1456.51811025,1456.5127231778001,Random Forest
2025-02-22 09:00:00,1413.64136675,1413.6430877914445,Random Forest
2025-02-22 10:00:00,1422.62053375,1422.628755437884,Random Forest
2025-02-22 11:00:00,1603.329863,1603.3495932823175,Random Forest
2025-02-22 12:00:00,1505.6296715,1505.6233652983387,Random Forest
2025-02-22 13:00:00,1557.6182815,1557.620685750297,Random Forest
2025-02-22 14:00:00,1446.108245,1446.1052392884912,Random Forest
2025-02-22 15:00:00,1514.75565275,1514.7679626595198,Random Forest
2025-02-22 16:00:00,1391.10891725,1391.0939075635094,Random Forest
2025-02-22 17:00:00,1500.31828225,1500.3281946251486,Random Forest
2025-02-22 18:00:00,1636.260163,1636.2460472307941,Random Forest
2025-02-22 19:00:00,1492.4747125,1492.4835131072384,Random Forest
2025-02-22 20:00:00,1505.79877125,1505.8016204269752,Random Forest
2025-02-22 21:00:00,1473.51481875,1473.5182974598738,Random Forest
2025-02-22 22:00:00,1391.234374875,1391.2140571791494,Random Forest
2025-02-22 23:00:00,1366.755583,1366.7660674198225,Random Forest
2025-02-23 00:00:00,1490.6327632500002,1490.6336217594792,Random Forest
2025-02-23 01:00:00,1492.17109325,1492.1736923341484,Random Forest
2025-02-23 02:00:00,1386.4428205,1386.4414453968757,Random Forest
2025-02-23 03:00:00,1409.309499,1409.3116826301703,Random Forest
2025-02-23 04:00:00,1451.48644175,1451.4805715145367,Random Forest
2025-02-23 05:00:00,1566.5876665,1566.5994929138449,Random Forest
2025-02-23 06:00:00,1663.81244925,1663.8824130782218,Random Forest
2025-02-23 07:00:00,1461.88401825,1461.878246860251,Random Forest
2025-02-23 08:00:00,1407.95138925,1407.954394279181,Random Forest
2025-02-23 09:00:00,1495.96246625,1495.9702707908398,Random Forest
2025-02-23 10:00:00,1562.837487,1562.8275550788385,Random Forest
2025-02-23 11:00:00,1477.86776275,1477.8721897725065,Random Forest
2025-02-23 12:00:00,1533.42847175,1533.4370426228552,Random Forest
2025-02-23 13:00:00,1477.28562925,1477.2631982456608,Random Forest
2025-02-23 14:00:00,1535.52757575,1535.514033814444,Random Forest
2025-02-23 15:00:00,1466.28155825,1466.2750247978058,Random Forest
2025-02-23 16:00:00,1604.6923235,1604.672239665369,Random Forest
2025-02-23 17:00:00,1516.9854725,1516.9828307128325,Random Forest
2025-02-23 18:00:00,1419.1831185,1419.1810275252428,Random Forest
2025-02-23 19:00:00,1468.62765425,1468.6255412932937,Random Forest
2025-02-23 20:00:00,1498.5194225,1498.5058161458935,Random Forest
2025-02-23 21:00:00,1444.2311875,1444.2302124883845,Random Forest
2025-02-23 22:00:00,1469.74711775,1469.7451870748575,Random Forest
2025-02-23 23:00:00,1406.4181655,1406.4159409424908,Random Forest
2025-02-24 00:00:00,1410.250095,1410.224301944962,Random Forest
2025-02-24 01:00:00,1482.4484165,1482.4560417086136,Random Forest
2025-02-24 02:00:00,1474.3563935,1474.3589308833043,Random Forest
2025-02-24 03:00:00,1586.2880235,1586.2839607082758,Random Forest
2025-02-24 04:00:00,1456.2058415,1456.1992121737085,Random Forest
2025-02-24 05:00:00,1441.27200525,1441.3107169810653,Random Forest
2025-02-24 06:00:00,1456.6188305,1456.6335102972648,Random Forest
2025-02-24 07:00:00,1355.37853545,1355.342894387274,Random Forest
2025-02-24 08:00:00,1597.75597675,1597.7687760351996,Random Forest
2025-02-24 09:00:00,1597.266438,1597.2614916842213,Random Forest
2025-02-24 10:00:00,1337.85701925,1337.862962054323,Random Forest
2025-02-24 11:00:00,1528.693261,1528.6991218115002,Random Forest
2025-02-24 12:00:00,1512.45651875,1512.4962974191294,Random Forest
2025-02-24 13:00:00,1415.1465145,1415.1460092748734,Random Forest
2025-02-24 14:00:00,1443.63109925,1443.6471062973133,Random Forest
2025-02-24 15:00:00,1551.19715275,1551.2018328747442,Random Forest
2025-02-24 16:00:00,1491.0801115,1491.0747651458319,Random Forest
2025-02-24 17:00:00,1440.7498047499998,1440.7426792380766,Random Forest
2025-02-24 18:00:00,1527.360721,1527.3611718150883,Random Forest
2025-02-24 19:00:00,1494.26840225,1494.2775102165483,Random Forest
2025-02-24 20:00:00,1565.449071,1565.4437636539444,Random Forest
2025-02-24 21:00:00,1504.1119505,1504.1102996790173,Random Forest
2025-02-24 22:00:00,1689.912213,1689.9158204750568,Random Forest
2025-02-24 23:00:00,1610.42941125,1610.4341729669793,Random Forest
2025-02-25 00:00:00,1415.140654,1415.1391456970239,Random Forest
2025-02-25 01:00:00,1469.55305925,1469.5706248267086,Random Forest
2025-02-25 02:00:00,1340.1244797,1340.12260555952,Random Forest
2025-02-25 03:00:00,1601.37310275,1601.378105935934,Random Forest
2025-02-25 04:00:00,1575.62404425,1575.6412186692382,Random Forest
2025-02-25 05:00:00,1728.593728,1728.3110676514864,Random Forest
2025-02-25 06:00:00,1427.4380195,1427.4428459270418,Random Forest
2025-02-25 07:00:00,1476.338762,1476.3361086930922,Random Forest
2025-02-25 08:00:00,1549.880948,1549.8868246401605,Random Forest
2025-02-25 09:00:00,1516.045642,1516.027592395166,Random Forest
2025-02-25 10:00:00,1518.16276025,1518.1854041958493,Random Forest
2025-02-25 11:00:00,1500.62655075,1500.6285019130103,Random Forest
2025-02-25 12:00:00,1439.8931575,1439.8892582180445,Random Forest
2025-02-25 13:00:00,1412.75457725,1412.7464060479354,Random Forest
2025-02-25 14:00:00,1379.4434395,1379.420225478165,Random Forest
2025-02-25 15:00:00,1416.58619,1416.5968458251323,Random Forest
2025-02-25 16:00:00,1721.09900625,1721.1937918594142,Random Forest
2025-02-25 17:00:00,1415.9286775,1415.9230431019378,Random Forest
2025-02-25 18:00:00,1416.70490425,1416.6985175081813,Random Forest
2025-02-25 19:00:00,1757.9981195,1757.831220594635,Random Forest
2025-02-25 20:00:00,1489.82001875,1489.8038380487053,Random Forest
2025-02-25 21:00:00,1315.38000125,1315.380038567041,Random Forest
2025-02-25 22:00:00,1438.25983025,1438.2730433140869,Random Forest
2025-02-25 23:00:00,1353.6128665,1353.6073882871226,Random Forest
2025-02-26 00:00:00,1500.63480075,1500.63645348911,Random Forest
2025-02-26 01:00:00,1454.6908995,1454.691357313544,Random Forest
2025-02-26 02:00:00,1342.1392935,1342.1519537925442,Random Forest
2025-02-26 03:00:00,1460.109039,1460.1048674012884,Random Forest
2025-02-26 04:00:00,1416.2664775,1416.262580352399,Random Forest
2025-02-26 05:00:00,1417.726244,1417.7325938354054,Random Forest
2025-02-26 06:00:00,1428.43206925,1428.431831432122,Random Forest
2025-02-26 07:00:00,1411.46493275,1411.4837715797848,Random Forest
2025-02-26 08:00:00,1549.07215125,1549.0617206720044,Random Forest
2025-02-26 09:00:00,1444.74311125,1444.7355066091184,Random Forest
2025-02-26 10:00:00,1714.99835225,1714.9945657889555,Random Forest
2025-02-26 11:00:00,1241.507627,1241.1667885507918,Random Forest
2025-02-26 12:00:00,1476.8527695,1476.8504347948265,Random Forest
2025-02-26 13:00:00,1634.051872,1634.0448717955796,Random Forest
2025-02-26 14:00:00,1649.3193205,1649.3186772872898,Random Forest
2025-02-26 15:00:00,1489.37271925,1489.37885401768,Random Forest
2025-02-26 16:00:00,1533.97426125,1533.9677607537542,Random Forest
2025-02-26 17:00:00,1482.54691325,1482.5529651595666,Random Forest
2025-02-26 18:00:00,1589.842084,1589.8543639340814,Random Forest
2025-02-26 19:00:00,1692.069734,1692.0843802100246,Random Forest
2025-02-26 20:00:00,1552.398958,1552.397367409371,Random Forest
2025-02-26 21:00:00,1702.54700225,1702.5319128565977,Random Forest
2025-02-26 22:00:00,1368.80220325,1368.799430706929,Random Forest
2025-02-26 23:00:00,1641.6181915,1641.6152894070651,Random Forest
2025-02-27 00:00:00,1344.09283325,1344.0741261651956,Random Forest
2025-02-27 01:00:00,1427.5901857499998,1427.5800156596254,Random Forest
2025-02-27 02:00:00,1322.4848075,1322.5178681185157,Random Forest
2025-02-27 03:00:00,1703.731342,1703.752795601011,Random Forest
2025-02-27 04:00:00,1525.1163205,1525.107335497253,Random Forest
2025-02-27 05:00:00,1572.3710175,1572.364435494911,Random Forest
2025-02-27 06:00:00,1647.492031,1647.4937741475576,Random Forest
2025-02-27 07:00:00,1330.862215,1330.8123443700833,Random Forest
2025-02-27 08:00:00,1479.97314075,1479.9711817844131,Random Forest
2025-02-27 09:00:00,1503.330083,1503.3418805319775,Random Forest
2025-02-27 10:00:00,1455.3529962500002,1455.3478893648112,Random Forest
2025-02-27 11:00:00,1516.576842,1516.5799078970374,Random Forest
2025-02-27 12:00:00,1396.806064,1396.7718003665102,Random Forest
2025-02-27 13:00:00,1615.4088305,1615.4119364950539,Random Forest
2025-02-27 14:00:00,1529.993721,1529.9918131219054,Random Forest
2025-02-27 15:00:00,1618.03042425,1618.0485201689103,Random Forest
2025-02-27 16:00:00,1507.29756925,1507.3035100783718,Random Forest
2025-02-27 17:00:00,1505.6487865,1505.6335422517066,Random Forest
2025-02-27 18:00:00,1553.46364875,1553.463462435305,Random Forest
2025-02-27 19:00:00,1326.6660495,1326.6869802841472,Random Forest
2025-02-27 20:00:00,1517.379593925,1517.3920848098344,Random Forest
2025-02-27 21:00:00,1382.0785015,1382.092431816395,Random Forest
2025-02-27 22:00:00,1510.5339585,1510.5424465614226,Random Forest
2025-02-27 23:00:00,1565.42200375,1565.439451518075,Random Forest
2025-02-28 00:00:00,1394.63342475,1394.6256749711908,Random Forest
2025-02-28 01:00:00,1563.33093975,1563.33914741123,Random Forest
2025-02-28 02:00:00,1621.752113,1621.7540787403323,Random Forest
2025-02-28 03:00:00,1506.75127175,1506.7593130334146,Random Forest
2025-02-28 04:00:00,1365.332059,1365.3520754461656,Random Forest
2025-02-28 05:00:00,1553.15219,1553.161218897232,Random Forest
2025-02-28 06:00:00,1473.84606825,1473.8382624238416,Random Forest
2025-02-28 07:00:00,1604.0909465,1604.0868602258272,Random Forest
2025-02-28 08:00:00,1540.31633175,1540.3243511539272,Random Forest
2025-02-28 09:00:00,1580.54081675,1580.5573473138638,Random Forest
2025-02-28 10:00:00,1705.85912525,1705.761412859488,Random Forest
2025-02-28 11:00:00,1438.896643,1438.899209610363,Random Forest
2025-02-28 12:00:00,1458.45140225,1458.4425595870155,Random Forest
2025-02-28 13:00:00,1412.1427045,1412.1702458696316,Random Forest
2025-02-28 14:00:00,1491.7343905,1491.7230423074577,Random Forest
2025-02-28 15:00:00,1486.77368925,1486.7992983970469,Random Forest
2025-02-28 16:00:00,1290.3594697,1290.4188684391204,Random Forest
2025-02-28 17:00:00,1587.79282925,1587.8053271220554,Random Forest
2025-02-28 18:00:00,1380.8057345,1380.7957162114728,Random Forest
2025-02-28 19:00:00,1671.83500325,1671.8427229377733,Random Forest
2025-02-28 20:00:00,1599.3597975,1599.3637352889587,Random Forest
2025-02-28 21:00:00,1456.6052965,1456.5986160735456,Random Forest
2025-02-28 22:00:00,1555.448732,1555.438018581437,Random Forest
2025-02-28 23:00:00,1579.63663675,1579.6368728226807,Random Forest
2025-03-01 00:00:00,1536.76761775,1536.7727490314437,Random Forest
2025-03-01 01:00:00,1487.49471225,1487.487473805929,Random Forest
2025-03-01 02:00:00,1468.8928597499998,1468.8874026939866,Random Forest
2025-03-01 03:00:00,1359.11084825,1359.106967704963,Random Forest
2025-03-01 04:00:00,1643.1134685000002,1643.1127457912692,Random Forest
2025-03-01 05:00:00,1543.14703125,1543.1576830106212,Random Forest
2025-03-01 06:00:00,1526.09951075,1526.1071731763577,Random Forest
2025-03-01 07:00:00,1434.31028725,1434.3166233505626,Random Forest
2025-03-01 08:00:00,1483.7991125,1483.787181906926,Random Forest
2025-03-01 09:00:00,1604.01732575,1604.0178131321782,Random Forest
2025-03-01 10:00:00,1617.48612325,1617.5039544180959,Random Forest
2025-03-01 11:00:00,1482.556714,1482.5695399419596,Random Forest
2025-03-01 12:00:00,1375.790913,1375.7521833540677,Random Forest
2025-03-01 13:00:00,1517.93913225,1517.9400358956432,Random Forest
2025-03-01 14:00:00,1535.58176225,1535.5766900766073,Random Forest
2025-03-01 15:00:00,1515.86906675,1515.8746078658826,Random Forest
2025-03-01 16:00:00,1604.2503265,1604.2481979140293,Random Forest
2025-03-01 17:00:00,1447.56017975,1447.5525122876509,Random Forest
2025-03-01 18:00:00,1540.802986,1540.8081860111229,Random Forest
2025-03-01 19:00:00,1446.79296475,1446.8045720681648,Random Forest
2025-03-01 20:00:00,1540.4474335,1540.4414452323017,Random Forest
2025-03-01 21:00:00,1553.15558625,1553.162638966631,Random Forest
2025-03-01 22:00:00,1601.97418675,1601.961524757849,Random Forest
2025-03-01 23:00:00,1596.428504,1596.4313527798806,Random Forest
2025-03-02 00:00:00,1516.732208,1516.7273088151169,Random Forest
2025-03-02 01:00:00,1641.84464525,1641.8406745114778,Random Forest
2025-03-02 02:00:00,1491.236319,1491.2334428389918,Random Forest
2025-03-02 03:00:00,1705.38794425,1705.458656513916,Random Forest
2025-03-02 04:00:00,1595.46402525,1595.4626051892951,Random Forest
2025-03-02 05:00:00,1511.6743745,1511.6628870622505,Random Forest
2025-03-02 06:00:00,1532.76290675,1532.7455106120408,Random Forest
2025-03-02 07:00:00,1544.9987155,1544.9960202749678,Random Forest
2025-03-02 08:00:00,1510.33432725,1510.336388439209,Random Forest
2025-03-02 09:00:00,1428.693459,1428.6722737719551,Random Forest
2025-03-02 10:00:00,1574.4840225,1574.4933361208268,Random Forest
2025-03-02 11:00:00,1524.856018,1524.8769360738486,Random Forest
2025-03-02 12:00:00,1487.130144,1487.1256122812958,Random Forest
2025-03-02 13:00:00,1340.42947125,1340.4381041496245,Random Forest
2025-03-02 14:00:00,1654.15023475,1654.125176057687,Random Forest
2025-03-02 15:00:00,1494.68632875,1494.6853855468917,Random Forest
2025-03-02 16:00:00,1575.09271,1575.0981270224045,Random Forest
2025-03-02 17:00:00,1558.62595375,1558.630990460167,Random Forest
2025-03-02 18:00:00,1633.54512275,1633.5490796967508,Random Forest
2025-03-02 19:00:00,1522.593773,1522.5849872471333,Random Forest
2025-03-02 20:00:00,1428.48225175,1428.4775777578443,Random Forest
2025-03-02 21:00:00,1551.72950125,1551.744712846597,Random Forest
2025-03-02 22:00:00,1493.9661895,1493.9696523692494,Random Forest
2025-03-02 23:00:00,1606.32133575,1606.3113036096693,Random Forest
2025-03-03 00:00:00,1550.7307935,1550.7364619752188,Random Forest
2025-03-03 01:00:00,1550.682706,1550.6773938539764,Random Forest
2025-03-03 02:00:00,1384.842871,1384.8338915936238,Random Forest
2025-03-03 03:00:00,1481.44690225,1481.4416219429932,Random Forest
2025-03-03 04:00:00,1655.449001,1655.4715091987412,Random Forest
2025-03-03 05:00:00,1565.34071625,1565.342196503567,Random Forest
2025-03-03 06:00:00,1493.797946,1493.797862637804,Random Forest
2025-03-03 07:00:00,1605.19414,1605.19771922597,Random Forest
2025-03-03 08:00:00,1418.100627,1418.1103780543945,Random Forest
2025-03-03 09:00:00,1392.5573575,1392.5657923823733,Random Forest
2025-03-03 10:00:00,1478.02859575,1478.0225719599957,Random Forest
2025-03-03 11:00:00,1377.239627,1377.231683084077,Random Forest
2025-03-03 12:00:00,1537.971805,1537.981286273368,Random Forest
2025-03-03 13:00:00,1443.160503,1443.169931147425,Random Forest
2025-03-03 14:00:00,1540.491742,1540.4922161699876,Random Forest
2025-03-03 15:00:00,1332.057857,1332.0259024726206,Random Forest
2025-03-03 16:00:00,1739.2497905,1739.4413652743156,Random Forest
2025-03-03 17:00:00,1332.31725675,1332.3067845991754,Random Forest
2025-03-03 18:00:00,1644.89918025,1644.8847267068493,Random Forest
2025-03-03 19:00:00,1429.80026375,1429.8062865810598,Random Forest
2025-03-03 20:00:00,1446.5668255,1446.5745517578666,Random Forest
2025-03-03 21:00:00,1413.819686,1413.8180271672752,Random Forest
2025-03-03 22:00:00,1715.62216175,1715.5778574122724,Random Forest
2025-03-03 23:00:00,1492.56221375,1492.5654283490412,Random Forest
2025-03-04 00:00:00,1534.7959115,1534.772513713312,Random Forest
2025-03-04 01:00:00,1476.728034,1476.7253526063002,Random Forest
2025-03-04 02:00:00,1454.38333135,1454.3958631655373,Random Forest
2025-03-04 03:00:00,1521.383755,1521.3796929704852,Random Forest
2025-03-04 04:00:00,1558.2644272500002,1558.2610489557317,Random Forest
2025-03-04 05:00:00,1474.5364045,1474.5296557924903,Random Forest
2025-03-04 06:00:00,1312.01359625,1312.0292074911733,Random Forest
2025-03-04 07:00:00,1311.1323005,1311.0332753338898,Random Forest
2025-03-04 08:00:00,1369.446602,1369.4316895893141,Random Forest
2025-03-04 09:00:00,1620.32584625,1620.318326899307,Random Forest
2025-03-04 10:00:00,1576.9656705,1576.9628419721685,Random Forest
2025-03-04 11:00:00,1507.463497,1507.4536165273544,Random Forest
2025-03-04 12:00:00,1423.63091525,1423.6548155762566,Random Forest
2025-03-04 13:00:00,1451.0817097499998,1451.081894367397,Random Forest
2025-03-04 14:00:00,1485.21692975,1485.2200132335877,Random Forest
2025-03-04 15:00:00,1404.81091075,1404.7932892524102,Random Forest
2025-03-04 16:00:00,1531.329858,1531.3193245220987,Random Forest
2025-03-04 17:00:00,1503.29624,1503.2903144217332,Random Forest
2025-03-04 18:00:00,1463.16746875,1463.1735989989475,Random Forest
2025-03-04 19:00:00,1550.5221825,1550.5358064899656,Random Forest
2025-03-04 20:00:00,1479.593209,1479.5846563731743,Random Forest
2025-03-04 21:00:00,1557.37180525,1557.3572643915177,Random Forest
2025-03-04 22:00:00,1519.5001045,1519.499020310701,Random Forest
2025-03-04 23:00:00,1477.90639225,1477.8897693201868,Random Forest
2025-03-05 00:00:00,1580.7080115,1580.7247153760188,Random Forest
2025-03-05 01:00:00,1589.4680325,1589.4712061115602,Random Forest
2025-03-05 02:00:00,1462.968976,1462.9655070093786,Random Forest
2025-03-05 03:00:00,1429.43410125,1429.4500539136725,Random Forest
2025-03-05 04:00:00,1380.88167225,1380.8964850982616,Random Forest
2025-03-05 05:00:00,1429.701113,1429.7131950690186,Random Forest
2025-03-05 06:00:00,1441.544389,1441.5584070151692,Random Forest
2025-03-05 07:00:00,1563.53093275,1563.5396742430437,Random Forest
2025-03-05 08:00:00,1458.1200415,1458.1029589581224,Random Forest
2025-03-05 09:00:00,1740.188806,1739.9033113039882,Random Forest
2025-03-05 10:00:00,1551.27149375,1551.2715179266943,Random Forest
2025-03-05 11:00:00,1612.28482425,1612.2790222376414,Random Forest
2025-03-05 12:00:00,1251.34222425,1251.3958974089735,Random Forest
2025-03-05 13:00:00,1589.3983595,1589.3919646690242,Random Forest
2025-03-05 14:00:00,1492.5579255,1492.5643933574665,Random Forest
2025-03-05 15:00:00,1471.83746325,1471.8377190691933,Random Forest
2025-03-05 16:00:00,1425.02102425,1425.0122156992343,Random Forest
2025-03-05 17:00:00,1491.751469,1491.7651728870376,Random Forest
2025-03-05 18:00:00,1537.5338365,1537.5327603608428,Random Forest
2025-03-05 19:00:00,1468.279332,1468.2877161795511,Random Forest
2025-03-05 20:00:00,1624.72504825,1624.719947624392,Random Forest
2025-03-05 21:00:00,1602.061415,1602.0688520180827,Random Forest
2025-03-05 22:00:00,1455.81261275,1455.8073309336207,Random Forest
2025-03-05 23:00:00,1603.029919,1603.0107134405082,Random Forest
2025-03-06 00:00:00,1545.16517775,1545.1692283928123,Random Forest
2025-03-06 01:00:00,1544.24396025,1544.2495617638845,Random Forest
2025-03-06 02:00:00,1484.01921625,1484.0139935019179,Random Forest
2025-03-06 03:00:00,1356.13809725,1356.1421491775388,Random Forest
2025-03-06 04:00:00,1526.38564175,1526.380419386407,Random Forest
2025-03-06 05:00:00,1519.03121,1519.0424023119472,Random Forest
2025-03-06 06:00:00,1659.09469325,1659.0862722856557,Random Forest
2025-03-06 07:00:00,1514.046384,1514.0512507431788,Random Forest
2025-03-06 08:00:00,1365.198425,1365.1926366625535,Random Forest
2025-03-06 09:00:00,1474.83553175,1474.8387993380595,Random Forest
2025-03-06 10:00:00,1426.9576442500002,1426.9757017193654,Random Forest
2025-03-06 11:00:00,1371.529431,1371.5208431648146,Random Forest
2025-03-06 12:00:00,1370.77112275,1370.7657643806049,Random Forest
2025-03-06 13:00:00,1625.85143125,1625.8490395166532,Random Forest
2025-03-06 14:00:00,1404.01015925,1404.008906681276,Random Forest
2025-03-06 15:00:00,1339.1746275,1339.1585177875013,Random Forest
2025-03-06 16:00:00,1442.97424075,1442.9735912351707,Random Forest
2025-03-06 17:00:00,1376.46462875,1376.492494050298,Random Forest
2025-03-06 18:00:00,1458.7821855,1458.7843015575213,Random Forest
2025-03-06 19:00:00,1373.70078525,1373.7017694761144,Random Forest
2025-03-06 20:00:00,1513.164678,1513.1532487953425,Random Forest
2025-03-06 21:00:00,1362.19332975,1362.182637927694,Random Forest
2025-03-06 22:00:00,1464.6434427499998,1464.6497503349049,Random Forest
2025-03-06 23:00:00,1478.6761,1478.6830982956515,Random Forest
2025-03-07 00:00:00,1453.02274125,1453.0141329591404,Random Forest
2025-03-07 01:00:00,1434.88831,1434.8834375253005,Random Forest
2025-03-07 02:00:00,1518.62628625,1518.6226552821279,Random Forest
2025-03-07 03:00:00,1437.92819775,1437.935319641682,Random Forest
2025-03-07 04:00:00,1468.3985465,1468.4022976274393,Random Forest
2025-03-07 05:00:00,1402.180306,1402.1683066142762,Random Forest
2025-03-07 06:00:00,1456.9265205000002,1456.9154688393774,Random Forest
2025-03-07 07:00:00,1556.738399,1556.7375429499207,Random Forest
2025-03-07 08:00:00,1587.0051675,1586.9777060135443,Random Forest
2025-03-07 09:00:00,1693.95817075,1693.959515997083,Random Forest
2025-03-07 10:00:00,1510.61358,1510.6141046823923,Random Forest
2025-03-07 11:00:00,1532.63645025,1532.6467936708702,Random Forest
2025-03-07 12:00:00,1615.1265825,1615.1312614126314,Random Forest
2025-03-07 13:00:00,1488.186573,1488.2000696849634,Random Forest
2025-03-07 14:00:00,1448.55028775,1448.5521287487388,Random Forest
2025-03-07 15:00:00,1518.268364,1518.2593113304067,Random Forest
2025-03-07 16:00:00,1605.8656915,1605.8649529112872,Random Forest
2025-03-07 17:00:00,1610.25024275,1610.2382492552954,Random Forest
2025-03-07 18:00:00,1519.54828075,1519.5463080173129,Random Forest
2025-03-07 19:00:00,1346.447267,1346.4520025318272,Random Forest
2025-03-07 20:00:00,1592.1907065,1592.1699234621037,Random Forest
2025-03-07 21:00:00,1629.436813,1629.4454597483336,Random Forest
2025-03-07 22:00:00,1568.14034025,1568.1450089636503,Random Forest
2025-03-07 23:00:00,1437.30086575,1437.3088710494665,Random Forest
2025-03-08 00:00:00,1547.178738,1547.1816433500635,Random Forest
2025-03-08 01:00:00,1500.44574675,1500.4496314280136,Random Forest
2025-03-08 02:00:00,1554.33045375,1554.3244181754987,Random Forest
2025-03-08 03:00:00,1554.05781425,1554.065203387906,Random Forest
2025-03-08 04:00:00,1468.47533775,1468.47299773252,Random Forest
2025-03-08 05:00:00,1516.647749,1516.641370639583,Random Forest
2025-03-08 06:00:00,1595.2951305,1595.301343358093,Random Forest
2025-03-08 07:00:00,1604.1845745,1604.1826819702076,Random Forest
2025-03-08 08:00:00,1411.1224905,1411.1442785404222,Random Forest
2025-03-08 09:00:00,1207.256444,1207.625118515303,Random Forest
2025-03-08 10:00:00,1516.167866,1516.1641849057257,Random Forest
2025-03-08 11:00:00,1554.35673675,1554.3494542141189,Random Forest
2025-03-08 12:00:00,1598.430948,1598.4278350157851,Random Forest
2025-03-08 13:00:00,1465.776782,1465.7886611623603,Random Forest
2025-03-08 14:00:00,1306.036155,1306.0373725531117,Random Forest
2025-03-08 15:00:00,1612.16990125,1612.1949778194778,Random Forest
2025-03-08 16:00:00,1417.29681575,1417.3077365482284,Random Forest
2025-03-08 17:00:00,1520.075754,1520.08367255133,Random Forest
2025-03-08 18:00:00,1698.22381375,1698.2100450912042,Random Forest
2025-03-08 19:00:00,1550.79922925,1550.7903787382704,Random Forest
2025-03-08 20:00:00,1469.322774,1469.3239956855502,Random Forest
2025-03-08 21:00:00,1416.74462275,1416.7353290537656,Random Forest
2025-03-08 22:00:00,1526.712492,1526.7144446379816,Random Forest
2025-03-08 23:00:00,1488.8422635,1488.8350459515996,Random Forest
2025-03-09 00:00:00,1399.682104725,1399.6910979156519,Random Forest
2025-03-09 01:00:00,1683.6802475,1683.6154875129453,Random Forest
2025-03-09 02:00:00,1473.6730385,1473.6710159358,Random Forest
2025-03-09 03:00:00,1630.43986575,1630.4383036491088,Random Forest
2025-03-09 04:00:00,1302.6790345,1302.6801192438638,Random Forest
2025-03-09 05:00:00,1460.8948612499998,1460.8812535788572,Random Forest
2025-03-09 06:00:00,1495.67538725,1495.6692199044096,Random Forest
2025-03-09 07:00:00,1484.125091,1484.1224933809926,Random Forest
2025-03-09 08:00:00,1354.9611285,1354.978789974691,Random Forest
2025-03-09 09:00:00,1451.6622225,1451.6601144758858,Random Forest
2025-03-09 10:00:00,1511.2340557500002,1511.2376992019178,Random Forest
2025-03-09 11:00:00,1459.547508,1459.5634429989677,Random Forest
2025-03-09 12:00:00,1524.96011825,1524.9519230097796,Random Forest
2025-03-09 13:00:00,1547.8511975,1547.8669037314205,Random Forest
2025-03-09 14:00:00,1498.646469,1498.653989257765,Random Forest
2025-03-09 15:00:00,1456.7250285,1456.728925547551,Random Forest
2025-03-09 16:00:00,1375.40518725,1375.4389062638684,Random Forest
2025-03-09 17:00:00,1506.329419,1506.3281320786034,Random Forest
2025-03-09 18:00:00,1524.3389265,1524.336283358478,Random Forest
2025-03-09 19:00:00,1521.320742,1521.323992654354,Random Forest
2025-03-09 20:00:00,1387.5198245,1387.5413166891842,Random Forest
2025-03-09 21:00:00,1412.78089325,1412.772080550063,Random Forest
2025-03-09 22:00:00,1503.57055,1503.5696184334547,Random Forest
2025-03-09 23:00:00,1329.0681247500002,1329.0925186913573,Random Forest
2025-03-10 00:00:00,1586.33133025,1586.3514917456123,Random Forest
2025-03-10 01:00:00,1443.46462425,1443.4557230995426,Random Forest
2025-03-10 02:00:00,1588.209376,1588.2072840924739,Random Forest
2025-03-10 03:00:00,1481.91969175,1481.9196604215024,Random Forest
2025-03-10 04:00:00,1487.161089,1487.1481138769411,Random Forest
2025-03-10 05:00:00,1515.3735765,1515.3546868106228,Random Forest
2025-03-10 06:00:00,1493.9977645,1494.000138345953,Random Forest
2025-03-10 07:00:00,1416.224678,1416.254989504153,Random Forest
2025-03-10 08:00:00,1151.05468975,1150.060017187984,Random Forest
2025-03-10 09:00:00,1539.6023397499998,1539.5997576620962,Random Forest
2025-03-10 10:00:00,1577.8436662499998,1577.8254162245482,Random Forest
2025-03-10 11:00:00,1573.1735385,1573.1611886258404,Random Forest
2025-03-10 12:00:00,1467.360412,1467.3581259585599,Random Forest
2025-03-10 13:00:00,1656.4950985,1656.515792840872,Random Forest
2025-03-10 14:00:00,1380.2695267499998,1380.2888634366072,Random Forest
2025-03-10 15:00:00,1608.634174,1608.6202513398168,Random Forest
2025-03-10 16:00:00,1589.6411117500002,1589.651143704676,Random Forest
2025-03-10 17:00:00,1451.00323675,1451.014744060056,Random Forest
2025-03-10 18:00:00,1535.9612145,1535.9617655986106,Random Forest
2025-03-10 19:00:00,1675.60911375,1675.5975510424548,Random Forest
2025-03-10 20:00:00,1514.88504125,1514.8821036910058,Random Forest
2025-03-10 21:00:00,1443.20630525,1443.2086528899254,Random Forest
2025-03-10 22:00:00,1566.1514735,1566.1471016315147,Random Forest
2025-03-10 23:00:00,1352.15868475,1352.1421409298782,Random Forest
2025-03-11 00:00:00,1453.48789475,1453.4811246840723,Random Forest
2025-03-11 01:00:00,1420.8896615,1420.8893318241724,Random Forest
2025-03-11 02:00:00,1584.544356,1584.5374349217693,Random Forest
2025-03-11 03:00:00,1536.78830125,1536.7893727865612,Random Forest
2025-03-11 04:00:00,1410.6995945,1410.6994906655202,Random Forest
2025-03-11 05:00:00,1435.73379825,1435.7291399080405,Random Forest
2025-03-11 06:00:00,1359.68493475,1359.6855536518278,Random Forest
2025-03-11 07:00:00,1539.88713275,1539.9057973096649,Random Forest
2025-03-11 08:00:00,1433.0929745,1433.0896147010724,Random Forest
2025-03-11 09:00:00,1586.71797475,1586.7191134244858,Random Forest
2025-03-11 10:00:00,1486.615769,1486.6116085824026,Random Forest
2025-03-11 11:00:00,1626.48618425,1626.4905646379484,Random Forest
2025-03-11 12:00:00,1487.071748,1487.0595773660493,Random Forest
2025-03-11 13:00:00,1685.54271325,1685.604100872752,Random Forest
2025-03-11 14:00:00,1457.72948525,1457.7423453939807,Random Forest
2025-03-11 15:00:00,1569.5650785,1569.5668173083257,Random Forest
2025-03-11 16:00:00,1659.08744875,1659.0724850767488,Random Forest
2025-03-11 17:00:00,1439.9325685,1439.929052129023,Random Forest
2025-03-11 18:00:00,1560.47404525,1560.4791538381369,Random Forest
2025-03-11 19:00:00,1450.3461425,1450.3403565369629,Random Forest
2025-03-11 20:00:00,1215.19543425,1215.2076595320261,Random Forest
2025-03-11 21:00:00,1470.3232625,1470.329030156746,Random Forest
2025-03-11 22:00:00,1384.82110125,1384.823640422091,Random Forest
2025-03-11 23:00:00,1521.82932775,1521.8356437869818,Random Forest
2025-03-12 00:00:00,1528.20729675,1528.204785991845,Random Forest
2025-03-12 01:00:00,1614.0447545000002,1614.038856846727,Random Forest
2025-03-12 02:00:00,1559.5544695,1559.554453102503,Random Forest
2025-03-12 03:00:00,1314.218431,1314.2040307351915,Random Forest
2025-03-12 04:00:00,1346.8246295,1346.8580451976031,Random Forest
2025-03-12 05:00:00,1599.98533925,1599.9774381811305,Random Forest
2025-03-12 06:00:00,1556.83817625,1556.8274933451069,Random Forest
2025-03-12 07:00:00,1578.42027975,1578.4488159943312,Random Forest
2025-03-12 08:00:00,1405.613096,1405.6113817780438,Random Forest
2025-03-12 09:00:00,1436.79206925,1436.7728634499244,Random Forest
2025-03-12 10:00:00,1261.35698725,1261.357290533703,Random Forest
2025-03-12 11:00:00,1727.75737075,1727.9446163706516,Random Forest
2025-03-12 12:00:00,1519.7470665,1519.7520348572862,Random Forest
2025-03-12 13:00:00,1568.2410395,1568.243328984675,Random Forest
2025-03-12 14:00:00,1408.18260125,1408.1894125840138,Random Forest
2025-03-12 15:00:00,1602.158372,1602.1487424828947,Random Forest
2025-03-12 16:00:00,1632.32767725,1632.3509887400758,Random Forest
2025-03-12 17:00:00,1450.41143275,1450.4076331629713,Random Forest
2025-03-12 18:00:00,1355.8854235,1355.845038850277,Random Forest
2025-03-12 19:00:00,1671.3764345,1671.363016569164,Random Forest
2025-03-12 20:00:00,1475.92609425,1475.9366237442373,Random Forest
2025-03-12 21:00:00,1505.8932455,1505.894860106061,Random Forest
2025-03-12 22:00:00,1468.6732405,1468.6775288286826,Random Forest
2025-03-12 23:00:00,1321.664495,1321.6944712037882,Random Forest
2025-03-13 00:00:00,1417.151646,1417.1461346148897,Random Forest
2025-03-13 01:00:00,1448.7492195,1448.7475242800472,Random Forest
2025-03-13 02:00:00,1582.35480075,1582.3515185376032,Random Forest
2025-03-13 03:00:00,1663.26322675,1663.237421925921,Random Forest
2025-03-13 04:00:00,1271.30074925,1271.2489583657766,Random Forest
2025-03-13 05:00:00,1444.86493,1444.866071488837,Random Forest
2025-03-13 06:00:00,1573.4115695,1573.406831087034,Random Forest
2025-03-13 07:00:00,1486.37419175,1486.37549701257,Random Forest
2025-03-13 08:00:00,1610.74347575,1610.7492073476967,Random Forest
2025-03-13 09:00:00,1470.837107,1470.835990970413,Random Forest
2025-03-13 10:00:00,1533.8450395,1533.823449835552,Random Forest
2025-03-13 11:00:00,1488.0010025,1488.007266100689,Random Forest
2025-03-13 12:00:00,1623.00846775,1622.997516219766,Random Forest
2025-03-13 13:00:00,1694.6713485,1694.6469428061419,Random Forest
2025-03-13 14:00:00,1494.61221425,1494.5981618511346,Random Forest
2025-03-13 15:00:00,1537.43851425,1537.4393510875127,Random Forest
2025-03-13 16:00:00,1463.6174718,1463.606602722383,Random Forest
2025-03-13 17:00:00,1566.752574025,1566.7494405440839,Random Forest
2025-03-13 18:00:00,1475.08910525,1475.088246195238,Random Forest
2025-03-13 19:00:00,1570.20932625,1570.2053796652422,Random Forest
2025-03-13 20:00:00,1432.71623525,1432.7168693357567,Random Forest
2025-03-13 21:00:00,1571.22655725,1571.21630076201,Random Forest
2025-03-13 22:00:00,1320.4894635,1320.4230104996882,Random Forest
2025-03-13 23:00:00,1529.09729575,1529.0951240856555,Random Forest
2025-03-14 00:00:00,1484.1814285,1484.1944971966866,Random Forest
2025-03-14 01:00:00,1714.80854925,1714.7130368875473,Random Forest
2025-03-14 02:00:00,1554.21449775,1554.226397804124,Random Forest
2025-03-14 03:00:00,1359.611516,1359.611413565743,Random Forest
2025-03-14 04:00:00,1547.3803045,1547.383418951198,Random Forest
2025-03-14 05:00:00,1529.56118275,1529.5647833360576,Random Forest
2025-03-14 06:00:00,1408.63266,1408.6243697031457,Random Forest
2025-03-14 07:00:00,1488.9267185,1488.9287171161077,Random Forest
2025-03-14 08:00:00,1591.5942295,1591.5778785300731,Random Forest
2025-03-14 09:00:00,1591.1123395,1591.1049538796433,Random Forest
2025-03-14 10:00:00,1349.0334675,1349.0464509583671,Random Forest
2025-03-14 11:00:00,1405.371811,1405.3923855259493,Random Forest
2025-03-14 12:00:00,1490.772772,1490.7768573921537,Random Forest
2025-03-14 13:00:00,1643.98564075,1643.9516599197957,Random Forest
2025-03-14 14:00:00,1514.32918475,1514.3469441341324,Random Forest
2025-03-14 15:00:00,1406.89252675,1406.8777790708482,Random Forest
2025-03-14 16:00:00,1392.47076675,1392.4637767402733,Random Forest
2025-03-14 17:00:00,1409.68062275,1409.688271272655,Random Forest
2025-03-14 18:00:00,1534.65336075,1534.6671821874088,Random Forest
2025-03-14 19:00:00,1470.86431825,1470.8653067603739,Random Forest
2025-03-14 20:00:00,1452.44026625,1452.435956649559,Random Forest
2025-03-14 21:00:00,1456.94070675,1456.931543006025,Random Forest
2025-03-14 22:00:00,1433.4378275,1433.4437095296644,Random Forest
2025-03-14 23:00:00,1505.39916875,1505.405445357721,Random Forest
2025-03-15 00:00:00,1369.49832825,1369.49935376036,Random Forest
2025-03-15 01:00:00,1517.80560525,1517.8137034112651,Random Forest
2025-03-15 02:00:00,1429.38918075,1429.3815730350368,Random Forest
2025-03-15 03:00:00,1369.34714,1369.3626981315474,Random Forest
2025-03-15 04:00:00,1544.6629155,1544.653991802177,Random Forest
2025-03-15 05:00:00,1525.59090375,1525.5847930040502,Random Forest
2025-03-15 06:00:00,1463.90055375,1463.8952894878905,Random Forest
2025-03-15 07:00:00,1582.0130675,1582.0320218152892,Random Forest
2025-03-15 08:00:00,1507.42368175,1507.4348609613312,Random Forest
2025-03-15 09:00:00,1383.77899025,1383.7816680305941,Random Forest
2025-03-15 10:00:00,1377.62487625,1377.6160361832704,Random Forest
2025-03-15 11:00:00,1508.75907725,1508.7646341705286,Random Forest
2025-03-15 12:00:00,1580.113624,1580.1079496435402,Random Forest
2025-03-15 13:00:00,1414.8232835,1414.8303899226885,Random Forest
2025-03-15 14:00:00,1663.0502925,1663.072304368907,Random Forest
2025-03-15 15:00:00,1619.348778,1619.358805910203,Random Forest
2025-03-15 16:00:00,1299.45600875,1299.510670390988,Random Forest
2025-03-15 17:00:00,1483.17794475,1483.1707234052008,Random Forest
2025-03-15 18:00:00,1792.40414,1792.0762130334933,Random Forest
2025-03-15 19:00:00,1371.1466895,1371.126207999534,Random Forest
2025-03-15 20:00:00,1448.162644,1448.1597560998111,Random Forest
2025-03-15 21:00:00,1501.4843445,1501.4820779099866,Random Forest
2025-03-15 22:00:00,1470.00546375,1470.0151445539307,Random Forest
2025-03-15 23:00:00,1482.12897425,1482.121992982216,Random Forest
2025-03-16 00:00:00,1445.43948275,1445.4312579766577,Random Forest
2025-03-16 01:00:00,1497.995018,1497.9880563578263,Random Forest
2025-03-16 02:00:00,1457.6602585,1457.6483674102644,Random Forest
2025-03-16 03:00:00,1453.39839825,1453.4060886971458,Random Forest
2025-03-16 04:00:00,1478.284691,1478.2786611063318,Random Forest
2025-03-16 05:00:00,1423.3963195,1423.380743867522,Random Forest
2025-03-16 06:00:00,1444.008158,1444.0047374133171,Random Forest
2025-03-16 07:00:00,1658.4385925,1658.4170978591076,Random Forest
2025-03-16 08:00:00,1403.9098655,1403.9032581840556,Random Forest
2025-03-16 09:00:00,1510.5490220000002,1510.5487476298467,Random Forest
2025-03-16 10:00:00,1379.06698775,1379.0944929556636,Random Forest
2025-03-16 11:00:00,1494.745364,1494.7383633952743,Random Forest
2025-03-16 12:00:00,1187.832105075,1187.1799309181088,Random Forest
2025-03-16 13:00:00,1473.3645115,1473.358550852492,Random Forest
2025-03-16 14:00:00,1523.23509525,1523.227449408495,Random Forest
2025-03-16 15:00:00,1408.8574205,1408.8433453476246,Random Forest
2025-03-16 16:00:00,1411.5071225000002,1411.50876103467,Random Forest
2025-03-16 17:00:00,1530.86243025,1530.8546138242123,Random Forest
2025-03-16 18:00:00,1670.1602385,1670.2109655075596,Random Forest
2025-03-16 19:00:00,1508.403325,1508.3934879714905,Random Forest
2025-03-16 20:00:00,1439.53100625,1439.542404368887,Random Forest
2025-03-16 21:00:00,1644.35148175,1644.371147217699,Random Forest
2025-03-16 22:00:00,1416.7259895,1416.7145459337905,Random Forest
2025-03-16 23:00:00,1489.9912955,1489.9966699129518,Random Forest
2025-03-17 00:00:00,1435.215449,1435.1951209834579,Random Forest
2025-03-17 01:00:00,1467.48784175,1467.4889319799136,Random Forest
2025-03-17 02:00:00,1213.7578488,1214.5782108314158,Random Forest
2025-03-17 03:00:00,1410.7495525,1410.7565750661345,Random Forest
2025-03-17 04:00:00,1433.66043025,1433.6589959161263,Random Forest
2025-03-17 05:00:00,1427.7470935,1427.7523214362081,Random Forest
2025-03-17 06:00:00,1429.813794,1429.822112495085,Random Forest
2025-03-17 07:00:00,1607.86088875,1607.856920895852,Random Forest
2025-03-17 08:00:00,1511.8072625,1511.8004679977882,Random Forest
2025-03-17 09:00:00,1393.21422475,1393.2241997485016,Random Forest
2025-03-17 10:00:00,1481.09497375,1481.1047864866016,Random Forest
2025-03-17 11:00:00,1392.63033325,1392.6210966123929,Random Forest
2025-03-17 12:00:00,1582.6802595,1582.7094922697868,Random Forest
2025-03-17 13:00:00,1432.35644675,1432.35443328759,Random Forest
2025-03-17 14:00:00,1444.8595335,1444.8615058694209,Random Forest
2025-03-17 15:00:00,1610.98178875,1610.9905650465485,Random Forest
2025-03-17 16:00:00,1558.0178185,1558.0079840691449,Random Forest
2025-03-17 17:00:00,1572.182825,1572.1799519871606,Random Forest
2025-03-17 18:00:00,1696.79189725,1696.787195308904,Random Forest
2025-03-17 19:00:00,1456.2787355,1456.3013939812631,Random Forest
2025-03-17 20:00:00,1529.2542555,1529.2451308756558,Random Forest
2025-03-17 21:00:00,1451.15199375,1451.1595960958587,Random Forest
2025-03-17 22:00:00,1464.97347525,1464.9805957967824,Random Forest
2025-03-17 23:00:00,1551.12414425,1551.1224408401843,Random Forest
2025-03-18 00:00:00,1327.56252575,1327.5502103196172,Random Forest
2025-03-18 01:00:00,1538.1493375,1538.139691757982,Random Forest
2025-03-18 02:00:00,1446.80004175,1446.8067641347122,Random Forest
2025-03-18 03:00:00,1584.11956375,1584.1184738258778,Random Forest
2025-03-18 04:00:00,1465.07772325,1465.0738142626153,Random Forest
2025-03-18 05:00:00,1557.12590025,1557.1199745724575,Random Forest
2025-03-18 06:00:00,1348.86496925,1348.8787505475723,Random Forest
2025-03-18 07:00:00,1338.6407945,1338.6419722977184,Random Forest
2025-03-18 08:00:00,1728.83607025,1728.9101574284985,Random Forest
2025-03-18 09:00:00,1534.3521505,1534.3509259516968,Random Forest
2025-03-18 10:00:00,1494.7021845,1494.7065807159543,Random Forest
2025-03-18 11:00:00,1598.82071375,1598.830063366896,Random Forest
2025-03-18 12:00:00,1421.36162125,1421.369378519574,Random Forest
2025-03-18 13:00:00,1480.082225,1480.0860227357962,Random Forest
2025-03-18 14:00:00,1782.954672,1783.1065425900772,Random Forest
2025-03-18 15:00:00,1539.05955425,1539.0706322734934,Random Forest
2025-03-18 16:00:00,1457.22552575,1457.2280764792706,Random Forest
2025-03-18 17:00:00,1465.5339305,1465.5228249809106,Random Forest
2025-03-18 18:00:00,1507.5475445,1507.5455030629466,Random Forest
2025-03-18 19:00:00,1579.813245,1579.8031510733126,Random Forest
2025-03-18 20:00:00,1457.892348,1457.8878750286372,Random Forest
2025-03-18 21:00:00,1369.7914065,1369.7734440885788,Random Forest
2025-03-18 22:00:00,1525.14276725,1525.1616433246882,Random Forest
2025-03-18 23:00:00,1489.2572145,1489.2587068235734,Random Forest
2025-03-19 00:00:00,1576.93552375,1576.9377297921349,Random Forest
2025-03-19 01:00:00,1565.662905,1565.6596745079682,Random Forest
2025-03-19 02:00:00,1595.55805,1595.5262722799903,Random Forest
2025-03-19 03:00:00,1477.987856,1477.9976669259358,Random Forest
2025-03-19 04:00:00,1361.717976,1361.7292189137813,Random Forest
2025-03-19 05:00:00,1432.0193517500002,1432.0229183055626,Random Forest
2025-03-19 06:00:00,1551.44629125,1551.4357891290442,Random Forest
2025-03-19 07:00:00,1545.48736075,1545.4900784382364,Random Forest
2025-03-19 08:00:00,1610.67289425,1610.6676988291372,Random Forest
2025-03-19 09:00:00,1498.017662,1498.0249826585887,Random Forest
2025-03-19 10:00:00,1627.1250305,1627.1252076481228,Random Forest
2025-03-19 11:00:00,1543.22090625,1543.2205241071229,Random Forest
2025-03-19 12:00:00,1513.33162075,1513.3225502345022,Random Forest
2025-03-19 13:00:00,1533.684636,1533.6853606738803,Random Forest
2025-03-19 14:00:00,1359.85313375,1359.860032904606,Random Forest
2025-03-19 15:00:00,1562.66765425,1562.6705449312813,Random Forest
2025-03-19 16:00:00,1647.32422975,1647.303386803987,Random Forest
2025-03-19 17:00:00,1503.13393425,1503.1343277487335,Random Forest
2025-03-19 18:00:00,1326.3654995,1326.3390123215443,Random Forest
2025-03-19 19:00:00,1466.990973,1466.991571988454,Random Forest
2025-03-19 20:00:00,1690.954491,1690.9240585609548,Random Forest
2025-03-19 21:00:00,1306.0088595,1305.9948454233795,Random Forest
2025-03-19 22:00:00,1505.98445175,1505.989913739479,Random Forest
2025-03-19 23:00:00,1458.63047425,1458.6154981506565,Random Forest
2025-03-20 00:00:00,1379.9846105,1379.9837501790325,Random Forest
2025-03-20 01:00:00,1704.51152125,1704.5681320591937,Random Forest
2025-03-20 02:00:00,1482.4752575,1482.4700206482712,Random Forest
2025-03-20 03:00:00,1541.0844485,1541.0887164166227,Random Forest
2025-03-20 04:00:00,1388.02547775,1388.0095771901556,Random Forest
2025-03-20 05:00:00,1521.91730075,1521.9176042489044,Random Forest
2025-03-20 06:00:00,1450.24237075,1450.23473973971,Random Forest
2025-03-20 07:00:00,1391.7172275,1391.7043517331863,Random Forest
2025-03-20 08:00:00,1444.83993525,1444.838839674016,Random Forest
2025-03-20 09:00:00,1695.29967,1695.2755441352115,Random Forest
2025-03-20 10:00:00,1575.65272575,1575.6586937638763,Random Forest
2025-03-20 11:00:00,1492.06054625,1492.0704978649478,Random Forest
2025-03-20 12:00:00,1534.88902375,1534.8865986333371,Random Forest
2025-03-20 13:00:00,1382.1346125,1382.1395584733184,Random Forest
2025-03-20 14:00:00,1379.818606,1379.8244457524393,Random Forest
2025-03-20 15:00:00,1465.47515775,1465.4825037827482,Random Forest
2025-03-20 16:00:00,1232.31826215,1232.5731889703577,Random Forest
2025-03-20 17:00:00,1314.15848175,1314.180134467529,Random Forest
2025-03-20 18:00:00,1581.722822,1581.7240258397642,Random Forest
2025-03-20 19:00:00,1608.6366605,1608.619651901865,Random Forest
2025-03-20 20:00:00,1234.57371775,1234.3186320615878,Random Forest
2025-03-20 21:00:00,1426.08016175,1426.081193689418,Random Forest
2025-03-20 22:00:00,1551.2707685,1551.2709492652496,Random Forest
2025-03-20 23:00:00,1667.377355,1667.3846001626837,Random Forest
2025-03-21 00:00:00,1445.01905625,1445.0143445888639,Random Forest
2025-03-21 01:00:00,1538.5008445,1538.480621390654,Random Forest
2025-03-21 02:00:00,1442.97150975,1442.9732951947458,Random Forest
2025-03-21 03:00:00,1411.186341,1411.207867513996,Random Forest
2025-03-21 04:00:00,1598.537793,1598.5292870756507,Random Forest
2025-03-21 05:00:00,1534.5332175,1534.531078626402,Random Forest
2025-03-21 06:00:00,1551.91827075,1551.9302538754266,Random Forest
2025-03-21 07:00:00,1544.20262825,1544.2050777346303,Random Forest
2025-03-21 08:00:00,1420.76371325,1420.765848063451,Random Forest
2025-03-21 09:00:00,1670.43474125,1670.4557883223274,Random Forest
2025-03-21 10:00:00,1531.487329,1531.4865831810905,Random Forest
2025-03-21 11:00:00,1463.88629275,1463.8855365984844,Random Forest
2025-03-21 12:00:00,1425.81028525,1425.8031916526418,Random Forest
2025-03-21 13:00:00,1458.6852365,1458.7076640582964,Random Forest
2025-03-21 14:00:00,1335.6959832500002,1335.7067062531098,Random Forest
2025-03-21 15:00:00,1330.60346625,1330.5996200657628,Random Forest
2025-03-21 16:00:00,1629.324064,1629.3376449481416,Random Forest
2025-03-21 17:00:00,1426.811914,1426.8067637827944,Random Forest
2025-03-21 18:00:00,1376.78490525,1376.7730032315746,Random Forest
2025-03-21 19:00:00,1350.240783075,1350.273968462013,Random Forest
2025-03-21 20:00:00,1500.89621675,1500.8940706361248,Random Forest
2025-03-21 21:00:00,1470.57993235,1470.5764974535455,Random Forest
2025-03-21 22:00:00,1538.5007735,1538.480621390654,Random Forest
2025-03-21 23:00:00,1599.5572405,1599.5376772165569,Random Forest
2025-03-22 00:00:00,1770.1219549999998,1770.0960739063737,Random Forest
2025-03-22 01:00:00,1465.307526125,1465.2967327586218,Random Forest
2025-03-22 02:00:00,1340.985468,1340.960572117527,Random Forest
2025-03-22 03:00:00,1543.8713435,1543.8808273820773,Random Forest
2025-03-22 04:00:00,1515.535011,1515.542502824789,Random Forest
2025-03-22 05:00:00,1627.8019335,1627.8028068679719,Random Forest
2025-03-22 06:00:00,1495.8702675,1495.8683691693589,Random Forest
2025-03-22 07:00:00,1437.75572875,1437.7825363154195,Random Forest
2025-03-22 08:00:00,1465.4698285,1465.460497889809,Random Forest
2025-03-22 09:00:00,1495.73234175,1495.7374370693478,Random Forest
2025-03-22 10:00:00,1588.521743,1588.518763603549,Random Forest
2025-03-22 11:00:00,1518.238341,1518.232663997828,Random Forest
2025-03-22 12:00:00,1560.8991665,1560.9000035838535,Random Forest
2025-03-22 13:00:00,1582.78712725,1582.7889485136861,Random Forest
2025-03-22 14:00:00,1440.52315825,1440.5171473116602,Random Forest
2025-03-22 15:00:00,1464.98405025,1464.9973912557023,Random Forest
2025-03-22 16:00:00,1746.08030825,1745.9813506249798,Random Forest
2025-03-22 17:00:00,1577.1544235,1577.1483144517751,Random Forest
2025-03-22 18:00:00,1539.38045525,1539.3794672575457,Random Forest
2025-03-22 19:00:00,1548.34445975,1548.3600577893965,Random Forest
2025-03-22 20:00:00,1320.062481,1320.069687808377,Random Forest
2025-03-22 21:00:00,1450.242158,1450.2346278230739,Random Forest
2025-03-22 22:00:00,1405.80607725,1405.805683341315,Random Forest
2025-03-22 23:00:00,1555.34707825,1555.3346348296434,Random Forest
2025-03-23 00:00:00,1275.52035175,1275.6264418685337,Random Forest
2025-03-23 01:00:00,1504.31660825,1504.3126988907272,Random Forest
2025-03-23 02:00:00,1493.24877175,1493.2440605902475,Random Forest
2025-03-23 03:00:00,1395.15361675,1395.1727829446045,Random Forest
2025-03-23 04:00:00,1547.54501425,1547.5581169760628,Random Forest
2025-03-23 05:00:00,1429.94193225,1429.9506570938056,Random Forest
2025-03-23 06:00:00,1528.73988875,1528.731048757071,Random Forest
2025-03-23 07:00:00,1400.8652155,1400.8673271181237,Random Forest
2025-03-23 08:00:00,1433.47861225,1433.4860778205434,Random Forest
2025-03-23 09:00:00,1730.985511,1730.9646519830185,Random Forest
2025-03-23 10:00:00,1519.430227,1519.437182016915,Random Forest
2025-03-23 11:00:00,1541.92420125,1541.9243032885695,Random Forest
2025-03-23 12:00:00,1395.294979,1395.2851453090275,Random Forest
2025-03-23 13:00:00,1501.1416415,1501.1373466964455,Random Forest
2025-03-23 14:00:00,1597.8797165,1597.8618353947377,Random Forest
2025-03-23 15:00:00,1359.84630575,1359.8601683259444,Random Forest
2025-03-23 16:00:00,1721.95302075,1721.9765813878007,Random Forest
2025-03-23 17:00:00,1433.0783135,1433.0789849671626,Random Forest
2025-03-23 18:00:00,1535.557701,1535.561400505544,Random Forest
2025-03-23 19:00:00,1477.50056325,1477.4847655401595,Random Forest
2025-03-23 20:00:00,1666.7328115,1666.7479179687098,Random Forest
2025-03-23 21:00:00,1483.980366,1483.974998538008,Random Forest
2025-03-23 22:00:00,1498.04173,1498.0484456761656,Random Forest
2025-03-23 23:00:00,1349.266980275,1349.2618283967756,Random Forest
2025-03-24 00:00:00,1654.2608837500002,1654.2747512809606,Random Forest
2025-03-24 01:00:00,1488.97446875,1488.9600397757627,Random Forest
2025-03-24 02:00:00,1264.4650235,1264.297647129892,Random Forest
2025-03-24 03:00:00,1444.2150255,1444.2190568967305,Random Forest
2025-03-24 04:00:00,1480.734584,1480.73019947866,Random Forest
2025-03-24 05:00:00,1606.49576225,1606.4837903294347,Random Forest
2025-03-24 06:00:00,1414.806747,1414.8016745035616,Random Forest
2025-03-24 07:00:00,1453.63993625,1453.645597718681,Random Forest
2025-03-24 08:00:00,1471.97639925,1471.9720842630838,Random Forest
2025-03-24 09:00:00,1574.402829,1574.3980272148142,Random Forest
2025-03-24 10:00:00,1265.7226927,1265.7261839732996,Random Forest
2025-03-24 11:00:00,1425.74845325,1425.7600013441054,Random Forest
2025-03-24 12:00:00,1317.686314,1317.6909802079267,Random Forest
2025-03-24 13:00:00,1396.51524825,1396.5270173478743,Random Forest
2025-03-24 14:00:00,1691.0367025,1691.0476857064414,Random Forest
2025-03-24 15:00:00,1468.174408,1468.1851277606083,Random Forest
2025-03-24 16:00:00,1631.836389,1631.8245164574046,Random Forest
2025-03-24 17:00:00,1533.1203527500002,1533.1185742810014,Random Forest
2025-03-24 18:00:00,1525.73093225,1525.733948945608,Random Forest
2025-03-24 19:00:00,1528.21877375,1528.20979999849,Random Forest
2025-03-24 20:00:00,1421.0052925,1420.99629814453,Random Forest
2025-03-24 21:00:00,1443.55967775,1443.5489221276234,Random Forest
2025-03-24 22:00:00,1488.03530625,1488.026867247566,Random Forest
2025-03-24 23:00:00,1802.57117275,1801.7294220635108,Random Forest
2025-03-25 00:00:00,1419.2616425,1419.2683579575826,Random Forest
2025-03-25 01:00:00,1482.92910175,1482.9246313634371,Random Forest
2025-03-25 02:00:00,1620.508873,1620.5136465449123,Random Forest
2025-03-25 03:00:00,1517.1485175,1517.1450887042945,Random Forest
2025-03-25 04:00:00,1395.522797,1395.5082472254328,Random Forest
2025-03-25 05:00:00,1603.41783275,1603.4012312624277,Random Forest
2025-03-25 06:00:00,1464.1945735,1464.1862810308344,Random Forest
2025-03-25 07:00:00,1553.00274,1552.9938739357322,Random Forest
2025-03-25 08:00:00,1557.16656125,1557.186478421912,Random Forest
2025-03-25 09:00:00,1553.33988575,1553.3428184919094,Random Forest
2025-03-25 10:00:00,1437.45705975,1437.453819329816,Random Forest
2025-03-25 11:00:00,1511.732502,1511.7580920750725,Random Forest
2025-03-25 12:00:00,1527.03804275,1527.0317760985959,Random Forest
2025-03-25 13:00:00,1424.32857125,1424.3262136648636,Random Forest
2025-03-25 14:00:00,1563.56916225,1563.5667488623837,Random Forest
2025-03-25 15:00:00,1567.96012825,1567.9680704116481,Random Forest
2025-03-25 16:00:00,1433.79654325,1433.8108955552466,Random Forest
2025-03-25 17:00:00,1372.8468847499998,1372.8282809479272,Random Forest
2025-03-25 18:00:00,1653.47995975,1653.4766978860562,Random Forest
2025-03-25 19:00:00,1564.359098,1564.359201325766,Random Forest
2025-03-25 20:00:00,1340.2595325,1340.2604763187542,Random Forest
2025-03-25 21:00:00,1506.20559775,1506.209818551524,Random Forest
2025-03-25 22:00:00,1613.20347725,1613.1865768299092,Random Forest
2025-03-25 23:00:00,1322.12423025,1322.1633638439175,Random Forest
2025-03-26 00:00:00,1444.20193775,1444.206017503209,Random Forest
2025-03-26 01:00:00,1470.8870875,1470.8882691206568,Random Forest
2025-03-26 02:00:00,1567.82460125,1567.8341398138782,Random Forest
2025-03-26 03:00:00,1420.495151,1420.494577704424,Random Forest
2025-03-26 04:00:00,1362.42194675,1362.4295333699445,Random Forest
2025-03-26 05:00:00,1391.3041965,1391.3197628629155,Random Forest
2025-03-26 06:00:00,1416.67715525,1416.6712924577928,Random Forest
2025-03-26 07:00:00,1560.7036585,1560.7074575174602,Random Forest
2025-03-26 08:00:00,1454.127591,1454.1353444253284,Random Forest
2025-03-26 09:00:00,1538.12285925,1538.1127965614633,Random Forest
2025-03-26 10:00:00,1335.4020845,1335.3776610016243,Random Forest
2025-03-26 11:00:00,1450.5491135,1450.5508289686813,Random Forest
2025-03-26 12:00:00,1567.83978275,1567.8437520477446,Random Forest
2025-03-26 13:00:00,1371.28026625,1371.280960410111,Random Forest
2025-03-26 14:00:00,1555.46152425,1555.4696125890948,Random Forest
2025-03-26 15:00:00,1550.85156075,1550.8600098253255,Random Forest
2025-03-26 16:00:00,1548.31339725,1548.2983222300647,Random Forest
2025-03-26 17:00:00,1311.559268,1311.5776372583211,Random Forest
2025-03-26 18:00:00,1612.64777475,1612.6575763013302,Random Forest
2025-03-26 19:00:00,1466.1524585,1466.1554946247034,Random Forest
2025-03-26 20:00:00,1419.089147,1419.081922827034,Random Forest
2025-03-26 21:00:00,1371.16558925,1371.152370424989,Random Forest
2025-03-26 22:00:00,1449.46583375,1449.468129814592,Random Forest
2025-03-26 23:00:00,1243.7693412,1243.7953741835192,Random Forest
2025-03-27 00:00:00,1543.82143875,1543.830336848909,Random Forest
2025-03-27 01:00:00,1423.28839625,1423.2942279432277,Random Forest
2025-03-27 02:00:00,1606.36663475,1606.365673632336,Random Forest
2025-03-27 03:00:00,1341.05469525,1341.0316551718615,Random Forest
2025-03-27 04:00:00,1703.85971375,1703.8828849370082,Random Forest
2025-03-27 05:00:00,1472.531225,1472.5281244479772,Random Forest
2025-03-27 06:00:00,1625.1610500000002,1625.1366464445944,Random Forest
2025-03-27 07:00:00,1519.79707225,1519.789295988256,Random Forest
2025-03-27 08:00:00,1526.94020875,1526.9348964544165,Random Forest
2025-03-27 09:00:00,1304.17630675,1304.2283168866657,Random Forest
2025-03-27 10:00:00,1364.92217175,1364.9258339079322,Random Forest
2025-03-27 11:00:00,1559.0851915,1559.088049543082,Random Forest
2025-03-27 12:00:00,1463.27834375,1463.2782006785253,Random Forest
2025-03-27 13:00:00,1448.891971,1448.8819654999295,Random Forest
2025-03-27 14:00:00,1456.07573825,1456.0807997083639,Random Forest
2025-03-27 15:00:00,1596.539582,1596.54396806638,Random Forest
2025-03-27 16:00:00,1608.84544275,1608.8506989437644,Random Forest
2025-03-27 17:00:00,1480.52447275,1480.5492615311966,Random Forest
2025-03-27 18:00:00,1500.847623,1500.8499483305081,Random Forest
2025-03-27 19:00:00,1385.1343804,1385.1575170870385,Random Forest
2025-03-27 20:00:00,1509.6929255,1509.6795528432392,Random Forest
2025-03-27 21:00:00,1481.14113125,1481.135438105932,Random Forest
2025-03-27 22:00:00,1411.0930735,1411.0978226466468,Random Forest
2025-03-27 23:00:00,1534.5172295,1534.5071173043918,Random Forest
2025-03-28 00:00:00,1422.416578,1422.4178746606924,Random Forest
2025-03-28 01:00:00,1486.63378925,1486.6303864013448,Random Forest
2025-03-28 02:00:00,1393.91372375,1393.9087526587473,Random Forest
2025-03-28 03:00:00,1559.5369535,1559.5380062632532,Random Forest
2025-03-28 04:00:00,1566.5876605,1566.593676086214,Random Forest
2025-03-28 05:00:00,1696.3824392499998,1696.4344596110948,Random Forest
2025-03-28 06:00:00,1432.1539134999998,1432.1557422472326,Random Forest
2025-03-28 07:00:00,1428.327687,1428.3172725643733,Random Forest
2025-03-28 08:00:00,1319.8164705,1319.765590472053,Random Forest
2025-03-28 09:00:00,1560.52882725,1560.4980351722998,Random Forest
2025-03-28 10:00:00,1346.0115505,1346.0216295890275,Random Forest
2025-03-28 11:00:00,1455.9579515,1455.95998768503,Random Forest
2025-03-28 12:00:00,1629.75535175,1629.7443542091025,Random Forest
2025-03-28 13:00:00,1380.549553,1380.5512752292516,Random Forest
2025-03-28 14:00:00,1621.16971125,1621.176168760183,Random Forest
2025-03-28 15:00:00,1385.94126325,1385.9184035860383,Random Forest
2025-03-28 16:00:00,1539.346201,1539.3557283041334,Random Forest
2025-03-28 17:00:00,1565.9749945,1565.9899638003567,Random Forest
2025-03-28 18:00:00,1339.50607025,1339.5534414354502,Random Forest
2025-03-28 19:00:00,1408.9822789999998,1408.9908720953165,Random Forest
2025-03-28 20:00:00,1660.99086925,1661.0248101546576,Random Forest
2025-03-28 21:00:00,1535.0651205,1535.0666740733232,Random Forest
2025-03-28 22:00:00,1516.78469875,1516.788995230267,Random Forest
2025-03-28 23:00:00,1698.190161,1698.2060082181054,Random Forest
2025-03-29 00:00:00,1565.44448075,1565.4418460365828,Random Forest
2025-03-29 01:00:00,1520.769695,1520.776870258028,Random Forest
2025-03-29 02:00:00,1414.1128245,1414.1154864880027,Random Forest
2025-03-29 03:00:00,1583.281517,1583.2853991151578,Random Forest
2025-03-29 04:00:00,1543.2314675,1543.2250411503326,Random Forest
2025-03-29 05:00:00,1592.600165,1592.612774504707,Random Forest
2025-03-29 06:00:00,1546.70482925,1546.6942433444558,Random Forest
2025-03-29 07:00:00,1485.52227775,1485.520294968174,Random Forest
2025-03-29 08:00:00,1626.7011715,1626.7125325146312,Random Forest
2025-03-29 09:00:00,1632.7542435,1632.7625428061478,Random Forest
2025-03-29 10:00:00,1464.3161085000002,1464.3060392724342,Random Forest
2025-03-29 11:00:00,1392.522402,1392.5425179781628,Random Forest
2025-03-29 12:00:00,1448.05678475,1448.0732492748828,Random Forest
2025-03-29 13:00:00,1466.8943095,1466.8725637042278,Random Forest
2025-03-29 14:00:00,1545.2435785,1545.2436121096086,Random Forest
2025-03-29 15:00:00,1440.8689825,1440.8496702793416,Random Forest
2025-03-29 16:00:00,1397.657852,1397.6387403932456,Random Forest
2025-03-29 17:00:00,1389.01974325,1389.01921531362,Random Forest
2025-03-29 18:00:00,1485.31156225,1485.3312344839537,Random Forest
2025-03-29 19:00:00,1363.82555275,1363.821715257544,Random Forest
2025-03-29 20:00:00,1478.6968225,1478.7044590947658,Random Forest
2025-03-29 21:00:00,1617.3721765,1617.3649536663017,Random Forest
2025-03-29 22:00:00,1348.961385,1348.96053180446,Random Forest
2025-03-29 23:00:00,1431.365245,1431.3615711248722,Random Forest
2025-03-30 00:00:00,1426.95113,1426.9594292806567,Random Forest
2025-03-30 01:00:00,1378.7198707500002,1378.6827135505791,Random Forest
2025-03-30 02:00:00,1659.77416225,1659.7600384390742,Random Forest
2025-03-30 03:00:00,1600.18881025,1600.1849162831716,Random Forest
2025-03-30 04:00:00,1492.62675575,1492.6360785503869,Random Forest
2025-03-30 05:00:00,1584.66083375,1584.6633095194848,Random Forest
2025-03-30 06:00:00,1555.17806425,1555.167603140625,Random Forest
2025-03-30 07:00:00,1579.2446135,1579.2340636445138,Random Forest
2025-03-30 08:00:00,1414.88281425,1414.8985643649137,Random Forest
2025-03-30 09:00:00,1519.091798,1519.0837018461534,Random Forest
2025-03-30 10:00:00,1421.56697875,1421.5781137206536,Random Forest
2025-03-30 11:00:00,1452.27881475,1452.2878165021043,Random Forest
2025-03-30 12:00:00,1463.0009335,1463.0157714090874,Random Forest
2025-03-30 13:00:00,1579.91925075,1579.9105482270325,Random Forest
2025-03-30 14:00:00,1522.69545675,1522.6876567843015,Random Forest
2025-03-30 15:00:00,1587.10943225,1587.1277495239215,Random Forest
2025-03-30 16:00:00,1572.010855,1572.0131085628436,Random Forest
2025-03-30 17:00:00,1543.318895,1543.3281235923575,Random Forest
2025-03-30 18:00:00,1569.06984675,1569.0756320287592,Random Forest
2025-03-30 19:00:00,1508.21118575,1508.2027009768397,Random Forest
2025-03-30 20:00:00,1507.620308,1507.625170279712,Random Forest
2025-03-30 21:00:00,1698.50120925,1698.508457174111,Random Forest
2025-03-30 22:00:00,1496.8111795,1496.788845984638,Random Forest
2025-03-30 23:00:00,1674.8715555,1674.8451789761496,Random Forest
2025-03-31 00:00:00,1465.2308015,1465.224288375279,Random Forest
2025-03-31 01:00:00,1229.53191775,1229.3085587612813,Random Forest
2025-03-31 02:00:00,1686.46777925,1686.4082662806247,Random Forest
2025-03-31 03:00:00,1508.85802725,1508.8740818230851,Random Forest
2025-03-31 04:00:00,1409.0386865,1409.05179660259,Random Forest
2025-03-31 05:00:00,1338.52690025,1338.5368878588808,Random Forest
2025-03-31 06:00:00,1593.2162405,1593.2494880741713,Random Forest
2025-03-31 07:00:00,1415.61503275,1415.605513428808,Random Forest
2025-03-31 08:00:00,1380.1349595,1380.1319772832214,Random Forest
2025-03-31 09:00:00,1305.63027325,1305.645317186456,Random Forest
2025-03-31 10:00:00,1726.75918325,1726.8461717355117,Random Forest
2025-03-31 11:00:00,1435.64011425,1435.6489876510125,Random Forest
2025-03-31 12:00:00,1326.084663825,1326.063527081465,Random Forest
2025-03-31 13:00:00,1349.673993,1349.6616034773986,Random Forest
2025-03-31 14:00:00,1595.15512725,1595.1490936360874,Random Forest
2025-03-31 15:00:00,1355.242759225,1355.250465229643,Random Forest
2025-03-31 16:00:00,1483.890823,1483.8904609415797,Random Forest
2025-03-31 17:00:00,1628.477257,1628.472653879539,Random Forest
2025-03-31 18:00:00,1556.1288439999998,1556.141722234601,Random Forest
2025-03-31 19:00:00,1540.59299175,1540.5972024731059,Random Forest
2025-03-31 20:00:00,1587.323768,1587.3263217655021,Random Forest
2025-03-31 21:00:00,1573.936257,1573.9291726319486,Random Forest
2025-03-31 22:00:00,1504.965948,1504.9635008214227,Random Forest
2025-03-31 23:00:00,1633.4813885,1633.4659365108482,Random Forest
2025-04-01 00:00:00,1419.36417775,1419.3696522037862,Random Forest
2025-04-01 01:00:00,1608.94608625,1608.9480722421542,Random Forest
2025-04-01 02:00:00,1510.025541,1510.0227154144816,Random Forest
2025-04-01 03:00:00,1581.6088425,1581.5773184091931,Random Forest
2025-04-01 04:00:00,1468.3167575,1468.302558958682,Random Forest
2025-04-01 05:00:00,1453.3391944999998,1453.3038591882228,Random Forest
2025-04-01 06:00:00,1365.610947,1365.6142702097318,Random Forest
2025-04-01 07:00:00,1577.54750025,1577.5648408640802,Random Forest
2025-04-01 08:00:00,1659.81991025,1659.8490053699497,Random Forest
2025-04-01 09:00:00,1275.86112075,1275.762421703394,Random Forest
2025-04-01 10:00:00,1584.40947325,1584.4132134816218,Random Forest
2025-04-01 11:00:00,1486.610614,1486.6093141047836,Random Forest
2025-04-01 12:00:00,1502.2348005,1502.2403728219488,Random Forest
2025-04-01 13:00:00,1593.27962425,1593.2744304528564,Random Forest
2025-04-01 14:00:00,1388.58122325,1388.5812786464448,Random Forest
2025-04-01 15:00:00,1178.2676175,1176.9665302387268,Random Forest
2025-04-01 16:00:00,1366.9044135,1366.8942776071779,Random Forest
2025-04-01 17:00:00,1461.034562,1461.0345559491545,Random Forest
2025-04-01 18:00:00,1480.9363695,1480.9306517726832,Random Forest
2025-04-01 19:00:00,1584.4889535,1584.499223078806,Random Forest
2025-04-01 20:00:00,1395.369024,1395.3628055225972,Random Forest
2025-04-01 21:00:00,1403.2606002500002,1403.26184069543,Random Forest
2025-04-01 22:00:00,1617.3527175,1617.3403421158341,Random Forest
2025-04-01 23:00:00,1362.66027175,1362.6555417139439,Random Forest
2025-04-02 00:00:00,1564.18713775,1564.1941499231802,Random Forest
2025-04-02 01:00:00,1517.80542775,1517.813152412911,Random Forest
2025-04-02 02:00:00,1615.9592935,1615.9746078162927,Random Forest
2025-04-02 03:00:00,1579.47806025,1579.4896814136507,Random Forest
2025-04-02 04:00:00,1591.681976,1591.6721648644668,Random Forest
2025-04-02 05:00:00,1420.92313875,1420.9370280499766,Random Forest
2025-04-02 06:00:00,1678.9317375,1678.9421688436448,Random Forest
2025-04-02 07:00:00,1540.58667475,1540.5913349829868,Random Forest
2025-04-02 08:00:00,1453.25887625,1453.2601835195674,Random Forest
2025-04-02 09:00:00,1618.14801975,1618.131023234474,Random Forest
2025-04-02 10:00:00,1604.98276325,1604.9912588804393,Random Forest
2025-04-02 11:00:00,1612.88849675,1612.86733208958,Random Forest
2025-04-02 12:00:00,1572.92073425,1572.909647733489,Random Forest
2025-04-02 13:00:00,1558.80342175,1558.8014859907191,Random Forest
2025-04-02 14:00:00,1477.23544375,1477.2460578547302,Random Forest
2025-04-02 15:00:00,1457.69193025,1457.6960527296676,Random Forest
2025-04-02 16:00:00,1447.3290875,1447.317297342575,Random Forest
2025-04-02 17:00:00,1615.3655885,1615.3709979554092,Random Forest
2025-04-02 18:00:00,1519.9662765,1519.9638438376608,Random Forest
2025-04-02 19:00:00,1361.64626475,1361.6569996432495,Random Forest
2025-04-02 20:00:00,1401.36983875,1401.3857138093913,Random Forest
2025-04-02 21:00:00,1419.081835,1419.0770435151076,Random Forest
2025-04-02 22:00:00,1643.801687,1643.8180913334247,Random Forest
2025-04-02 23:00:00,1477.116431,1477.1180938334448,Random Forest
2025-04-03 00:00:00,1342.7963685,1342.7800740898501,Random Forest
2025-04-03 01:00:00,1651.80904975,1651.8296875697945,Random Forest
2025-04-03 02:00:00,1653.01881625,1652.9982759667305,Random Forest
2025-04-03 03:00:00,1602.8033145,1602.804886414575,Random Forest
2025-04-03 04:00:00,1424.34481775,1424.3310997228368,Random Forest
2025-04-03 05:00:00,1526.2276405,1526.233418100651,Random Forest
2025-04-03 06:00:00,1565.88673425,1565.887380984806,Random Forest
2025-04-03 07:00:00,1413.488327,1413.4836696404554,Random Forest
2025-04-03 08:00:00,1583.98264725,1583.9774347696014,Random Forest
2025-04-03 09:00:00,1444.39100775,1444.3900441928586,Random Forest
2025-04-03 10:00:00,1509.422177,1509.4300906901187,Random Forest
2025-04-03 11:00:00,1381.3452495,1381.3643621129254,Random Forest
2025-04-03 12:00:00,1503.62230125,1503.6323677285918,Random Forest
2025-04-03 13:00:00,1472.90637975,1472.9108488825038,Random Forest
2025-04-03 14:00:00,1430.14328275,1430.1556314478757,Random Forest
2025-04-03 15:00:00,1513.42035775,1513.413725894797,Random Forest
2025-04-03 16:00:00,1536.314834,1536.3132144800065,Random Forest
2025-04-03 17:00:00,1348.38042875,1348.396224883437,Random Forest
2025-04-03 18:00:00,1485.39780425,1485.3818847844925,Random Forest
2025-04-03 19:00:00,1450.95698075,1450.9532275424594,Random Forest
2025-04-03 20:00:00,1532.3342385,1532.3395614286037,Random Forest
2025-04-03 21:00:00,1629.81920275,1629.8229441169678,Random Forest
2025-04-03 22:00:00,1449.7166445,1449.719771750651,Random Forest
2025-04-03 23:00:00,1564.7347185,1564.7401984064484,Random Forest
2025-04-04 00:00:00,1600.24237075,1600.230802669395,Random Forest
2025-04-04 01:00:00,1456.98658025,1457.0048409232068,Random Forest
2025-04-04 02:00:00,1463.33041425,1463.3286870685886,Random Forest
2025-04-04 03:00:00,1622.9810115,1622.9721503908895,Random Forest
2025-04-04 04:00:00,1340.85439075,1340.8554145221312,Random Forest
2025-04-04 05:00:00,1356.00866675,1356.0201438662216,Random Forest
2025-04-04 06:00:00,1506.5480245,1506.5561026148685,Random Forest
2025-04-04 07:00:00,1561.20736625,1561.2041917273464,Random Forest
2025-04-04 08:00:00,1537.3573345,1537.354286391001,Random Forest
2025-04-04 09:00:00,1407.4171295,1407.40278331888,Random Forest
2025-04-04 10:00:00,1498.86241375,1498.8553443941712,Random Forest
2025-04-04 11:00:00,1333.65410975,1333.673583034825,Random Forest
2025-04-04 12:00:00,1568.90875425,1568.897092145848,Random Forest
2025-04-04 13:00:00,1420.046571,1420.067066204125,Random Forest
2025-04-04 14:00:00,1502.337402,1502.3367462948115,Random Forest
2025-04-04 15:00:00,1417.42435025,1417.4209085604025,Random Forest
2025-04-04 16:00:00,1605.82939875,1605.8417278286533,Random Forest
2025-04-04 17:00:00,1432.23492275,1432.234298045864,Random Forest
2025-04-04 18:00:00,1441.99883575,1441.9875756871427,Random Forest
2025-04-04 19:00:00,1520.69688225,1520.7014347365084,Random Forest
2025-04-04 20:00:00,1496.41113925,1496.4220343153277,Random Forest
2025-04-04 21:00:00,1561.06856675,1561.058188447584,Random Forest
2025-04-04 22:00:00,1520.5554225,1520.547163018972,Random Forest
2025-04-04 23:00:00,1550.61929625,1550.617203804104,Random Forest
2025-04-05 00:00:00,1403.59702325,1403.5898729416024,Random Forest
2025-04-05 01:00:00,1468.563455,1468.5473265442974,Random Forest
2025-04-05 02:00:00,1566.95386775,1566.9575674297862,Random Forest
2025-04-05 03:00:00,1587.00726525,1586.989422787813,Random Forest
2025-04-05 04:00:00,1437.06132045,1437.0672709901837,Random Forest
2025-04-05 05:00:00,1613.899836,1613.906118618315,Random Forest
2025-04-05 06:00:00,1271.299080475,1271.250882634932,Random Forest
2025-04-05 07:00:00,1355.08662775,1355.1320752882884,Random Forest
2025-04-05 08:00:00,1454.00086325,1453.9883524886047,Random Forest
2025-04-05 09:00:00,1651.81848475,1651.8309046686304,Random Forest
2025-04-05 10:00:00,1689.74689575,1689.7363268805834,Random Forest
2025-04-05 11:00:00,1509.38660975,1509.377646938782,Random Forest
2025-04-05 12:00:00,1494.69247475,1494.7010401684709,Random Forest
2025-04-05 13:00:00,1651.6641605,1651.7004220357285,Random Forest
2025-04-05 14:00:00,1565.8075185,1565.8132264661049,Random Forest
2025-04-05 15:00:00,1489.93048375,1489.9186877002694,Random Forest
2025-04-05 16:00:00,1571.80447025,1571.8043159696515,Random Forest
2025-04-05 17:00:00,1532.478244,1532.4857330929774,Random Forest
2025-04-05 18:00:00,1460.2371925,1460.2373563314475,Random Forest
2025-04-05 19:00:00,1498.03605925,1498.032493823546,Random Forest
2025-04-05 20:00:00,1588.94496875,1588.938245950988,Random Forest
2025-04-05 21:00:00,1064.324425325,1149.6202711346484,Random Forest
2025-04-05 22:00:00,1687.99654675,1687.9603472087247,Random Forest
2025-04-05 23:00:00,1485.873002,1485.8778877460227,Random Forest
2025-04-06 00:00:00,1383.412336,1383.4158694717794,Random Forest
2025-04-06 01:00:00,1563.95412725,1563.9425568294757,Random Forest
2025-04-06 02:00:00,1503.74591325,1503.7460303102914,Random Forest
2025-04-06 03:00:00,1413.3789055,1413.385329835574,Random Forest
2025-04-06 04:00:00,1569.2702735,1569.2750055102495,Random Forest
2025-04-06 05:00:00,1689.90426825,1689.8495232274124,Random Forest
2025-04-06 06:00:00,1393.90919675,1393.903913188649,Random Forest
2025-04-06 07:00:00,1633.9969395,1634.031540657561,Random Forest
2025-04-06 08:00:00,1432.5708925,1432.5801348429495,Random Forest
2025-04-06 09:00:00,1581.90548475,1581.9162024057973,Random Forest
2025-04-06 10:00:00,1590.5825735,1590.579727759993,Random Forest
2025-04-06 11:00:00,1712.854762,1712.8244997869149,Random Forest
2025-04-06 12:00:00,1529.7594315,1529.7598875734031,Random Forest
2025-04-06 13:00:00,1411.2921415,1411.2909459599553,Random Forest
2025-04-06 14:00:00,1424.08495875,1424.099425009932,Random Forest
2025-04-06 15:00:00,1519.97822775,1519.9903873733756,Random Forest
2025-04-06 16:00:00,1596.09343225,1596.0852676981035,Random Forest
2025-04-06 17:00:00,1418.43882675,1418.4531988167107,Random Forest
2025-04-06 18:00:00,1483.698375,1483.6881559579715,Random Forest
2025-04-06 19:00:00,1480.0128,1480.016213595653,Random Forest
2025-04-06 20:00:00,1485.77215325,1485.7796957257078,Random Forest
2025-04-06 21:00:00,1386.07578575,1386.0922409311281,Random Forest
2025-04-06 22:00:00,1443.415275,1443.426368112684,Random Forest
2025-04-06 23:00:00,1549.53934575,1549.5386850465925,Random Forest
2025-04-07 00:00:00,1481.64592625,1481.6413736265295,Random Forest
2025-04-07 01:00:00,1372.4199805,1372.4372809348286,Random Forest
2025-04-07 02:00:00,1395.1242925,1395.1156847017812,Random Forest
2025-04-07 03:00:00,1431.0398875,1431.0258559116683,Random Forest
2025-04-07 04:00:00,1296.6915385,1296.7053907953002,Random Forest
2025-04-07 05:00:00,1410.9776362500002,1410.9850318519009,Random Forest
2025-04-07 06:00:00,1394.5045395,1394.5250782537344,Random Forest
2025-04-07 07:00:00,1488.030128,1488.0255111480274,Random Forest
2025-04-07 08:00:00,1405.0190855,1405.0089114276734,Random Forest
2025-04-07 09:00:00,1492.901628,1492.9029685104447,Random Forest
2025-04-07 10:00:00,1509.53429775,1509.5500183921104,Random Forest
2025-04-07 11:00:00,1394.270183,1394.2781943416371,Random Forest
2025-04-07 12:00:00,1508.987695,1508.9853041635586,Random Forest
2025-04-07 13:00:00,1388.38620275,1388.3693375831108,Random Forest
2025-04-07 14:00:00,1352.50723325,1352.5189466949303,Random Forest
2025-04-07 15:00:00,1618.65458125,1618.623396809159,Random Forest
2025-04-07 16:00:00,1729.86536575,1729.8827675388995,Random Forest
2025-04-07 17:00:00,1523.09303375,1523.077547586335,Random Forest
2025-04-07 18:00:00,1655.52323725,1655.5245185426495,Random Forest
2025-04-07 19:00:00,1441.824492,1441.8210637280968,Random Forest
2025-04-07 20:00:00,1495.16638025,1495.1794167840853,Random Forest
2025-04-07 21:00:00,1412.1362475,1412.1694800732703,Random Forest
2025-04-07 22:00:00,1563.19280625,1563.1805008060858,Random Forest
2025-04-07 23:00:00,1163.4572485,1150.2649698932303,Random Forest
2025-04-08 00:00:00,1544.382908,1544.3660658949118,Random Forest
2025-04-08 01:00:00,1662.1948515,1662.1583479911417,Random Forest
2025-04-08 02:00:00,1549.24263725,1549.2508012876874,Random Forest
2025-04-08 03:00:00,1600.09191875,1600.0891640599175,Random Forest
2025-04-08 04:00:00,1421.6456565,1421.6326947620664,Random Forest
2025-04-08 05:00:00,1685.16432575,1685.1124517276967,Random Forest
2025-04-08 06:00:00,1599.7282645,1599.7213033059618,Random Forest
2025-04-08 07:00:00,1354.04254,1354.057847539338,Random Forest
2025-04-08 08:00:00,1614.46025525,1614.4474588707903,Random Forest
2025-04-08 09:00:00,1451.38324225,1451.3833859378333,Random Forest
2025-04-08 10:00:00,1521.46974975,1521.4711033905824,Random Forest
2025-04-08 11:00:00,1541.59022225,1541.581437361913,Random Forest
2025-04-08 12:00:00,1490.93287725,1490.9337141992355,Random Forest
2025-04-08 13:00:00,1499.3333755,1499.3436520464104,Random Forest
2025-04-08 14:00:00,1474.4119895,1474.3916745854265,Random Forest
2025-04-08 15:00:00,1549.905675,1549.914004392395,Random Forest
2025-04-08 16:00:00,1477.23363725,1477.246058314202,Random Forest
2025-04-08 17:00:00,1322.2865308,1322.2882647290733,Random Forest
2025-04-08 18:00:00,1210.69150755,1210.7230672725223,Random Forest
2025-04-08 19:00:00,1453.99774725,1453.9883524886047,Random Forest
2025-04-08 20:00:00,1567.30433375,1567.305709802608,Random Forest
2025-04-08 21:00:00,1498.07715325,1498.0716901564242,Random Forest
2025-04-08 22:00:00,1527.374995,1527.3683822801765,Random Forest
2025-04-08 23:00:00,1377.39894825,1377.3970126060362,Random Forest
2025-04-09 00:00:00,1505.916942,1505.9152479429122,Random Forest
2025-04-09 01:00:00,1565.8704305,1565.8774946479734,Random Forest
2025-04-09 02:00:00,1569.1214175,1569.1238442742278,Random Forest
2025-04-09 03:00:00,1565.07108375,1565.0672837232498,Random Forest
2025-04-09 04:00:00,1695.759184,1695.8540835731903,Random Forest
2025-04-09 05:00:00,1536.3551195,1536.362701164001,Random Forest
2025-04-09 06:00:00,1565.95569225,1565.9635643290612,Random Forest
2025-04-09 07:00:00,1378.123057,1378.1179332749314,Random Forest
2025-04-09 08:00:00,1765.54891025,1765.3740049719972,Random Forest
2025-04-09 09:00:00,1383.38399975,1383.3900476089643,Random Forest
2025-04-09 10:00:00,1611.21002825,1611.2206748828335,Random Forest
2025-04-09 11:00:00,1475.12109375,1475.121191348151,Random Forest
2025-04-09 12:00:00,1401.363806,1401.381549498855,Random Forest
2025-04-09 13:00:00,1470.751133,1470.7561226422504,Random Forest
2025-04-09 14:00:00,1696.84011175,1696.8101063784127,Random Forest
2025-04-09 15:00:00,1530.8342605,1530.838395986132,Random Forest
2025-04-09 16:00:00,1416.354653,1416.3413478968903,Random Forest
2025-04-09 17:00:00,1525.16422175,1525.1746730053785,Random Forest
2025-04-09 18:00:00,1428.35082075,1428.3329912216814,Random Forest
2025-04-09 19:00:00,1548.43369875,1548.4337739125028,Random Forest
2025-04-09 20:00:00,1520.537458,1520.5350469635905,Random Forest
2025-04-09 21:00:00,1585.5001015,1585.5179878577665,Random Forest
2025-04-09 22:00:00,1540.42575025,1540.4292164139395,Random Forest
2025-04-09 23:00:00,1498.971633,1498.9730946410718,Random Forest
2025-04-10 00:00:00,1458.050219,1458.0592711610548,Random Forest
2025-04-10 01:00:00,1406.8568605,1406.857364058939,Random Forest
2025-04-10 02:00:00,1390.6137455,1390.6093130270522,Random Forest
2025-04-10 03:00:00,1531.51209675,1531.5137963725567,Random Forest
2025-04-10 04:00:00,1531.2866545,1531.2894147607155,Random Forest
2025-04-10 05:00:00,1561.091809,1561.08286338072,Random Forest
2025-04-10 06:00:00,1522.939255,1522.9476332939655,Random Forest
2025-04-10 07:00:00,1324.693760575,1324.7149123675065,Random Forest
2025-04-10 08:00:00,1381.553562,1381.5542179563772,Random Forest
2025-04-10 09:00:00,1573.03225975,1573.014466919982,Random Forest
2025-04-10 10:00:00,1426.76813225,1426.7761726625843,Random Forest
2025-04-10 11:00:00,1410.43161035,1410.4254507345404,Random Forest
2025-04-10 12:00:00,1511.0304725,1511.0269932133067,Random Forest
2025-04-10 13:00:00,1565.28729375,1565.2911340312796,Random Forest
2025-04-10 14:00:00,1373.4243625,1373.4160656531185,Random Forest
2025-04-10 15:00:00,1198.0298384,1197.5551875018473,Random Forest
2025-04-10 16:00:00,1536.477057,1536.4601509691431,Random Forest
2025-04-10 17:00:00,1379.757621,1379.7812639255787,Random Forest
2025-04-10 18:00:00,1359.14622075,1359.1645543726752,Random Forest
2025-04-10 19:00:00,1697.743146,1697.737633771367,Random Forest
2025-04-10 20:00:00,1397.98567275,1397.9990823985813,Random Forest
2025-04-10 21:00:00,1385.3809965,1385.3942722534346,Random Forest
2025-04-10 22:00:00,1405.1863795,1405.1855346301825,Random Forest
2025-04-10 23:00:00,1555.490134,1555.4861389422842,Random Forest
2025-04-11 00:00:00,1586.025805,1586.0501242301182,Random Forest
2025-04-11 01:00:00,1573.93073675,1573.9217180394728,Random Forest
2025-04-11 02:00:00,1490.71712475,1490.709478366031,Random Forest
2025-04-11 03:00:00,1576.94905325,1576.9478025217634,Random Forest
2025-04-11 04:00:00,1378.0636949999998,1378.0620211143894,Random Forest
2025-04-11 05:00:00,1593.00653375,1592.9993745214429,Random Forest
2025-04-11 06:00:00,1392.06426775,1392.066932277271,Random Forest
2025-04-11 07:00:00,1355.059770275,1355.0176765467438,Random Forest
2025-04-11 08:00:00,1544.46931125,1544.4768922719754,Random Forest
2025-04-11 09:00:00,1359.54986275,1359.538857420036,Random Forest
2025-04-11 10:00:00,1444.01424125,1444.019480169301,Random Forest
2025-04-11 11:00:00,1431.829767,1431.8330138221652,Random Forest
2025-04-11 12:00:00,1657.90788,1657.8920042898792,Random Forest
2025-04-11 13:00:00,1493.82129325,1493.810777998172,Random Forest
2025-04-11 14:00:00,1501.18997475,1501.1709681009233,Random Forest
2025-04-11 15:00:00,1568.72124125,1568.7277091788333,Random Forest
2025-04-11 16:00:00,1543.61484875,1543.6245526002872,Random Forest
2025-04-11 17:00:00,1485.6208875,1485.6114680220198,Random Forest
2025-04-11 18:00:00,1534.28406775,1534.295578308154,Random Forest
2025-04-11 19:00:00,1517.6831465,1517.6833395040944,Random Forest
2025-04-11 20:00:00,1468.43017975,1468.4370683600946,Random Forest
2025-04-11 21:00:00,1658.528683,1658.5284468840948,Random Forest
2025-04-11 22:00:00,1657.243948,1657.2426012962399,Random Forest
2025-04-11 23:00:00,1574.50053225,1574.5230350715271,Random Forest
2025-04-12 00:00:00,1379.2615135,1379.2589296441618,Random Forest
2025-04-12 01:00:00,1479.0840469999998,1479.075798553602,Random Forest
2025-04-12 02:00:00,1666.68880525,1666.7020132764433,Random Forest
2025-04-12 03:00:00,1403.44450075,1403.4335728327712,Random Forest
2025-04-12 04:00:00,1439.88851825,1439.8831916079373,Random Forest
2025-04-12 05:00:00,1737.43986875,1737.4127031177268,Random Forest
2025-04-12 06:00:00,1550.51063,1550.5216968302325,Random Forest
2025-04-12 07:00:00,1533.77302475,1533.7890843527143,Random Forest
2025-04-12 08:00:00,1479.41875325,1479.4056357206625,Random Forest
2025-04-12 09:00:00,1459.43264475,1459.4286810448136,Random Forest
2025-04-12 10:00:00,1442.35193525,1442.3427932277182,Random Forest
2025-04-12 11:00:00,1380.219231,1380.207169926225,Random Forest
2025-04-12 12:00:00,1484.568698,1484.5602279502575,Random Forest
2025-04-12 13:00:00,1582.9238945,1582.9232588687164,Random Forest
2025-04-12 14:00:00,1375.97922625,1375.9388739311921,Random Forest
2025-04-12 15:00:00,1530.62820925,1530.6304490241862,Random Forest
2025-04-12 16:00:00,1688.76477525,1688.8004652036166,Random Forest
2025-04-12 17:00:00,1387.26520425,1387.295842932303,Random Forest
2025-04-12 18:00:00,1517.17688125,1517.1896893423636,Random Forest
2025-04-12 19:00:00,1463.3689705,1463.375476853218,Random Forest
2025-04-12 20:00:00,1522.83607075,1522.8224568539142,Random Forest
2025-04-12 21:00:00,1506.31531725,1506.3159599089083,Random Forest
2025-04-12 22:00:00,1460.4466035,1460.4445046003632,Random Forest
2025-04-12 23:00:00,1457.64312125,1457.6377282522915,Random Forest
2025-04-13 00:00:00,1309.980163,1309.9207733252763,Random Forest
2025-04-13 01:00:00,1472.294218,1472.3014282600996,Random Forest
2025-04-13 02:00:00,1583.636818,1583.6371436846644,Random Forest
2025-04-13 03:00:00,1416.47279575,1416.475556901691,Random Forest
2025-04-13 04:00:00,1606.07395825,1606.0497139826966,Random Forest
2025-04-13 05:00:00,1505.75103575,1505.7476109698819,Random Forest
2025-04-13 06:00:00,1486.543609,1486.5417457644917,Random Forest
2025-04-13 07:00:00,1454.94246325,1454.9326417457044,Random Forest
2025-04-13 08:00:00,1460.12422425,1460.109442901284,Random Forest
2025-04-13 09:00:00,1439.639562,1439.6421170308884,Random Forest
2025-04-13 10:00:00,1508.8540245,1508.8597237789807,Random Forest
2025-04-13 11:00:00,1410.1310075,1410.1573104089375,Random Forest
2025-04-13 12:00:00,1440.025395,1440.0287170049926,Random Forest
2025-04-13 13:00:00,1537.49310225,1537.492881310418,Random Forest
2025-04-13 14:00:00,1393.5206045,1393.5307425882338,Random Forest
2025-04-13 15:00:00,1321.3418135,1321.3379875996206,Random Forest
2025-04-13 16:00:00,1550.77144125,1550.7729307291686,Random Forest
2025-04-13 17:00:00,1629.1835285,1629.2011630550478,Random Forest
2025-04-13 18:00:00,1491.49994625,1491.5027350361631,Random Forest
2025-04-13 19:00:00,1421.36219975,1421.369378519574,Random Forest
2025-04-13 20:00:00,1691.6347735,1691.5309462608182,Random Forest
2025-04-13 21:00:00,1705.183662,1705.3479907623716,Random Forest
2025-04-13 22:00:00,1484.18982975,1484.1984661801675,Random Forest
2025-04-13 23:00:00,1448.58105075,1448.586755907259,Random Forest
2025-04-14 00:00:00,1465.7692025,1465.763746429763,Random Forest
2025-04-14 01:00:00,1612.562237,1612.542657487355,Random Forest
2025-04-14 02:00:00,1553.9973245,1554.0094872718714,Random Forest
2025-04-14 03:00:00,1422.31130925,1422.309185258904,Random Forest
2025-04-14 04:00:00,1683.57925925,1683.577200761475,Random Forest
2025-04-14 05:00:00,1382.632599,1382.5877901713395,Random Forest
2025-04-14 06:00:00,1486.12118125,1486.1095265486185,Random Forest
2025-04-14 07:00:00,1517.083226,1517.0828489107498,Random Forest
2025-04-14 08:00:00,1512.80663125,1512.7905934598186,Random Forest
2025-04-14 09:00:00,1512.33019075,1512.3330449969765,Random Forest
2025-04-14 10:00:00,1508.3529735,1508.365797221062,Random Forest
2025-04-14 11:00:00,1340.7713885,1340.7473837702698,Random Forest
2025-04-14 12:00:00,1519.5273435,1519.5320403936196,Random Forest
2025-04-14 13:00:00,1619.02155775,1619.0240159475998,Random Forest
2025-04-14 14:00:00,1590.58795125,1590.5877136668555,Random Forest
2025-04-14 15:00:00,1462.45824475,1462.4653597801744,Random Forest
2025-04-14 16:00:00,1523.3111235,1523.3148656612193,Random Forest
2025-04-14 17:00:00,1285.78064385,1285.88378739628,Random Forest
2025-04-14 18:00:00,1343.84963725,1343.8370228417853,Random Forest
2025-04-14 19:00:00,1427.3821355,1427.3635561372244,Random Forest
2025-04-14 20:00:00,1581.530722,1581.5359282243114,Random Forest
2025-04-14 21:00:00,1364.061206,1364.056748339245,Random Forest
2025-04-14 22:00:00,1319.331068625,1319.4094235286552,Random Forest
2025-04-14 23:00:00,1482.1691655,1482.18125465901,Random Forest
2025-04-15 00:00:00,1557.1081785,1557.1111620734257,Random Forest
2025-04-15 01:00:00,1631.3895425,1631.3631886241526,Random Forest
2025-04-15 02:00:00,1585.4021595,1585.3950074707845,Random Forest
2025-04-15 03:00:00,1566.1046310000002,1566.1017635286971,Random Forest
2025-04-15 04:00:00,1489.2923785,1489.3102338261042,Random Forest
2025-04-15 05:00:00,1398.548458,1398.536412288251,Random Forest
2025-04-15 06:00:00,1441.12018725,1441.10199344045,Random Forest
2025-04-15 07:00:00,1534.06036075,1534.0384208578696,Random Forest
2025-04-15 08:00:00,1567.32959375,1567.3229147471106,Random Forest
2025-04-15 09:00:00,1623.3325825,1623.3501524903518,Random Forest
2025-04-15 10:00:00,1567.8327465,1567.8408262849493,Random Forest
2025-04-15 11:00:00,1502.995042,1503.0016900186486,Random Forest
2025-04-15 12:00:00,1431.8743654999998,1431.8664128160963,Random Forest
2025-04-15 13:00:00,1526.1368175,1526.1229019736159,Random Forest
2025-04-15 14:00:00,1496.188493,1496.196361801835,Random Forest
2025-04-15 15:00:00,1364.1515399999998,1364.098138156131,Random Forest
2025-04-15 16:00:00,1370.164309,1370.1839245238912,Random Forest
2025-04-15 17:00:00,1628.45507225,1628.454260121207,Random Forest
2025-04-15 18:00:00,1513.4675745,1513.4566808348225,Random Forest
2025-04-15 19:00:00,1507.8318065,1507.838786611869,Random Forest
2025-04-15 20:00:00,1408.51637625,1408.5316712154674,Random Forest
2025-04-15 21:00:00,1532.1036825,1532.1160286991083,Random Forest
2025-04-15 22:00:00,1590.222009,1590.2393187210546,Random Forest
2025-04-15 23:00:00,1260.81590225,1260.6785988401944,Random Forest
2025-04-16 00:00:00,1380.6116675,1380.6069110919257,Random Forest
2025-04-16 01:00:00,1611.38078425,1611.3720494054705,Random Forest
2025-04-16 02:00:00,1475.1594135,1475.1595864696365,Random Forest
2025-04-16 03:00:00,1561.55632525,1561.5681727321603,Random Forest
2025-04-16 04:00:00,1591.13859675,1591.1378399656498,Random Forest
2025-04-16 05:00:00,1226.9230085,1227.6887336640548,Random Forest
2025-04-16 06:00:00,1589.4227335,1589.421875192756,Random Forest
2025-04-16 07:00:00,1451.96809075,1451.9546505028795,Random Forest
2025-04-16 08:00:00,1578.52536975,1578.5025485114675,Random Forest
2025-04-16 09:00:00,1365.5144745,1365.5040695697865,Random Forest
2025-04-16 10:00:00,1526.20286275,1526.1968684373826,Random Forest
2025-04-16 11:00:00,1735.8698635,1735.9435250733056,Random Forest
2025-04-16 12:00:00,1377.287444,1377.259536616028,Random Forest
2025-04-16 13:00:00,1517.23581575,1517.2279947593738,Random Forest
2025-04-16 14:00:00,1245.35224515,1246.118026079545,Random Forest
2025-04-16 15:00:00,1483.9016695,1483.8938853054756,Random Forest
2025-04-16 16:00:00,1626.72517025,1626.7173879397667,Random Forest
2025-04-16 17:00:00,1738.354564,1738.4952248003526,Random Forest
2025-04-16 18:00:00,1450.4183935,1450.4136833269176,Random Forest
2025-04-16 19:00:00,1732.3406925,1732.2519948893926,Random Forest
2025-04-16 20:00:00,1395.63370825,1395.6404642093746,Random Forest
2025-04-16 21:00:00,1291.551042,1291.5835339839878,Random Forest
2025-04-16 22:00:00,1601.74224975,1601.7125400431144,Random Forest
2025-04-16 23:00:00,1441.3518395,1441.348630500964,Random Forest
2025-04-17 00:00:00,1427.5223892499998,1427.546028740442,Random Forest
2025-04-17 01:00:00,1572.46262475,1572.4514181319787,Random Forest
2025-04-17 02:00:00,1463.5152255,1463.5135997709433,Random Forest
2025-04-17 03:00:00,1594.3886065,1594.3874155826197,Random Forest
2025-04-17 04:00:00,1472.97196775,1472.9703477528712,Random Forest
2025-04-17 05:00:00,1647.40003075,1647.4226055814704,Random Forest
2025-04-17 06:00:00,1534.4683485,1534.4869415624041,Random Forest
2025-04-17 07:00:00,1462.4571885,1462.465023386164,Random Forest
2025-04-17 08:00:00,1403.36339825,1403.3564739186259,Random Forest
2025-04-17 09:00:00,1374.58929275,1374.569398521666,Random Forest
2025-04-17 10:00:00,1484.3190745,1484.3120331997375,Random Forest
2025-04-17 11:00:00,1527.55207375,1527.5465103937304,Random Forest
2025-04-17 12:00:00,1478.309574,1478.2966474498098,Random Forest
2025-04-17 13:00:00,1429.58562,1429.584091505032,Random Forest
2025-04-17 14:00:00,1480.56295175,1480.5627726677653,Random Forest
2025-04-17 15:00:00,1362.33971575,1362.3431421010744,Random Forest
2025-04-17 16:00:00,1714.40394725,1714.4750865875376,Random Forest
2025-04-17 17:00:00,1473.903731,1473.901981603276,Random Forest
2025-04-17 18:00:00,1606.688584,1606.7078474553796,Random Forest
2025-04-17 19:00:00,1431.51828275,1431.52903252983,Random Forest
2025-04-17 20:00:00,1535.593668,1535.584877342701,Random Forest
2025-04-17 21:00:00,1543.3134895,1543.3088606705542,Random Forest
2025-04-17 22:00:00,1497.370817,1497.3524723695737,Random Forest
2025-04-17 23:00:00,1601.05122875,1601.0465440040687,Random Forest
2025-04-18 00:00:00,1479.96264925,1479.953690169381,Random Forest
2025-04-18 01:00:00,1558.47724225,1558.4689614388599,Random Forest
2025-04-18 02:00:00,1407.22357925,1407.2257156365383,Random Forest
2025-04-18 03:00:00,1272.70514675,1272.693211664672,Random Forest
2025-04-18 04:00:00,1485.64689075,1485.6586183438537,Random Forest
2025-04-18 05:00:00,1469.050649,1469.0450214978691,Random Forest
2025-04-18 06:00:00,1506.90111525,1506.8848362169804,Random Forest
2025-04-18 07:00:00,1372.7394935,1372.7259347543327,Random Forest
2025-04-18 08:00:00,1558.9085169999998,1558.92174160053,Random Forest
2025-04-18 09:00:00,1563.984484,1563.981618649865,Random Forest
2025-04-18 10:00:00,1343.29741475,1343.3163555694641,Random Forest
2025-04-18 11:00:00,1415.5636734999998,1415.580616209912,Random Forest
2025-04-18 12:00:00,1368.82545825,1368.8229541788346,Random Forest
2025-04-18 13:00:00,1516.05157525,1516.0493790395685,Random Forest
2025-04-18 14:00:00,1517.764854,1517.75925332379,Random Forest
2025-04-18 15:00:00,1503.04871725,1503.0434608753303,Random Forest
2025-04-18 16:00:00,1416.667901,1416.6678939648807,Random Forest
2025-04-18 17:00:00,1366.2075335,1366.1915632201606,Random Forest
2025-04-18 18:00:00,1557.86960025,1557.8649707751856,Random Forest
2025-04-18 19:00:00,1487.13191375,1487.1265344459925,Random Forest
2025-04-18 20:00:00,1473.5941185,1473.6001829548213,Random Forest
2025-04-18 21:00:00,1546.10573175,1546.1043491918476,Random Forest
2025-04-18 22:00:00,1693.09656675,1693.0636252634558,Random Forest
2025-04-18 23:00:00,1413.84483375,1413.8312866435385,Random Forest
2025-04-19 00:00:00,1509.1075075,1509.1083609338675,Random Forest
2025-04-19 01:00:00,1631.5899405,1631.5852196795975,Random Forest
2025-04-19 02:00:00,1475.5282035,1475.5413368992258,Random Forest
2025-04-19 03:00:00,1646.6934455,1646.702797122095,Random Forest
2025-04-19 04:00:00,1525.544243,1525.55082865573,Random Forest
2025-04-19 05:00:00,1600.11986025,1600.1193340195664,Random Forest
2025-04-19 06:00:00,1608.7543405,1608.7592017836425,Random Forest
2025-04-19 07:00:00,1425.3073095,1425.3030204172537,Random Forest
2025-04-19 08:00:00,1576.83325025,1576.8495647810134,Random Forest
2025-04-19 09:00:00,1590.29504475,1590.3052202823092,Random Forest
2025-04-19 10:00:00,1389.5717245,1389.578383040254,Random Forest
2025-04-19 11:00:00,1678.875884,1678.925471240827,Random Forest
2025-04-19 12:00:00,1458.976378,1458.9710318893742,Random Forest
2025-04-19 13:00:00,1474.619211,1474.615594533537,Random Forest
2025-04-19 14:00:00,1570.42509775,1570.4158811065686,Random Forest
2025-04-19 15:00:00,1559.6248165,1559.6386605349644,Random Forest
2025-04-19 16:00:00,1460.68583075,1460.6931362628034,Random Forest
2025-04-19 17:00:00,1459.6529285,1459.6559583926216,Random Forest
2025-04-19 18:00:00,1496.90186075,1496.902512433787,Random Forest
2025-04-19 19:00:00,1570.21227275,1570.220296143755,Random Forest
2025-04-19 20:00:00,1456.853713,1456.855747719157,Random Forest
2025-04-19 21:00:00,1580.3476175,1580.372828649031,Random Forest
2025-04-19 22:00:00,1500.15909225,1500.1678508217715,Random Forest
2025-04-19 23:00:00,1427.326668,1427.3355518030119,Random Forest
2025-04-20 00:00:00,1643.56796975,1643.5860799907487,Random Forest
2025-04-20 01:00:00,1481.903444,1481.9112970182375,Random Forest
2025-04-20 02:00:00,1556.26700675,1556.2630797275688,Random Forest
2025-04-20 03:00:00,1683.44929375,1683.455991894954,Random Forest
2025-04-20 04:00:00,1424.16826925,1424.1698869068837,Random Forest
2025-04-20 05:00:00,1371.6002039999998,1371.6219629936961,Random Forest
2025-04-20 06:00:00,1573.98010975,1573.9886140116066,Random Forest
2025-04-20 07:00:00,1447.70858175,1447.7175489964793,Random Forest
2025-04-20 08:00:00,1605.23243225,1605.2358789782056,Random Forest
2025-04-20 09:00:00,1596.7656965,1596.7813956281693,Random Forest
2025-04-20 10:00:00,1335.900551,1335.8762750044946,Random Forest
2025-04-20 11:00:00,1589.75995525,1589.7356130370408,Random Forest
2025-04-20 12:00:00,1539.6612015,1539.6698963839028,Random Forest
2025-04-20 13:00:00,1433.44243975,1433.463683825701,Random Forest
2025-04-20 14:00:00,1469.2850825,1469.2890496976909,Random Forest
2025-04-20 15:00:00,1573.626354,1573.6494711121675,Random Forest
2025-04-20 16:00:00,1557.6104105,1557.6110378570716,Random Forest
2025-04-20 17:00:00,1542.19010975,1542.199391689726,Random Forest
2025-04-20 18:00:00,1414.734937,1414.738747708439,Random Forest
2025-04-20 19:00:00,1518.79475775,1518.7933447890218,Random Forest
2025-04-20 20:00:00,1402.7916165,1402.7879199515928,Random Forest
2025-04-20 21:00:00,1550.7001487500002,1550.7240273158945,Random Forest
2025-04-20 22:00:00,1521.060743,1521.0265252478039,Random Forest
2025-04-20 23:00:00,1588.299875,1588.2998706751373,Random Forest
2025-04-21 00:00:00,1477.284003,1477.2631982456608,Random Forest
2025-04-21 01:00:00,1423.2730877499998,1423.264379159977,Random Forest
2025-04-21 02:00:00,1514.490005,1514.4722380764306,Random Forest
2025-04-21 03:00:00,1480.468924,1480.4721105937213,Random Forest
2025-04-21 04:00:00,1532.40634775,1532.4015614253713,Random Forest
2025-04-21 05:00:00,1312.215414,1312.2253831934734,Random Forest
2025-04-21 06:00:00,1559.08742225,1559.088821555949,Random Forest
2025-04-21 07:00:00,1423.2948582499998,1423.3162211269787,Random Forest
2025-04-21 08:00:00,1574.316532,1574.3077532760042,Random Forest
2025-04-21 09:00:00,1352.9907085,1353.000973383632,Random Forest
2025-04-21 10:00:00,1531.328767,1531.3177409941752,Random Forest
2025-04-21 11:00:00,1465.846379,1465.8410768243639,Random Forest
2025-04-21 12:00:00,1367.39693375,1367.4158925616505,Random Forest
2025-04-21 13:00:00,1550.3847105,1550.3812650002044,Random Forest
2025-04-21 14:00:00,1455.13154575,1455.134040737874,Random Forest
2025-04-21 15:00:00,1427.057811,1427.0541104716954,Random Forest
2025-04-21 16:00:00,1683.9628665,1684.0101967859428,Random Forest
2025-04-21 17:00:00,1470.080386,1470.1004405284004,Random Forest
2025-04-21 18:00:00,1420.9857125,1420.9864938169133,Random Forest
2025-04-21 19:00:00,1602.0286082500002,1602.0387489989796,Random Forest
2025-04-21 20:00:00,1454.144446,1454.1470962366081,Random Forest
2025-04-21 21:00:00,1580.0543425,1580.0707547911263,Random Forest
2025-04-21 22:00:00,1517.1148815,1517.1079968914898,Random Forest
2025-04-21 23:00:00,1533.9359255,1533.948051811901,Random Forest
2025-04-22 00:00:00,1517.413734,1517.418912464384,Random Forest
2025-04-22 01:00:00,1599.94841075,1599.9569781606003,Random Forest
2025-04-22 02:00:00,1575.66771825,1575.6661957034553,Random Forest
2025-04-22 03:00:00,1476.6239805,1476.620518366689,Random Forest
2025-04-22 04:00:00,1385.07056625,1385.0621314348607,Random Forest
2025-04-22 05:00:00,1523.88964,1523.8843748516674,Random Forest
2025-04-22 06:00:00,1521.43341375,1521.4351865065871,Random Forest
2025-04-22 07:00:00,1702.159219,1702.1721870047302,Random Forest
2025-04-22 08:00:00,1389.845116,1389.8464081349882,Random Forest
2025-04-22 09:00:00,1480.04424725,1480.055445807726,Random Forest
2025-04-22 10:00:00,1442.7735025,1442.7754694059754,Random Forest
2025-04-22 11:00:00,1494.3042425,1494.3027297327767,Random Forest
2025-04-22 12:00:00,1586.13451725,1586.1253974008168,Random Forest
2025-04-22 13:00:00,1525.38027525,1525.3713893182226,Random Forest
2025-04-22 14:00:00,1492.2097680000002,1492.2012272500006,Random Forest
2025-04-22 15:00:00,1439.4103125,1439.4032913960225,Random Forest
2025-04-22 16:00:00,1551.659825,1551.658536621276,Random Forest
2025-04-22 17:00:00,1617.49304975,1617.5073053828787,Random Forest
2025-04-22 18:00:00,1564.947758,1564.9364815296287,Random Forest
2025-04-22 19:00:00,1562.17459375,1562.1810611432845,Random Forest
2025-04-22 20:00:00,1519.78013525,1519.7719435755491,Random Forest
2025-04-22 21:00:00,1583.969661,1583.9720197922852,Random Forest
2025-04-22 22:00:00,1510.254443,1510.2401502735186,Random Forest
2025-04-22 23:00:00,1540.229605,1540.227721108663,Random Forest
2025-04-23 00:00:00,1603.1513865,1603.1421568754968,Random Forest
2025-04-23 01:00:00,1483.60973275,1483.5999715232822,Random Forest
2025-04-23 02:00:00,1492.76280675,1492.7706396329916,Random Forest
2025-04-23 03:00:00,1556.846489,1556.8284864359541,Random Forest
2025-04-23 04:00:00,1474.84336025,1474.8427644004053,Random Forest
2025-04-23 05:00:00,1557.96306525,1557.9676024987973,Random Forest
2025-04-23 06:00:00,1358.9683545,1358.9652259303368,Random Forest
2025-04-23 07:00:00,1471.09744075,1471.0869094603001,Random Forest
2025-04-23 08:00:00,1406.65949825,1406.6600290956212,Random Forest
2025-04-23 09:00:00,1576.42391825,1576.4293101666563,Random Forest
2025-04-23 10:00:00,1576.87625875,1576.8835216618543,Random Forest
2025-04-23 11:00:00,1509.32323,1509.3341690552895,Random Forest
2025-04-23 12:00:00,1542.19651225,1542.2078707823227,Random Forest
2025-04-23 13:00:00,1737.2282345,1737.2594157045262,Random Forest
2025-04-23 14:00:00,1516.21360825,1516.2200069380349,Random Forest
2025-04-23 15:00:00,1403.6548847499998,1403.6504461967404,Random Forest
2025-04-23 16:00:00,1662.37696625,1662.3818786256304,Random Forest
2025-04-23 17:00:00,1225.740877,1225.5064278179398,Random Forest
2025-04-23 18:00:00,1423.3529565,1423.351765673673,Random Forest
2025-04-23 19:00:00,1316.93444025,1317.0094657851005,Random Forest
2025-04-23 20:00:00,1595.251743,1595.265787875372,Random Forest
2025-04-23 21:00:00,1422.50287675,1422.5061452272735,Random Forest
2025-04-23 22:00:00,1499.14039825,1499.1348664096734,Random Forest
2025-04-23 23:00:00,1399.62185525,1399.6239223416283,Random Forest
2025-04-24 00:00:00,1555.371962,1555.3672406019625,Random Forest
2025-04-24 01:00:00,1478.06464225,1478.0513385476793,Random Forest
2025-04-24 02:00:00,1579.65833525,1579.6726112223892,Random Forest
2025-04-24 03:00:00,1479.1802525,1479.188423156207,Random Forest
2025-04-24 04:00:00,1567.64578,1567.6347257506227,Random Forest
2025-04-24 05:00:00,1487.1846302499998,1487.1949017344023,Random Forest
2025-04-24 06:00:00,1608.30112675,1608.2965961356822,Random Forest
2025-04-24 07:00:00,1391.0006475,1391.0029742256247,Random Forest
2025-04-24 08:00:00,1684.295515,1684.297750714131,Random Forest
2025-04-24 09:00:00,1508.1256707500002,1508.1311946514913,Random Forest
2025-04-24 10:00:00,1621.50837825,1621.5014182215286,Random Forest
2025-04-24 11:00:00,1703.39926375,1703.4343386043981,Random Forest
2025-04-24 12:00:00,1372.645071,1372.6182327202262,Random Forest
2025-04-24 13:00:00,1457.61645425,1457.6219780086915,Random Forest
2025-04-24 14:00:00,1421.87284075,1421.8708938612438,Random Forest
2025-04-24 15:00:00,1516.836891,1516.8478308458796,Random Forest
2025-04-24 16:00:00,1690.36721425,1690.3870176795517,Random Forest
2025-04-24 17:00:00,1612.677674,1612.6714612336084,Random Forest
2025-04-24 18:00:00,1578.2709275,1578.2682556189,Random Forest
2025-04-24 19:00:00,1513.6457915,1513.6375268486145,Random Forest
2025-04-24 20:00:00,1269.175097975,1269.2717704435493,Random Forest
2025-04-24 21:00:00,1367.07145,1367.058090253993,Random Forest
2025-04-24 22:00:00,1499.82964225,1499.8326946000877,Random Forest
2025-04-24 23:00:00,1456.7794115,1456.7737841331373,Random Forest
2025-04-25 00:00:00,1507.62797375,1507.6282562997249,Random Forest
2025-04-25 01:00:00,1558.57726125,1558.56713993266,Random Forest
2025-04-25 02:00:00,1582.49108825,1582.4864679762313,Random Forest
2025-04-25 03:00:00,1495.6020435,1495.6064021818572,Random Forest
2025-04-25 04:00:00,1346.39498275,1346.384904290716,Random Forest
2025-04-25 05:00:00,1433.7520925,1433.7347383984486,Random Forest
2025-04-25 06:00:00,1393.530223,1393.5440244414476,Random Forest
2025-04-25 07:00:00,1533.9413395,1533.9484245416443,Random Forest
2025-04-25 08:00:00,1529.28290725,1529.2775611320023,Random Forest
2025-04-25 09:00:00,1372.8093045,1372.7928634794837,Random Forest
2025-04-25 10:00:00,1590.404855,1590.4115470060854,Random Forest
2025-04-25 11:00:00,1391.3105245,1391.3197628629155,Random Forest
2025-04-25 12:00:00,1416.22936975,1416.2567412444955,Random Forest
2025-04-25 13:00:00,1729.4022775,1729.3986068205638,Random Forest
2025-04-25 14:00:00,1309.21021875,1309.2126263288824,Random Forest
2025-04-25 15:00:00,1711.0231015,1710.9027756494781,Random Forest
2025-04-25 16:00:00,1314.52528225,1314.5496138264398,Random Forest
2025-04-25 17:00:00,1639.32526175,1639.3243211752447,Random Forest
2025-04-25 18:00:00,1549.2810115,1549.2820928487367,Random Forest
2025-04-25 19:00:00,1510.3717955,1510.355921266954,Random Forest
2025-04-25 20:00:00,1575.334444,1575.3308818118105,Random Forest
2025-04-25 21:00:00,1684.8694595,1684.8562111697638,Random Forest
2025-04-25 22:00:00,1360.016193,1359.9992187652515,Random Forest
2025-04-25 23:00:00,1216.4392560249998,1216.7078490488793,Random Forest
2025-04-26 00:00:00,1578.6603905,1578.6617719147396,Random Forest
2025-04-26 01:00:00,1420.46559375,1420.453189740226,Random Forest
2025-04-26 02:00:00,1609.66583425,1609.652898281373,Random Forest
2025-04-26 03:00:00,1361.2447385,1361.2631185644548,Random Forest
2025-04-26 04:00:00,1410.44216625,1410.431209841534,Random Forest
2025-04-26 05:00:00,1282.753942,1282.8181507151173,Random Forest
2025-04-26 06:00:00,1509.710107,1509.6850475416688,Random Forest
2025-04-26 07:00:00,1529.89252525,1529.8909750822206,Random Forest
2025-04-26 08:00:00,1573.23808725,1573.248552320454,Random Forest
2025-04-26 09:00:00,1561.07796725,1561.0698859169968,Random Forest
2025-04-26 10:00:00,1446.3838355,1446.4016782406306,Random Forest
2025-04-26 11:00:00,1556.937552,1556.9253855470804,Random Forest
2025-04-26 12:00:00,1543.89010225,1543.8876686895558,Random Forest
2025-04-26 13:00:00,1486.47901825,1486.4812720458074,Random Forest
2025-04-26 14:00:00,1235.6900868,1235.4055784927468,Random Forest
2025-04-26 15:00:00,1579.34497025,1579.3570025001513,Random Forest
2025-04-26 16:00:00,1568.64977025,1568.6740538748622,Random Forest
2025-04-26 17:00:00,1462.643378,1462.6488258583265,Random Forest
2025-04-26 18:00:00,1396.322821,1396.3230477899424,Random Forest
2025-04-26 19:00:00,1378.3004105,1378.3158338195756,Random Forest
2025-04-26 20:00:00,1411.051862,1411.0411464139636,Random Forest
2025-04-26 21:00:00,1543.35917125,1543.351870614016,Random Forest
2025-04-26 22:00:00,1378.16311425,1378.1664900512865,Random Forest
2025-04-26 23:00:00,1532.1302385,1532.1258846668652,Random Forest
2025-04-27 00:00:00,1384.3529565,1384.3496466971824,Random Forest
2025-04-27 01:00:00,1509.66306,1509.662126478183,Random Forest
2025-04-27 02:00:00,1590.227927,1590.241383069746,Random Forest
2025-04-27 03:00:00,1615.46670025,1615.4632714311667,Random Forest
2025-04-27 04:00:00,1444.19013525,1444.1957710464774,Random Forest
2025-04-27 05:00:00,1493.8256735,1493.8131848463788,Random Forest
2025-04-27 06:00:00,1320.53054225,1320.4242988792187,Random Forest
2025-04-27 07:00:00,1517.28834425,1517.293309792891,Random Forest
2025-04-27 08:00:00,1411.735611,1411.7359166094864,Random Forest
2025-04-27 09:00:00,1286.860628225,1286.8046796205874,Random Forest
2025-04-27 10:00:00,1518.7159285,1518.7141701544706,Random Forest
2025-04-27 11:00:00,1595.19533675,1595.19403698214,Random Forest
2025-04-27 12:00:00,1414.020166,1414.0286867070388,Random Forest
2025-04-27 13:00:00,1420.50967925,1420.5122646242182,Random Forest
2025-04-27 14:00:00,1667.6831834999998,1667.678965136909,Random Forest
2025-04-27 15:00:00,1579.4020015,1579.3904354246406,Random Forest
2025-04-27 16:00:00,1481.45302425,1481.4456540516028,Random Forest
2025-04-27 17:00:00,1467.26432525,1467.246675810871,Random Forest
2025-04-27 18:00:00,1610.877908,1610.86939672631,Random Forest
2025-04-27 19:00:00,1421.5983065,1421.5975689660734,Random Forest
2025-04-27 20:00:00,1585.881643,1585.8887914737415,Random Forest
2025-04-27 21:00:00,1590.7313445,1590.7247549914491,Random Forest
2025-04-27 22:00:00,1537.256511,1537.2468471837658,Random Forest
2025-04-27 23:00:00,1580.6162565,1580.6004008346542,Random Forest
2025-04-28 00:00:00,1359.6233714999998,1359.614466715239,Random Forest
2025-04-28 01:00:00,1303.13559975,1303.098560802829,Random Forest
2025-04-28 02:00:00,1486.116819,1486.1079350993357,Random Forest
2025-04-28 03:00:00,1580.222764,1580.2188745128833,Random Forest
2025-04-28 04:00:00,1424.21067575,1424.2136377066654,Random Forest
2025-04-28 05:00:00,1434.221992,1434.228122667507,Random Forest
2025-04-28 06:00:00,1527.78849775,1527.8016065329339,Random Forest
2025-04-28 07:00:00,1469.129794,1469.1277453266237,Random Forest
2025-04-28 08:00:00,1540.44486925,1540.440658008288,Random Forest
2025-04-28 09:00:00,1427.50337525,1427.5080042745924,Random Forest
2025-04-28 10:00:00,1648.1089965,1648.1100660458935,Random Forest
2025-04-28 11:00:00,1466.4578605,1466.451774861537,Random Forest
2025-04-28 12:00:00,1392.15338025,1392.1528118406547,Random Forest
2025-04-28 13:00:00,1544.913278,1544.925633531996,Random Forest
2025-04-28 14:00:00,1604.02087025,1604.0177619984388,Random Forest
2025-04-28 15:00:00,1565.71820425,1565.7160410567203,Random Forest
2025-04-28 16:00:00,1320.175503,1320.1970072076344,Random Forest
2025-04-28 17:00:00,1531.97993525,1531.9796036051148,Random Forest
2025-04-28 18:00:00,1498.08231275,1498.0720236780494,Random Forest
2025-04-28 19:00:00,1466.161788,1466.1608526515574,Random Forest
2025-04-28 20:00:00,1564.1231223,1564.1341560855094,Random Forest
2025-04-28 21:00:00,1490.2108765,1490.207396416444,Random Forest
2025-04-28 22:00:00,1394.5115025,1394.5272925300858,Random Forest
2025-04-28 23:00:00,1537.030208,1537.0384743781294,Random Forest
2025-04-29 00:00:00,1597.585474,1597.5846928599108,Random Forest
2025-04-29 01:00:00,1424.7652625,1424.7607498861917,Random Forest
2025-04-29 02:00:00,1423.15003475,1423.1604992751797,Random Forest
2025-04-29 03:00:00,1418.105519,1418.1124007809372,Random Forest
2025-04-29 04:00:00,1421.81210225,1421.8164864256698,Random Forest
2025-04-29 05:00:00,1574.20177825,1574.2073256974734,Random Forest
2025-04-29 06:00:00,1634.57459525,1634.5849239288718,Random Forest
2025-04-29 07:00:00,1503.590364,1503.5847888583628,Random Forest
2025-04-29 08:00:00,1619.611725,1619.614616959445,Random Forest
2025-04-29 09:00:00,1509.35475775,1509.3508992669915,Random Forest
2025-04-29 10:00:00,1443.30475475,1443.3078182163642,Random Forest
2025-04-29 11:00:00,1410.90336625,1410.8984994552839,Random Forest
2025-04-29 12:00:00,1469.45322525,1469.4594761162602,Random Forest
2025-04-29 13:00:00,1570.3268945,1570.343632542305,Random Forest
2025-04-29 14:00:00,1525.61514025,1525.6174815705413,Random Forest
2025-04-29 15:00:00,1485.448364,1485.4569297128544,Random Forest
2025-04-29 16:00:00,1608.02373475,1608.0224932342244,Random Forest
2025-04-29 17:00:00,1518.7934725,1518.792834223178,Random Forest
2025-04-29 18:00:00,1504.15088625,1504.1466340621182,Random Forest
2025-04-29 19:00:00,1426.8794165,1426.8770554314158,Random Forest
2025-04-29 20:00:00,1448.48218275,1448.4834362738472,Random Forest
2025-04-29 21:00:00,1552.7552635,1552.7476096837545,Random Forest
2025-04-29 22:00:00,1255.45170825,1255.8014271682491,Random Forest
2025-04-29 23:00:00,1436.216965,1436.2122121063312,Random Forest
2025-04-30 00:00:00,1322.4582729,1322.4993340646934,Random Forest
2025-04-30 01:00:00,1497.705594,1497.695850079607,Random Forest
2025-04-30 02:00:00,1608.63546825,1608.6194933703225,Random Forest
2025-04-30 03:00:00,1424.60624275,1424.595457426697,Random Forest
2025-04-30 04:00:00,1568.075437,1568.0626552500505,Random Forest
2025-04-30 05:00:00,1596.60121575,1596.6024864656354,Random Forest
2025-04-30 06:00:00,1419.980612725,1419.9619151341308,Random Forest
2025-04-30 07:00:00,1467.17620975,1467.1766930699896,Random Forest
2025-04-30 08:00:00,1619.88920075,1619.8656661530276,Random Forest
2025-04-30 09:00:00,1394.9392855,1394.9561947739526,Random Forest
2025-04-30 10:00:00,1467.519901,1467.5180247324427,Random Forest
2025-04-30 11:00:00,1597.8428955,1597.8438713058233,Random Forest
2025-04-30 12:00:00,1550.454747,1550.4388357561027,Random Forest
2025-04-30 13:00:00,1430.8405255,1430.8452599214925,Random Forest
2025-04-30 14:00:00,1556.416166,1556.412525731466,Random Forest
2025-04-30 15:00:00,1488.83171275,1488.828975772727,Random Forest
2025-04-30 16:00:00,1414.69351025,1414.6861644762387,Random Forest
2025-04-30 17:00:00,1563.17988125,1563.154471840756,Random Forest
2025-04-30 18:00:00,1581.0814605,1581.0684363436003,Random Forest
2025-04-30 19:00:00,1587.17813275,1587.1681518386324,Random Forest
2025-04-30 20:00:00,1512.6006385,1512.5915758471351,Random Forest
2025-04-30 21:00:00,1644.27730875,1644.231900849136,Random Forest
2025-04-30 22:00:00,1487.623192,1487.6182689337334,Random Forest
2025-04-30 23:00:00,1650.54173775,1650.5610677283723,Random Forest
2025-05-01 00:00:00,1351.03585475,1351.017551115386,Random Forest
2025-05-01 01:00:00,1471.741677,1471.7393378112147,Random Forest
2025-05-01 02:00:00,1727.76943575,1727.9519107572519,Random Forest
2025-05-01 03:00:00,1463.9885995,1463.9929380505566,Random Forest
2025-05-01 04:00:00,1500.41611775,1500.427201206002,Random Forest
2025-05-01 05:00:00,1297.475812,1297.4643085403366,Random Forest
2025-05-01 06:00:00,1658.0305055,1658.051407913108,Random Forest
2025-05-01 07:00:00,1584.83260075,1584.8226544167512,Random Forest
2025-05-01 08:00:00,1481.99896775,1481.990172402155,Random Forest
2025-05-01 09:00:00,1398.40382875,1398.4086995538883,Random Forest
2025-05-01 10:00:00,1678.3796925,1678.355554953367,Random Forest
2025-05-01 11:00:00,1582.24600975,1582.2590846402318,Random Forest
2025-05-01 12:00:00,1620.1128275,1620.065825967091,Random Forest
2025-05-01 13:00:00,1549.63601975,1549.643745658489,Random Forest
2025-05-01 14:00:00,1524.79014225,1524.7810012223924,Random Forest
2025-05-01 15:00:00,1434.8576475,1434.8415179154142,Random Forest
2025-05-01 16:00:00,1374.631709,1374.627545639532,Random Forest
2025-05-01 17:00:00,1369.05931475,1369.0478390942308,Random Forest
2025-05-01 18:00:00,1477.717343,1477.7114073930459,Random Forest
2025-05-01 19:00:00,1482.5873385,1482.5852728827701,Random Forest
2025-05-01 20:00:00,1682.07628275,1682.1162148108385,Random Forest
2025-05-01 21:00:00,1604.67834,1604.6707562506426,Random Forest
2025-05-01 22:00:00,1393.1207507499998,1393.124826763045,Random Forest
2025-05-01 23:00:00,1393.1518468,1393.136582851705,Random Forest
2025-05-02 00:00:00,1576.2244995,1576.2175200612828,Random Forest
2025-05-02 01:00:00,1410.38964225,1410.3856269896166,Random Forest
2025-05-02 02:00:00,1508.39785875,1508.3868248387287,Random Forest
2025-05-02 03:00:00,1393.333766,1393.329485426786,Random Forest
2025-05-02 04:00:00,1543.1377675,1543.150062181795,Random Forest
2025-05-02 05:00:00,1594.46858525,1594.465087337932,Random Forest
2025-05-02 06:00:00,1524.867498,1524.8772987935986,Random Forest
2025-05-02 07:00:00,1510.15267475,1510.1415194245446,Random Forest
2025-05-02 08:00:00,1332.5136555,1332.5362371911228,Random Forest
2025-05-02 09:00:00,1606.1509595,1606.1453934521437,Random Forest
2025-05-02 10:00:00,1265.1984455,1265.2385144247896,Random Forest
2025-05-02 11:00:00,1497.10608875,1497.1126003984748,Random Forest
2025-05-02 12:00:00,1480.8121525,1480.811562643577,Random Forest
2025-05-02 13:00:00,1594.95850025,1594.984713129584,Random Forest
2025-05-02 14:00:00,1589.30974625,1589.321157151862,Random Forest
2025-05-02 15:00:00,1359.94313975,1359.9371895744293,Random Forest
2025-05-02 16:00:00,1516.6926915,1516.697142853002,Random Forest
2025-05-02 17:00:00,1617.690381,1617.716938659893,Random Forest
2025-05-02 18:00:00,1470.91944825,1470.911614493185,Random Forest
2025-05-02 19:00:00,1365.13521325,1365.1295477553626,Random Forest
2025-05-02 20:00:00,1539.12916675,1539.1239065974237,Random Forest
2025-05-02 21:00:00,1644.40089075,1644.3959376820485,Random Forest
2025-05-02 22:00:00,1497.702079,1497.6932627353829,Random Forest
2025-05-02 23:00:00,1406.1092505,1406.1135844980436,Random Forest
2025-05-03 00:00:00,1511.647156,1511.6562350933589,Random Forest
2025-05-03 01:00:00,1532.05360675,1532.0541842628932,Random Forest
2025-05-03 02:00:00,1497.206998,1497.2032767494204,Random Forest
2025-05-03 03:00:00,1466.16485,1466.164227137816,Random Forest
2025-05-03 04:00:00,1349.86487925,1349.8660448124483,Random Forest
2025-05-03 05:00:00,1566.47717825,1566.4386368917903,Random Forest
2025-05-03 06:00:00,1558.08236925,1558.0738860934534,Random Forest
2025-05-03 07:00:00,1379.180123,1379.179418117552,Random Forest
2025-05-03 08:00:00,1593.109628,1593.1151419314538,Random Forest
2025-05-03 09:00:00,1416.4892115,1416.4900575556742,Random Forest
2025-05-03 10:00:00,1354.24580425,1354.2574194070871,Random Forest
2025-05-03 11:00:00,1424.4008865,1424.4168788719753,Random Forest
2025-05-03 12:00:00,1539.59198275,1539.5968666620818,Random Forest
2025-05-03 13:00:00,1675.032524,1675.0251546173283,Random Forest
2025-05-03 14:00:00,1529.451365,1529.4672345033187,Random Forest
2025-05-03 15:00:00,1537.5642535,1537.5504494275583,Random Forest
2025-05-03 16:00:00,1650.87631375,1650.8476067244067,Random Forest
2025-05-03 17:00:00,1391.8667225,1391.846228979659,Random Forest
2025-05-03 18:00:00,1557.82045125,1557.8280021964997,Random Forest
2025-05-03 19:00:00,1585.66838925,1585.6722239665,Random Forest
2025-05-03 20:00:00,1365.51981275,1365.5121695048638,Random Forest
2025-05-03 21:00:00,1411.14907,1411.1455949454148,Random Forest
2025-05-03 22:00:00,1477.04576075,1477.029505242282,Random Forest
2025-05-03 23:00:00,1415.446541,1415.4494766555345,Random Forest
2025-05-04 00:00:00,1280.5345252,1280.5601718873265,Random Forest
2025-05-04 01:00:00,1443.9544135,1443.9501615858112,Random Forest
2025-05-04 02:00:00,1564.61325775,1564.609965489915,Random Forest
2025-05-04 03:00:00,1428.408185,1428.4201776645239,Random Forest
2025-05-04 04:00:00,1511.97233825,1511.9716006983863,Random Forest
2025-05-04 05:00:00,1719.122639,1719.1716261512618,Random Forest
2025-05-04 06:00:00,1584.94035725,1584.926774183791,Random Forest
2025-05-04 07:00:00,1611.14196275,1611.149440762792,Random Forest
2025-05-04 08:00:00,1443.48894525,1443.5020861381404,Random Forest
2025-05-04 09:00:00,1459.6329315,1459.6489744222708,Random Forest
2025-05-04 10:00:00,1412.2647455,1412.2807670880761,Random Forest
2025-05-04 11:00:00,1413.960155,1413.949842089197,Random Forest
2025-05-04 12:00:00,1512.59018975,1512.5854390004567,Random Forest
2025-05-04 13:00:00,1524.829883,1524.8314008318816,Random Forest
2025-05-04 14:00:00,1523.21849675,1523.2149215506768,Random Forest
2025-05-04 15:00:00,1418.49635475,1418.472468836389,Random Forest
2025-05-04 16:00:00,1370.754002,1370.7565448874002,Random Forest
2025-05-04 17:00:00,1359.19674475,1359.192332972081,Random Forest
2025-05-04 18:00:00,1532.046292,1532.0542442471808,Random Forest
2025-05-04 19:00:00,1668.136674,1668.1585541845845,Random Forest
2025-05-04 20:00:00,1434.51360725,1434.5077063585095,Random Forest
2025-05-04 21:00:00,1562.10214125,1562.1097760733796,Random Forest
2025-05-04 22:00:00,1588.0176495,1588.0179905178145,Random Forest
2025-05-04 23:00:00,1526.0639635,1526.0525530373914,Random Forest
2025-05-05 00:00:00,1484.63930225,1484.641579110567,Random Forest
2025-05-05 01:00:00,1361.0628085,1361.0576376239496,Random Forest
2025-05-05 02:00:00,1610.287204,1610.2980996957936,Random Forest
2025-05-05 03:00:00,1459.24436,1459.2496224990123,Random Forest
2025-05-05 04:00:00,1427.69262975,1427.693833749367,Random Forest
2025-05-05 05:00:00,1444.507856,1444.50916600611,Random Forest
2025-05-05 06:00:00,1521.161483,1521.1571922365351,Random Forest
2025-05-05 07:00:00,1461.04465025,1461.0350282234358,Random Forest
2025-05-05 08:00:00,1461.6874,1461.6829352968673,Random Forest
2025-05-05 09:00:00,1541.9586415,1541.961297117247,Random Forest
2025-05-05 10:00:00,1567.33129825,1567.3229147471106,Random Forest
2025-05-05 11:00:00,1442.06507225,1442.0748067422435,Random Forest
2025-05-05 12:00:00,1518.781966,1518.785149629425,Random Forest
2025-05-05 13:00:00,1608.7210045,1608.7217915750523,Random Forest
2025-05-05 14:00:00,1432.4884145,1432.493236662935,Random Forest
2025-05-05 15:00:00,1484.05956225,1484.0630115134436,Random Forest
2025-05-05 16:00:00,1436.46248725,1436.462770905796,Random Forest
2025-05-05 17:00:00,1606.285569,1606.290133107644,Random Forest
2025-05-05 18:00:00,1453.2978645,1453.2897177395278,Random Forest
2025-05-05 19:00:00,1332.74107725,1332.7051963419651,Random Forest
2025-05-05 20:00:00,1445.9101815,1445.9190226890767,Random Forest
2025-05-05 21:00:00,1588.7892645,1588.7987989706878,Random Forest
2025-05-05 22:00:00,1397.0479867,1397.056650071935,Random Forest
2025-05-05 23:00:00,1424.58626225,1424.5768217122397,Random Forest
2025-05-06 00:00:00,1406.637311,1406.63707353488,Random Forest
2025-05-06 01:00:00,1526.2073555,1526.2031506480673,Random Forest
2025-05-06 02:00:00,1558.7722595,1558.7727115200596,Random Forest
2025-05-06 03:00:00,1550.240454,1550.2481222451345,Random Forest
2025-05-06 04:00:00,1415.46164475,1415.4640042201902,Random Forest
2025-05-06 05:00:00,1387.814672,1387.7986842417854,Random Forest
2025-05-06 06:00:00,1313.57949525,1313.5878456981968,Random Forest
2025-05-06 07:00:00,1481.156637,1481.1524351451228,Random Forest
2025-05-06 08:00:00,1515.410684,1515.4200458584987,Random Forest
2025-05-06 09:00:00,1676.314772,1676.3340403316085,Random Forest
2025-05-06 10:00:00,1412.0626925,1412.0502723846375,Random Forest
2025-05-06 11:00:00,1583.1753922500002,1583.1749231090926,Random Forest
2025-05-06 12:00:00,1591.60778625,1591.6302041362194,Random Forest
2025-05-06 13:00:00,1322.30702425,1322.297275877249,Random Forest
2025-05-06 14:00:00,1333.18140675,1333.1992450051287,Random Forest
2025-05-06 15:00:00,1569.030856,1569.0425042059244,Random Forest
2025-05-06 16:00:00,1610.80191575,1610.8073300294316,Random Forest
2025-05-06 17:00:00,1391.096426,1391.0834349229492,Random Forest
2025-05-06 18:00:00,1600.95257425,1600.9826502096337,Random Forest
2025-05-06 19:00:00,1411.85508925,1411.8506275196717,Random Forest
2025-05-06 20:00:00,1538.645754,1538.6552881913879,Random Forest
2025-05-06 21:00:00,1506.902287,1506.8852742068418,Random Forest
2025-05-06 22:00:00,1386.02710475,1386.0469957182413,Random Forest
2025-05-06 23:00:00,1538.54888525,1538.5453027980918,Random Forest
2025-05-07 00:00:00,1427.922738,1427.9326587407916,Random Forest
2025-05-07 01:00:00,1527.9891395,1527.9853297242878,Random Forest
2025-05-07 02:00:00,1535.15206675,1535.1688592573985,Random Forest
2025-05-07 03:00:00,1634.87235725,1634.859616355479,Random Forest
2025-05-07 04:00:00,1391.97568825,1391.9789409187072,Random Forest
2025-05-07 05:00:00,1518.2806735,1518.292471100725,Random Forest
2025-05-07 06:00:00,1394.1878419999998,1394.174308465043,Random Forest
2025-05-07 07:00:00,1346.7797445,1346.792662326165,Random Forest
2025-05-07 08:00:00,1742.13302875,1742.0000970133344,Random Forest
2025-05-07 09:00:00,1418.13759925,1418.1145575523924,Random Forest
2025-05-07 10:00:00,1429.24793525,1429.2368659052977,Random Forest
2025-05-07 11:00:00,1677.80002475,1677.8367663156525,Random Forest
2025-05-07 12:00:00,1521.898497,1521.9031813383067,Random Forest
2025-05-07 13:00:00,1559.20247125,1559.1958929871062,Random Forest
2025-05-07 14:00:00,1562.80214,1562.7836408206476,Random Forest
2025-05-07 15:00:00,1583.2835795,1583.2859950071725,Random Forest
2025-05-07 16:00:00,1406.90596825,1406.8901012487806,Random Forest
2025-05-07 17:00:00,1444.20223875,1444.2075334267074,Random Forest
2025-05-07 18:00:00,1450.021873,1450.0361208738389,Random Forest
2025-05-07 19:00:00,1356.64217495,1356.6539897466876,Random Forest
2025-05-07 20:00:00,1403.45289775,1403.438998502015,Random Forest
2025-05-07 21:00:00,1551.78666025,1551.792589500623,Random Forest
2025-05-07 22:00:00,1437.6133304999998,1437.6248831034025,Random Forest
2025-05-07 23:00:00,1686.5210825,1686.4601594406186,Random Forest
2025-05-08 00:00:00,1486.03897475,1486.0505390803612,Random Forest
2025-05-08 01:00:00,1453.46228225,1453.461642834885,Random Forest
2025-05-08 02:00:00,1370.78867125,1370.7983844461792,Random Forest
2025-05-08 03:00:00,1432.291126,1432.2882713214985,Random Forest
2025-05-08 04:00:00,1657.10454025,1657.1004570248913,Random Forest
2025-05-08 05:00:00,1521.2360555,1521.2444849305496,Random Forest
2025-05-08 06:00:00,1278.49567225,1278.682620952521,Random Forest
2025-05-08 07:00:00,1376.5303605,1376.5299749919247,Random Forest
2025-05-08 08:00:00,1630.8406237499998,1630.8308835045632,Random Forest
2025-05-08 09:00:00,1567.1780675,1567.1724808062177,Random Forest
2025-05-08 10:00:00,1615.177454,1615.198202435294,Random Forest
2025-05-08 11:00:00,1531.1055405,1531.116787607047,Random Forest
2025-05-08 12:00:00,1265.42832975,1265.4556945415745,Random Forest
2025-05-08 13:00:00,1541.66757125,1541.6630240653744,Random Forest
2025-05-08 14:00:00,1470.02132225,1470.0199800607497,Random Forest
2025-05-08 15:00:00,1469.07684225,1469.0801517376105,Random Forest
2025-05-08 16:00:00,1644.0942315,1644.1058133707545,Random Forest
2025-05-08 17:00:00,1488.34083775,1488.353985598762,Random Forest
2025-05-08 18:00:00,1551.29364525,1551.3048808228218,Random Forest
2025-05-08 19:00:00,1371.93303475,1371.9416197714434,Random Forest
2025-05-08 20:00:00,1433.55114575,1433.5504498510063,Random Forest
2025-05-08 21:00:00,1681.76827625,1681.7813870491955,Random Forest
2025-05-08 22:00:00,1658.50036975,1658.4493456065313,Random Forest
2025-05-08 23:00:00,1504.490359,1504.493171064253,Random Forest
2025-05-09 00:00:00,1503.58878925,1503.5833883129662,Random Forest
2025-05-09 01:00:00,1416.14458325,1416.1397709134844,Random Forest
2025-05-09 02:00:00,1524.62690675,1524.6239337443394,Random Forest
2025-05-09 03:00:00,1664.0037885000002,1663.9954065495967,Random Forest
2025-05-09 04:00:00,1518.064183,1518.0864680458005,Random Forest
2025-05-09 05:00:00,1492.47654925,1492.4840787842124,Random Forest
2025-05-09 06:00:00,1545.605036,1545.6118752558118,Random Forest
2025-05-09 07:00:00,1436.47960875,1436.471647960198,Random Forest
2025-05-09 08:00:00,1803.50747175,1801.924635682972,Random Forest
2025-05-09 09:00:00,1593.87912825,1593.875969727909,Random Forest
2025-05-09 10:00:00,1552.9856925,1552.983546759674,Random Forest
2025-05-09 11:00:00,1572.17868825,1572.178794490827,Random Forest
2025-05-09 12:00:00,1369.23442375,1369.2398780122553,Random Forest
2025-05-09 13:00:00,1444.34150825,1444.3354055747168,Random Forest
2025-05-09 14:00:00,1553.59962775,1553.5980990966023,Random Forest
2025-05-09 15:00:00,1619.4240955,1619.4090792543932,Random Forest
2025-05-09 16:00:00,1301.60893225,1301.6231480576753,Random Forest
2025-05-09 17:00:00,1567.71725575,1567.7135393495678,Random Forest
2025-05-09 18:00:00,1611.8418605,1611.83811715021,Random Forest
2025-05-09 19:00:00,1664.47511875,1664.4815069480726,Random Forest
2025-05-09 20:00:00,1526.956488,1526.9620376082123,Random Forest
2025-05-09 21:00:00,1615.46714975,1615.464374266658,Random Forest
2025-05-09 22:00:00,1499.75934875,1499.7519296192145,Random Forest
2025-05-09 23:00:00,1577.974802,1577.95758886906,Random Forest
2025-05-10 00:00:00,1517.228283,1517.2284049079315,Random Forest
2025-05-10 01:00:00,1516.164732,1516.1596675373983,Random Forest
2025-05-10 02:00:00,1446.75686975,1446.757364134347,Random Forest
2025-05-10 03:00:00,1421.20757975,1421.2083131284037,Random Forest
2025-05-10 04:00:00,1443.6355455,1443.6510116675504,Random Forest
2025-05-10 05:00:00,1604.94956225,1604.959172047073,Random Forest
2025-05-10 06:00:00,1419.48674325,1419.4997654294152,Random Forest
2025-05-10 07:00:00,1536.49209725,1536.484155605097,Random Forest
2025-05-10 08:00:00,1560.2861485,1560.3027508928558,Random Forest
2025-05-10 09:00:00,1712.633775,1712.7027364255002,Random Forest
2025-05-10 10:00:00,1567.72138275,1567.716056235561,Random Forest
2025-05-10 11:00:00,1494.030544,1494.012246983553,Random Forest
2025-05-10 12:00:00,1510.916156,1510.9199742062965,Random Forest
2025-05-10 13:00:00,1347.0275799,1347.035499157221,Random Forest
2025-05-10 14:00:00,1498.532901,1498.5429578443236,Random Forest
2025-05-10 15:00:00,1580.38417275,1580.392174436792,Random Forest
2025-05-10 16:00:00,1360.539693475,1360.559697053329,Random Forest
2025-05-10 17:00:00,1313.0191845,1313.0729419507147,Random Forest
2025-05-10 18:00:00,1392.39865275,1392.3748930275428,Random Forest
2025-05-10 19:00:00,1475.6313485,1475.6536539282633,Random Forest
2025-05-10 20:00:00,1505.5487855,1505.546180484981,Random Forest
2025-05-10 21:00:00,1543.21309325,1543.2186459959623,Random Forest
2025-05-10 22:00:00,1565.94862075,1565.944726529582,Random Forest
2025-05-10 23:00:00,1720.80697425,1720.928043115044,Random Forest
2025-05-11 00:00:00,1495.850062,1495.862952592704,Random Forest
2025-05-11 01:00:00,1483.49483575,1483.4740733709652,Random Forest
2025-05-11 02:00:00,1641.8818135,1641.8899194250967,Random Forest
2025-05-11 03:00:00,1534.7822645,1534.7627285769513,Random Forest
2025-05-11 04:00:00,1429.35374575,1429.3571816331898,Random Forest
2025-05-11 05:00:00,1563.95365975,1563.9425568294757,Random Forest
2025-05-11 06:00:00,1567.57594825,1567.5722558715515,Random Forest
2025-05-11 07:00:00,1514.40811675,1514.3999288125196,Random Forest
2025-05-11 08:00:00,1458.98071075,1458.972068134191,Random Forest
2025-05-11 09:00:00,1396.68282375,1396.6667422742375,Random Forest
2025-05-11 10:00:00,1334.73633575,1334.7394193034118,Random Forest
2025-05-11 11:00:00,1502.777981,1502.793809323813,Random Forest
2025-05-11 12:00:00,1273.4263625,1273.3519480257,Random Forest
2025-05-11 13:00:00,1489.55460275,1489.5513078885476,Random Forest
2025-05-11 14:00:00,1433.8883535,1433.8886367419948,Random Forest
2025-05-11 15:00:00,1439.82721225,1439.8549556397336,Random Forest
2025-05-11 16:00:00,1518.73258075,1518.720760772751,Random Forest
2025-05-11 17:00:00,1481.0571344999998,1481.0600443568526,Random Forest
2025-05-11 18:00:00,1473.9664285,1473.9676714487077,Random Forest
2025-05-11 19:00:00,1303.40604475,1303.4029762041994,Random Forest
2025-05-11 20:00:00,1556.9744795,1556.988076560113,Random Forest
2025-05-11 21:00:00,1457.29362725,1457.3106959629927,Random Forest
2025-05-11 22:00:00,1437.17526375,1437.192772946984,Random Forest
2025-05-11 23:00:00,1402.3175635,1402.341865716267,Random Forest
2025-05-12 00:00:00,1501.23682225,1501.248172908281,Random Forest
2025-05-12 01:00:00,1536.982972,1536.9802394824392,Random Forest
2025-05-12 02:00:00,1392.560121,1392.5657923823733,Random Forest
2025-05-12 03:00:00,1621.01850225,1621.0157352594315,Random Forest
2025-05-12 04:00:00,1244.3053331,1244.0212444505448,Random Forest
2025-05-12 05:00:00,1539.3148765,1539.321678653024,Random Forest
2025-05-12 06:00:00,1569.87628,1569.877352361185,Random Forest
2025-05-12 07:00:00,1362.75104025,1362.729141738358,Random Forest
2025-05-12 08:00:00,1432.33466375,1432.3426089030847,Random Forest
2025-05-12 09:00:00,1441.5472922499998,1441.5595204087542,Random Forest
2025-05-12 10:00:00,1362.78884125,1362.7564444709692,Random Forest
2025-05-12 11:00:00,1467.70398475,1467.7063829620238,Random Forest
2025-05-12 12:00:00,1473.82755125,1473.8292405490208,Random Forest
2025-05-12 13:00:00,1470.91158875,1470.9050668585917,Random Forest
2025-05-12 14:00:00,1379.744743,1379.7627178398789,Random Forest
2025-05-12 15:00:00,1376.63990025,1376.636200274794,Random Forest
2025-05-12 16:00:00,1692.4678865,1692.3680196285457,Random Forest
2025-05-12 17:00:00,1522.351547,1522.3591830422747,Random Forest
2025-05-12 18:00:00,1488.701529,1488.7148012367284,Random Forest
2025-05-12 19:00:00,1283.92563075,1283.9614970307828,Random Forest
2025-05-12 20:00:00,1638.331771,1638.3273718016449,Random Forest
2025-05-12 21:00:00,1371.0208835,1371.0454343429528,Random Forest
2025-05-12 22:00:00,1492.51431825,1492.5100925559238,Random Forest
2025-05-12 23:00:00,1357.12075925,1357.1239190914907,Random Forest
2025-05-13 00:00:00,1485.5756875,1485.5814636588384,Random Forest
2025-05-13 01:00:00,1291.9038055,1291.9328060083128,Random Forest
2025-05-13 02:00:00,1567.81143725,1567.8323959558766,Random Forest
2025-05-13 03:00:00,1503.6766795,1503.6720360235379,Random Forest
2025-05-13 04:00:00,1511.636549,1511.642106424177,Random Forest
2025-05-13 05:00:00,1454.67686675,1454.656668932338,Random Forest
2025-05-13 06:00:00,1522.689034,1522.6855967930385,Random Forest
2025-05-13 07:00:00,1494.51259075,1494.5122703984619,Random Forest
2025-05-13 08:00:00,1692.80655925,1692.8631049090513,Random Forest
2025-05-13 09:00:00,1492.16299325,1492.1653022261844,Random Forest
2025-05-13 10:00:00,1343.50745235,1343.51660932571,Random Forest
2025-05-13 11:00:00,1373.9942297500002,1373.9808928370257,Random Forest
2025-05-13 12:00:00,1486.64491025,1486.6369403834851,Random Forest
2025-05-13 13:00:00,1434.48180575,1434.4799732518222,Random Forest
2025-05-13 14:00:00,1546.40893625,1546.4106466979763,Random Forest
2025-05-13 15:00:00,1469.62167225,1469.622017590063,Random Forest
2025-05-13 16:00:00,1407.4511425,1407.4557052275497,Random Forest
2025-05-13 17:00:00,1546.33259525,1546.3332899704938,Random Forest
2025-05-13 18:00:00,1737.5458515,1737.458882945937,Random Forest
2025-05-13 19:00:00,1403.6686505,1403.65865679864,Random Forest
2025-05-13 20:00:00,1215.22541475,1215.2020908715472,Random Forest
2025-05-13 21:00:00,1464.459998,1464.4683756554132,Random Forest
2025-05-13 22:00:00,1486.99281725,1487.0092876265292,Random Forest
2025-05-13 23:00:00,1511.4354235,1511.4345752024858,Random Forest
2025-05-14 00:00:00,1558.645739,1558.6487300092413,Random Forest
2025-05-14 01:00:00,1801.77103075,1801.4806997953065,Random Forest
2025-05-14 02:00:00,1497.76664275,1497.768422589758,Random Forest
2025-05-14 03:00:00,1226.9557595,1227.7642492098435,Random Forest
2025-05-14 04:00:00,1562.23020175,1562.209210946997,Random Forest
2025-05-14 05:00:00,1544.857917,1544.8436737656425,Random Forest
2025-05-14 06:00:00,1463.884298,1463.88529350443,Random Forest
2025-05-14 07:00:00,1449.05044125,1449.0629978328484,Random Forest
2025-05-14 08:00:00,1364.09042425,1364.0865595391024,Random Forest
2025-05-14 09:00:00,1420.768212,1420.7734403731865,Random Forest
2025-05-14 10:00:00,1609.6889345,1609.6929813274298,Random Forest
2025-05-14 11:00:00,1510.323237,1510.3282639268891,Random Forest
2025-05-14 12:00:00,1419.6833435,1419.6902611785786,Random Forest
2025-05-14 13:00:00,1483.04091025,1483.03407448113,Random Forest
2025-05-14 14:00:00,1553.997335,1554.0095650733267,Random Forest
2025-05-14 15:00:00,1376.4193345,1376.4109205965203,Random Forest
2025-05-14 16:00:00,1586.43938075,1586.4593909984653,Random Forest
2025-05-14 17:00:00,1460.24138675,1460.2407293288932,Random Forest
2025-05-14 18:00:00,1554.394871,1554.3913955508315,Random Forest
2025-05-14 19:00:00,1572.7835145,1572.7942539642856,Random Forest
2025-05-14 20:00:00,1380.23366025,1380.2396639213382,Random Forest
2025-05-14 21:00:00,1315.360646,1315.3713461718385,Random Forest
2025-05-14 22:00:00,1343.83207125,1343.8196262347174,Random Forest
2025-05-14 23:00:00,1490.227233,1490.2137252181294,Random Forest
2025-05-15 00:00:00,1403.93100125,1403.9171660292081,Random Forest
2025-05-15 01:00:00,1522.6980505,1522.6892547222262,Random Forest
2025-05-15 02:00:00,1290.76399125,1290.6441375055442,Random Forest
2025-05-15 03:00:00,1453.3719005,1453.3870686979824,Random Forest
2025-05-15 04:00:00,1398.71018275,1398.7170010462394,Random Forest
2025-05-15 05:00:00,1462.53477775,1462.529688491219,Random Forest
2025-05-15 06:00:00,1449.58147225,1449.5864241511508,Random Forest
2025-05-15 07:00:00,1444.9214855,1444.9120598728803,Random Forest
2025-05-15 08:00:00,1454.602344,1454.602445503845,Random Forest
2025-05-15 09:00:00,1418.989268,1418.9715201845797,Random Forest
2025-05-15 10:00:00,1343.3586055,1343.3207578057145,Random Forest
2025-05-15 11:00:00,1379.896918,1379.8951666176563,Random Forest
2025-05-15 12:00:00,1449.668155,1449.6769604751112,Random Forest
2025-05-15 13:00:00,1624.761674,1624.765265437213,Random Forest
2025-05-15 14:00:00,1474.974397,1474.9779962517925,Random Forest
2025-05-15 15:00:00,1439.23746175,1439.2464189699551,Random Forest
2025-05-15 16:00:00,1385.32772775,1385.3378516351652,Random Forest
2025-05-15 17:00:00,1551.9458905,1551.9442954077872,Random Forest
2025-05-15 18:00:00,1506.20499,1506.209818551524,Random Forest
2025-05-15 19:00:00,1380.26288475,1380.2838175836596,Random Forest
2025-05-15 20:00:00,1490.8163655,1490.822012136393,Random Forest
2025-05-15 21:00:00,1399.07065425,1399.052515906706,Random Forest
2025-05-15 22:00:00,1456.14789175,1456.1510026667802,Random Forest
2025-05-15 23:00:00,1632.63902875,1632.6340252184527,Random Forest
2025-05-16 00:00:00,1432.6323935,1432.6219556095637,Random Forest
2025-05-16 01:00:00,1724.7221955,1724.5388769259769,Random Forest
2025-05-16 02:00:00,1351.2565694999998,1351.2707783614353,Random Forest
2025-05-16 03:00:00,1520.22506625,1520.2169698882926,Random Forest
2025-05-16 04:00:00,1431.3564855,1431.3531103843309,Random Forest
2025-05-16 05:00:00,1586.504342,1586.496300890437,Random Forest
2025-05-16 06:00:00,1659.101246,1659.0926614349926,Random Forest
2025-05-16 07:00:00,1575.473747,1575.4784331387875,Random Forest
2025-05-16 08:00:00,1560.831045,1560.829600046408,Random Forest
2025-05-16 09:00:00,1607.4148465,1607.4145852545262,Random Forest
2025-05-16 10:00:00,1315.08248575,1315.097416968692,Random Forest
2025-05-16 11:00:00,1499.7577625,1499.7523058705897,Random Forest
2025-05-16 12:00:00,1467.9184895,1467.9173238544236,Random Forest
2025-05-16 13:00:00,1323.88743075,1323.87418540266,Random Forest
2025-05-16 14:00:00,1640.59497925,1640.6013720313908,Random Forest
2025-05-16 15:00:00,1413.93291725,1413.9332234566714,Random Forest
2025-05-16 16:00:00,1422.96927725,1422.9628479300036,Random Forest
2025-05-16 17:00:00,1357.824981,1357.809565679908,Random Forest
2025-05-16 18:00:00,1347.9977495,1348.0008183736202,Random Forest
2025-05-16 19:00:00,1637.44523825,1637.4430266397583,Random Forest
2025-05-16 20:00:00,1563.41000725,1563.413111648531,Random Forest
2025-05-16 21:00:00,1661.56728625,1661.5470337111362,Random Forest
2025-05-16 22:00:00,1378.82736375,1378.835903699095,Random Forest
2025-05-16 23:00:00,1475.155565,1475.1543782041015,Random Forest
2025-05-17 00:00:00,1381.922412,1381.917763210881,Random Forest
2025-05-17 01:00:00,1382.01266625,1381.9894744549208,Random Forest
2025-05-17 02:00:00,1589.02759225,1589.0365881945281,Random Forest
2025-05-17 03:00:00,1461.67299275,1461.6725176171897,Random Forest
2025-05-17 04:00:00,1689.36692625,1689.3444627631297,Random Forest
2025-05-17 05:00:00,1565.4083235,1565.3962724634728,Random Forest
2025-05-17 06:00:00,1507.041172,1507.0292721790993,Random Forest
2025-05-17 07:00:00,1580.3363255,1580.3503111859288,Random Forest
2025-05-17 08:00:00,1461.613763,1461.6217403280762,Random Forest
2025-05-17 09:00:00,1416.8566745,1416.866592049147,Random Forest
2025-05-17 10:00:00,1441.13004725,1441.1435990254718,Random Forest
2025-05-17 11:00:00,1427.7899737500002,1427.7870302752667,Random Forest
2025-05-17 12:00:00,1486.300529,1486.3019693042913,Random Forest
2025-05-17 13:00:00,1430.85091425,1430.8502892656677,Random Forest
2025-05-17 14:00:00,1499.099618,1499.091345911733,Random Forest
2025-05-17 15:00:00,1718.688945,1718.7137416741084,Random Forest
2025-05-17 16:00:00,1460.09812,1460.0985897072899,Random Forest
2025-05-17 17:00:00,1410.00675075,1409.9974847754931,Random Forest
2025-05-17 18:00:00,1392.132584,1392.0763235304412,Random Forest
2025-05-17 19:00:00,1664.41884375,1664.4138826851638,Random Forest
2025-05-17 20:00:00,1355.02319205,1355.0101105006665,Random Forest
2025-05-17 21:00:00,1509.00286725,1508.995401744586,Random Forest
2025-05-17 22:00:00,1550.960732,1550.9717560177505,Random Forest
2025-05-17 23:00:00,1550.03233575,1550.0373523335427,Random Forest
2025-05-18 00:00:00,1488.30005375,1488.292008044002,Random Forest
2025-05-18 01:00:00,1392.65122675,1392.6265097069243,Random Forest
2025-05-18 02:00:00,1426.188194,1426.2031123502543,Random Forest
2025-05-18 03:00:00,1462.43018575,1462.454931628099,Random Forest
2025-05-18 04:00:00,1372.60124975,1372.5920093459624,Random Forest
2025-05-18 05:00:00,1448.55786725,1448.555097107214,Random Forest
2025-05-18 06:00:00,1426.76414825,1426.7662677809828,Random Forest
2025-05-18 07:00:00,1536.439364,1536.4488300980474,Random Forest
2025-05-18 08:00:00,1561.97140925,1561.9814702165127,Random Forest
2025-05-18 09:00:00,1373.94551875,1373.9518420901338,Random Forest
2025-05-18 10:00:00,1362.307956,1362.3151047427082,Random Forest
2025-05-18 11:00:00,1392.08247465,1392.0690863489422,Random Forest
2025-05-18 12:00:00,1578.9104865,1578.9091135343695,Random Forest
2025-05-18 13:00:00,1615.3374365,1615.3204619781484,Random Forest
2025-05-18 14:00:00,1340.75370125,1340.7160559521406,Random Forest
2025-05-18 15:00:00,1504.0211415,1504.0148701520295,Random Forest
2025-05-18 16:00:00,1386.9298155,1386.9440998101823,Random Forest
2025-05-18 17:00:00,1529.3816165,1529.3790693157355,Random Forest
2025-05-18 18:00:00,1430.1697695,1430.1748513500727,Random Forest
2025-05-18 19:00:00,1586.96892025,1586.9575905880226,Random Forest
2025-05-18 20:00:00,1549.520084,1549.5291578469623,Random Forest
2025-05-18 21:00:00,1448.76436925,1448.758879625132,Random Forest
2025-05-18 22:00:00,1505.15875775,1505.1513235440248,Random Forest
2025-05-18 23:00:00,1393.26099925,1393.27485519767,Random Forest
2025-05-19 00:00:00,1630.5630295,1630.5410017769689,Random Forest
2025-05-19 01:00:00,1513.1683832499998,1513.156489887691,Random Forest
2025-05-19 02:00:00,1483.799178,1483.7873523118565,Random Forest
2025-05-19 03:00:00,1502.384068,1502.3767147099059,Random Forest
2025-05-19 04:00:00,1392.717542,1392.7170050787388,Random Forest
2025-05-19 05:00:00,1440.209778,1440.224978174763,Random Forest
2025-05-19 06:00:00,1231.189157,1231.6626194836088,Random Forest
2025-05-19 07:00:00,1431.3381605,1431.3385044074787,Random Forest
2025-05-19 08:00:00,1545.6469935,1545.6466801704141,Random Forest
2025-05-19 09:00:00,1404.7723465,1404.7661713675977,Random Forest
2025-05-19 10:00:00,1382.50946725,1382.5082344019181,Random Forest
2025-05-19 11:00:00,1569.01248725,1568.9948130018536,Random Forest
2025-05-19 12:00:00,1554.776248,1554.7830310415832,Random Forest
2025-05-19 13:00:00,1512.66452075,1512.6662050438772,Random Forest
2025-05-19 14:00:00,1379.21269275,1379.2044941512158,Random Forest
2025-05-19 15:00:00,1529.28861575,1529.2898873805386,Random Forest
2025-05-19 16:00:00,1742.5051085,1742.658597992102,Random Forest
2025-05-19 17:00:00,1495.89622525,1495.8907060503896,Random Forest
2025-05-19 18:00:00,1621.34155525,1621.3554219513148,Random Forest
2025-05-19 19:00:00,1587.001555,1586.9760086826345,Random Forest
2025-05-19 20:00:00,1597.16734775,1597.1839779826612,Random Forest
2025-05-19 21:00:00,1296.96323275,1296.9443821915363,Random Forest
2025-05-19 22:00:00,1566.01640075,1566.014662252833,Random Forest
2025-05-19 23:00:00,1585.207057,1585.2029285928936,Random Forest
2025-05-20 00:00:00,1359.3381755,1359.3350049145117,Random Forest
2025-05-20 01:00:00,1618.77846975,1618.7828446486615,Random Forest
2025-05-20 02:00:00,1522.27060075,1522.263932642682,Random Forest
2025-05-20 03:00:00,1690.919413,1690.8965044118813,Random Forest
2025-05-20 04:00:00,1588.30549325,1588.3032321434525,Random Forest
2025-05-20 05:00:00,1502.33713625,1502.3362963845957,Random Forest
2025-05-20 06:00:00,1493.420449,1493.415396187078,Random Forest
2025-05-20 07:00:00,1434.5685306,1434.5712002641535,Random Forest
2025-05-20 08:00:00,1389.50925825,1389.478541642601,Random Forest
2025-05-20 09:00:00,1503.7203825,1503.7259023592424,Random Forest
2025-05-20 10:00:00,1548.55167375,1548.5472015731693,Random Forest
2025-05-20 11:00:00,1634.9990545,1635.0228527757376,Random Forest
2025-05-20 12:00:00,1580.32684425,1580.3483991095293,Random Forest
2025-05-20 13:00:00,1498.94891875,1498.9411530316324,Random Forest
2025-05-20 14:00:00,1693.5727555,1693.6792723475985,Random Forest
2025-05-20 15:00:00,1351.7308285,1351.7087033271048,Random Forest
2025-05-20 16:00:00,1448.78625575,1448.77346928657,Random Forest
2025-05-20 17:00:00,1409.57218575,1409.5822749806182,Random Forest
2025-05-20 18:00:00,1484.43114475,1484.4186501360707,Random Forest
2025-05-20 19:00:00,1509.96895,1509.9700975524468,Random Forest
2025-05-20 20:00:00,1546.98118825,1546.9830713446936,Random Forest
2025-05-20 21:00:00,1485.069046,1485.086215205859,Random Forest
2025-05-20 22:00:00,1510.767903,1510.766608740298,Random Forest
2025-05-20 23:00:00,1505.99193525,1505.9902687789381,Random Forest
2025-05-21 00:00:00,1481.83442825,1481.8331989684718,Random Forest
2025-05-21 01:00:00,1519.757958,1519.755116606709,Random Forest
2025-05-21 02:00:00,1567.98004025,1567.9968410866081,Random Forest
2025-05-21 03:00:00,1651.22236175,1651.2170227299853,Random Forest
2025-05-21 04:00:00,1418.28910525,1418.282998852265,Random Forest
2025-05-21 05:00:00,1637.3685785,1637.369365820676,Random Forest
2025-05-21 06:00:00,1565.794607,1565.8092254939008,Random Forest
2025-05-21 07:00:00,1447.0175855,1446.9959129028796,Random Forest
2025-05-21 08:00:00,1683.4475505,1683.4592172455698,Random Forest
2025-05-21 09:00:00,1487.40774875,1487.3950440186602,Random Forest
2025-05-21 10:00:00,1489.121049,1489.1285563105992,Random Forest
2025-05-21 11:00:00,1465.6252595,1465.6216188531355,Random Forest
2025-05-21 12:00:00,1556.8534645,1556.83208929942,Random Forest
2025-05-21 13:00:00,1333.07324265,1333.0437027015878,Random Forest
2025-05-21 14:00:00,1453.536585,1453.5286514818465,Random Forest
2025-05-21 15:00:00,1540.90991975,1540.9161409320234,Random Forest
2025-05-21 16:00:00,1282.007423,1282.0301886975597,Random Forest
2025-05-21 17:00:00,1347.71738325,1347.7187279389736,Random Forest
2025-05-21 18:00:00,1531.126338,1531.121509587697,Random Forest
2025-05-21 19:00:00,1598.55428375,1598.548358499923,Random Forest
2025-05-21 20:00:00,1547.38235825,1547.3839839799155,Random Forest
2025-05-21 21:00:00,1534.13268925,1534.1461128926194,Random Forest
2025-05-21 22:00:00,1624.32242225,1624.3214501195623,Random Forest
2025-05-21 23:00:00,1555.4883225,1555.4861389422842,Random Forest
2025-05-22 00:00:00,1463.63422675,1463.6230239333445,Random Forest
2025-05-22 01:00:00,1514.400340225,1514.3942811752372,Random Forest
2025-05-22 02:00:00,1482.64059075,1482.6284633503158,Random Forest
2025-05-22 03:00:00,1271.2149695,1271.0825116617907,Random Forest
2025-05-22 04:00:00,1591.836693,1591.842047204877,Random Forest
2025-05-22 05:00:00,1450.56747825,1450.5715161625296,Random Forest
2025-05-22 06:00:00,1698.6868795,1698.696486383925,Random Forest
2025-05-22 07:00:00,1582.3770515,1582.3779474192236,Random Forest
2025-05-22 08:00:00,1528.69422525,1528.6991218115002,Random Forest
2025-05-22 09:00:00,1530.663366,1530.6720459342991,Random Forest
2025-05-22 10:00:00,1720.23826175,1720.2687591774813,Random Forest
2025-05-22 11:00:00,1470.6425615,1470.640493562252,Random Forest
2025-05-22 12:00:00,1515.06152275,1515.0666846832466,Random Forest
2025-05-22 13:00:00,1361.600436325,1361.6300312637786,Random Forest
2025-05-22 14:00:00,1275.739942,1275.7123744366766,Random Forest
2025-05-22 15:00:00,1519.2164515,1519.218196330569,Random Forest
2025-05-22 16:00:00,1669.3633545,1669.3362616216973,Random Forest
2025-05-22 17:00:00,1474.7780265,1474.766554900148,Random Forest
2025-05-22 18:00:00,1610.46438575,1610.4802832097537,Random Forest
2025-05-22 19:00:00,1613.6967165,1613.6919284872495,Random Forest
2025-05-22 20:00:00,1412.73362325,1412.7307051010444,Random Forest
2025-05-22 21:00:00,1585.66985,1585.6717942317503,Random Forest
2025-05-22 22:00:00,1574.15013925,1574.1616948419867,Random Forest
2025-05-22 23:00:00,1486.9421,1486.9345995962233,Random Forest
2025-05-23 00:00:00,1511.654917,1511.657924556747,Random Forest
2025-05-23 01:00:00,1404.23789025,1404.2372204059793,Random Forest
2025-05-23 02:00:00,1407.0440175,1407.0327223132786,Random Forest
2025-05-23 03:00:00,1632.717456,1632.7457401654203,Random Forest
2025-05-23 04:00:00,1559.5190475,1559.513024328796,Random Forest
2025-05-23 05:00:00,1515.96044625,1515.959493046711,Random Forest
2025-05-23 06:00:00,1212.83616725,1212.993092075111,Random Forest
2025-05-23 07:00:00,1275.2976442499998,1275.2838386310095,Random Forest
2025-05-23 08:00:00,1575.67949975,1575.6673841657116,Random Forest
2025-05-23 09:00:00,1475.309188,1475.326054840456,Random Forest
2025-05-23 10:00:00,1587.27052825,1587.283395331225,Random Forest
2025-05-23 11:00:00,1516.68172925,1516.6821187607632,Random Forest
2025-05-23 12:00:00,1493.43152175,1493.4248695997317,Random Forest
2025-05-23 13:00:00,1446.724191,1446.7182418132468,Random Forest
2025-05-23 14:00:00,1695.13500275,1695.1635800114375,Random Forest
2025-05-23 15:00:00,1462.84175825,1462.8494241841784,Random Forest
2025-05-23 16:00:00,1700.64308875,1700.741817094843,Random Forest
2025-05-23 17:00:00,1531.25883775,1531.2572070626902,Random Forest
2025-05-23 18:00:00,1483.56424275,1483.5664247247012,Random Forest
2025-05-23 19:00:00,1353.46595345,1353.4574556512446,Random Forest
2025-05-23 20:00:00,1432.408107,1432.4161053112114,Random Forest
2025-05-23 21:00:00,1463.29991825,1463.2937401083684,Random Forest
2025-05-23 22:00:00,1341.995970375,1341.9838544245258,Random Forest
2025-05-23 23:00:00,1504.38659175,1504.3940494760363,Random Forest
2025-05-24 00:00:00,1591.0863925,1591.092472451659,Random Forest
2025-05-24 01:00:00,1439.284775,1439.2924061627573,Random Forest
2025-05-24 02:00:00,1418.425344,1418.4466899932117,Random Forest
2025-05-24 03:00:00,1588.37691425,1588.3733893087433,Random Forest
2025-05-24 04:00:00,1557.57272675,1557.5586211413674,Random Forest
2025-05-24 05:00:00,1480.37234375,1480.3555236127845,Random Forest
2025-05-24 06:00:00,1429.721799,1429.720534308616,Random Forest
2025-05-24 07:00:00,1515.8821005,1515.8792065334817,Random Forest
2025-05-24 08:00:00,1337.88815625,1337.8723947301144,Random Forest
2025-05-24 09:00:00,1434.79626925,1434.7990416064486,Random Forest
2025-05-24 10:00:00,1654.04277625,1654.0451916244574,Random Forest
2025-05-24 11:00:00,1632.71248925,1632.7410266715444,Random Forest
2025-05-24 12:00:00,1610.55215075,1610.5610745350805,Random Forest
2025-05-24 13:00:00,1647.00972225,1646.9659097613912,Random Forest
2025-05-24 14:00:00,1402.504113,1402.497718297285,Random Forest
2025-05-24 15:00:00,1537.32017375,1537.3255008912704,Random Forest
2025-05-24 16:00:00,1648.10441125,1648.104590451786,Random Forest
2025-05-24 17:00:00,1451.97734725,1451.9572998177478,Random Forest
2025-05-24 18:00:00,1427.22619175,1427.220755254487,Random Forest
2025-05-24 19:00:00,1349.89436275,1349.8679822403487,Random Forest
2025-05-24 20:00:00,1543.0996185,1543.1010590114001,Random Forest
2025-05-24 21:00:00,1648.97857,1649.0213284753345,Random Forest
2025-05-24 22:00:00,1403.88452975,1403.884677794137,Random Forest
2025-05-24 23:00:00,1589.42223425,1589.4205949761154,Random Forest
2025-05-25 00:00:00,1552.4510135,1552.4550632503797,Random Forest
2025-05-25 01:00:00,1423.252008,1423.2423065040427,Random Forest
2025-05-25 02:00:00,1429.4723375,1429.4586564231545,Random Forest
2025-05-25 03:00:00,1661.6386695,1661.6679098120903,Random Forest
2025-05-25 04:00:00,1525.95037925,1525.9471045544526,Random Forest
2025-05-25 05:00:00,1568.20468275,1568.1925436107229,Random Forest
2025-05-25 06:00:00,1661.79179275,1661.7872642899797,Random Forest
2025-05-25 07:00:00,1413.7609,1413.7532886106703,Random Forest
2025-05-25 08:00:00,1209.053260025,1208.8211568099432,Random Forest
2025-05-25 09:00:00,1573.534604,1573.5248503600014,Random Forest
2025-05-25 10:00:00,1463.5912425,1463.5841073770082,Random Forest
2025-05-25 11:00:00,1519.9333795,1519.9391061187907,Random Forest
2025-05-25 12:00:00,1362.5328365,1362.50167942532,Random Forest
2025-05-25 13:00:00,1447.614333,1447.614968257636,Random Forest
2025-05-25 14:00:00,1319.090233,1319.1025665806621,Random Forest
2025-05-25 15:00:00,1406.47821325,1406.4635036367358,Random Forest
2025-05-25 16:00:00,1444.89513275,1444.8930434991303,Random Forest
2025-05-25 17:00:00,1393.45094075,1393.4701573280638,Random Forest
2025-05-25 18:00:00,1530.89522675,1530.907437404617,Random Forest
2025-05-25 19:00:00,1596.62699525,1596.6386689303195,Random Forest
2025-05-25 20:00:00,1677.56809375,1677.6276006287342,Random Forest
2025-05-25 21:00:00,1542.5589582500002,1542.5538034442757,Random Forest
2025-05-25 22:00:00,1461.49801675,1461.502397675768,Random Forest
2025-05-25 23:00:00,1361.2445965000002,1361.2619676184988,Random Forest
2025-05-26 00:00:00,1421.326837,1421.3405439294656,Random Forest
2025-05-26 01:00:00,1676.493718,1676.5011612107792,Random Forest
2025-05-26 02:00:00,1382.03589675,1382.0439938123316,Random Forest
2025-05-26 03:00:00,1470.903438,1470.8924039427834,Random Forest
2025-05-26 04:00:00,1606.766824,1606.765021708763,Random Forest
2025-05-26 05:00:00,1505.4374215,1505.432632817596,Random Forest
2025-05-26 06:00:00,1480.79046425,1480.8018421777817,Random Forest
2025-05-26 07:00:00,1812.70752625,1813.1808442900892,Random Forest
2025-05-26 08:00:00,1549.629987,1549.6422587320953,Random Forest
2025-05-26 09:00:00,1709.85104375,1709.874488183688,Random Forest
2025-05-26 10:00:00,1523.97487625,1523.971370819168,Random Forest
2025-05-26 11:00:00,1444.6280435,1444.630926803582,Random Forest
2025-05-26 12:00:00,1682.22232175,1682.2119435073232,Random Forest
2025-05-26 13:00:00,1458.111797,1458.092537166773,Random Forest
2025-05-26 14:00:00,1692.78076,1692.8531841970794,Random Forest
2025-05-26 15:00:00,1524.536376,1524.5436219320889,Random Forest
2025-05-26 16:00:00,1536.88874875,1536.8863674800377,Random Forest
2025-05-26 17:00:00,1532.42435575,1532.4290731533101,Random Forest
2025-05-26 18:00:00,1452.918217,1452.9162842299293,Random Forest
2025-05-26 19:00:00,1484.48459075,1484.4804047042353,Random Forest
2025-05-26 20:00:00,1321.98012525,1321.9505806109096,Random Forest
2025-05-26 21:00:00,1416.64083,1416.6571522276809,Random Forest
2025-05-26 22:00:00,1372.83910625,1372.827861540542,Random Forest
2025-05-26 23:00:00,1456.76081525,1456.7491434887024,Random Forest
2025-05-27 00:00:00,1471.40632175,1471.4241372484657,Random Forest
2025-05-27 01:00:00,1623.73576675,1623.7571038709214,Random Forest
2025-05-27 02:00:00,1555.0338565,1555.0361902615748,Random Forest
2025-05-27 03:00:00,1502.97593275,1502.9842760662418,Random Forest
2025-05-27 04:00:00,1564.7534415,1564.7583202455585,Random Forest
2025-05-27 05:00:00,1566.9803245,1566.9781007159268,Random Forest
2025-05-27 06:00:00,1445.3040855,1445.306848017858,Random Forest
2025-05-27 07:00:00,1342.26780325,1342.2716790363074,Random Forest
2025-05-27 08:00:00,1663.24896275,1663.2244333678816,Random Forest
2025-05-27 09:00:00,1512.0756015000002,1512.0833192776097,Random Forest
2025-05-27 10:00:00,1405.55848775,1405.5449715662335,Random Forest
2025-05-27 11:00:00,1573.653392,1573.6606829606687,Random Forest
2025-05-27 12:00:00,1489.9623,1489.963026410578,Random Forest
2025-05-27 13:00:00,1503.43011075,1503.418232162503,Random Forest
2025-05-27 14:00:00,1386.30915725,1386.3173232178865,Random Forest
2025-05-27 15:00:00,1545.44768525,1545.4312033252688,Random Forest
2025-05-27 16:00:00,1620.13008825,1620.0672031704096,Random Forest
2025-05-27 17:00:00,1476.664274,1476.6722620914995,Random Forest
2025-05-27 18:00:00,1633.4238775,1633.4101279360423,Random Forest
2025-05-27 19:00:00,1612.23421875,1612.2368844107693,Random Forest
2025-05-27 20:00:00,1527.08653825,1527.0883896675105,Random Forest
2025-05-27 21:00:00,1492.793959,1492.7992559122683,Random Forest
2025-05-27 22:00:00,1755.778702,1755.7684792513796,Random Forest
2025-05-27 23:00:00,1415.62301025,1415.6220629573208,Random Forest
2025-05-28 00:00:00,1430.4278909999998,1430.4299549199748,Random Forest
2025-05-28 01:00:00,1417.31866075,1417.3101012796135,Random Forest
2025-05-28 02:00:00,1610.64661775,1610.6298864628814,Random Forest
2025-05-28 03:00:00,1547.5234595,1547.516053825242,Random Forest
2025-05-28 04:00:00,1524.1144525,1524.1185881620863,Random Forest
2025-05-28 05:00:00,1431.4962315,1431.483780651416,Random Forest
2025-05-28 06:00:00,1502.42299525,1502.4383904977883,Random Forest
2025-05-28 07:00:00,1407.5700965,1407.5661394664294,Random Forest
2025-05-28 08:00:00,1368.46103725,1368.4487030561809,Random Forest
2025-05-28 09:00:00,1463.00340125,1463.0157714090874,Random Forest
2025-05-28 10:00:00,1420.37181075,1420.3768256068508,Random Forest
2025-05-28 11:00:00,1492.433641,1492.4225598622097,Random Forest
2025-05-28 12:00:00,1327.19581925,1327.160742183716,Random Forest
2025-05-28 13:00:00,1362.4657185,1362.437010408346,Random Forest
2025-05-28 14:00:00,1413.4739845,1413.469520567875,Random Forest
2025-05-28 15:00:00,1335.39106925,1335.3649660275669,Random Forest
2025-05-28 16:00:00,1585.92824675,1585.9258841488452,Random Forest
2025-05-28 17:00:00,1396.87052725,1396.8893043652604,Random Forest
2025-05-28 18:00:00,1534.1773115,1534.1754185817306,Random Forest
2025-05-28 19:00:00,1427.17691475,1427.1703770761453,Random Forest
2025-05-28 20:00:00,1381.50954625,1381.5451939167065,Random Forest
2025-05-28 21:00:00,1453.30067575,1453.294123467187,Random Forest
2025-05-28 22:00:00,1463.43611175,1463.4555137300795,Random Forest
2025-05-28 23:00:00,1453.38646425,1453.3950255172435,Random Forest
2025-05-29 00:00:00,1525.91197125,1525.9253103740557,Random Forest
2025-05-29 01:00:00,1550.2695345,1550.2768815536413,Random Forest
2025-05-29 02:00:00,1613.57907675,1613.571887134009,Random Forest
2025-05-29 03:00:00,1423.0484875,1423.047995493206,Random Forest
2025-05-29 04:00:00,1333.54619375,1333.617484794049,Random Forest
2025-05-29 05:00:00,1471.421794,1471.4360866451213,Random Forest
2025-05-29 06:00:00,1592.705912,1592.7136219746537,Random Forest
2025-05-29 07:00:00,1594.00505525,1593.997845432633,Random Forest
2025-05-29 08:00:00,1576.35170525,1576.350722393595,Random Forest
2025-05-29 09:00:00,1409.8365955,1409.8266601038197,Random Forest
2025-05-29 10:00:00,1503.27716275,1503.277084352697,Random Forest
2025-05-29 11:00:00,1556.46787775,1556.464582060858,Random Forest
2025-05-29 12:00:00,1626.408967,1626.397253968622,Random Forest
2025-05-29 13:00:00,1443.74905975,1443.7469488411207,Random Forest
2025-05-29 14:00:00,1380.5805525,1380.5767273527579,Random Forest
2025-05-29 15:00:00,1516.50595525,1516.4904489560993,Random Forest
2025-05-29 16:00:00,1513.09602075,1513.105214991091,Random Forest
2025-05-29 17:00:00,1543.1186485,1543.1177312059888,Random Forest
2025-05-29 18:00:00,1354.9155715,1354.9116746111422,Random Forest
2025-05-29 19:00:00,1473.9336435,1473.9367009908879,Random Forest
2025-05-29 20:00:00,1374.717012,1374.7294517307666,Random Forest
2025-05-29 21:00:00,1723.65296475,1723.470179411015,Random Forest
2025-05-29 22:00:00,1569.3310335,1569.3287283890606,Random Forest
2025-05-29 23:00:00,1412.09297025,1412.0727125259803,Random Forest
2025-05-30 00:00:00,1551.35542425,1551.3448574514844,Random Forest
2025-05-30 01:00:00,1414.51404075,1414.5115399898264,Random Forest
2025-05-30 02:00:00,1589.135491,1589.1558088759934,Random Forest
2025-05-30 03:00:00,1452.963206,1452.9615604635358,Random Forest
2025-05-30 04:00:00,1407.52129825,1407.5035416932778,Random Forest
2025-05-30 05:00:00,1438.26047675,1438.2730433140869,Random Forest
2025-05-30 06:00:00,1425.01381675,1425.0108867530216,Random Forest
2025-05-30 07:00:00,1736.74546025,1736.8544590707334,Random Forest
2025-05-30 08:00:00,1434.482208,1434.4795036758849,Random Forest
2025-05-30 09:00:00,1547.812523,1547.82428604723,Random Forest
2025-05-30 10:00:00,1528.282202,1528.2812698355942,Random Forest
2025-05-30 11:00:00,1403.16985525,1403.1556988462034,Random Forest
2025-05-30 12:00:00,1535.96068475,1535.961992620749,Random Forest
2025-05-30 13:00:00,1481.883286,1481.8658334726424,Random Forest
2025-05-30 14:00:00,1583.0810995000002,1583.083266533117,Random Forest
2025-05-30 15:00:00,1585.4567120000002,1585.4492306698164,Random Forest
2025-05-30 16:00:00,1523.15398475,1523.1524368342634,Random Forest
2025-05-30 17:00:00,1378.60891175,1378.642209233705,Random Forest
2025-05-30 18:00:00,1386.77152195,1386.7763151918327,Random Forest
2025-05-30 19:00:00,1550.47597675,1550.4624640349728,Random Forest
2025-05-30 20:00:00,1726.27065175,1726.3316681156355,Random Forest
2025-05-30 21:00:00,1346.48079025,1346.4789886108201,Random Forest
2025-05-30 22:00:00,1421.132802,1421.1548947029617,Random Forest
2025-05-30 23:00:00,1553.95246975,1553.95550755829,Random Forest
2025-05-31 00:00:00,1400.37671025,1400.3646047715295,Random Forest
2025-05-31 01:00:00,1483.05181175,1483.046841843848,Random Forest
2025-05-31 02:00:00,1383.32934325,1383.328320229799,Random Forest
2025-05-31 03:00:00,1595.867039,1595.8470817858035,Random Forest
2025-05-31 04:00:00,1485.084551075,1485.0895859144355,Random Forest
2025-05-31 05:00:00,1537.81570575,1537.8113451964382,Random Forest
2025-05-31 06:00:00,1371.435495,1371.4326325961883,Random Forest
2025-05-31 07:00:00,1672.7600565,1672.778925434726,Random Forest
2025-05-31 08:00:00,1437.4860062500002,1437.4998440255629,Random Forest
2025-05-31 09:00:00,1448.55099875,1448.552563693311,Random Forest
2025-05-31 10:00:00,1585.43073125,1585.4361781436999,Random Forest
2025-05-31 11:00:00,1589.5389485,1589.5392504524184,Random Forest
2025-05-31 12:00:00,1678.38448925,1678.390810648686,Random Forest
2025-05-31 13:00:00,1593.30028525,1593.285550709047,Random Forest
2025-05-31 14:00:00,1571.229902,1571.2164993842878,Random Forest
2025-05-31 15:00:00,1531.19091625,1531.2037359642193,Random Forest
2025-05-31 16:00:00,1415.13143625,1415.1380754694867,Random Forest
2025-05-31 17:00:00,1271.372617,1271.3716485966645,Random Forest
2025-05-31 18:00:00,1463.52591875,1463.5352564438724,Random Forest
2025-05-31 19:00:00,1417.0805265,1417.086355607947,Random Forest
2025-05-31 20:00:00,1414.8543295,1414.863852833298,Random Forest
2025-05-31 21:00:00,1362.55223475,1362.5606996002964,Random Forest
2025-05-31 22:00:00,1455.7497255,1455.7660026083438,Random Forest
2025-05-31 23:00:00,1620.5205185,1620.5162360596084,Random Forest
2024-08-09 08:00:00,1428.1394445,1428.0743408203125,XGBoost
2024-08-09 09:00:00,1502.3298155,1503.1729736328125,XGBoost
2024-08-09 10:00:00,1500.6971535,1500.3812255859375,XGBoost
2024-08-09 11:00:00,1597.17066175,1598.369140625,XGBoost
2024-08-09 12:00:00,1493.36172575,1493.64208984375,XGBoost
2024-08-09 13:00:00,1621.98228825,1621.9210205078125,XGBoost
2024-08-09 14:00:00,1461.04581375,1460.8975830078125,XGBoost
2024-08-09 15:00:00,1522.956482,1522.765625,XGBoost
2024-08-09 16:00:00,1334.7961705,1335.55419921875,XGBoost
2024-08-09 17:00:00,1602.23658075,1601.73046875,XGBoost
2024-08-09 18:00:00,1449.39122325,1450.455810546875,XGBoost
2024-08-09 19:00:00,1685.3365815,1684.238525390625,XGBoost
2024-08-09 20:00:00,1514.67295825,1513.22412109375,XGBoost
2024-08-09 21:00:00,1402.69781425,1404.133544921875,XGBoost
2024-08-09 22:00:00,1530.453833,1529.9119873046875,XGBoost
2024-08-09 23:00:00,1482.826826,1485.7359619140625,XGBoost
2024-08-10 00:00:00,1429.33877625,1429.0970458984375,XGBoost
2024-08-10 01:00:00,1599.70526175,1600.1385498046875,XGBoost
2024-08-10 02:00:00,1546.37596775,1546.6761474609375,XGBoost
2024-08-10 03:00:00,1563.7369525,1562.465576171875,XGBoost
2024-08-10 04:00:00,1503.677489,1502.9005126953125,XGBoost
2024-08-10 05:00:00,1377.91943975,1378.371337890625,XGBoost
2024-08-10 06:00:00,1408.88759025,1409.104248046875,XGBoost
2024-08-10 07:00:00,1328.2098341,1326.8516845703125,XGBoost
2024-08-10 08:00:00,1375.43432325,1376.41357421875,XGBoost
2024-08-10 09:00:00,1563.50470875,1562.9161376953125,XGBoost
2024-08-10 10:00:00,1407.25367875,1407.2401123046875,XGBoost
2024-08-10 11:00:00,1559.76824675,1557.993896484375,XGBoost
2024-08-10 12:00:00,1712.339355,1709.812744140625,XGBoost
2024-08-10 13:00:00,1464.28523275,1463.9388427734375,XGBoost
2024-08-10 14:00:00,1412.59615275,1414.602783203125,XGBoost
2024-08-10 15:00:00,1534.31492675,1534.9539794921875,XGBoost
2024-08-10 16:00:00,1426.83875325,1426.408203125,XGBoost
2024-08-10 17:00:00,1511.53985,1513.85595703125,XGBoost
2024-08-10 18:00:00,1519.66691725,1518.8614501953125,XGBoost
2024-08-10 19:00:00,1429.3845335,1428.334228515625,XGBoost
2024-08-10 20:00:00,1498.65704725,1498.656982421875,XGBoost
2024-08-10 21:00:00,1391.14381075,1390.2305908203125,XGBoost
2024-08-10 22:00:00,1491.43111,1492.447509765625,XGBoost
2024-08-10 23:00:00,1664.16082225,1664.9844970703125,XGBoost
2024-08-11 00:00:00,1431.55548775,1431.8876953125,XGBoost
2024-08-11 01:00:00,1369.95844675,1370.4935302734375,XGBoost
2024-08-11 02:00:00,1597.9689035,1596.993408203125,XGBoost
2024-08-11 03:00:00,1460.33936225,1460.4681396484375,XGBoost
2024-08-11 04:00:00,1528.681071,1528.572998046875,XGBoost
2024-08-11 05:00:00,1151.596013575,1210.55615234375,XGBoost
2024-08-11 06:00:00,1527.2367905,1526.7672119140625,XGBoost
2024-08-11 07:00:00,1385.7522545000002,1387.6082763671875,XGBoost
2024-08-11 08:00:00,1471.95485875,1472.385009765625,XGBoost
2024-08-11 09:00:00,1437.87993,1437.753173828125,XGBoost
2024-08-11 10:00:00,1576.1784315,1575.8436279296875,XGBoost
2024-08-11 11:00:00,1566.2180745,1567.089599609375,XGBoost
2024-08-11 12:00:00,1441.752776,1442.4615478515625,XGBoost
2024-08-11 13:00:00,1318.24824125,1318.5460205078125,XGBoost
2024-08-11 14:00:00,1389.09557725,1390.193603515625,XGBoost
2024-08-11 15:00:00,1421.18451275,1421.2506103515625,XGBoost
2024-08-11 16:00:00,1498.894033,1497.5660400390625,XGBoost
2024-08-11 17:00:00,1496.83061775,1497.208740234375,XGBoost
2024-08-11 18:00:00,1621.95129225,1623.2445068359375,XGBoost
2024-08-11 19:00:00,1599.685607,1597.9222412109375,XGBoost
2024-08-11 20:00:00,1408.63794975,1408.1778564453125,XGBoost
2024-08-11 21:00:00,1509.1031895,1509.7767333984375,XGBoost
2024-08-11 22:00:00,1701.13468125,1701.084716796875,XGBoost
2024-08-11 23:00:00,1592.52115175,1592.449462890625,XGBoost
2024-08-12 00:00:00,1489.1693045,1489.7078857421875,XGBoost
2024-08-12 01:00:00,1621.88966125,1624.5106201171875,XGBoost
2024-08-12 02:00:00,1420.9732405,1419.414306640625,XGBoost
2024-08-12 03:00:00,1368.508313,1366.5035400390625,XGBoost
2024-08-12 04:00:00,1474.467017,1474.255615234375,XGBoost
2024-08-12 05:00:00,1465.1178725,1464.88427734375,XGBoost
2024-08-12 06:00:00,1439.091845,1439.613037109375,XGBoost
2024-08-12 07:00:00,1520.52425975,1520.1959228515625,XGBoost
2024-08-12 08:00:00,1566.33108,1564.832275390625,XGBoost
2024-08-12 09:00:00,1477.129329,1476.553466796875,XGBoost
2024-08-12 10:00:00,1629.829359,1628.8623046875,XGBoost
2024-08-12 11:00:00,1364.65543775,1364.761962890625,XGBoost
2024-08-12 12:00:00,1518.5049215,1519.1507568359375,XGBoost
2024-08-12 13:00:00,1380.653084,1380.7833251953125,XGBoost
2024-08-12 14:00:00,1471.160842,1470.9195556640625,XGBoost
2024-08-12 15:00:00,1465.60764075,1466.0589599609375,XGBoost
2024-08-12 16:00:00,1483.96461875,1482.5169677734375,XGBoost
2024-08-12 17:00:00,1369.45704625,1369.96630859375,XGBoost
2024-08-12 18:00:00,1354.85165275,1357.576171875,XGBoost
2024-08-12 19:00:00,1455.820897,1456.544677734375,XGBoost
2024-08-12 20:00:00,1339.16443075,1339.52783203125,XGBoost
2024-08-12 21:00:00,1548.6730795,1548.8382568359375,XGBoost
2024-08-12 22:00:00,1274.15046175,1270.482421875,XGBoost
2024-08-12 23:00:00,1410.9611610000002,1409.3455810546875,XGBoost
2024-08-13 00:00:00,1540.50344675,1539.6044921875,XGBoost
2024-08-13 01:00:00,1565.91332975,1565.6024169921875,XGBoost
2024-08-13 02:00:00,1553.05258825,1552.4591064453125,XGBoost
2024-08-13 03:00:00,1707.71101375,1711.9173583984375,XGBoost
2024-08-13 04:00:00,1574.44141875,1575.8167724609375,XGBoost
2024-08-13 05:00:00,1396.0797665,1394.1400146484375,XGBoost
2024-08-13 06:00:00,1468.88169375,1470.03076171875,XGBoost
2024-08-13 07:00:00,1441.7101710000002,1441.5,XGBoost
2024-08-13 08:00:00,1496.08069475,1496.388671875,XGBoost
2024-08-13 09:00:00,1412.35040325,1413.09814453125,XGBoost
2024-08-13 10:00:00,1490.78429275,1491.6021728515625,XGBoost
2024-08-13 11:00:00,1374.5892015,1372.31103515625,XGBoost
2024-08-13 12:00:00,1367.424557,1368.2489013671875,XGBoost
2024-08-13 13:00:00,1634.5043205,1633.398193359375,XGBoost
2024-08-13 14:00:00,1633.5349985,1634.0906982421875,XGBoost
2024-08-13 15:00:00,1509.91191625,1510.345947265625,XGBoost
2024-08-13 16:00:00,1588.808418,1588.86669921875,XGBoost
2024-08-13 17:00:00,1561.5350635,1561.19775390625,XGBoost
2024-08-13 18:00:00,1388.80282275,1389.8802490234375,XGBoost
2024-08-13 19:00:00,1628.7918502500002,1628.3924560546875,XGBoost
2024-08-13 20:00:00,1562.94469625,1561.5916748046875,XGBoost
2024-08-13 21:00:00,1478.5299825,1479.1435546875,XGBoost
2024-08-13 22:00:00,1460.86840775,1459.7034912109375,XGBoost
2024-08-13 23:00:00,1477.26008,1477.7093505859375,XGBoost
2024-08-14 00:00:00,1378.1040545,1378.6075439453125,XGBoost
2024-08-14 01:00:00,1555.098112,1556.87451171875,XGBoost
2024-08-14 02:00:00,1283.20580675,1279.27880859375,XGBoost
2024-08-14 03:00:00,1578.1608515,1577.210693359375,XGBoost
2024-08-14 04:00:00,1470.4973015,1470.209716796875,XGBoost
2024-08-14 05:00:00,1388.178794625,1386.1334228515625,XGBoost
2024-08-14 06:00:00,1393.1181165,1392.5299072265625,XGBoost
2024-08-14 07:00:00,1429.7742885,1428.479736328125,XGBoost
2024-08-14 08:00:00,1241.92270275,1246.6700439453125,XGBoost
2024-08-14 09:00:00,1366.45826375,1367.52099609375,XGBoost
2024-08-14 10:00:00,1536.90259175,1536.3848876953125,XGBoost
2024-08-14 11:00:00,1696.3251165,1696.720947265625,XGBoost
2024-08-14 12:00:00,1518.469767175,1518.5177001953125,XGBoost
2024-08-14 13:00:00,1460.28104525,1460.1573486328125,XGBoost
2024-08-14 14:00:00,1615.8091475,1616.2760009765625,XGBoost
2024-08-14 15:00:00,1565.16814525,1565.3343505859375,XGBoost
2024-08-14 16:00:00,1568.76202525,1567.1102294921875,XGBoost
2024-08-14 17:00:00,1672.44105475,1670.4508056640625,XGBoost
2024-08-14 18:00:00,1470.195536,1470.29345703125,XGBoost
2024-08-14 19:00:00,1551.52193275,1550.9844970703125,XGBoost
2024-08-14 20:00:00,1639.99365625,1637.840576171875,XGBoost
2024-08-14 21:00:00,1523.7731515,1524.0283203125,XGBoost
2024-08-14 22:00:00,1442.2363025,1442.2105712890625,XGBoost
2024-08-14 23:00:00,1377.559268,1378.346435546875,XGBoost
2024-08-15 00:00:00,1454.07681975,1454.9478759765625,XGBoost
2024-08-15 01:00:00,1578.80705575,1579.02587890625,XGBoost
2024-08-15 02:00:00,1576.503602,1577.5213623046875,XGBoost
2024-08-15 03:00:00,1479.2307125,1479.0306396484375,XGBoost
2024-08-15 04:00:00,1348.5788135,1348.9915771484375,XGBoost
2024-08-15 05:00:00,1581.811196,1581.9305419921875,XGBoost
2024-08-15 06:00:00,1379.324212,1379.4232177734375,XGBoost
2024-08-15 07:00:00,1413.22663,1413.03564453125,XGBoost
2024-08-15 08:00:00,1450.93319,1451.2232666015625,XGBoost
2024-08-15 09:00:00,1336.8771702499998,1335.628662109375,XGBoost
2024-08-15 10:00:00,1429.0035309999998,1428.611328125,XGBoost
2024-08-15 11:00:00,1535.8418545,1536.739501953125,XGBoost
2024-08-15 12:00:00,1477.3923945,1477.346435546875,XGBoost
2024-08-15 13:00:00,1507.9573045,1507.163818359375,XGBoost
2024-08-15 14:00:00,1627.027504,1625.7703857421875,XGBoost
2024-08-15 15:00:00,1533.47343875,1531.560302734375,XGBoost
2024-08-15 16:00:00,1551.390786,1550.638916015625,XGBoost
2024-08-15 17:00:00,1406.5755758,1409.552734375,XGBoost
2024-08-15 18:00:00,1239.3243311,1250.6256103515625,XGBoost
2024-08-15 19:00:00,1568.43490525,1568.7900390625,XGBoost
2024-08-15 20:00:00,1396.03534625,1398.2357177734375,XGBoost
2024-08-15 21:00:00,1682.6327485,1684.0301513671875,XGBoost
2024-08-15 22:00:00,1471.87647425,1470.9512939453125,XGBoost
2024-08-15 23:00:00,1537.16173225,1537.59765625,XGBoost
2024-08-16 00:00:00,1722.54137025,1722.7332763671875,XGBoost
2024-08-16 01:00:00,1648.67702,1649.45263671875,XGBoost
2024-08-16 02:00:00,1447.35117125,1448.2698974609375,XGBoost
2024-08-16 03:00:00,1390.59748775,1388.7471923828125,XGBoost
2024-08-16 04:00:00,1611.15025625,1611.8765869140625,XGBoost
2024-08-16 05:00:00,1537.98644625,1537.651123046875,XGBoost
2024-08-16 06:00:00,1363.5390825,1362.0430908203125,XGBoost
2024-08-16 07:00:00,1407.98877825,1408.313720703125,XGBoost
2024-08-16 08:00:00,1394.32387125,1393.7447509765625,XGBoost
2024-08-16 09:00:00,1354.39082125,1355.201416015625,XGBoost
2024-08-16 10:00:00,1233.14984825,1245.7750244140625,XGBoost
2024-08-16 11:00:00,1512.6912035,1511.7376708984375,XGBoost
2024-08-16 12:00:00,1398.572643,1399.591796875,XGBoost
2024-08-16 13:00:00,1432.19145875,1431.3883056640625,XGBoost
2024-08-16 14:00:00,1530.3602585,1529.6767578125,XGBoost
2024-08-16 15:00:00,1553.32305325,1554.21923828125,XGBoost
2024-08-16 16:00:00,1376.4078995,1375.983642578125,XGBoost
2024-08-16 17:00:00,1297.32838,1297.285888671875,XGBoost
2024-08-16 18:00:00,1401.0712975,1401.0576171875,XGBoost
2024-08-16 19:00:00,1482.15751075,1481.849365234375,XGBoost
2024-08-16 20:00:00,1539.131572,1538.3389892578125,XGBoost
2024-08-16 21:00:00,1532.04444575,1531.8480224609375,XGBoost
2024-08-16 22:00:00,1521.084688,1520.946533203125,XGBoost
2024-08-16 23:00:00,1613.14374725,1612.7354736328125,XGBoost
2024-08-17 00:00:00,1452.32524625,1452.663818359375,XGBoost
2024-08-17 01:00:00,1543.54531575,1544.84619140625,XGBoost
2024-08-17 02:00:00,1834.06653975,1801.1578369140625,XGBoost
2024-08-17 03:00:00,1493.60751325,1493.5836181640625,XGBoost
2024-08-17 04:00:00,1699.172729,1698.9832763671875,XGBoost
2024-08-17 05:00:00,1734.07215325,1739.9080810546875,XGBoost
2024-08-17 06:00:00,1382.61157275,1383.2264404296875,XGBoost
2024-08-17 07:00:00,1607.339453,1606.3699951171875,XGBoost
2024-08-17 08:00:00,1503.361045,1501.376220703125,XGBoost
2024-08-17 09:00:00,1564.0921825,1562.8385009765625,XGBoost
2024-08-17 10:00:00,1605.7329925,1607.313232421875,XGBoost
2024-08-17 11:00:00,1553.9269135,1553.7784423828125,XGBoost
2024-08-17 12:00:00,1522.4649095,1522.9351806640625,XGBoost
2024-08-17 13:00:00,1395.92109925,1395.3062744140625,XGBoost
2024-08-17 14:00:00,1537.5523245,1537.05029296875,XGBoost
2024-08-17 15:00:00,1519.75752825,1519.47705078125,XGBoost
2024-08-17 16:00:00,1329.22316275,1329.778564453125,XGBoost
2024-08-17 17:00:00,1546.20574275,1545.50830078125,XGBoost
2024-08-17 18:00:00,1535.939,1535.460205078125,XGBoost
2024-08-17 19:00:00,1578.155107,1577.51025390625,XGBoost
2024-08-17 20:00:00,1498.4185635,1499.2281494140625,XGBoost
2024-08-17 21:00:00,1585.60831475,1585.404296875,XGBoost
2024-08-17 22:00:00,1399.6674725,1400.9813232421875,XGBoost
2024-08-17 23:00:00,1479.559226,1478.8973388671875,XGBoost
2024-08-18 00:00:00,1420.4753955,1420.9521484375,XGBoost
2024-08-18 01:00:00,1426.202208,1425.49462890625,XGBoost
2024-08-18 02:00:00,1250.8378315,1251.5457763671875,XGBoost
2024-08-18 03:00:00,1477.25022425,1476.9544677734375,XGBoost
2024-08-18 04:00:00,1436.03449925,1435.919677734375,XGBoost
2024-08-18 05:00:00,1496.94095225,1496.092041015625,XGBoost
2024-08-18 06:00:00,1575.9713475,1576.40673828125,XGBoost
2024-08-18 07:00:00,1509.42000225,1509.7867431640625,XGBoost
2024-08-18 08:00:00,1594.6910739999998,1593.11328125,XGBoost
2024-08-18 09:00:00,1838.87943875,1799.4368896484375,XGBoost
2024-08-18 10:00:00,1549.5022290000002,1550.4423828125,XGBoost
2024-08-18 11:00:00,1488.967622,1488.6600341796875,XGBoost
2024-08-18 12:00:00,1666.3236795,1664.67041015625,XGBoost
2024-08-18 13:00:00,1533.945173,1533.6214599609375,XGBoost
2024-08-18 14:00:00,1320.42303725,1319.1934814453125,XGBoost
2024-08-18 15:00:00,1388.701852575,1390.3463134765625,XGBoost
2024-08-18 16:00:00,1587.110687,1587.4981689453125,XGBoost
2024-08-18 17:00:00,1427.20044875,1429.61767578125,XGBoost
2024-08-18 18:00:00,1510.22054425,1510.8597412109375,XGBoost
2024-08-18 19:00:00,1505.45962625,1505.1707763671875,XGBoost
2024-08-18 20:00:00,1490.3335835,1490.464111328125,XGBoost
2024-08-18 21:00:00,1488.449606,1488.49755859375,XGBoost
2024-08-18 22:00:00,1439.002949,1440.0982666015625,XGBoost
2024-08-18 23:00:00,1550.90084325,1552.0135498046875,XGBoost
2024-08-19 00:00:00,1641.2848685,1640.8731689453125,XGBoost
2024-08-19 01:00:00,1575.19958225,1576.199951171875,XGBoost
2024-08-19 02:00:00,1630.56661175,1630.6239013671875,XGBoost
2024-08-19 03:00:00,1571.7932145,1570.330078125,XGBoost
2024-08-19 04:00:00,1518.79307925,1517.607666015625,XGBoost
2024-08-19 05:00:00,1559.20775775,1560.9788818359375,XGBoost
2024-08-19 06:00:00,1682.21151775,1682.905029296875,XGBoost
2024-08-19 07:00:00,1424.550544,1426.0404052734375,XGBoost
2024-08-19 08:00:00,1383.09743925,1382.9127197265625,XGBoost
2024-08-19 09:00:00,1581.0992125,1581.4849853515625,XGBoost
2024-08-19 10:00:00,1571.1122115,1568.3856201171875,XGBoost
2024-08-19 11:00:00,1542.9345362499998,1543.465087890625,XGBoost
2024-08-19 12:00:00,1628.83955125,1629.185791015625,XGBoost
2024-08-19 13:00:00,1531.95970775,1532.6181640625,XGBoost
2024-08-19 14:00:00,1464.853557,1463.943603515625,XGBoost
2024-08-19 15:00:00,1579.937747,1578.0184326171875,XGBoost
2024-08-19 16:00:00,1591.246339,1591.7447509765625,XGBoost
2024-08-19 17:00:00,1590.9805645,1592.6436767578125,XGBoost
2024-08-19 18:00:00,1313.37217025,1311.20654296875,XGBoost
2024-08-19 19:00:00,1520.969526,1520.2567138671875,XGBoost
2024-08-19 20:00:00,1537.68803725,1537.222412109375,XGBoost
2024-08-19 21:00:00,1467.16350175,1467.951416015625,XGBoost
2024-08-19 22:00:00,1577.8590785,1577.920166015625,XGBoost
2024-08-19 23:00:00,1744.1840695,1756.5491943359375,XGBoost
2024-08-20 00:00:00,1519.871262,1521.36865234375,XGBoost
2024-08-20 01:00:00,1686.8684765,1686.854248046875,XGBoost
2024-08-20 02:00:00,1436.970964,1440.2696533203125,XGBoost
2024-08-20 03:00:00,1423.81246725,1422.935546875,XGBoost
2024-08-20 04:00:00,1498.556803,1498.529052734375,XGBoost
2024-08-20 05:00:00,1526.4522835,1524.726806640625,XGBoost
2024-08-20 06:00:00,1663.827921,1660.9461669921875,XGBoost
2024-08-20 07:00:00,1515.83317625,1516.1204833984375,XGBoost
2024-08-20 08:00:00,1633.011818,1633.32177734375,XGBoost
2024-08-20 09:00:00,1466.3530555,1466.1751708984375,XGBoost
2024-08-20 10:00:00,1518.87023475,1519.5277099609375,XGBoost
2024-08-20 11:00:00,1460.2164165,1459.9791259765625,XGBoost
2024-08-20 12:00:00,1648.40243025,1648.7420654296875,XGBoost
2024-08-20 13:00:00,1667.07038775,1666.1982421875,XGBoost
2024-08-20 14:00:00,1456.3093864999998,1453.8397216796875,XGBoost
2024-08-20 15:00:00,1357.7916725,1358.435302734375,XGBoost
2024-08-20 16:00:00,1489.09121125,1489.4178466796875,XGBoost
2024-08-20 17:00:00,1498.299465,1498.3492431640625,XGBoost
2024-08-20 18:00:00,1390.359442575,1390.52783203125,XGBoost
2024-08-20 19:00:00,1464.5390925,1464.9219970703125,XGBoost
2024-08-20 20:00:00,1489.0655125,1488.9193115234375,XGBoost
2024-08-20 21:00:00,1335.303216,1334.2427978515625,XGBoost
2024-08-20 22:00:00,1515.57144925,1515.86669921875,XGBoost
2024-08-20 23:00:00,1577.179026,1578.66162109375,XGBoost
2024-08-21 00:00:00,1706.3697855,1705.582763671875,XGBoost
2024-08-21 01:00:00,1474.43885075,1473.8145751953125,XGBoost
2024-08-21 02:00:00,1706.24881775,1705.13037109375,XGBoost
2024-08-21 03:00:00,1494.39012375,1493.0474853515625,XGBoost
2024-08-21 04:00:00,1403.69284075,1403.46923828125,XGBoost
2024-08-21 05:00:00,1360.49943455,1359.005859375,XGBoost
2024-08-21 06:00:00,1648.3439045,1648.7371826171875,XGBoost
2024-08-21 07:00:00,1694.69605125,1697.5035400390625,XGBoost
2024-08-21 08:00:00,1419.5187025,1417.8424072265625,XGBoost
2024-08-21 09:00:00,1395.01731925,1393.8802490234375,XGBoost
2024-08-21 10:00:00,1387.7097385,1386.6883544921875,XGBoost
2024-08-21 11:00:00,1470.11922075,1471.5789794921875,XGBoost
2024-08-21 12:00:00,1550.337544,1551.011962890625,XGBoost
2024-08-21 13:00:00,1600.404997,1601.66943359375,XGBoost
2024-08-21 14:00:00,1626.69490875,1626.9381103515625,XGBoost
2024-08-21 15:00:00,1651.73916325,1651.5325927734375,XGBoost
2024-08-21 16:00:00,1638.8892835,1636.787109375,XGBoost
2024-08-21 17:00:00,1560.9358705,1560.484619140625,XGBoost
2024-08-21 18:00:00,1351.4814755,1350.9610595703125,XGBoost
2024-08-21 19:00:00,1457.18868235,1457.2479248046875,XGBoost
2024-08-21 20:00:00,1419.49793325,1419.0557861328125,XGBoost
2024-08-21 21:00:00,1432.908253,1433.7818603515625,XGBoost
2024-08-21 22:00:00,1520.8558215,1520.601806640625,XGBoost
2024-08-21 23:00:00,1616.6840365,1616.279296875,XGBoost
2024-08-22 00:00:00,1445.31536875,1445.327880859375,XGBoost
2024-08-22 01:00:00,1420.27475675,1419.48095703125,XGBoost
2024-08-22 02:00:00,1304.11317525,1303.273193359375,XGBoost
2024-08-22 03:00:00,1452.10669675,1452.1697998046875,XGBoost
2024-08-22 04:00:00,1503.41746,1502.8104248046875,XGBoost
2024-08-22 05:00:00,1393.325893,1394.0426025390625,XGBoost
2024-08-22 06:00:00,1392.51759325,1394.261962890625,XGBoost
2024-08-22 07:00:00,1582.6674117500002,1581.990234375,XGBoost
2024-08-22 08:00:00,1626.2911085,1625.302734375,XGBoost
2024-08-22 09:00:00,1577.38995525,1576.43359375,XGBoost
2024-08-22 10:00:00,1346.73882425,1346.060302734375,XGBoost
2024-08-22 11:00:00,1460.45413925,1461.9320068359375,XGBoost
2024-08-22 12:00:00,1486.9918255,1487.775634765625,XGBoost
2024-08-22 13:00:00,1605.45820925,1607.0123291015625,XGBoost
2024-08-22 14:00:00,1444.51520825,1447.4666748046875,XGBoost
2024-08-22 15:00:00,1477.2766175,1477.6207275390625,XGBoost
2024-08-22 16:00:00,1545.6335075,1545.184814453125,XGBoost
2024-08-22 17:00:00,1447.947789,1448.8157958984375,XGBoost
2024-08-22 18:00:00,1574.050804,1572.3389892578125,XGBoost
2024-08-22 19:00:00,1455.18321625,1455.8695068359375,XGBoost
2024-08-22 20:00:00,1390.92111025,1393.074951171875,XGBoost
2024-08-22 21:00:00,1340.16688875,1339.8076171875,XGBoost
2024-08-22 22:00:00,1489.02128475,1488.1783447265625,XGBoost
2024-08-22 23:00:00,1265.9733565,1272.142822265625,XGBoost
2024-08-23 00:00:00,1458.3702214999998,1459.38671875,XGBoost
2024-08-23 01:00:00,1522.768516,1523.29833984375,XGBoost
2024-08-23 02:00:00,1507.652679,1506.456298828125,XGBoost
2024-08-23 03:00:00,1629.0298215,1626.9410400390625,XGBoost
2024-08-23 04:00:00,1505.2195395,1505.857666015625,XGBoost
2024-08-23 05:00:00,1389.4397915,1389.6612548828125,XGBoost
2024-08-23 06:00:00,1335.66915575,1334.343505859375,XGBoost
2024-08-23 07:00:00,1655.59690475,1653.826904296875,XGBoost
2024-08-23 08:00:00,1433.3540165,1433.25,XGBoost
2024-08-23 09:00:00,1459.55772775,1460.620849609375,XGBoost
2024-08-23 10:00:00,1493.450718,1493.3524169921875,XGBoost
2024-08-23 11:00:00,1443.37182625,1442.8414306640625,XGBoost
2024-08-23 12:00:00,1524.8208285,1524.5972900390625,XGBoost
2024-08-23 13:00:00,1766.16732975,1761.5198974609375,XGBoost
2024-08-23 14:00:00,1683.67725725,1684.892822265625,XGBoost
2024-08-23 15:00:00,1580.05756675,1580.3184814453125,XGBoost
2024-08-23 16:00:00,1609.2548285,1609.9715576171875,XGBoost
2024-08-23 17:00:00,1471.5147055,1470.95703125,XGBoost
2024-08-23 18:00:00,1301.393897025,1306.7423095703125,XGBoost
2024-08-23 19:00:00,1527.88968175,1527.0909423828125,XGBoost
2024-08-23 20:00:00,1552.442733,1553.5191650390625,XGBoost
2024-08-23 21:00:00,1470.782567,1470.2413330078125,XGBoost
2024-08-23 22:00:00,1548.6769685,1547.5147705078125,XGBoost
2024-08-23 23:00:00,1465.776298,1465.9249267578125,XGBoost
2024-08-24 00:00:00,1552.70316425,1551.6414794921875,XGBoost
2024-08-24 01:00:00,1599.92656825,1599.2530517578125,XGBoost
2024-08-24 02:00:00,1465.95532475,1468.2550048828125,XGBoost
2024-08-24 03:00:00,1373.01764975,1374.6143798828125,XGBoost
2024-08-24 04:00:00,1437.0391505,1436.4661865234375,XGBoost
2024-08-24 05:00:00,1529.76607875,1529.9915771484375,XGBoost
2024-08-24 06:00:00,1681.12983775,1675.9937744140625,XGBoost
2024-08-24 07:00:00,1378.45567225,1377.4691162109375,XGBoost
2024-08-24 08:00:00,1454.3194565,1454.6390380859375,XGBoost
2024-08-24 09:00:00,1607.68554075,1608.78369140625,XGBoost
2024-08-24 10:00:00,1535.287961,1536.088623046875,XGBoost
2024-08-24 11:00:00,1573.339327,1573.92919921875,XGBoost
2024-08-24 12:00:00,1548.44968575,1547.237060546875,XGBoost
2024-08-24 13:00:00,1569.48291825,1570.220947265625,XGBoost
2024-08-24 14:00:00,1510.814608,1510.03369140625,XGBoost
2024-08-24 15:00:00,1678.448094,1678.1795654296875,XGBoost
2024-08-24 16:00:00,1456.385278,1457.1759033203125,XGBoost
2024-08-24 17:00:00,1579.18455975,1577.7412109375,XGBoost
2024-08-24 18:00:00,1618.64981375,1618.87890625,XGBoost
2024-08-24 19:00:00,1482.31028325,1483.4329833984375,XGBoost
2024-08-24 20:00:00,1712.75393125,1711.8966064453125,XGBoost
2024-08-24 21:00:00,1531.60367025,1529.7783203125,XGBoost
2024-08-24 22:00:00,1543.74953225,1542.138916015625,XGBoost
2024-08-24 23:00:00,1398.2623977,1397.1370849609375,XGBoost
2024-08-25 00:00:00,1446.2402935,1446.2401123046875,XGBoost
2024-08-25 01:00:00,1443.80354325,1444.6922607421875,XGBoost
2024-08-25 02:00:00,1444.59377325,1445.7218017578125,XGBoost
2024-08-25 03:00:00,1353.1012305,1352.7957763671875,XGBoost
2024-08-25 04:00:00,1553.4855562500002,1554.3924560546875,XGBoost
2024-08-25 05:00:00,1560.33964575,1559.3031005859375,XGBoost
2024-08-25 06:00:00,1473.0764405,1472.0955810546875,XGBoost
2024-08-25 07:00:00,1530.796047,1530.3800048828125,XGBoost
2024-08-25 08:00:00,1576.61567,1577.424560546875,XGBoost
2024-08-25 09:00:00,1446.03525975,1446.9541015625,XGBoost
2024-08-25 10:00:00,1723.9215795,1719.2239990234375,XGBoost
2024-08-25 11:00:00,1522.86113975,1523.5250244140625,XGBoost
2024-08-25 12:00:00,1784.17575725,1784.4862060546875,XGBoost
2024-08-25 13:00:00,1525.376113,1526.462158203125,XGBoost
2024-08-25 14:00:00,1416.7120525,1416.7352294921875,XGBoost
2024-08-25 15:00:00,1382.59192375,1381.289794921875,XGBoost
2024-08-25 16:00:00,1464.1871115,1464.2935791015625,XGBoost
2024-08-25 17:00:00,1682.858116,1685.4002685546875,XGBoost
2024-08-25 18:00:00,1485.548858,1484.2344970703125,XGBoost
2024-08-25 19:00:00,1532.23427275,1531.2890625,XGBoost
2024-08-25 20:00:00,1521.3147725,1520.9488525390625,XGBoost
2024-08-25 21:00:00,1410.139627,1409.4942626953125,XGBoost
2024-08-25 22:00:00,1446.03815475,1446.725830078125,XGBoost
2024-08-25 23:00:00,1367.62476225,1367.749755859375,XGBoost
2024-08-26 00:00:00,1457.866867,1457.2401123046875,XGBoost
2024-08-26 01:00:00,1506.7802435,1506.723388671875,XGBoost
2024-08-26 02:00:00,1426.89999625,1427.390869140625,XGBoost
2024-08-26 03:00:00,1651.323325,1653.190673828125,XGBoost
2024-08-26 04:00:00,1573.44511275,1571.5570068359375,XGBoost
2024-08-26 05:00:00,1521.382298,1520.9122314453125,XGBoost
2024-08-26 06:00:00,1479.35853625,1479.591552734375,XGBoost
2024-08-26 07:00:00,1263.95814725,1265.4390869140625,XGBoost
2024-08-26 08:00:00,1618.05431975,1617.5860595703125,XGBoost
2024-08-26 09:00:00,1431.516257,1432.021484375,XGBoost
2024-08-26 10:00:00,1324.936368,1325.345947265625,XGBoost
2024-08-26 11:00:00,1581.6279335,1581.998291015625,XGBoost
2024-08-26 12:00:00,1314.12192175,1313.74365234375,XGBoost
2024-08-26 13:00:00,1484.69637675,1485.457275390625,XGBoost
2024-08-26 14:00:00,1572.1903225,1572.725830078125,XGBoost
2024-08-26 15:00:00,1469.25274525,1470.15576171875,XGBoost
2024-08-26 16:00:00,1562.89340325,1562.497802734375,XGBoost
2024-08-26 17:00:00,1452.6564175,1453.2423095703125,XGBoost
2024-08-26 18:00:00,1324.05162025,1321.4830322265625,XGBoost
2024-08-26 19:00:00,1422.96014125,1424.080078125,XGBoost
2024-08-26 20:00:00,1547.96167175,1547.2681884765625,XGBoost
2024-08-26 21:00:00,1497.37768775,1496.9136962890625,XGBoost
2024-08-26 22:00:00,1414.043245,1413.070068359375,XGBoost
2024-08-26 23:00:00,1493.54319875,1495.0684814453125,XGBoost
2024-08-27 00:00:00,1486.44686125,1486.5482177734375,XGBoost
2024-08-27 01:00:00,1428.18871575,1427.4620361328125,XGBoost
2024-08-27 02:00:00,1525.9369605,1525.440185546875,XGBoost
2024-08-27 03:00:00,1767.7675175,1759.218994140625,XGBoost
2024-08-27 04:00:00,1564.173001,1564.4410400390625,XGBoost
2024-08-27 05:00:00,1413.2927655,1413.163818359375,XGBoost
2024-08-27 06:00:00,1439.0276635,1439.9854736328125,XGBoost
2024-08-27 07:00:00,1321.016714,1321.272216796875,XGBoost
2024-08-27 08:00:00,1404.10898925,1403.7220458984375,XGBoost
2024-08-27 09:00:00,1568.5630835,1568.316650390625,XGBoost
2024-08-27 10:00:00,1467.187958,1468.1163330078125,XGBoost
2024-08-27 11:00:00,1472.4767065,1472.2393798828125,XGBoost
2024-08-27 12:00:00,1367.60671025,1366.607421875,XGBoost
2024-08-27 13:00:00,1537.4847775,1536.861083984375,XGBoost
2024-08-27 14:00:00,1288.85783875,1286.6488037109375,XGBoost
2024-08-27 15:00:00,1354.85237875,1352.5709228515625,XGBoost
2024-08-27 16:00:00,1431.38212275,1431.1865234375,XGBoost
2024-08-27 17:00:00,1615.07081275,1613.8133544921875,XGBoost
2024-08-27 18:00:00,1497.2211615,1497.7913818359375,XGBoost
2024-08-27 19:00:00,1491.85955475,1492.4599609375,XGBoost
2024-08-27 20:00:00,1560.2034452500002,1560.066650390625,XGBoost
2024-08-27 21:00:00,1268.68824375,1269.147705078125,XGBoost
2024-08-27 22:00:00,1517.87963675,1517.296142578125,XGBoost
2024-08-27 23:00:00,1628.40890075,1627.0560302734375,XGBoost
2024-08-28 00:00:00,1550.7402860000002,1549.989990234375,XGBoost
2024-08-28 01:00:00,1490.058191,1489.6119384765625,XGBoost
2024-08-28 02:00:00,1645.773217,1647.7471923828125,XGBoost
2024-08-28 03:00:00,1309.90698325,1311.9945068359375,XGBoost
2024-08-28 04:00:00,1541.76490475,1542.3995361328125,XGBoost
2024-08-28 05:00:00,1549.23075975,1548.65966796875,XGBoost
2024-08-28 06:00:00,1575.9319025,1577.2490234375,XGBoost
2024-08-28 07:00:00,1680.9544805,1679.7916259765625,XGBoost
2024-08-28 08:00:00,1153.07117995,1180.1656494140625,XGBoost
2024-08-28 09:00:00,1350.39743125,1349.727783203125,XGBoost
2024-08-28 10:00:00,1580.54186975,1580.93408203125,XGBoost
2024-08-28 11:00:00,1510.21354375,1510.2899169921875,XGBoost
2024-08-28 12:00:00,1430.820311,1432.13623046875,XGBoost
2024-08-28 13:00:00,1608.52873225,1608.781982421875,XGBoost
2024-08-28 14:00:00,1498.44429025,1497.97314453125,XGBoost
2024-08-28 15:00:00,1547.2028785,1546.2808837890625,XGBoost
2024-08-28 16:00:00,1374.8674655,1373.224853515625,XGBoost
2024-08-28 17:00:00,1645.3677625,1646.027099609375,XGBoost
2024-08-28 18:00:00,1563.411323,1563.681884765625,XGBoost
2024-08-28 19:00:00,1622.76401275,1622.77734375,XGBoost
2024-08-28 20:00:00,1671.87660925,1672.234619140625,XGBoost
2024-08-28 21:00:00,1643.0272055,1643.4036865234375,XGBoost
2024-08-28 22:00:00,1451.75321925,1458.0394287109375,XGBoost
2024-08-28 23:00:00,1493.5653835,1495.162109375,XGBoost
2024-08-29 00:00:00,1532.017298,1532.3487548828125,XGBoost
2024-08-29 01:00:00,1660.31737925,1657.0543212890625,XGBoost
2024-08-29 02:00:00,1583.964294,1584.0054931640625,XGBoost
2024-08-29 03:00:00,1452.6209277500002,1452.0960693359375,XGBoost
2024-08-29 04:00:00,1492.70457625,1494.5269775390625,XGBoost
2024-08-29 05:00:00,1414.70796975,1415.15380859375,XGBoost
2024-08-29 06:00:00,1688.573097,1689.9100341796875,XGBoost
2024-08-29 07:00:00,1594.5769487500002,1594.4566650390625,XGBoost
2024-08-29 08:00:00,1579.8850355,1582.0147705078125,XGBoost
2024-08-29 09:00:00,1447.15611375,1448.0523681640625,XGBoost
2024-08-29 10:00:00,1697.05205475,1698.1119384765625,XGBoost
2024-08-29 11:00:00,1533.8687595,1534.68212890625,XGBoost
2024-08-29 12:00:00,1599.63856,1597.1217041015625,XGBoost
2024-08-29 13:00:00,1506.6290095,1505.76171875,XGBoost
2024-08-29 14:00:00,1454.33606375,1455.2509765625,XGBoost
2024-08-29 15:00:00,1497.654411,1496.9197998046875,XGBoost
2024-08-29 16:00:00,1331.3364215,1332.58984375,XGBoost
2024-08-29 17:00:00,1426.4023055,1427.0264892578125,XGBoost
2024-08-29 18:00:00,1510.47513675,1510.8038330078125,XGBoost
2024-08-29 19:00:00,1507.141142,1507.9224853515625,XGBoost
2024-08-29 20:00:00,1643.30496825,1643.5543212890625,XGBoost
2024-08-29 21:00:00,1362.79941275,1361.8165283203125,XGBoost
2024-08-29 22:00:00,1500.7931145,1500.7628173828125,XGBoost
2024-08-29 23:00:00,1607.1256425,1606.243896484375,XGBoost
2024-08-30 00:00:00,1476.566461,1475.976806640625,XGBoost
2024-08-30 01:00:00,1561.951677,1562.3017578125,XGBoost
2024-08-30 02:00:00,1493.6039825,1493.64013671875,XGBoost
2024-08-30 03:00:00,1637.25810725,1639.2886962890625,XGBoost
2024-08-30 04:00:00,1523.73614825,1524.6435546875,XGBoost
2024-08-30 05:00:00,1584.8665315,1583.5545654296875,XGBoost
2024-08-30 06:00:00,1472.57577225,1472.876220703125,XGBoost
2024-08-30 07:00:00,1538.33448825,1537.245361328125,XGBoost
2024-08-30 08:00:00,1598.951528,1594.71337890625,XGBoost
2024-08-30 09:00:00,1230.02825,1214.0863037109375,XGBoost
2024-08-30 10:00:00,1510.3067615,1508.5921630859375,XGBoost
2024-08-30 11:00:00,1605.9344025,1605.366455078125,XGBoost
2024-08-30 12:00:00,1484.3736245,1484.4755859375,XGBoost
2024-08-30 13:00:00,1398.58742075,1396.9957275390625,XGBoost
2024-08-30 14:00:00,1606.328745,1607.0216064453125,XGBoost
2024-08-30 15:00:00,1439.52444125,1439.4986572265625,XGBoost
2024-08-30 16:00:00,1585.44127425,1585.4853515625,XGBoost
2024-08-30 17:00:00,1603.85250225,1603.4246826171875,XGBoost
2024-08-30 18:00:00,1507.945968,1508.5496826171875,XGBoost
2024-08-30 19:00:00,1695.14312575,1698.05126953125,XGBoost
2024-08-30 20:00:00,1422.09294325,1422.469482421875,XGBoost
2024-08-30 21:00:00,1553.89055175,1553.8831787109375,XGBoost
2024-08-30 22:00:00,1713.1163505,1712.0684814453125,XGBoost
2024-08-30 23:00:00,1321.930322,1324.2220458984375,XGBoost
2024-08-31 00:00:00,1453.66826,1456.34033203125,XGBoost
2024-08-31 01:00:00,1477.804422,1479.0745849609375,XGBoost
2024-08-31 02:00:00,1509.8904185,1509.76513671875,XGBoost
2024-08-31 03:00:00,1454.26195975,1453.3189697265625,XGBoost
2024-08-31 04:00:00,1532.5271495,1532.5750732421875,XGBoost
2024-08-31 05:00:00,1482.5709845,1482.0858154296875,XGBoost
2024-08-31 06:00:00,1535.66149875,1535.5491943359375,XGBoost
2024-08-31 07:00:00,1558.7988405,1556.7249755859375,XGBoost
2024-08-31 08:00:00,1523.1161605,1523.6068115234375,XGBoost
2024-08-31 09:00:00,1445.19925075,1444.5643310546875,XGBoost
2024-08-31 10:00:00,1396.68573825,1396.497802734375,XGBoost
2024-08-31 11:00:00,1585.54095625,1586.9268798828125,XGBoost
2024-08-31 12:00:00,1344.0207985,1343.0601806640625,XGBoost
2024-08-31 13:00:00,1499.121987,1499.8433837890625,XGBoost
2024-08-31 14:00:00,1618.977861,1617.552734375,XGBoost
2024-08-31 15:00:00,1481.570325,1480.586669921875,XGBoost
2024-08-31 16:00:00,1535.3344865,1534.9683837890625,XGBoost
2024-08-31 17:00:00,1352.68950025,1352.545654296875,XGBoost
2024-08-31 18:00:00,1752.31897775,1761.667724609375,XGBoost
2024-08-31 19:00:00,1338.46981375,1338.5279541015625,XGBoost
2024-08-31 20:00:00,1672.3863315,1673.9400634765625,XGBoost
2024-08-31 21:00:00,1482.22978275,1482.390869140625,XGBoost
2024-08-31 22:00:00,1373.3037735,1374.35302734375,XGBoost
2024-08-31 23:00:00,1534.37280225,1535.445556640625,XGBoost
2024-09-01 00:00:00,1439.988229,1440.30712890625,XGBoost
2024-09-01 01:00:00,1594.641775,1593.59619140625,XGBoost
2024-09-01 02:00:00,1357.57867425,1356.1593017578125,XGBoost
2024-09-01 03:00:00,1619.73393975,1621.5062255859375,XGBoost
2024-09-01 04:00:00,1528.56581,1528.5908203125,XGBoost
2024-09-01 05:00:00,1638.641172,1639.5921630859375,XGBoost
2024-09-01 06:00:00,1567.76064325,1567.66455078125,XGBoost
2024-09-01 07:00:00,1590.296914,1589.853271484375,XGBoost
2024-09-01 08:00:00,1398.08610425,1398.29052734375,XGBoost
2024-09-01 09:00:00,1586.6969305,1586.9697265625,XGBoost
2024-09-01 10:00:00,1536.31326025,1535.279052734375,XGBoost
2024-09-01 11:00:00,1587.2952645,1585.68212890625,XGBoost
2024-09-01 12:00:00,1388.31879125,1387.1683349609375,XGBoost
2024-09-01 13:00:00,1395.219387,1394.6278076171875,XGBoost
2024-09-01 14:00:00,1536.05187325,1536.6275634765625,XGBoost
2024-09-01 15:00:00,1435.639601,1436.37353515625,XGBoost
2024-09-01 16:00:00,1602.5115995,1602.5816650390625,XGBoost
2024-09-01 17:00:00,1488.235329,1487.8216552734375,XGBoost
2024-09-01 18:00:00,1616.050426,1614.9991455078125,XGBoost
2024-09-01 19:00:00,1540.2956475,1539.9345703125,XGBoost
2024-09-01 20:00:00,1286.62784,1288.4732666015625,XGBoost
2024-09-01 21:00:00,1601.40719325,1601.251220703125,XGBoost
2024-09-01 22:00:00,1483.345937,1483.7421875,XGBoost
2024-09-01 23:00:00,1440.519868,1439.2489013671875,XGBoost
2024-09-02 00:00:00,1562.11980575,1561.8409423828125,XGBoost
2024-09-02 01:00:00,1610.488104,1612.1982421875,XGBoost
2024-09-02 02:00:00,1461.9661755,1461.6268310546875,XGBoost
2024-09-02 03:00:00,1502.1190955,1503.5543212890625,XGBoost
2024-09-02 04:00:00,1482.4889485,1481.7239990234375,XGBoost
2024-09-02 05:00:00,1380.44923975,1380.6016845703125,XGBoost
2024-09-02 06:00:00,1427.45281125,1427.5882568359375,XGBoost
2024-09-02 07:00:00,1367.033396,1368.683837890625,XGBoost
2024-09-02 08:00:00,1561.69755775,1561.5093994140625,XGBoost
2024-09-02 09:00:00,1434.00614775,1435.7091064453125,XGBoost
2024-09-02 10:00:00,1543.029943,1542.6422119140625,XGBoost
2024-09-02 11:00:00,1353.565177,1352.5438232421875,XGBoost
2024-09-02 12:00:00,1553.98974575,1555.2840576171875,XGBoost
2024-09-02 13:00:00,1590.17841525,1590.1536865234375,XGBoost
2024-09-02 14:00:00,1529.16690625,1528.095703125,XGBoost
2024-09-02 15:00:00,1558.729922,1559.4071044921875,XGBoost
2024-09-02 16:00:00,1520.36724775,1520.89111328125,XGBoost
2024-09-02 17:00:00,1533.640179,1533.430419921875,XGBoost
2024-09-02 18:00:00,1447.9628265,1447.1287841796875,XGBoost
2024-09-02 19:00:00,1458.94792825,1458.4881591796875,XGBoost
2024-09-02 20:00:00,1356.81099975,1356.6234130859375,XGBoost
2024-09-02 21:00:00,1460.51378675,1459.44189453125,XGBoost
2024-09-02 22:00:00,1593.11406575,1592.284912109375,XGBoost
2024-09-02 23:00:00,1413.087029,1413.4696044921875,XGBoost
2024-09-03 00:00:00,1429.360295,1429.138671875,XGBoost
2024-09-03 01:00:00,1472.42077575,1472.04638671875,XGBoost
2024-09-03 02:00:00,1602.934113,1601.6527099609375,XGBoost
2024-09-03 03:00:00,1530.75734175,1532.659423828125,XGBoost
2024-09-03 04:00:00,1579.32825775,1578.4073486328125,XGBoost
2024-09-03 05:00:00,1534.09907625,1532.875732421875,XGBoost
2024-09-03 06:00:00,1715.61681575,1710.977294921875,XGBoost
2024-09-03 07:00:00,1494.73707325,1495.3970947265625,XGBoost
2024-09-03 08:00:00,1391.01533075,1390.8248291015625,XGBoost
2024-09-03 09:00:00,1482.18820075,1481.683837890625,XGBoost
2024-09-03 10:00:00,1581.0645645,1582.1800537109375,XGBoost
2024-09-03 11:00:00,1762.86032375,1750.5740966796875,XGBoost
2024-09-03 12:00:00,1357.34680525,1353.8759765625,XGBoost
2024-09-03 13:00:00,1377.03606725,1377.80419921875,XGBoost
2024-09-03 14:00:00,1393.460782,1393.603515625,XGBoost
2024-09-03 15:00:00,1467.9297275,1469.892822265625,XGBoost
2024-09-03 16:00:00,1454.287285,1452.2742919921875,XGBoost
2024-09-03 17:00:00,1479.1706475,1478.2115478515625,XGBoost
2024-09-03 18:00:00,1441.7405745,1442.5491943359375,XGBoost
2024-09-03 19:00:00,1640.365069,1641.8021240234375,XGBoost
2024-09-03 20:00:00,1506.853033,1505.8065185546875,XGBoost
2024-09-03 21:00:00,1357.389695,1357.659912109375,XGBoost
2024-09-03 22:00:00,1428.426847,1429.814697265625,XGBoost
2024-09-03 23:00:00,1536.94948875,1537.7247314453125,XGBoost
2024-09-04 00:00:00,1586.1583765,1585.6436767578125,XGBoost
2024-09-04 01:00:00,1291.577507,1292.38525390625,XGBoost
2024-09-04 02:00:00,1516.03360675,1516.35791015625,XGBoost
2024-09-04 03:00:00,1301.40297815,1301.31005859375,XGBoost
2024-09-04 04:00:00,1682.3625912500002,1683.7005615234375,XGBoost
2024-09-04 05:00:00,1440.29825475,1440.29638671875,XGBoost
2024-09-04 06:00:00,1585.48080475,1584.939453125,XGBoost
2024-09-04 07:00:00,1428.1447945,1427.26025390625,XGBoost
2024-09-04 08:00:00,1404.64069975,1405.1925048828125,XGBoost
2024-09-04 09:00:00,1417.52529125,1418.035888671875,XGBoost
2024-09-04 10:00:00,1531.65403875,1532.91650390625,XGBoost
2024-09-04 11:00:00,1410.58031075,1410.3707275390625,XGBoost
2024-09-04 12:00:00,1457.07457375,1457.5909423828125,XGBoost
2024-09-04 13:00:00,1297.817349275,1298.4254150390625,XGBoost
2024-09-04 14:00:00,1431.18558175,1434.114013671875,XGBoost
2024-09-04 15:00:00,1811.16289075,1793.5389404296875,XGBoost
2024-09-04 16:00:00,1524.1753385,1524.1678466796875,XGBoost
2024-09-04 17:00:00,1322.7614482499998,1323.6904296875,XGBoost
2024-09-04 18:00:00,1542.61594825,1542.3765869140625,XGBoost
2024-09-04 19:00:00,1507.68907375,1508.871826171875,XGBoost
2024-09-04 20:00:00,1510.74868675,1511.8900146484375,XGBoost
2024-09-04 21:00:00,1575.01161925,1580.661376953125,XGBoost
2024-09-04 22:00:00,1557.03545125,1558.468017578125,XGBoost
2024-09-04 23:00:00,1488.91084975,1489.3935546875,XGBoost
2024-09-05 00:00:00,1329.0787235,1332.12744140625,XGBoost
2024-09-05 01:00:00,1563.03957875,1564.75341796875,XGBoost
2024-09-05 02:00:00,1363.9369685,1365.6810302734375,XGBoost
2024-09-05 03:00:00,1388.25476925,1387.9930419921875,XGBoost
2024-09-05 04:00:00,1466.05985025,1466.0689697265625,XGBoost
2024-09-05 05:00:00,1517.403807,1515.9710693359375,XGBoost
2024-09-05 06:00:00,1387.526677,1387.0672607421875,XGBoost
2024-09-05 07:00:00,1544.16371925,1543.8074951171875,XGBoost
2024-09-05 08:00:00,1512.71273125,1513.948486328125,XGBoost
2024-09-05 09:00:00,1551.68381125,1552.23974609375,XGBoost
2024-09-05 10:00:00,1610.75837975,1611.2215576171875,XGBoost
2024-09-05 11:00:00,1349.23533375,1349.8095703125,XGBoost
2024-09-05 12:00:00,1821.62300525,1819.0450439453125,XGBoost
2024-09-05 13:00:00,1413.63643275,1413.533203125,XGBoost
2024-09-05 14:00:00,1319.78549675,1321.404541015625,XGBoost
2024-09-05 15:00:00,1436.805435,1437.785400390625,XGBoost
2024-09-05 16:00:00,1468.9963335,1468.8790283203125,XGBoost
2024-09-05 17:00:00,1424.836486,1424.0335693359375,XGBoost
2024-09-05 18:00:00,1527.17141675,1521.1204833984375,XGBoost
2024-09-05 19:00:00,1508.8260825,1508.614501953125,XGBoost
2024-09-05 20:00:00,1612.1394265,1614.2469482421875,XGBoost
2024-09-05 21:00:00,1386.6840465,1385.5028076171875,XGBoost
2024-09-05 22:00:00,1451.527626,1451.754150390625,XGBoost
2024-09-05 23:00:00,1561.034996,1560.8251953125,XGBoost
2024-09-06 00:00:00,1409.26741625,1410.1278076171875,XGBoost
2024-09-06 01:00:00,1581.78874175,1582.470947265625,XGBoost
2024-09-06 02:00:00,1643.3194145,1641.485595703125,XGBoost
2024-09-06 03:00:00,1560.990776,1561.75634765625,XGBoost
2024-09-06 04:00:00,1582.36269525,1580.3814697265625,XGBoost
2024-09-06 05:00:00,1422.0577554,1422.0980224609375,XGBoost
2024-09-06 06:00:00,1394.4314047,1394.5638427734375,XGBoost
2024-09-06 07:00:00,1643.10083275,1643.408203125,XGBoost
2024-09-06 08:00:00,1479.4890065,1480.4244384765625,XGBoost
2024-09-06 09:00:00,1669.19947725,1668.2069091796875,XGBoost
2024-09-06 10:00:00,1484.17804675,1484.1063232421875,XGBoost
2024-09-06 11:00:00,1559.87495325,1561.2265625,XGBoost
2024-09-06 12:00:00,1584.3610265,1584.5047607421875,XGBoost
2024-09-06 13:00:00,1526.175334,1525.170166015625,XGBoost
2024-09-06 14:00:00,1519.76268475,1519.447998046875,XGBoost
2024-09-06 15:00:00,1428.60217225,1430.47802734375,XGBoost
2024-09-06 16:00:00,1485.572635,1484.4215087890625,XGBoost
2024-09-06 17:00:00,1548.765537,1548.96826171875,XGBoost
2024-09-06 18:00:00,1594.3459995,1593.487548828125,XGBoost
2024-09-06 19:00:00,1411.40375725,1411.9947509765625,XGBoost
2024-09-06 20:00:00,1464.977462,1463.0540771484375,XGBoost
2024-09-06 21:00:00,1441.4769225,1440.1761474609375,XGBoost
2024-09-06 22:00:00,1488.3691335,1487.9002685546875,XGBoost
2024-09-06 23:00:00,1532.02786775,1531.9078369140625,XGBoost
2024-09-07 00:00:00,1600.5633815,1602.0615234375,XGBoost
2024-09-07 01:00:00,1360.042742225,1358.6536865234375,XGBoost
2024-09-07 02:00:00,1516.30212475,1515.531982421875,XGBoost
2024-09-07 03:00:00,1655.80392,1656.2022705078125,XGBoost
2024-09-07 04:00:00,1358.775571,1356.9298095703125,XGBoost
2024-09-07 05:00:00,1646.613404,1646.1761474609375,XGBoost
2024-09-07 06:00:00,1561.18782175,1560.6016845703125,XGBoost
2024-09-07 07:00:00,1609.8422085,1609.506591796875,XGBoost
2024-09-07 08:00:00,1635.07519025,1636.841796875,XGBoost
2024-09-07 09:00:00,1685.04011775,1684.9886474609375,XGBoost
2024-09-07 10:00:00,1380.54648125,1379.593994140625,XGBoost
2024-09-07 11:00:00,1433.57567275,1436.89794921875,XGBoost
2024-09-07 12:00:00,1466.6350690000002,1465.46484375,XGBoost
2024-09-07 13:00:00,1452.39806875,1451.382080078125,XGBoost
2024-09-07 14:00:00,1431.79282975,1431.2691650390625,XGBoost
2024-09-07 15:00:00,1449.822002,1449.52685546875,XGBoost
2024-09-07 16:00:00,1358.30292725,1355.2337646484375,XGBoost
2024-09-07 17:00:00,1425.06259925,1425.4754638671875,XGBoost
2024-09-07 18:00:00,1459.985904,1459.19287109375,XGBoost
2024-09-07 19:00:00,1614.14509925,1612.316650390625,XGBoost
2024-09-07 20:00:00,1483.8668435,1483.5560302734375,XGBoost
2024-09-07 21:00:00,1540.5890105,1540.83837890625,XGBoost
2024-09-07 22:00:00,1642.738875,1642.4439697265625,XGBoost
2024-09-07 23:00:00,1446.683036,1446.0411376953125,XGBoost
2024-09-08 00:00:00,1397.5866335,1397.00634765625,XGBoost
2024-09-08 01:00:00,1509.08763625,1509.2288818359375,XGBoost
2024-09-08 02:00:00,1509.6802355,1508.23388671875,XGBoost
2024-09-08 03:00:00,1512.507971,1512.145751953125,XGBoost
2024-09-08 04:00:00,1346.71131,1347.065673828125,XGBoost
2024-09-08 05:00:00,1490.9354135,1491.31689453125,XGBoost
2024-09-08 06:00:00,1520.7012055,1518.61083984375,XGBoost
2024-09-08 07:00:00,1509.12926025,1509.510986328125,XGBoost
2024-09-08 08:00:00,1419.6697345,1419.632568359375,XGBoost
2024-09-08 09:00:00,1395.7979495,1396.109375,XGBoost
2024-09-08 10:00:00,1529.29461075,1530.367431640625,XGBoost
2024-09-08 11:00:00,1409.87641425,1409.859619140625,XGBoost
2024-09-08 12:00:00,1338.78545,1339.619384765625,XGBoost
2024-09-08 13:00:00,1376.64556775,1376.8548583984375,XGBoost
2024-09-08 14:00:00,1355.6786082,1355.3536376953125,XGBoost
2024-09-08 15:00:00,1497.8222342499998,1497.0716552734375,XGBoost
2024-09-08 16:00:00,1567.91292275,1567.07666015625,XGBoost
2024-09-08 17:00:00,1416.47992825,1417.58837890625,XGBoost
2024-09-08 18:00:00,1322.655122,1323.9830322265625,XGBoost
2024-09-08 19:00:00,1519.8713295,1520.6861572265625,XGBoost
2024-09-08 20:00:00,1402.36711975,1402.013427734375,XGBoost
2024-09-08 21:00:00,1299.329587,1296.3428955078125,XGBoost
2024-09-08 22:00:00,1666.21251925,1664.7718505859375,XGBoost
2024-09-08 23:00:00,1522.292017,1521.7039794921875,XGBoost
2024-09-09 00:00:00,1437.53116725,1436.53955078125,XGBoost
2024-09-09 01:00:00,1567.8983945,1571.69482421875,XGBoost
2024-09-09 02:00:00,1485.59871475,1486.736572265625,XGBoost
2024-09-09 03:00:00,1495.277252,1495.4783935546875,XGBoost
2024-09-09 04:00:00,1498.732578,1498.948974609375,XGBoost
2024-09-09 05:00:00,1559.53965575,1558.1749267578125,XGBoost
2024-09-09 06:00:00,1283.168413325,1280.8863525390625,XGBoost
2024-09-09 07:00:00,1594.6553765,1593.8172607421875,XGBoost
2024-09-09 08:00:00,1498.16804575,1497.7047119140625,XGBoost
2024-09-09 09:00:00,1420.9283495,1420.9390869140625,XGBoost
2024-09-09 10:00:00,1494.012714,1494.5880126953125,XGBoost
2024-09-09 11:00:00,1437.47178775,1436.68115234375,XGBoost
2024-09-09 12:00:00,1632.97016625,1634.7252197265625,XGBoost
2024-09-09 13:00:00,1476.67264225,1475.9830322265625,XGBoost
2024-09-09 14:00:00,1411.2133955,1410.5255126953125,XGBoost
2024-09-09 15:00:00,1498.2051615,1498.27392578125,XGBoost
2024-09-09 16:00:00,1283.444727,1282.4068603515625,XGBoost
2024-09-09 17:00:00,1512.5028735,1511.947509765625,XGBoost
2024-09-09 18:00:00,1497.925476,1497.5924072265625,XGBoost
2024-09-09 19:00:00,1535.14371525,1535.268310546875,XGBoost
2024-09-09 20:00:00,1628.00750975,1628.8128662109375,XGBoost
2024-09-09 21:00:00,1466.5095797499998,1465.9522705078125,XGBoost
2024-09-09 22:00:00,1456.345704,1455.6119384765625,XGBoost
2024-09-09 23:00:00,1513.05953575,1512.8070068359375,XGBoost
2024-09-10 00:00:00,1656.90723525,1658.5499267578125,XGBoost
2024-09-10 01:00:00,1187.46007975,1201.855224609375,XGBoost
2024-09-10 02:00:00,1451.6497335,1451.6075439453125,XGBoost
2024-09-10 03:00:00,1499.613672,1499.4149169921875,XGBoost
2024-09-10 04:00:00,1447.5247095,1448.2686767578125,XGBoost
2024-09-10 05:00:00,1537.97164225,1538.0987548828125,XGBoost
2024-09-10 06:00:00,1641.5195765,1640.1507568359375,XGBoost
2024-09-10 07:00:00,1533.09453075,1533.1590576171875,XGBoost
2024-09-10 08:00:00,1459.70632175,1457.893798828125,XGBoost
2024-09-10 09:00:00,1492.00257625,1491.534912109375,XGBoost
2024-09-10 10:00:00,1500.02686025,1501.8436279296875,XGBoost
2024-09-10 11:00:00,1627.07778575,1626.9315185546875,XGBoost
2024-09-10 12:00:00,1450.887404,1449.2474365234375,XGBoost
2024-09-10 13:00:00,1576.68623225,1576.6650390625,XGBoost
2024-09-10 14:00:00,1433.10794375,1433.2344970703125,XGBoost
2024-09-10 15:00:00,1532.4174315,1531.2119140625,XGBoost
2024-09-10 16:00:00,1449.1006005,1448.406494140625,XGBoost
2024-09-10 17:00:00,1629.5302525,1629.5257568359375,XGBoost
2024-09-10 18:00:00,1620.61870925,1620.486083984375,XGBoost
2024-09-10 19:00:00,1565.4729335,1565.1141357421875,XGBoost
2024-09-10 20:00:00,1504.68196175,1504.1337890625,XGBoost
2024-09-10 21:00:00,1583.43762225,1583.2620849609375,XGBoost
2024-09-10 22:00:00,1354.697773,1354.5086669921875,XGBoost
2024-09-10 23:00:00,1427.28508675,1424.9525146484375,XGBoost
2024-09-11 00:00:00,1490.47347325,1490.6497802734375,XGBoost
2024-09-11 01:00:00,1550.64105075,1550.4219970703125,XGBoost
2024-09-11 02:00:00,1451.84258725,1452.01220703125,XGBoost
2024-09-11 03:00:00,1516.93521425,1516.545166015625,XGBoost
2024-09-11 04:00:00,1662.1449485,1663.3883056640625,XGBoost
2024-09-11 05:00:00,1250.45152695,1254.015869140625,XGBoost
2024-09-11 06:00:00,1722.93491275,1722.8699951171875,XGBoost
2024-09-11 07:00:00,1385.2871085000002,1388.3465576171875,XGBoost
2024-09-11 08:00:00,1449.5886825,1450.0482177734375,XGBoost
2024-09-11 09:00:00,1555.5674985,1553.62255859375,XGBoost
2024-09-11 10:00:00,1396.7371195,1394.0582275390625,XGBoost
2024-09-11 11:00:00,1510.5714425,1510.332763671875,XGBoost
2024-09-11 12:00:00,1461.43866325,1462.1048583984375,XGBoost
2024-09-11 13:00:00,1523.07115475,1522.5166015625,XGBoost
2024-09-11 14:00:00,1424.8052765,1424.9022216796875,XGBoost
2024-09-11 15:00:00,1409.2282115,1409.9581298828125,XGBoost
2024-09-11 16:00:00,1476.37924675,1476.5479736328125,XGBoost
2024-09-11 17:00:00,1441.85867075,1443.21923828125,XGBoost
2024-09-11 18:00:00,1348.01874625,1346.9129638671875,XGBoost
2024-09-11 19:00:00,1625.8557865,1626.4969482421875,XGBoost
2024-09-11 20:00:00,1540.3858185,1538.5186767578125,XGBoost
2024-09-11 21:00:00,1393.825832,1394.2567138671875,XGBoost
2024-09-11 22:00:00,1563.50007325,1563.0771484375,XGBoost
2024-09-11 23:00:00,1445.618319,1445.7818603515625,XGBoost
2024-09-12 00:00:00,1516.53817225,1516.602294921875,XGBoost
2024-09-12 01:00:00,1554.6342565,1555.6343994140625,XGBoost
2024-09-12 02:00:00,1378.68703925,1378.1358642578125,XGBoost
2024-09-12 03:00:00,1665.88109825,1664.83984375,XGBoost
2024-09-12 04:00:00,1322.10485275,1322.222412109375,XGBoost
2024-09-12 05:00:00,1500.46362275,1500.8843994140625,XGBoost
2024-09-12 06:00:00,1417.26403545,1415.6893310546875,XGBoost
2024-09-12 07:00:00,1659.1545225,1661.181640625,XGBoost
2024-09-12 08:00:00,1521.58590675,1520.7706298828125,XGBoost
2024-09-12 09:00:00,1464.8316775,1465.2403564453125,XGBoost
2024-09-12 10:00:00,1412.7741595,1412.55908203125,XGBoost
2024-09-12 11:00:00,1483.25037,1482.6976318359375,XGBoost
2024-09-12 12:00:00,1508.413883,1508.1021728515625,XGBoost
2024-09-12 13:00:00,1431.01716825,1432.347412109375,XGBoost
2024-09-12 14:00:00,1485.075343,1484.306884765625,XGBoost
2024-09-12 15:00:00,1428.10211575,1428.5345458984375,XGBoost
2024-09-12 16:00:00,1423.409327,1422.494384765625,XGBoost
2024-09-12 17:00:00,1589.47391425,1589.7432861328125,XGBoost
2024-09-12 18:00:00,1598.08334725,1598.1822509765625,XGBoost
2024-09-12 19:00:00,1561.6887475,1562.9202880859375,XGBoost
2024-09-12 20:00:00,1346.1602605,1345.707275390625,XGBoost
2024-09-12 21:00:00,1625.2814925,1627.076904296875,XGBoost
2024-09-12 22:00:00,1544.65187475,1543.6640625,XGBoost
2024-09-12 23:00:00,1505.8635375,1505.36767578125,XGBoost
2024-09-13 00:00:00,1368.6409205,1366.6416015625,XGBoost
2024-09-13 01:00:00,1583.8335,1585.29052734375,XGBoost
2024-09-13 02:00:00,1436.3734785,1436.6673583984375,XGBoost
2024-09-13 03:00:00,1559.9732425,1560.2122802734375,XGBoost
2024-09-13 04:00:00,1657.46963875,1662.4119873046875,XGBoost
2024-09-13 05:00:00,1524.30044075,1523.792236328125,XGBoost
2024-09-13 06:00:00,1578.938427,1579.0419921875,XGBoost
2024-09-13 07:00:00,1586.80033575,1587.2667236328125,XGBoost
2024-09-13 08:00:00,1411.650548,1412.81201171875,XGBoost
2024-09-13 09:00:00,1580.5725975,1580.0750732421875,XGBoost
2024-09-13 10:00:00,1610.57935825,1611.843994140625,XGBoost
2024-09-13 11:00:00,1585.53647025,1585.150634765625,XGBoost
2024-09-13 12:00:00,1565.30143525,1564.66845703125,XGBoost
2024-09-13 13:00:00,1446.3498775,1445.8651123046875,XGBoost
2024-09-13 14:00:00,1638.1884,1639.3758544921875,XGBoost
2024-09-13 15:00:00,1444.92959625,1443.4853515625,XGBoost
2024-09-13 16:00:00,1598.0938257500002,1595.115478515625,XGBoost
2024-09-13 17:00:00,1373.80213525,1372.672607421875,XGBoost
2024-09-13 18:00:00,1618.83359525,1620.726318359375,XGBoost
2024-09-13 19:00:00,1496.9472405,1497.073486328125,XGBoost
2024-09-13 20:00:00,1503.29726725,1503.15478515625,XGBoost
2024-09-13 21:00:00,1368.17207475,1365.7362060546875,XGBoost
2024-09-13 22:00:00,1451.50071175,1452.6602783203125,XGBoost
2024-09-13 23:00:00,1475.594942,1475.7244873046875,XGBoost
2024-09-14 00:00:00,1556.67205675,1556.5352783203125,XGBoost
2024-09-14 01:00:00,1495.437238,1495.8388671875,XGBoost
2024-09-14 02:00:00,1577.53163525,1577.22705078125,XGBoost
2024-09-14 03:00:00,1457.8399375,1457.8572998046875,XGBoost
2024-09-14 04:00:00,1343.005576,1341.7264404296875,XGBoost
2024-09-14 05:00:00,1690.53962625,1692.3087158203125,XGBoost
2024-09-14 06:00:00,1359.990718,1358.373046875,XGBoost
2024-09-14 07:00:00,1545.09986725,1545.6011962890625,XGBoost
2024-09-14 08:00:00,1312.6152245,1311.5927734375,XGBoost
2024-09-14 09:00:00,1490.06381025,1489.2530517578125,XGBoost
2024-09-14 10:00:00,1448.0981475,1448.14013671875,XGBoost
2024-09-14 11:00:00,1524.3556294999998,1524.271240234375,XGBoost
2024-09-14 12:00:00,1487.27734875,1486.7119140625,XGBoost
2024-09-14 13:00:00,1594.39212125,1594.37841796875,XGBoost
2024-09-14 14:00:00,1502.61618575,1502.6256103515625,XGBoost
2024-09-14 15:00:00,1573.882981,1574.416015625,XGBoost
2024-09-14 16:00:00,1375.3974445,1376.1607666015625,XGBoost
2024-09-14 17:00:00,1427.7254739999998,1429.681640625,XGBoost
2024-09-14 18:00:00,1486.36818425,1486.451904296875,XGBoost
2024-09-14 19:00:00,1545.7546605,1545.1982421875,XGBoost
2024-09-14 20:00:00,1398.70787325,1399.332275390625,XGBoost
2024-09-14 21:00:00,1589.62062625,1589.5283203125,XGBoost
2024-09-14 22:00:00,1393.42306075,1393.6666259765625,XGBoost
2024-09-14 23:00:00,1255.62673445,1250.138427734375,XGBoost
2024-09-15 00:00:00,1480.75447375,1480.5010986328125,XGBoost
2024-09-15 01:00:00,1449.084997,1449.21923828125,XGBoost
2024-09-15 02:00:00,1593.3799185,1594.719970703125,XGBoost
2024-09-15 03:00:00,1483.28408,1477.8236083984375,XGBoost
2024-09-15 04:00:00,1421.202334,1421.400634765625,XGBoost
2024-09-15 05:00:00,1483.72010375,1486.4921875,XGBoost
2024-09-15 06:00:00,1492.47163875,1492.5811767578125,XGBoost
2024-09-15 07:00:00,1525.38554425,1525.4464111328125,XGBoost
2024-09-15 08:00:00,1492.553095,1492.6993408203125,XGBoost
2024-09-15 09:00:00,1472.01667975,1473.018798828125,XGBoost
2024-09-15 10:00:00,1342.87758775,1341.9415283203125,XGBoost
2024-09-15 11:00:00,1417.4168915,1418.168701171875,XGBoost
2024-09-15 12:00:00,1598.18273775,1595.989013671875,XGBoost
2024-09-15 13:00:00,1516.53792975,1518.718994140625,XGBoost
2024-09-15 14:00:00,1429.906324125,1430.91796875,XGBoost
2024-09-15 15:00:00,1567.6340685,1567.610595703125,XGBoost
2024-09-15 16:00:00,1421.6874415,1421.1578369140625,XGBoost
2024-09-15 17:00:00,1688.51067925,1689.0145263671875,XGBoost
2024-09-15 18:00:00,1527.01614525,1527.2325439453125,XGBoost
2024-09-15 19:00:00,1495.2399045,1495.9766845703125,XGBoost
2024-09-15 20:00:00,1454.589784,1455.336669921875,XGBoost
2024-09-15 21:00:00,1493.97486875,1493.177734375,XGBoost
2024-09-15 22:00:00,1591.44710725,1591.8167724609375,XGBoost
2024-09-15 23:00:00,1538.8599405,1539.3973388671875,XGBoost
2024-09-16 00:00:00,1529.67195525,1529.49462890625,XGBoost
2024-09-16 01:00:00,1511.082562,1511.9708251953125,XGBoost
2024-09-16 02:00:00,1425.9456225,1426.5478515625,XGBoost
2024-09-16 03:00:00,1415.117072,1416.1011962890625,XGBoost
2024-09-16 04:00:00,1452.83579175,1453.4554443359375,XGBoost
2024-09-16 05:00:00,1404.998227,1404.361328125,XGBoost
2024-09-16 06:00:00,1441.88623125,1440.93408203125,XGBoost
2024-09-16 07:00:00,1600.5217925,1600.850341796875,XGBoost
2024-09-16 08:00:00,1504.36894575,1503.1744384765625,XGBoost
2024-09-16 09:00:00,1530.00673225,1529.16455078125,XGBoost
2024-09-16 10:00:00,1385.684469,1386.7939453125,XGBoost
2024-09-16 11:00:00,1457.28643575,1457.408935546875,XGBoost
2024-09-16 12:00:00,1521.0667035,1520.155029296875,XGBoost
2024-09-16 13:00:00,1499.75653925,1496.9027099609375,XGBoost
2024-09-16 14:00:00,1505.27225175,1505.7235107421875,XGBoost
2024-09-16 15:00:00,1460.7926395,1460.4964599609375,XGBoost
2024-09-16 16:00:00,1489.88911575,1489.181396484375,XGBoost
2024-09-16 17:00:00,1447.51337525,1447.4114990234375,XGBoost
2024-09-16 18:00:00,1596.14476475,1595.37353515625,XGBoost
2024-09-16 19:00:00,1582.88594925,1582.8359375,XGBoost
2024-09-16 20:00:00,1425.75935875,1425.66650390625,XGBoost
2024-09-16 21:00:00,1692.89115375,1691.4652099609375,XGBoost
2024-09-16 22:00:00,1509.163052,1509.3389892578125,XGBoost
2024-09-16 23:00:00,1662.12603775,1662.0068359375,XGBoost
2024-09-17 00:00:00,1471.52699575,1470.4168701171875,XGBoost
2024-09-17 01:00:00,1655.36140375,1655.5128173828125,XGBoost
2024-09-17 02:00:00,1377.8186919999998,1378.0631103515625,XGBoost
2024-09-17 03:00:00,1346.468598,1346.3428955078125,XGBoost
2024-09-17 04:00:00,1474.40033325,1473.9791259765625,XGBoost
2024-09-17 05:00:00,1573.544984,1573.7684326171875,XGBoost
2024-09-17 06:00:00,1858.2112155,1800.417236328125,XGBoost
2024-09-17 07:00:00,1499.04109625,1498.7235107421875,XGBoost
2024-09-17 08:00:00,1406.44604625,1406.4385986328125,XGBoost
2024-09-17 09:00:00,1456.37601825,1454.3603515625,XGBoost
2024-09-17 10:00:00,1512.8229235,1512.7222900390625,XGBoost
2024-09-17 11:00:00,1697.57257325,1697.4451904296875,XGBoost
2024-09-17 12:00:00,1669.03557725,1669.052978515625,XGBoost
2024-09-17 13:00:00,1464.3842465,1465.3465576171875,XGBoost
2024-09-17 14:00:00,1468.84788875,1469.4068603515625,XGBoost
2024-09-17 15:00:00,1545.62608825,1545.4599609375,XGBoost
2024-09-17 16:00:00,1589.86520575,1589.7132568359375,XGBoost
2024-09-17 17:00:00,1424.463624,1423.9268798828125,XGBoost
2024-09-17 18:00:00,1494.77040025,1493.771484375,XGBoost
2024-09-17 19:00:00,1490.6899455,1492.0753173828125,XGBoost
2024-09-17 20:00:00,1523.1077565,1522.549560546875,XGBoost
2024-09-17 21:00:00,1558.63740625,1559.89306640625,XGBoost
2024-09-17 22:00:00,1540.39628,1540.6328125,XGBoost
2024-09-17 23:00:00,1595.6042265,1596.063232421875,XGBoost
2024-09-18 00:00:00,1483.9220925,1484.5247802734375,XGBoost
2024-09-18 01:00:00,1550.52609625,1551.4000244140625,XGBoost
2024-09-18 02:00:00,1389.71352575,1388.4937744140625,XGBoost
2024-09-18 03:00:00,1420.4287682499998,1421.81005859375,XGBoost
2024-09-18 04:00:00,1821.834671,1798.5552978515625,XGBoost
2024-09-18 05:00:00,1521.11675925,1521.8350830078125,XGBoost
2024-09-18 06:00:00,1641.6118305,1641.79150390625,XGBoost
2024-09-18 07:00:00,1579.5845405,1578.899169921875,XGBoost
2024-09-18 08:00:00,1549.685396,1550.8104248046875,XGBoost
2024-09-18 09:00:00,1459.40614675,1459.585205078125,XGBoost
2024-09-18 10:00:00,1393.434518,1392.6112060546875,XGBoost
2024-09-18 11:00:00,1442.68604875,1445.7650146484375,XGBoost
2024-09-18 12:00:00,1458.795068,1457.4261474609375,XGBoost
2024-09-18 13:00:00,1706.46200175,1701.126220703125,XGBoost
2024-09-18 14:00:00,1596.837336,1595.9927978515625,XGBoost
2024-09-18 15:00:00,1456.0441795000002,1456.2103271484375,XGBoost
2024-09-18 16:00:00,1502.284738,1502.04443359375,XGBoost
2024-09-18 17:00:00,1393.3217637500002,1392.8277587890625,XGBoost
2024-09-18 18:00:00,1579.91915,1579.44384765625,XGBoost
2024-09-18 19:00:00,1557.39595775,1558.0382080078125,XGBoost
2024-09-18 20:00:00,1420.34145975,1421.4345703125,XGBoost
2024-09-18 21:00:00,1339.72726325,1338.1199951171875,XGBoost
2024-09-18 22:00:00,1619.52193325,1619.8797607421875,XGBoost
2024-09-18 23:00:00,1404.6627885,1401.9544677734375,XGBoost
2024-09-19 00:00:00,1496.4757115,1495.88671875,XGBoost
2024-09-19 01:00:00,1520.7256925000002,1520.647216796875,XGBoost
2024-09-19 02:00:00,1476.57628475,1475.984619140625,XGBoost
2024-09-19 03:00:00,1664.21225475,1665.1107177734375,XGBoost
2024-09-19 04:00:00,1492.450056,1492.350830078125,XGBoost
2024-09-19 05:00:00,1320.728152,1321.6497802734375,XGBoost
2024-09-19 06:00:00,1645.49993225,1646.3448486328125,XGBoost
2024-09-19 07:00:00,1401.86754075,1404.2322998046875,XGBoost
2024-09-19 08:00:00,1447.81639225,1447.4293212890625,XGBoost
2024-09-19 09:00:00,1547.7939,1546.6650390625,XGBoost
2024-09-19 10:00:00,1593.6876155,1593.415771484375,XGBoost
2024-09-19 11:00:00,1455.33849875,1455.742431640625,XGBoost
2024-09-19 12:00:00,1486.8443155,1485.537353515625,XGBoost
2024-09-19 13:00:00,1732.203154,1735.8887939453125,XGBoost
2024-09-19 14:00:00,1481.4265965,1482.6693115234375,XGBoost
2024-09-19 15:00:00,1499.429426,1499.62646484375,XGBoost
2024-09-19 16:00:00,1643.44679725,1643.1988525390625,XGBoost
2024-09-19 17:00:00,1477.9582775,1477.162109375,XGBoost
2024-09-19 18:00:00,1491.89298075,1492.4918212890625,XGBoost
2024-09-19 19:00:00,1306.86978825,1304.059326171875,XGBoost
2024-09-19 20:00:00,1523.32995925,1523.697265625,XGBoost
2024-09-19 21:00:00,1298.082483,1298.6578369140625,XGBoost
2024-09-19 22:00:00,1391.9596465,1393.1822509765625,XGBoost
2024-09-19 23:00:00,1553.74707075,1553.1817626953125,XGBoost
2024-09-20 00:00:00,1446.89911575,1447.3634033203125,XGBoost
2024-09-20 01:00:00,1714.516733,1710.11376953125,XGBoost
2024-09-20 02:00:00,1190.67218425,1203.6585693359375,XGBoost
2024-09-20 03:00:00,1483.2325335,1482.336669921875,XGBoost
2024-09-20 04:00:00,1658.59178225,1658.8724365234375,XGBoost
2024-09-20 05:00:00,1445.19270775,1445.5836181640625,XGBoost
2024-09-20 06:00:00,1638.740631,1638.6878662109375,XGBoost
2024-09-20 07:00:00,1545.5424385,1543.8143310546875,XGBoost
2024-09-20 08:00:00,1365.415131,1363.3321533203125,XGBoost
2024-09-20 09:00:00,1519.2362825,1520.679443359375,XGBoost
2024-09-20 10:00:00,1569.97949375,1569.1114501953125,XGBoost
2024-09-20 11:00:00,1469.962177,1470.563720703125,XGBoost
2024-09-20 12:00:00,1483.26777425,1482.5810546875,XGBoost
2024-09-20 13:00:00,1494.30497925,1494.4862060546875,XGBoost
2024-09-20 14:00:00,1439.08131275,1440.0068359375,XGBoost
2024-09-20 15:00:00,1547.78901125,1548.046630859375,XGBoost
2024-09-20 16:00:00,1442.28687275,1443.326904296875,XGBoost
2024-09-20 17:00:00,1528.4583642500002,1527.8504638671875,XGBoost
2024-09-20 18:00:00,1489.328659,1489.0726318359375,XGBoost
2024-09-20 19:00:00,1404.48864,1406.559326171875,XGBoost
2024-09-20 20:00:00,1660.512426,1658.8746337890625,XGBoost
2024-09-20 21:00:00,1503.4354295,1503.2811279296875,XGBoost
2024-09-20 22:00:00,1444.7212055,1444.4249267578125,XGBoost
2024-09-20 23:00:00,1497.810932,1497.3997802734375,XGBoost
2024-09-21 00:00:00,1532.4833055,1531.5841064453125,XGBoost
2024-09-21 01:00:00,1280.17981275,1282.4813232421875,XGBoost
2024-09-21 02:00:00,1545.344722,1546.2352294921875,XGBoost
2024-09-21 03:00:00,1565.34928575,1564.6529541015625,XGBoost
2024-09-21 04:00:00,1589.57084425,1591.478759765625,XGBoost
2024-09-21 05:00:00,1485.73209925,1486.422607421875,XGBoost
2024-09-21 06:00:00,1507.89148375,1508.32861328125,XGBoost
2024-09-21 07:00:00,1550.7614415,1551.5902099609375,XGBoost
2024-09-21 08:00:00,1488.92832425,1490.2994384765625,XGBoost
2024-09-21 09:00:00,1428.611758,1428.272216796875,XGBoost
2024-09-21 10:00:00,1562.233819,1559.7080078125,XGBoost
2024-09-21 11:00:00,1368.7154845,1368.3016357421875,XGBoost
2024-09-21 12:00:00,1681.125779,1674.9510498046875,XGBoost
2024-09-21 13:00:00,1702.15355175,1701.962890625,XGBoost
2024-09-21 14:00:00,1382.13124225,1381.3643798828125,XGBoost
2024-09-21 15:00:00,1662.6524225,1661.5859375,XGBoost
2024-09-21 16:00:00,1554.532405,1554.55078125,XGBoost
2024-09-21 17:00:00,1521.577126,1520.7593994140625,XGBoost
2024-09-21 18:00:00,1583.44363325,1583.0810546875,XGBoost
2024-09-21 19:00:00,1517.94700175,1516.36474609375,XGBoost
2024-09-21 20:00:00,1527.80556275,1526.5091552734375,XGBoost
2024-09-21 21:00:00,1448.011334,1447.9820556640625,XGBoost
2024-09-21 22:00:00,1490.8433295,1490.7821044921875,XGBoost
2024-09-21 23:00:00,1541.611344,1543.1964111328125,XGBoost
2024-09-22 00:00:00,1564.7584385,1565.533935546875,XGBoost
2024-09-22 01:00:00,1246.619559,1247.2255859375,XGBoost
2024-09-22 02:00:00,1433.91074675,1434.389404296875,XGBoost
2024-09-22 03:00:00,1537.7936305,1537.79052734375,XGBoost
2024-09-22 04:00:00,1450.713592,1449.7874755859375,XGBoost
2024-09-22 05:00:00,1515.939371,1516.368408203125,XGBoost
2024-09-22 06:00:00,1433.47124825,1433.343017578125,XGBoost
2024-09-22 07:00:00,1566.74487675,1566.73876953125,XGBoost
2024-09-22 08:00:00,1363.23540675,1363.8597412109375,XGBoost
2024-09-22 09:00:00,1547.2261395,1547.1661376953125,XGBoost
2024-09-22 10:00:00,1538.56112925,1537.6656494140625,XGBoost
2024-09-22 11:00:00,1410.90280975,1412.711669921875,XGBoost
2024-09-22 12:00:00,1546.62060025,1546.86962890625,XGBoost
2024-09-22 13:00:00,1523.45987,1524.2330322265625,XGBoost
2024-09-22 14:00:00,1413.78828725,1414.2374267578125,XGBoost
2024-09-22 15:00:00,1568.866634,1568.547607421875,XGBoost
2024-09-22 16:00:00,1437.74665775,1436.7459716796875,XGBoost
2024-09-22 17:00:00,1518.90138375,1517.96240234375,XGBoost
2024-09-22 18:00:00,1655.4537875,1656.022216796875,XGBoost
2024-09-22 19:00:00,1500.2936235,1500.6240234375,XGBoost
2024-09-22 20:00:00,1494.48612725,1494.636474609375,XGBoost
2024-09-22 21:00:00,1635.9706055,1636.9208984375,XGBoost
2024-09-22 22:00:00,1464.91065025,1463.993896484375,XGBoost
2024-09-22 23:00:00,1385.640332,1385.8338623046875,XGBoost
2024-09-23 00:00:00,1619.06882025,1620.548095703125,XGBoost
2024-09-23 01:00:00,1542.5759345,1543.1514892578125,XGBoost
2024-09-23 02:00:00,1556.8390332499998,1557.227783203125,XGBoost
2024-09-23 03:00:00,1536.95249025,1537.97509765625,XGBoost
2024-09-23 04:00:00,1494.5778017500002,1494.7733154296875,XGBoost
2024-09-23 05:00:00,1473.46278925,1474.3846435546875,XGBoost
2024-09-23 06:00:00,1653.2519149999998,1651.320068359375,XGBoost
2024-09-23 07:00:00,1430.173128,1430.156494140625,XGBoost
2024-09-23 08:00:00,1657.9662795,1658.3001708984375,XGBoost
2024-09-23 09:00:00,1472.28773175,1473.4150390625,XGBoost
2024-09-23 10:00:00,1466.6208925,1466.30126953125,XGBoost
2024-09-23 11:00:00,1426.35279375,1426.263916015625,XGBoost
2024-09-23 12:00:00,1523.8461835,1522.8795166015625,XGBoost
2024-09-23 13:00:00,1592.05718425,1591.726318359375,XGBoost
2024-09-23 14:00:00,1433.29584525,1433.0146484375,XGBoost
2024-09-23 15:00:00,1492.9627845,1494.50732421875,XGBoost
2024-09-23 16:00:00,1346.157854,1346.570068359375,XGBoost
2024-09-23 17:00:00,1389.25757375,1390.083740234375,XGBoost
2024-09-23 18:00:00,1399.94927325,1398.8255615234375,XGBoost
2024-09-23 19:00:00,1351.40235725,1352.779541015625,XGBoost
2024-09-23 20:00:00,1616.0146255,1617.3841552734375,XGBoost
2024-09-23 21:00:00,1554.06751075,1553.6331787109375,XGBoost
2024-09-23 22:00:00,1363.31851125,1362.1343994140625,XGBoost
2024-09-23 23:00:00,1475.755423,1476.6456298828125,XGBoost
2024-09-24 00:00:00,1298.33209225,1299.0220947265625,XGBoost
2024-09-24 01:00:00,1498.47951075,1499.4478759765625,XGBoost
2024-09-24 02:00:00,1560.97199525,1561.8458251953125,XGBoost
2024-09-24 03:00:00,1462.33501575,1462.132568359375,XGBoost
2024-09-24 04:00:00,1427.04855375,1426.5653076171875,XGBoost
2024-09-24 05:00:00,1308.9470135,1311.2584228515625,XGBoost
2024-09-24 06:00:00,1443.157863,1442.55419921875,XGBoost
2024-09-24 07:00:00,1611.33522375,1611.378173828125,XGBoost
2024-09-24 08:00:00,1501.5851185,1501.071533203125,XGBoost
2024-09-24 09:00:00,1666.372004,1664.947509765625,XGBoost
2024-09-24 10:00:00,1437.67385825,1437.19580078125,XGBoost
2024-09-24 11:00:00,1425.13216825,1425.537109375,XGBoost
2024-09-24 12:00:00,1395.55920875,1395.1202392578125,XGBoost
2024-09-24 13:00:00,1419.3865835,1418.084716796875,XGBoost
2024-09-24 14:00:00,1503.68619675,1503.170654296875,XGBoost
2024-09-24 15:00:00,1376.8488865,1378.5904541015625,XGBoost
2024-09-24 16:00:00,1620.32933525,1620.538818359375,XGBoost
2024-09-24 17:00:00,1499.21107775,1500.0731201171875,XGBoost
2024-09-24 18:00:00,1593.5394925,1592.1246337890625,XGBoost
2024-09-24 19:00:00,1432.481176,1432.5010986328125,XGBoost
2024-09-24 20:00:00,1304.51933475,1302.8408203125,XGBoost
2024-09-24 21:00:00,1476.36631875,1475.725830078125,XGBoost
2024-09-24 22:00:00,1315.772836,1317.9365234375,XGBoost
2024-09-24 23:00:00,1392.984647,1392.7427978515625,XGBoost
2024-09-25 00:00:00,1317.67845325,1316.3416748046875,XGBoost
2024-09-25 01:00:00,1414.64826675,1413.1580810546875,XGBoost
2024-09-25 02:00:00,1431.9243745,1431.21240234375,XGBoost
2024-09-25 03:00:00,1555.83475275,1557.4515380859375,XGBoost
2024-09-25 04:00:00,1483.84485125,1482.5538330078125,XGBoost
2024-09-25 05:00:00,1578.79500625,1577.834716796875,XGBoost
2024-09-25 06:00:00,1638.70034075,1638.05224609375,XGBoost
2024-09-25 07:00:00,1484.37126815,1484.3829345703125,XGBoost
2024-09-25 08:00:00,1508.97565325,1509.4805908203125,XGBoost
2024-09-25 09:00:00,1496.758423,1495.96435546875,XGBoost
2024-09-25 10:00:00,1574.322968,1574.6270751953125,XGBoost
2024-09-25 11:00:00,1661.53845475,1664.90771484375,XGBoost
2024-09-25 12:00:00,1345.4458715,1345.964111328125,XGBoost
2024-09-25 13:00:00,1503.4077395,1503.9415283203125,XGBoost
2024-09-25 14:00:00,1452.00146125,1451.2979736328125,XGBoost
2024-09-25 15:00:00,1534.6635095,1532.909912109375,XGBoost
2024-09-25 16:00:00,1276.752868,1277.3140869140625,XGBoost
2024-09-25 17:00:00,1416.41483175,1415.4635009765625,XGBoost
2024-09-25 18:00:00,1598.1474925,1596.4044189453125,XGBoost
2024-09-25 19:00:00,1538.254498,1536.761962890625,XGBoost
2024-09-25 20:00:00,1394.44367875,1396.468017578125,XGBoost
2024-09-25 21:00:00,1472.37458775,1472.86669921875,XGBoost
2024-09-25 22:00:00,1550.53343975,1551.3443603515625,XGBoost
2024-09-25 23:00:00,1433.91066625,1433.6884765625,XGBoost
2024-09-26 00:00:00,1617.3074927500002,1615.950439453125,XGBoost
2024-09-26 01:00:00,1609.73864725,1612.748046875,XGBoost
2024-09-26 02:00:00,1778.979986,1794.4141845703125,XGBoost
2024-09-26 03:00:00,1595.47104425,1596.03515625,XGBoost
2024-09-26 04:00:00,1525.5887785,1525.9971923828125,XGBoost
2024-09-26 05:00:00,1265.17216625,1266.5113525390625,XGBoost
2024-09-26 06:00:00,1558.54341225,1557.92724609375,XGBoost
2024-09-26 07:00:00,1419.1903785,1419.569580078125,XGBoost
2024-09-26 08:00:00,1460.13773475,1460.8214111328125,XGBoost
2024-09-26 09:00:00,1567.44878725,1565.1595458984375,XGBoost
2024-09-26 10:00:00,1457.90501775,1458.355712890625,XGBoost
2024-09-26 11:00:00,1427.47052925,1428.7470703125,XGBoost
2024-09-26 12:00:00,1624.8898125,1622.724853515625,XGBoost
2024-09-26 13:00:00,1534.9279955,1533.8037109375,XGBoost
2024-09-26 14:00:00,1603.51131275,1603.6337890625,XGBoost
2024-09-26 15:00:00,1541.986739,1540.3846435546875,XGBoost
2024-09-26 16:00:00,1570.38118,1569.1195068359375,XGBoost
2024-09-26 17:00:00,1422.88861225,1422.9368896484375,XGBoost
2024-09-26 18:00:00,1562.73988625,1558.55517578125,XGBoost
2024-09-26 19:00:00,1568.625891,1563.807861328125,XGBoost
2024-09-26 20:00:00,1509.660125,1507.2900390625,XGBoost
2024-09-26 21:00:00,1479.72766925,1481.7939453125,XGBoost
2024-09-26 22:00:00,1409.16973775,1409.5863037109375,XGBoost
2024-09-26 23:00:00,1732.82682025,1735.5390625,XGBoost
2024-09-27 00:00:00,1472.55732225,1471.9234619140625,XGBoost
2024-09-27 01:00:00,1487.30177875,1484.9786376953125,XGBoost
2024-09-27 02:00:00,1475.8629525,1476.11279296875,XGBoost
2024-09-27 03:00:00,1550.3487305,1550.2012939453125,XGBoost
2024-09-27 04:00:00,1530.465551,1529.31689453125,XGBoost
2024-09-27 05:00:00,1484.28871175,1484.2264404296875,XGBoost
2024-09-27 06:00:00,1654.1297065,1653.987548828125,XGBoost
2024-09-27 07:00:00,1358.674835,1357.1387939453125,XGBoost
2024-09-27 08:00:00,1455.03975975,1454.9747314453125,XGBoost
2024-09-27 09:00:00,1392.77795525,1392.6083984375,XGBoost
2024-09-27 10:00:00,1557.548168,1556.91015625,XGBoost
2024-09-27 11:00:00,1707.625316,1710.446044921875,XGBoost
2024-09-27 12:00:00,1522.9184675,1522.50341796875,XGBoost
2024-09-27 13:00:00,1718.92379025,1717.966796875,XGBoost
2024-09-27 14:00:00,1479.57159775,1478.7457275390625,XGBoost
2024-09-27 15:00:00,1652.545681,1651.6749267578125,XGBoost
2024-09-27 16:00:00,1481.5868155,1482.1494140625,XGBoost
2024-09-27 17:00:00,1457.8136185,1458.3564453125,XGBoost
2024-09-27 18:00:00,1452.78193525,1454.093017578125,XGBoost
2024-09-27 19:00:00,1410.813792,1410.4029541015625,XGBoost
2024-09-27 20:00:00,1450.58509825,1450.7318115234375,XGBoost
2024-09-27 21:00:00,1498.01655475,1498.326904296875,XGBoost
2024-09-27 22:00:00,1570.2744365,1570.139404296875,XGBoost
2024-09-27 23:00:00,1441.4059485,1442.61865234375,XGBoost
2024-09-28 00:00:00,1533.49451025,1533.49365234375,XGBoost
2024-09-28 01:00:00,1511.3513125,1511.8280029296875,XGBoost
2024-09-28 02:00:00,1501.18765725,1502.109619140625,XGBoost
2024-09-28 03:00:00,1415.898702925,1414.3272705078125,XGBoost
2024-09-28 04:00:00,1440.40980375,1439.792724609375,XGBoost
2024-09-28 05:00:00,1427.65020925,1427.2357177734375,XGBoost
2024-09-28 06:00:00,1396.46395775,1394.6661376953125,XGBoost
2024-09-28 07:00:00,1516.819911,1515.603515625,XGBoost
2024-09-28 08:00:00,1645.04069025,1647.3826904296875,XGBoost
2024-09-28 09:00:00,1370.258092,1369.572509765625,XGBoost
2024-09-28 10:00:00,1659.915947,1658.7177734375,XGBoost
2024-09-28 11:00:00,1591.09093325,1592.3248291015625,XGBoost
2024-09-28 12:00:00,1383.90475175,1384.3004150390625,XGBoost
2024-09-28 13:00:00,1418.188361,1418.647705078125,XGBoost
2024-09-28 14:00:00,1466.7525885,1466.9532470703125,XGBoost
2024-09-28 15:00:00,1256.62017325,1248.100830078125,XGBoost
2024-09-28 16:00:00,1364.26060925,1366.6668701171875,XGBoost
2024-09-28 17:00:00,1516.42928225,1515.131103515625,XGBoost
2024-09-28 18:00:00,1508.78352925,1509.8470458984375,XGBoost
2024-09-28 19:00:00,1599.8840705,1599.724853515625,XGBoost
2024-09-28 20:00:00,1465.22852775,1465.1046142578125,XGBoost
2024-09-28 21:00:00,1364.61823375,1365.10888671875,XGBoost
2024-09-28 22:00:00,1429.05337275,1429.96044921875,XGBoost
2024-09-28 23:00:00,1431.01099525,1431.347900390625,XGBoost
2024-09-29 00:00:00,1470.064215,1472.9879150390625,XGBoost
2024-09-29 01:00:00,1397.817191275,1397.197509765625,XGBoost
2024-09-29 02:00:00,1563.13983675,1563.2972412109375,XGBoost
2024-09-29 03:00:00,1384.425374,1384.2354736328125,XGBoost
2024-09-29 04:00:00,1336.32952625,1334.2376708984375,XGBoost
2024-09-29 05:00:00,1546.56125025,1547.26806640625,XGBoost
2024-09-29 06:00:00,1591.0049255,1591.442626953125,XGBoost
2024-09-29 07:00:00,1531.64748525,1532.6329345703125,XGBoost
2024-09-29 08:00:00,1603.58460925,1604.2998046875,XGBoost
2024-09-29 09:00:00,1533.80526875,1535.29638671875,XGBoost
2024-09-29 10:00:00,1521.29300575,1522.32861328125,XGBoost
2024-09-29 11:00:00,1500.00559475,1500.6610107421875,XGBoost
2024-09-29 12:00:00,1444.490678,1444.9725341796875,XGBoost
2024-09-29 13:00:00,1505.218047,1505.1234130859375,XGBoost
2024-09-29 14:00:00,1621.10059175,1620.3363037109375,XGBoost
2024-09-29 15:00:00,1572.12279825,1571.6666259765625,XGBoost
2024-09-29 16:00:00,1596.7701525,1595.805908203125,XGBoost
2024-09-29 17:00:00,1475.00947425,1475.4776611328125,XGBoost
2024-09-29 18:00:00,1486.36355725,1485.1143798828125,XGBoost
2024-09-29 19:00:00,1559.55843775,1556.8603515625,XGBoost
2024-09-29 20:00:00,1565.26254975,1566.115234375,XGBoost
2024-09-29 21:00:00,1389.30615425,1389.1917724609375,XGBoost
2024-09-29 22:00:00,1450.29725575,1450.9332275390625,XGBoost
2024-09-29 23:00:00,1539.664753,1539.552978515625,XGBoost
2024-09-30 00:00:00,1396.6760385500002,1397.5994873046875,XGBoost
2024-09-30 01:00:00,1459.8056265,1459.8214111328125,XGBoost
2024-09-30 02:00:00,1478.7076545,1480.0732421875,XGBoost
2024-09-30 03:00:00,1487.81766025,1487.8743896484375,XGBoost
2024-09-30 04:00:00,1413.10091725,1413.8819580078125,XGBoost
2024-09-30 05:00:00,1590.54484825,1589.9498291015625,XGBoost
2024-09-30 06:00:00,1523.831153,1523.3673095703125,XGBoost
2024-09-30 07:00:00,1652.0804475,1654.4136962890625,XGBoost
2024-09-30 08:00:00,1671.51381125,1669.8802490234375,XGBoost
2024-09-30 09:00:00,1380.5575835,1379.2784423828125,XGBoost
2024-09-30 10:00:00,1557.0763285,1560.038330078125,XGBoost
2024-09-30 11:00:00,1658.9062235,1658.7022705078125,XGBoost
2024-09-30 12:00:00,1505.7580705,1505.857177734375,XGBoost
2024-09-30 13:00:00,1629.73483125,1628.6917724609375,XGBoost
2024-09-30 14:00:00,1489.69759575,1490.318359375,XGBoost
2024-09-30 15:00:00,1455.83718075,1455.2877197265625,XGBoost
2024-09-30 16:00:00,1517.63235325,1517.2738037109375,XGBoost
2024-09-30 17:00:00,1445.13784675,1443.272216796875,XGBoost
2024-09-30 18:00:00,1700.85125075,1702.224365234375,XGBoost
2024-09-30 19:00:00,1492.1844685,1492.37451171875,XGBoost
2024-09-30 20:00:00,1373.32702725,1374.8157958984375,XGBoost
2024-09-30 21:00:00,1469.00927225,1469.6717529296875,XGBoost
2024-09-30 22:00:00,1613.73795175,1614.32080078125,XGBoost
2024-09-30 23:00:00,1551.84795,1551.5013427734375,XGBoost
2024-10-01 00:00:00,1562.289452,1565.0064697265625,XGBoost
2024-10-01 01:00:00,1587.7618805,1586.654541015625,XGBoost
2024-10-01 02:00:00,1515.674993,1516.7747802734375,XGBoost
2024-10-01 03:00:00,1546.09281325,1544.3653564453125,XGBoost
2024-10-01 04:00:00,1459.67771625,1458.57421875,XGBoost
2024-10-01 05:00:00,1623.05618275,1623.5179443359375,XGBoost
2024-10-01 06:00:00,1355.59962975,1355.1138916015625,XGBoost
2024-10-01 07:00:00,1459.9426445,1459.3927001953125,XGBoost
2024-10-01 08:00:00,1341.921792,1344.9793701171875,XGBoost
2024-10-01 09:00:00,1472.1809285,1471.97314453125,XGBoost
2024-10-01 10:00:00,1567.68544675,1566.8916015625,XGBoost
2024-10-01 11:00:00,1521.36229225,1521.637939453125,XGBoost
2024-10-01 12:00:00,1295.01472075,1296.1094970703125,XGBoost
2024-10-01 13:00:00,1421.414166,1421.1422119140625,XGBoost
2024-10-01 14:00:00,1607.6442875,1607.2813720703125,XGBoost
2024-10-01 15:00:00,1553.24533875,1552.818359375,XGBoost
2024-10-01 16:00:00,1638.007658,1637.3076171875,XGBoost
2024-10-01 17:00:00,1577.25216825,1577.3580322265625,XGBoost
2024-10-01 18:00:00,1387.6934035,1386.9161376953125,XGBoost
2024-10-01 19:00:00,1471.5113045,1471.0015869140625,XGBoost
2024-10-01 20:00:00,1528.31490075,1529.1650390625,XGBoost
2024-10-01 21:00:00,1464.322011,1464.9757080078125,XGBoost
2024-10-01 22:00:00,1440.15343825,1440.7430419921875,XGBoost
2024-10-01 23:00:00,1563.9700817500002,1563.780029296875,XGBoost
2024-10-02 00:00:00,1449.15364325,1450.51318359375,XGBoost
2024-10-02 01:00:00,1474.03520425,1474.1927490234375,XGBoost
2024-10-02 02:00:00,1500.30105075,1499.783203125,XGBoost
2024-10-02 03:00:00,1407.05007225,1406.716064453125,XGBoost
2024-10-02 04:00:00,1495.99139125,1497.7781982421875,XGBoost
2024-10-02 05:00:00,1453.28292925,1453.86474609375,XGBoost
2024-10-02 06:00:00,1549.1855907499998,1550.515380859375,XGBoost
2024-10-02 07:00:00,1439.187704,1438.1961669921875,XGBoost
2024-10-02 08:00:00,1441.59383125,1440.8619384765625,XGBoost
2024-10-02 09:00:00,1412.5381185,1412.2137451171875,XGBoost
2024-10-02 10:00:00,1398.562904,1400.402099609375,XGBoost
2024-10-02 11:00:00,1580.39779375,1579.290283203125,XGBoost
2024-10-02 12:00:00,1626.52283825,1625.34375,XGBoost
2024-10-02 13:00:00,1410.379721,1409.373291015625,XGBoost
2024-10-02 14:00:00,1621.5040725,1623.4332275390625,XGBoost
2024-10-02 15:00:00,1410.87089175,1409.6217041015625,XGBoost
2024-10-02 16:00:00,1476.16892475,1474.988525390625,XGBoost
2024-10-02 17:00:00,1675.2612365,1673.7069091796875,XGBoost
2024-10-02 18:00:00,1344.062462,1343.01953125,XGBoost
2024-10-02 19:00:00,1406.614054675,1406.88427734375,XGBoost
2024-10-02 20:00:00,1493.43795225,1493.72265625,XGBoost
2024-10-02 21:00:00,1606.3870235,1606.0247802734375,XGBoost
2024-10-02 22:00:00,1715.39851575,1712.9334716796875,XGBoost
2024-10-02 23:00:00,1515.90812025,1515.08935546875,XGBoost
2024-10-03 00:00:00,1507.95894625,1508.5787353515625,XGBoost
2024-10-03 01:00:00,1576.363908,1575.5718994140625,XGBoost
2024-10-03 02:00:00,1429.70316,1429.2862548828125,XGBoost
2024-10-03 03:00:00,1297.79727225,1298.6690673828125,XGBoost
2024-10-03 04:00:00,1436.27797375,1435.8272705078125,XGBoost
2024-10-03 05:00:00,1661.38697275,1663.0921630859375,XGBoost
2024-10-03 06:00:00,1416.805095,1417.07568359375,XGBoost
2024-10-03 07:00:00,1557.42156625,1556.3157958984375,XGBoost
2024-10-03 08:00:00,1465.77782975,1466.9390869140625,XGBoost
2024-10-03 09:00:00,1617.166972,1618.5782470703125,XGBoost
2024-10-03 10:00:00,1495.30367575,1495.892333984375,XGBoost
2024-10-03 11:00:00,1435.85885675,1435.89794921875,XGBoost
2024-10-03 12:00:00,1705.68197475,1702.605712890625,XGBoost
2024-10-03 13:00:00,1539.264694,1538.8466796875,XGBoost
2024-10-03 14:00:00,1315.593594,1319.7447509765625,XGBoost
2024-10-03 15:00:00,1474.76981175,1473.5577392578125,XGBoost
2024-10-03 16:00:00,1551.63693475,1551.0472412109375,XGBoost
2024-10-03 17:00:00,1408.833392,1408.455810546875,XGBoost
2024-10-03 18:00:00,1554.387542,1551.64990234375,XGBoost
2024-10-03 19:00:00,1615.63327975,1615.046630859375,XGBoost
2024-10-03 20:00:00,1614.871321,1613.265869140625,XGBoost
2024-10-03 21:00:00,1591.13326725,1592.113037109375,XGBoost
2024-10-03 22:00:00,1577.583216,1577.6448974609375,XGBoost
2024-10-03 23:00:00,1544.5214685,1545.04052734375,XGBoost
2024-10-04 00:00:00,1366.075536375,1362.82177734375,XGBoost
2024-10-04 01:00:00,1505.123568,1505.8648681640625,XGBoost
2024-10-04 02:00:00,1507.9492705,1507.89892578125,XGBoost
2024-10-04 03:00:00,1587.9880705,1588.799072265625,XGBoost
2024-10-04 04:00:00,1489.04786325,1488.95751953125,XGBoost
2024-10-04 05:00:00,1690.9342445,1689.75830078125,XGBoost
2024-10-04 06:00:00,1457.84264525,1458.0970458984375,XGBoost
2024-10-04 07:00:00,1569.481465,1570.2171630859375,XGBoost
2024-10-04 08:00:00,1448.50505125,1448.102783203125,XGBoost
2024-10-04 09:00:00,1446.94174925,1445.8262939453125,XGBoost
2024-10-04 10:00:00,1607.71999875,1607.1226806640625,XGBoost
2024-10-04 11:00:00,1539.028242,1539.1407470703125,XGBoost
2024-10-04 12:00:00,1422.327531,1421.4595947265625,XGBoost
2024-10-04 13:00:00,1552.7036885,1551.4423828125,XGBoost
2024-10-04 14:00:00,1469.00504075,1467.893310546875,XGBoost
2024-10-04 15:00:00,1676.32760725,1674.2354736328125,XGBoost
2024-10-04 16:00:00,1429.63221175,1429.8292236328125,XGBoost
2024-10-04 17:00:00,1493.53917575,1493.5361328125,XGBoost
2024-10-04 18:00:00,1578.3637414999998,1575.9879150390625,XGBoost
2024-10-04 19:00:00,1492.92254275,1493.904296875,XGBoost
2024-10-04 20:00:00,1523.607252,1523.3980712890625,XGBoost
2024-10-04 21:00:00,1536.4881355,1535.68359375,XGBoost
2024-10-04 22:00:00,1394.69226925,1394.50732421875,XGBoost
2024-10-04 23:00:00,1483.41754625,1484.23779296875,XGBoost
2024-10-05 00:00:00,1579.82512125,1579.0576171875,XGBoost
2024-10-05 01:00:00,1408.604818,1408.1573486328125,XGBoost
2024-10-05 02:00:00,1485.496582,1486.8773193359375,XGBoost
2024-10-05 03:00:00,1497.03324325,1496.232421875,XGBoost
2024-10-05 04:00:00,1575.08910625,1574.1832275390625,XGBoost
2024-10-05 05:00:00,1483.55098605,1483.3690185546875,XGBoost
2024-10-05 06:00:00,1584.0387085,1582.8258056640625,XGBoost
2024-10-05 07:00:00,1537.43402775,1538.1827392578125,XGBoost
2024-10-05 08:00:00,1424.04569025,1425.3829345703125,XGBoost
2024-10-05 09:00:00,1318.61637575,1316.0521240234375,XGBoost
2024-10-05 10:00:00,1415.515419,1415.4189453125,XGBoost
2024-10-05 11:00:00,1542.36779275,1544.6561279296875,XGBoost
2024-10-05 12:00:00,1474.9114455,1476.2271728515625,XGBoost
2024-10-05 13:00:00,1698.6549759999998,1697.0509033203125,XGBoost
2024-10-05 14:00:00,1505.90141475,1505.2398681640625,XGBoost
2024-10-05 15:00:00,1503.27075075,1504.3521728515625,XGBoost
2024-10-05 16:00:00,1600.7810895,1601.6273193359375,XGBoost
2024-10-05 17:00:00,1367.88731375,1368.0023193359375,XGBoost
2024-10-05 18:00:00,1467.2859952499998,1464.838134765625,XGBoost
2024-10-05 19:00:00,1457.3046215,1456.7413330078125,XGBoost
2024-10-05 20:00:00,1627.47484425,1628.1146240234375,XGBoost
2024-10-05 21:00:00,1305.28978775,1307.351318359375,XGBoost
2024-10-05 22:00:00,1472.9306095,1472.1654052734375,XGBoost
2024-10-05 23:00:00,1469.93927225,1471.0372314453125,XGBoost
2024-10-06 00:00:00,1560.79996025,1560.82373046875,XGBoost
2024-10-06 01:00:00,1497.31434625,1497.9813232421875,XGBoost
2024-10-06 02:00:00,1685.25922325,1684.407958984375,XGBoost
2024-10-06 03:00:00,1530.91071675,1529.682861328125,XGBoost
2024-10-06 04:00:00,1524.00948825,1524.8394775390625,XGBoost
2024-10-06 05:00:00,1468.7651075,1469.3292236328125,XGBoost
2024-10-06 06:00:00,1503.57810475,1503.863037109375,XGBoost
2024-10-06 07:00:00,1500.734203,1500.498779296875,XGBoost
2024-10-06 08:00:00,1566.318106,1567.8018798828125,XGBoost
2024-10-06 09:00:00,1536.59647975,1536.259521484375,XGBoost
2024-10-06 10:00:00,1585.7405905,1586.3271484375,XGBoost
2024-10-06 11:00:00,1416.57162825,1415.3653564453125,XGBoost
2024-10-06 12:00:00,1347.02394725,1346.682861328125,XGBoost
2024-10-06 13:00:00,1710.73671275,1710.604248046875,XGBoost
2024-10-06 14:00:00,1671.273627,1669.6181640625,XGBoost
2024-10-06 15:00:00,1461.2651975,1459.73486328125,XGBoost
2024-10-06 16:00:00,1665.4669455,1665.3699951171875,XGBoost
2024-10-06 17:00:00,1466.48677025,1464.8966064453125,XGBoost
2024-10-06 18:00:00,1516.96392375,1517.1038818359375,XGBoost
2024-10-06 19:00:00,1302.1724745,1304.7681884765625,XGBoost
2024-10-06 20:00:00,1734.67701075,1732.3170166015625,XGBoost
2024-10-06 21:00:00,1542.33387175,1543.61865234375,XGBoost
2024-10-06 22:00:00,1400.18428675,1400.8697509765625,XGBoost
2024-10-06 23:00:00,1460.9601125,1462.338134765625,XGBoost
2024-10-07 00:00:00,1567.1572645,1567.91162109375,XGBoost
2024-10-07 01:00:00,1519.10831775,1520.533447265625,XGBoost
2024-10-07 02:00:00,1511.111772,1512.137939453125,XGBoost
2024-10-07 03:00:00,1390.516847,1390.2071533203125,XGBoost
2024-10-07 04:00:00,1499.69730825,1499.4747314453125,XGBoost
2024-10-07 05:00:00,1356.4822455,1357.70654296875,XGBoost
2024-10-07 06:00:00,1539.20571775,1539.4080810546875,XGBoost
2024-10-07 07:00:00,1538.169,1537.951171875,XGBoost
2024-10-07 08:00:00,1487.52227425,1486.4539794921875,XGBoost
2024-10-07 09:00:00,1442.3204955,1441.700439453125,XGBoost
2024-10-07 10:00:00,1515.10399825,1515.6580810546875,XGBoost
2024-10-07 11:00:00,1588.512642,1589.2164306640625,XGBoost
2024-10-07 12:00:00,1424.3612455,1424.7412109375,XGBoost
2024-10-07 13:00:00,1514.51130075,1513.255126953125,XGBoost
2024-10-07 14:00:00,1444.688404,1443.8089599609375,XGBoost
2024-10-07 15:00:00,1428.99362325,1427.9852294921875,XGBoost
2024-10-07 16:00:00,1586.8583935,1586.642333984375,XGBoost
2024-10-07 17:00:00,1592.08423,1592.1219482421875,XGBoost
2024-10-07 18:00:00,1412.5684807500002,1412.213134765625,XGBoost
2024-10-07 19:00:00,1535.51666525,1534.438232421875,XGBoost
2024-10-07 20:00:00,1560.53688225,1561.030029296875,XGBoost
2024-10-07 21:00:00,1561.09646575,1561.6385498046875,XGBoost
2024-10-07 22:00:00,1543.91067075,1545.49560546875,XGBoost
2024-10-07 23:00:00,1444.1652245,1444.17236328125,XGBoost
2024-10-08 00:00:00,1542.3041715,1544.2015380859375,XGBoost
2024-10-08 01:00:00,1469.05807525,1468.9776611328125,XGBoost
2024-10-08 02:00:00,1627.33811075,1624.9908447265625,XGBoost
2024-10-08 03:00:00,1537.754538,1537.450927734375,XGBoost
2024-10-08 04:00:00,1549.34546975,1549.651123046875,XGBoost
2024-10-08 05:00:00,1471.37095,1469.8575439453125,XGBoost
2024-10-08 06:00:00,1461.4328055,1460.8388671875,XGBoost
2024-10-08 07:00:00,1580.8322975,1580.5201416015625,XGBoost
2024-10-08 08:00:00,1475.7241795,1473.697509765625,XGBoost
2024-10-08 09:00:00,1595.1377095,1596.34814453125,XGBoost
2024-10-08 10:00:00,1336.06082325,1335.6602783203125,XGBoost
2024-10-08 11:00:00,1426.51181375,1426.2762451171875,XGBoost
2024-10-08 12:00:00,1645.2014425,1646.18408203125,XGBoost
2024-10-08 13:00:00,1445.9111175,1445.31005859375,XGBoost
2024-10-08 14:00:00,1531.32572225,1532.5052490234375,XGBoost
2024-10-08 15:00:00,1434.601319,1433.332275390625,XGBoost
2024-10-08 16:00:00,1542.28143,1541.2869873046875,XGBoost
2024-10-08 17:00:00,1186.720103525,1202.023193359375,XGBoost
2024-10-08 18:00:00,1503.10464375,1502.6644287109375,XGBoost
2024-10-08 19:00:00,1502.47474225,1503.02490234375,XGBoost
2024-10-08 20:00:00,1492.41644525,1492.867431640625,XGBoost
2024-10-08 21:00:00,1600.747932,1601.0523681640625,XGBoost
2024-10-08 22:00:00,1408.5544075,1408.4412841796875,XGBoost
2024-10-08 23:00:00,1369.40246875,1371.31640625,XGBoost
2024-10-09 00:00:00,1452.80901925,1454.8353271484375,XGBoost
2024-10-09 01:00:00,1355.12242625,1355.0491943359375,XGBoost
2024-10-09 02:00:00,1609.3939770000002,1608.876953125,XGBoost
2024-10-09 03:00:00,1301.812398425,1306.0843505859375,XGBoost
2024-10-09 04:00:00,1443.17072725,1443.5423583984375,XGBoost
2024-10-09 05:00:00,1564.569687,1566.016845703125,XGBoost
2024-10-09 06:00:00,1620.8140375,1619.9097900390625,XGBoost
2024-10-09 07:00:00,1551.52294375,1550.0299072265625,XGBoost
2024-10-09 08:00:00,1520.22067,1519.7481689453125,XGBoost
2024-10-09 09:00:00,1799.21510375,1796.27001953125,XGBoost
2024-10-09 10:00:00,1350.528605,1347.579345703125,XGBoost
2024-10-09 11:00:00,1532.52035425,1531.9825439453125,XGBoost
2024-10-09 12:00:00,1453.18901125,1452.323974609375,XGBoost
2024-10-09 13:00:00,1477.50252625,1476.9395751953125,XGBoost
2024-10-09 14:00:00,1315.3884693999998,1318.45751953125,XGBoost
2024-10-09 15:00:00,1592.05079325,1592.2396240234375,XGBoost
2024-10-09 16:00:00,1555.19625725,1555.5537109375,XGBoost
2024-10-09 17:00:00,1347.89062375,1347.0101318359375,XGBoost
2024-10-09 18:00:00,1732.7021049999998,1733.17041015625,XGBoost
2024-10-09 19:00:00,1642.98087375,1643.5333251953125,XGBoost
2024-10-09 20:00:00,1424.688032,1424.4417724609375,XGBoost
2024-10-09 21:00:00,1646.03664275,1646.0460205078125,XGBoost
2024-10-09 22:00:00,1561.92563825,1561.3839111328125,XGBoost
2024-10-09 23:00:00,1642.3288052500002,1643.1107177734375,XGBoost
2024-10-10 00:00:00,1714.2651245,1711.79736328125,XGBoost
2024-10-10 01:00:00,1569.7328670000002,1568.9013671875,XGBoost
2024-10-10 02:00:00,1485.19026825,1485.5748291015625,XGBoost
2024-10-10 03:00:00,1648.8176975,1647.630615234375,XGBoost
2024-10-10 04:00:00,1569.14458475,1566.96533203125,XGBoost
2024-10-10 05:00:00,1519.55678575,1520.5853271484375,XGBoost
2024-10-10 06:00:00,1685.57951275,1684.7169189453125,XGBoost
2024-10-10 07:00:00,1547.97143975,1549.103271484375,XGBoost
2024-10-10 08:00:00,1353.79691975,1355.6876220703125,XGBoost
2024-10-10 09:00:00,1267.7383505,1267.116455078125,XGBoost
2024-10-10 10:00:00,1569.99745475,1569.933349609375,XGBoost
2024-10-10 11:00:00,1690.4205885,1689.565185546875,XGBoost
2024-10-10 12:00:00,1587.63234075,1586.12109375,XGBoost
2024-10-10 13:00:00,1629.203656,1627.7750244140625,XGBoost
2024-10-10 14:00:00,1281.29308275,1277.855712890625,XGBoost
2024-10-10 15:00:00,1586.652515,1582.1123046875,XGBoost
2024-10-10 16:00:00,1589.84908325,1586.7259521484375,XGBoost
2024-10-10 17:00:00,1340.5973355,1341.05126953125,XGBoost
2024-10-10 18:00:00,1680.88979375,1678.4697265625,XGBoost
2024-10-10 19:00:00,1327.7948835,1322.626953125,XGBoost
2024-10-10 20:00:00,1536.5999565,1536.2750244140625,XGBoost
2024-10-10 21:00:00,1379.8819555,1379.1561279296875,XGBoost
2024-10-10 22:00:00,1523.35583275,1524.5709228515625,XGBoost
2024-10-10 23:00:00,1599.04954025,1598.981201171875,XGBoost
2024-10-11 00:00:00,1454.61866175,1455.2364501953125,XGBoost
2024-10-11 01:00:00,1515.31524475,1516.742431640625,XGBoost
2024-10-11 02:00:00,1460.674616,1461.361572265625,XGBoost
2024-10-11 03:00:00,1589.9721205,1588.87451171875,XGBoost
2024-10-11 04:00:00,1512.26479475,1511.9569091796875,XGBoost
2024-10-11 05:00:00,1594.9236175,1593.8885498046875,XGBoost
2024-10-11 06:00:00,1514.68202875,1513.840087890625,XGBoost
2024-10-11 07:00:00,1503.85202225,1503.91455078125,XGBoost
2024-10-11 08:00:00,1501.07818325,1502.114990234375,XGBoost
2024-10-11 09:00:00,1446.258206,1446.17041015625,XGBoost
2024-10-11 10:00:00,1461.9877145,1463.316650390625,XGBoost
2024-10-11 11:00:00,1395.42875275,1396.41357421875,XGBoost
2024-10-11 12:00:00,1598.9382477499998,1598.2977294921875,XGBoost
2024-10-11 13:00:00,1426.47454775,1426.3602294921875,XGBoost
2024-10-11 14:00:00,1487.38473375,1486.4149169921875,XGBoost
2024-10-11 15:00:00,1388.31601125,1386.955810546875,XGBoost
2024-10-11 16:00:00,1261.869980825,1265.1058349609375,XGBoost
2024-10-11 17:00:00,1432.9717675,1432.9552001953125,XGBoost
2024-10-11 18:00:00,1550.85805975,1554.7674560546875,XGBoost
2024-10-11 19:00:00,1613.6172124999998,1613.0062255859375,XGBoost
2024-10-11 20:00:00,1479.18166025,1479.8841552734375,XGBoost
2024-10-11 21:00:00,1628.53907175,1629.132568359375,XGBoost
2024-10-11 22:00:00,1556.5703764999998,1557.9658203125,XGBoost
2024-10-11 23:00:00,1492.58161425,1492.2969970703125,XGBoost
2024-10-12 00:00:00,1439.3331345,1438.6116943359375,XGBoost
2024-10-12 01:00:00,1299.5290415,1294.1595458984375,XGBoost
2024-10-12 02:00:00,1415.05868425,1414.8984375,XGBoost
2024-10-12 03:00:00,1435.615269,1435.4385986328125,XGBoost
2024-10-12 04:00:00,1520.27296275,1520.6976318359375,XGBoost
2024-10-12 05:00:00,1586.911214,1586.6572265625,XGBoost
2024-10-12 06:00:00,1448.17925125,1447.23291015625,XGBoost
2024-10-12 07:00:00,1529.8198795,1531.56005859375,XGBoost
2024-10-12 08:00:00,1460.076422,1459.4091796875,XGBoost
2024-10-12 09:00:00,1494.97175125,1495.7476806640625,XGBoost
2024-10-12 10:00:00,1620.41849225,1620.05859375,XGBoost
2024-10-12 11:00:00,1681.82422525,1681.4425048828125,XGBoost
2024-10-12 12:00:00,1296.868505,1296.1588134765625,XGBoost
2024-10-12 13:00:00,1440.289516,1439.859619140625,XGBoost
2024-10-12 14:00:00,1639.4972575,1639.2598876953125,XGBoost
2024-10-12 15:00:00,1504.11150125,1504.516357421875,XGBoost
2024-10-12 16:00:00,1550.33783075,1551.5555419921875,XGBoost
2024-10-12 17:00:00,1464.8076075,1463.3624267578125,XGBoost
2024-10-12 18:00:00,1377.4791275,1377.8203125,XGBoost
2024-10-12 19:00:00,1476.30453925,1475.7451171875,XGBoost
2024-10-12 20:00:00,1540.84304425,1541.6898193359375,XGBoost
2024-10-12 21:00:00,1370.00021875,1370.4892578125,XGBoost
2024-10-12 22:00:00,1526.72031625,1527.25927734375,XGBoost
2024-10-12 23:00:00,1552.82422,1551.91259765625,XGBoost
2024-10-13 00:00:00,1534.16141025,1535.099853515625,XGBoost
2024-10-13 01:00:00,1485.1019740000002,1485.0274658203125,XGBoost
2024-10-13 02:00:00,1458.823876,1458.7767333984375,XGBoost
2024-10-13 03:00:00,1413.16128075,1412.4515380859375,XGBoost
2024-10-13 04:00:00,1736.421831,1737.3118896484375,XGBoost
2024-10-13 05:00:00,1447.22497525,1447.3485107421875,XGBoost
2024-10-13 06:00:00,1471.274022,1470.977294921875,XGBoost
2024-10-13 07:00:00,1545.03813475,1545.1827392578125,XGBoost
2024-10-13 08:00:00,1410.741348,1410.54296875,XGBoost
2024-10-13 09:00:00,1714.237578,1709.208984375,XGBoost
2024-10-13 10:00:00,1544.3288275,1545.3516845703125,XGBoost
2024-10-13 11:00:00,1470.687817,1470.1002197265625,XGBoost
2024-10-13 12:00:00,1335.037476,1333.7442626953125,XGBoost
2024-10-13 13:00:00,1482.37641,1481.54931640625,XGBoost
2024-10-13 14:00:00,1582.708326,1582.77587890625,XGBoost
2024-10-13 15:00:00,1373.199446,1371.793701171875,XGBoost
2024-10-13 16:00:00,1502.1356565,1502.318603515625,XGBoost
2024-10-13 17:00:00,1424.85737875,1423.3551025390625,XGBoost
2024-10-13 18:00:00,1415.1585424999998,1414.302978515625,XGBoost
2024-10-13 19:00:00,1334.877934,1334.0537109375,XGBoost
2024-10-13 20:00:00,1693.40345325,1692.5850830078125,XGBoost
2024-10-13 21:00:00,1464.82757275,1464.8624267578125,XGBoost
2024-10-13 22:00:00,1598.74130475,1600.169677734375,XGBoost
2024-10-13 23:00:00,1420.59969,1420.872802734375,XGBoost
2024-10-14 00:00:00,1572.10790425,1571.2457275390625,XGBoost
2024-10-14 01:00:00,1480.04616775,1480.8577880859375,XGBoost
2024-10-14 02:00:00,1513.309661,1514.1190185546875,XGBoost
2024-10-14 03:00:00,1551.8192745,1550.1651611328125,XGBoost
2024-10-14 04:00:00,1570.889852,1571.8721923828125,XGBoost
2024-10-14 05:00:00,1371.41311125,1371.4970703125,XGBoost
2024-10-14 06:00:00,1539.03219225,1537.926025390625,XGBoost
2024-10-14 07:00:00,1466.276832,1464.324951171875,XGBoost
2024-10-14 08:00:00,1579.30038225,1577.7967529296875,XGBoost
2024-10-14 09:00:00,1392.897826,1392.632568359375,XGBoost
2024-10-14 10:00:00,1391.82638575,1391.3701171875,XGBoost
2024-10-14 11:00:00,1389.25761925,1388.677490234375,XGBoost
2024-10-14 12:00:00,1527.92330575,1528.6829833984375,XGBoost
2024-10-14 13:00:00,1495.90952875,1496.888916015625,XGBoost
2024-10-14 14:00:00,1338.5065215,1338.4901123046875,XGBoost
2024-10-14 15:00:00,1524.87950875,1525.0570068359375,XGBoost
2024-10-14 16:00:00,1577.814254,1577.7149658203125,XGBoost
2024-10-14 17:00:00,1429.473159,1428.5242919921875,XGBoost
2024-10-14 18:00:00,1508.96874575,1509.935791015625,XGBoost
2024-10-14 19:00:00,1619.019479,1619.738525390625,XGBoost
2024-10-14 20:00:00,1508.62162125,1509.20166015625,XGBoost
2024-10-14 21:00:00,1384.3300144999998,1384.6087646484375,XGBoost
2024-10-14 22:00:00,1546.37401525,1546.0670166015625,XGBoost
2024-10-14 23:00:00,1442.85860625,1442.296142578125,XGBoost
2024-10-15 00:00:00,1645.66140025,1645.0782470703125,XGBoost
2024-10-15 01:00:00,1611.0108025,1613.3907470703125,XGBoost
2024-10-15 02:00:00,1602.75626575,1601.7557373046875,XGBoost
2024-10-15 03:00:00,1455.2299005,1454.02783203125,XGBoost
2024-10-15 04:00:00,1455.14738875,1455.1802978515625,XGBoost
2024-10-15 05:00:00,1515.4730845,1515.9913330078125,XGBoost
2024-10-15 06:00:00,1426.579718,1427.77783203125,XGBoost
2024-10-15 07:00:00,1422.052583,1421.4434814453125,XGBoost
2024-10-15 08:00:00,1580.01283175,1579.586181640625,XGBoost
2024-10-15 09:00:00,1510.02555125,1510.629638671875,XGBoost
2024-10-15 10:00:00,1432.508151,1433.16064453125,XGBoost
2024-10-15 11:00:00,1455.51114125,1454.657958984375,XGBoost
2024-10-15 12:00:00,1578.02102925,1577.147705078125,XGBoost
2024-10-15 13:00:00,1661.84872975,1661.894287109375,XGBoost
2024-10-15 14:00:00,1594.0352755,1594.605712890625,XGBoost
2024-10-15 15:00:00,1388.76880675,1387.871337890625,XGBoost
2024-10-15 16:00:00,1632.4845375,1632.5791015625,XGBoost
2024-10-15 17:00:00,1436.39893775,1436.454833984375,XGBoost
2024-10-15 18:00:00,1537.07606175,1536.43896484375,XGBoost
2024-10-15 19:00:00,1482.12883775,1482.6875,XGBoost
2024-10-15 20:00:00,1639.42164025,1639.4227294921875,XGBoost
2024-10-15 21:00:00,1382.883397,1383.6806640625,XGBoost
2024-10-15 22:00:00,1566.69841475,1567.3819580078125,XGBoost
2024-10-15 23:00:00,1431.94591275,1430.802490234375,XGBoost
2024-10-16 00:00:00,1530.85691775,1532.146240234375,XGBoost
2024-10-16 01:00:00,1647.00714125,1647.1966552734375,XGBoost
2024-10-16 02:00:00,1530.2493755,1528.92236328125,XGBoost
2024-10-16 03:00:00,1352.34551025,1353.2197265625,XGBoost
2024-10-16 04:00:00,1614.42425325,1613.7369384765625,XGBoost
2024-10-16 05:00:00,1487.058195,1487.3336181640625,XGBoost
2024-10-16 06:00:00,1452.91173175,1453.4713134765625,XGBoost
2024-10-16 07:00:00,1793.611092,1793.63623046875,XGBoost
2024-10-16 08:00:00,1343.895434,1342.951904296875,XGBoost
2024-10-16 09:00:00,1293.14612725,1288.496337890625,XGBoost
2024-10-16 10:00:00,1447.9245065,1448.116943359375,XGBoost
2024-10-16 11:00:00,1374.62906825,1376.80810546875,XGBoost
2024-10-16 12:00:00,1497.91249375,1495.4608154296875,XGBoost
2024-10-16 13:00:00,1543.195651,1542.7816162109375,XGBoost
2024-10-16 14:00:00,1465.1431765,1464.363525390625,XGBoost
2024-10-16 15:00:00,1543.280212,1542.266845703125,XGBoost
2024-10-16 16:00:00,1393.9523475,1394.5823974609375,XGBoost
2024-10-16 17:00:00,1480.857144175,1482.5291748046875,XGBoost
2024-10-16 18:00:00,1430.7328635,1429.6964111328125,XGBoost
2024-10-16 19:00:00,1409.05161375,1408.8848876953125,XGBoost
2024-10-16 20:00:00,1642.39777875,1643.7568359375,XGBoost
2024-10-16 21:00:00,1454.96134225,1455.658203125,XGBoost
2024-10-16 22:00:00,1355.5984,1356.8270263671875,XGBoost
2024-10-16 23:00:00,1469.0002435,1468.7410888671875,XGBoost
2024-10-17 00:00:00,1408.7575475,1408.6082763671875,XGBoost
2024-10-17 01:00:00,1355.068378,1355.1285400390625,XGBoost
2024-10-17 02:00:00,1471.76454425,1471.44384765625,XGBoost
2024-10-17 03:00:00,1487.775278,1488.766845703125,XGBoost
2024-10-17 04:00:00,1515.77565,1515.776123046875,XGBoost
2024-10-17 05:00:00,1654.517188,1653.7392578125,XGBoost
2024-10-17 06:00:00,1645.94628175,1645.6669921875,XGBoost
2024-10-17 07:00:00,1520.171178,1520.8599853515625,XGBoost
2024-10-17 08:00:00,1440.13781725,1440.51708984375,XGBoost
2024-10-17 09:00:00,1574.84395975,1573.6568603515625,XGBoost
2024-10-17 10:00:00,1373.2242354999998,1374.6524658203125,XGBoost
2024-10-17 11:00:00,1451.0848775,1448.6104736328125,XGBoost
2024-10-17 12:00:00,1438.554762,1439.283447265625,XGBoost
2024-10-17 13:00:00,1420.8086415,1421.2325439453125,XGBoost
2024-10-17 14:00:00,1683.43886775,1684.91748046875,XGBoost
2024-10-17 15:00:00,1453.6834347499998,1452.9913330078125,XGBoost
2024-10-17 16:00:00,1646.6985705,1647.0506591796875,XGBoost
2024-10-17 17:00:00,1616.73565625,1616.266357421875,XGBoost
2024-10-17 18:00:00,1532.80413725,1532.701171875,XGBoost
2024-10-17 19:00:00,1435.865252825,1435.9468994140625,XGBoost
2024-10-17 20:00:00,1417.9208855,1418.1202392578125,XGBoost
2024-10-17 21:00:00,1480.76209275,1481.812255859375,XGBoost
2024-10-17 22:00:00,1470.70740075,1469.261962890625,XGBoost
2024-10-17 23:00:00,1513.33233725,1513.130615234375,XGBoost
2024-10-18 00:00:00,1473.8333435,1472.413330078125,XGBoost
2024-10-18 01:00:00,1577.13503825,1576.7081298828125,XGBoost
2024-10-18 02:00:00,1544.275047,1545.115234375,XGBoost
2024-10-18 03:00:00,1542.603934,1542.32421875,XGBoost
2024-10-18 04:00:00,1634.53777775,1633.8720703125,XGBoost
2024-10-18 05:00:00,1367.2041545,1366.4283447265625,XGBoost
2024-10-18 06:00:00,1518.7453465,1517.9886474609375,XGBoost
2024-10-18 07:00:00,1484.85222225,1486.3538818359375,XGBoost
2024-10-18 08:00:00,1446.736636,1447.69677734375,XGBoost
2024-10-18 09:00:00,1421.8944145,1422.3834228515625,XGBoost
2024-10-18 10:00:00,1456.56852225,1456.8310546875,XGBoost
2024-10-18 11:00:00,1543.0749965,1543.35498046875,XGBoost
2024-10-18 12:00:00,1516.45356125,1516.9317626953125,XGBoost
2024-10-18 13:00:00,1305.49508075,1306.3232421875,XGBoost
2024-10-18 14:00:00,1683.6325345,1683.571533203125,XGBoost
2024-10-18 15:00:00,1543.484188,1542.68505859375,XGBoost
2024-10-18 16:00:00,1446.30439975,1446.6407470703125,XGBoost
2024-10-18 17:00:00,1675.783913,1673.8367919921875,XGBoost
2024-10-18 18:00:00,1383.743016,1383.6307373046875,XGBoost
2024-10-18 19:00:00,1483.83081075,1483.6781005859375,XGBoost
2024-10-18 20:00:00,1626.06996275,1626.4996337890625,XGBoost
2024-10-18 21:00:00,1320.566792,1321.586669921875,XGBoost
2024-10-18 22:00:00,1505.6698475,1505.310791015625,XGBoost
2024-10-18 23:00:00,1355.732027,1354.560791015625,XGBoost
2024-10-19 00:00:00,1524.61984,1524.0872802734375,XGBoost
2024-10-19 01:00:00,1653.7957965,1654.01806640625,XGBoost
2024-10-19 02:00:00,1435.789416,1436.5894775390625,XGBoost
2024-10-19 03:00:00,1423.442416325,1423.5855712890625,XGBoost
2024-10-19 04:00:00,1516.4144925,1516.775634765625,XGBoost
2024-10-19 05:00:00,1435.72058525,1435.18896484375,XGBoost
2024-10-19 06:00:00,1554.2710785,1551.52978515625,XGBoost
2024-10-19 07:00:00,1438.02413225,1438.2862548828125,XGBoost
2024-10-19 08:00:00,1498.47235225,1498.65576171875,XGBoost
2024-10-19 09:00:00,1457.05738825,1458.5401611328125,XGBoost
2024-10-19 10:00:00,1487.5856465,1489.1025390625,XGBoost
2024-10-19 11:00:00,1440.59996675,1440.1942138671875,XGBoost
2024-10-19 12:00:00,1610.77346025,1613.5518798828125,XGBoost
2024-10-19 13:00:00,1349.739943,1349.583984375,XGBoost
2024-10-19 14:00:00,1460.2218025,1460.53369140625,XGBoost
2024-10-19 15:00:00,1408.778231,1408.4342041015625,XGBoost
2024-10-19 16:00:00,1533.21580475,1532.8731689453125,XGBoost
2024-10-19 17:00:00,1547.977642,1548.390380859375,XGBoost
2024-10-19 18:00:00,1521.1641965,1521.5089111328125,XGBoost
2024-10-19 19:00:00,1406.8370055,1407.205322265625,XGBoost
2024-10-19 20:00:00,1728.702596,1733.40966796875,XGBoost
2024-10-19 21:00:00,1517.42979725,1518.1898193359375,XGBoost
2024-10-19 22:00:00,1486.35202325,1486.89892578125,XGBoost
2024-10-19 23:00:00,1363.9816455,1364.63037109375,XGBoost
2024-10-20 00:00:00,1496.89066,1496.3408203125,XGBoost
2024-10-20 01:00:00,1658.64705875,1658.662353515625,XGBoost
2024-10-20 02:00:00,1301.5888945000002,1305.549560546875,XGBoost
2024-10-20 03:00:00,1593.344132,1593.339599609375,XGBoost
2024-10-20 04:00:00,1689.893581,1690.01904296875,XGBoost
2024-10-20 05:00:00,1407.1974825,1407.5689697265625,XGBoost
2024-10-20 06:00:00,1413.86797,1413.7557373046875,XGBoost
2024-10-20 07:00:00,1407.85633525,1408.841552734375,XGBoost
2024-10-20 08:00:00,1446.36261975,1446.489501953125,XGBoost
2024-10-20 09:00:00,1518.05398625,1519.0947265625,XGBoost
2024-10-20 10:00:00,1630.46328325,1630.49853515625,XGBoost
2024-10-20 11:00:00,1584.58325925,1585.022705078125,XGBoost
2024-10-20 12:00:00,1472.51094925,1472.6011962890625,XGBoost
2024-10-20 13:00:00,1475.26636825,1476.544677734375,XGBoost
2024-10-20 14:00:00,1508.04149775,1508.178466796875,XGBoost
2024-10-20 15:00:00,1474.05591475,1474.148193359375,XGBoost
2024-10-20 16:00:00,1371.83211475,1373.051513671875,XGBoost
2024-10-20 17:00:00,1373.8020045,1373.3114013671875,XGBoost
2024-10-20 18:00:00,1573.495712,1574.4930419921875,XGBoost
2024-10-20 19:00:00,1369.1026940000002,1369.929931640625,XGBoost
2024-10-20 20:00:00,1644.7054,1642.49072265625,XGBoost
2024-10-20 21:00:00,1461.01340425,1460.8780517578125,XGBoost
2024-10-20 22:00:00,1593.613202,1591.5626220703125,XGBoost
2024-10-20 23:00:00,1618.0175905,1618.6707763671875,XGBoost
2024-10-21 00:00:00,1441.6843735,1441.3807373046875,XGBoost
2024-10-21 01:00:00,1498.251142,1497.5250244140625,XGBoost
2024-10-21 02:00:00,1670.55969675,1671.5887451171875,XGBoost
2024-10-21 03:00:00,1511.10154475,1510.9344482421875,XGBoost
2024-10-21 04:00:00,1458.1603535,1458.6361083984375,XGBoost
2024-10-21 05:00:00,1424.620953275,1424.7718505859375,XGBoost
2024-10-21 06:00:00,1666.7130929999998,1667.555419921875,XGBoost
2024-10-21 07:00:00,1403.04681025,1405.216796875,XGBoost
2024-10-21 08:00:00,1543.34813375,1543.458251953125,XGBoost
2024-10-21 09:00:00,1498.767699,1496.5716552734375,XGBoost
2024-10-21 10:00:00,1487.52161125,1488.4810791015625,XGBoost
2024-10-21 11:00:00,1475.1768215,1475.829345703125,XGBoost
2024-10-21 12:00:00,1469.04709025,1470.14990234375,XGBoost
2024-10-21 13:00:00,1448.77246325,1447.7606201171875,XGBoost
2024-10-21 14:00:00,1595.56213,1597.3914794921875,XGBoost
2024-10-21 15:00:00,1302.7108605,1306.218994140625,XGBoost
2024-10-21 16:00:00,1485.72406975,1486.6417236328125,XGBoost
2024-10-21 17:00:00,1395.052567,1394.006103515625,XGBoost
2024-10-21 18:00:00,1482.44877675,1482.8240966796875,XGBoost
2024-10-21 19:00:00,1527.62644275,1525.8392333984375,XGBoost
2024-10-21 20:00:00,1478.26317925,1479.6234130859375,XGBoost
2024-10-21 21:00:00,1530.1346935,1530.206298828125,XGBoost
2024-10-21 22:00:00,1306.28095925,1301.861572265625,XGBoost
2024-10-21 23:00:00,1494.79431075,1494.64306640625,XGBoost
2024-10-22 00:00:00,1492.9830849999998,1491.899169921875,XGBoost
2024-10-22 01:00:00,1612.53461225,1612.708740234375,XGBoost
2024-10-22 02:00:00,1455.2364515,1454.612548828125,XGBoost
2024-10-22 03:00:00,1495.57325375,1495.4962158203125,XGBoost
2024-10-22 04:00:00,1462.91724475,1463.965087890625,XGBoost
2024-10-22 05:00:00,1518.30016425,1518.1683349609375,XGBoost
2024-10-22 06:00:00,1518.7108435,1518.4686279296875,XGBoost
2024-10-22 07:00:00,1357.237808825,1358.322509765625,XGBoost
2024-10-22 08:00:00,1478.376319,1477.9234619140625,XGBoost
2024-10-22 09:00:00,1610.38561975,1609.0872802734375,XGBoost
2024-10-22 10:00:00,1530.5394075,1531.16845703125,XGBoost
2024-10-22 11:00:00,1510.985963,1511.4283447265625,XGBoost
2024-10-22 12:00:00,1447.4936705,1447.1953125,XGBoost
2024-10-22 13:00:00,1540.11150425,1540.624267578125,XGBoost
2024-10-22 14:00:00,1552.19412175,1550.658447265625,XGBoost
2024-10-22 15:00:00,1560.5493335,1557.7178955078125,XGBoost
2024-10-22 16:00:00,1409.712504,1411.058837890625,XGBoost
2024-10-22 17:00:00,1627.35568025,1625.5948486328125,XGBoost
2024-10-22 18:00:00,1598.94558175,1597.91064453125,XGBoost
2024-10-22 19:00:00,1458.324567,1459.0323486328125,XGBoost
2024-10-22 20:00:00,1527.89449475,1526.9698486328125,XGBoost
2024-10-22 21:00:00,1286.23227975,1291.697509765625,XGBoost
2024-10-22 22:00:00,1502.014311,1501.945068359375,XGBoost
2024-10-22 23:00:00,1524.65851625,1525.0150146484375,XGBoost
2024-10-23 00:00:00,1546.122599,1545.4285888671875,XGBoost
2024-10-23 01:00:00,1567.14117775,1564.917236328125,XGBoost
2024-10-23 02:00:00,1610.61533275,1610.26318359375,XGBoost
2024-10-23 03:00:00,1539.1907155,1538.61767578125,XGBoost
2024-10-23 04:00:00,1510.79393375,1511.4989013671875,XGBoost
2024-10-23 05:00:00,1379.5901075000002,1381.261962890625,XGBoost
2024-10-23 06:00:00,1661.64830925,1662.9766845703125,XGBoost
2024-10-23 07:00:00,1554.36023125,1557.633544921875,XGBoost
2024-10-23 08:00:00,1490.693889,1490.479248046875,XGBoost
2024-10-23 09:00:00,1469.60386125,1470.1715087890625,XGBoost
2024-10-23 10:00:00,1625.838933,1625.9288330078125,XGBoost
2024-10-23 11:00:00,1382.0959585,1383.3199462890625,XGBoost
2024-10-23 12:00:00,1402.286205,1401.4053955078125,XGBoost
2024-10-23 13:00:00,1651.01059125,1650.6859130859375,XGBoost
2024-10-23 14:00:00,1607.33944075,1608.9638671875,XGBoost
2024-10-23 15:00:00,1492.358251725,1492.3551025390625,XGBoost
2024-10-23 16:00:00,1467.43073175,1466.7545166015625,XGBoost
2024-10-23 17:00:00,1479.958123,1478.3720703125,XGBoost
2024-10-23 18:00:00,1304.371423125,1306.343017578125,XGBoost
2024-10-23 19:00:00,1245.15362955,1246.8250732421875,XGBoost
2024-10-23 20:00:00,1498.77923625,1498.1121826171875,XGBoost
2024-10-23 21:00:00,1570.69045725,1571.5125732421875,XGBoost
2024-10-23 22:00:00,1496.08605825,1497.0208740234375,XGBoost
2024-10-23 23:00:00,1487.667504,1488.8260498046875,XGBoost
2024-10-24 00:00:00,1359.50203,1358.2373046875,XGBoost
2024-10-24 01:00:00,1558.45129275,1558.27685546875,XGBoost
2024-10-24 02:00:00,1612.19023375,1611.8682861328125,XGBoost
2024-10-24 03:00:00,1573.42386475,1574.9976806640625,XGBoost
2024-10-24 04:00:00,1462.653804,1463.2698974609375,XGBoost
2024-10-24 05:00:00,1385.3087175,1386.703369140625,XGBoost
2024-10-24 06:00:00,1491.86820725,1490.88818359375,XGBoost
2024-10-24 07:00:00,1634.97223275,1635.052490234375,XGBoost
2024-10-24 08:00:00,1493.49806475,1493.643310546875,XGBoost
2024-10-24 09:00:00,1554.9275315,1555.0718994140625,XGBoost
2024-10-24 10:00:00,1502.29930425,1502.0877685546875,XGBoost
2024-10-24 11:00:00,1581.85477525,1581.7349853515625,XGBoost
2024-10-24 12:00:00,1507.57949125,1507.8984375,XGBoost
2024-10-24 13:00:00,1500.4419645,1500.7919921875,XGBoost
2024-10-24 14:00:00,1553.70854775,1552.67236328125,XGBoost
2024-10-24 15:00:00,1706.71274275,1700.4453125,XGBoost
2024-10-24 16:00:00,1705.633844,1703.6732177734375,XGBoost
2024-10-24 17:00:00,1460.19117425,1461.1527099609375,XGBoost
2024-10-24 18:00:00,1615.35127225,1613.902099609375,XGBoost
2024-10-24 19:00:00,1595.28257225,1593.55908203125,XGBoost
2024-10-24 20:00:00,1539.64133725,1539.8795166015625,XGBoost
2024-10-24 21:00:00,1560.13863175,1559.12451171875,XGBoost
2024-10-24 22:00:00,1623.2663225,1623.954345703125,XGBoost
2024-10-24 23:00:00,1623.20861825,1622.854248046875,XGBoost
2024-10-25 00:00:00,1611.98587075,1613.0152587890625,XGBoost
2024-10-25 01:00:00,1520.9658295,1520.87451171875,XGBoost
2024-10-25 02:00:00,1546.361379,1545.309814453125,XGBoost
2024-10-25 03:00:00,1371.75245425,1372.9888916015625,XGBoost
2024-10-25 04:00:00,1387.34059775,1385.4136962890625,XGBoost
2024-10-25 05:00:00,1320.8729935,1321.9853515625,XGBoost
2024-10-25 06:00:00,1439.6056962500002,1439.48388671875,XGBoost
2024-10-25 07:00:00,1188.35781425,1197.8115234375,XGBoost
2024-10-25 08:00:00,1526.87586075,1526.1673583984375,XGBoost
2024-10-25 09:00:00,1362.81431875,1361.6781005859375,XGBoost
2024-10-25 10:00:00,1774.284828,1786.9521484375,XGBoost
2024-10-25 11:00:00,1518.41778575,1518.1632080078125,XGBoost
2024-10-25 12:00:00,1477.20971525,1476.8988037109375,XGBoost
2024-10-25 13:00:00,1552.7823475,1553.6234130859375,XGBoost
2024-10-25 14:00:00,1508.94339,1509.14990234375,XGBoost
2024-10-25 15:00:00,1584.06606075,1582.2821044921875,XGBoost
2024-10-25 16:00:00,1489.5226055,1489.4266357421875,XGBoost
2024-10-25 17:00:00,1540.04750475,1540.73095703125,XGBoost
2024-10-25 18:00:00,1839.19298125,1805.62255859375,XGBoost
2024-10-25 19:00:00,1349.4846465,1350.4898681640625,XGBoost
2024-10-25 20:00:00,1647.1239,1646.2955322265625,XGBoost
2024-10-25 21:00:00,1663.15381025,1661.794189453125,XGBoost
2024-10-25 22:00:00,1497.90632525,1496.479248046875,XGBoost
2024-10-25 23:00:00,1377.56047925,1377.4422607421875,XGBoost
2024-10-26 00:00:00,1530.1038715,1529.92236328125,XGBoost
2024-10-26 01:00:00,1417.3284055,1417.65185546875,XGBoost
2024-10-26 02:00:00,1649.00826875,1646.838134765625,XGBoost
2024-10-26 03:00:00,1650.47158275,1649.30029296875,XGBoost
2024-10-26 04:00:00,1440.390414,1440.9298095703125,XGBoost
2024-10-26 05:00:00,1543.6927987499998,1543.3377685546875,XGBoost
2024-10-26 06:00:00,1396.4024225,1395.246826171875,XGBoost
2024-10-26 07:00:00,1726.664452,1718.252197265625,XGBoost
2024-10-26 08:00:00,1510.9497125,1510.1466064453125,XGBoost
2024-10-26 09:00:00,1417.678701,1416.8818359375,XGBoost
2024-10-26 10:00:00,1424.42504725,1424.7188720703125,XGBoost
2024-10-26 11:00:00,1414.39724625,1414.3372802734375,XGBoost
2024-10-26 12:00:00,1357.409099,1356.6597900390625,XGBoost
2024-10-26 13:00:00,1580.92718625,1581.2615966796875,XGBoost
2024-10-26 14:00:00,1681.87766825,1683.198486328125,XGBoost
2024-10-26 15:00:00,1553.7923035,1553.981201171875,XGBoost
2024-10-26 16:00:00,1592.7173075,1593.6405029296875,XGBoost
2024-10-26 17:00:00,1503.80443425,1502.9412841796875,XGBoost
2024-10-26 18:00:00,1414.710179,1414.9114990234375,XGBoost
2024-10-26 19:00:00,1487.63251625,1489.380615234375,XGBoost
2024-10-26 20:00:00,1436.16802825,1435.7869873046875,XGBoost
2024-10-26 21:00:00,1519.732643,1520.651123046875,XGBoost
2024-10-26 22:00:00,1577.63378825,1578.37109375,XGBoost
2024-10-26 23:00:00,1475.8000685,1475.399658203125,XGBoost
2024-10-27 00:00:00,1522.725587,1521.833984375,XGBoost
2024-10-27 01:00:00,1370.18956975,1369.639892578125,XGBoost
2024-10-27 02:00:00,1704.84927425,1705.40234375,XGBoost
2024-10-27 03:00:00,1598.80350975,1600.3743896484375,XGBoost
2024-10-27 04:00:00,1393.28410125,1393.303466796875,XGBoost
2024-10-27 05:00:00,1405.62664575,1405.51904296875,XGBoost
2024-10-27 06:00:00,1477.941616,1479.1812744140625,XGBoost
2024-10-27 07:00:00,1420.28700875,1422.9478759765625,XGBoost
2024-10-27 08:00:00,1444.8993065,1444.3419189453125,XGBoost
2024-10-27 09:00:00,1476.611237,1476.255615234375,XGBoost
2024-10-27 10:00:00,1584.65641925,1583.97412109375,XGBoost
2024-10-27 11:00:00,1539.40901975,1540.764404296875,XGBoost
2024-10-27 12:00:00,1429.43217525,1428.4554443359375,XGBoost
2024-10-27 13:00:00,1657.07211825,1658.238525390625,XGBoost
2024-10-27 14:00:00,1460.18461225,1460.3048095703125,XGBoost
2024-10-27 15:00:00,1491.5318095,1492.4019775390625,XGBoost
2024-10-27 16:00:00,1452.647935,1452.8165283203125,XGBoost
2024-10-27 17:00:00,1515.8002805,1516.3919677734375,XGBoost
2024-10-27 18:00:00,1650.1983235,1649.2900390625,XGBoost
2024-10-27 19:00:00,1608.78706925,1608.721923828125,XGBoost
2024-10-27 20:00:00,1376.2481885,1376.14794921875,XGBoost
2024-10-27 21:00:00,1374.7538825,1374.6639404296875,XGBoost
2024-10-27 22:00:00,1507.1772685,1508.6473388671875,XGBoost
2024-10-27 23:00:00,1509.587356,1510.8040771484375,XGBoost
2024-10-28 00:00:00,1516.5617355,1517.3988037109375,XGBoost
2024-10-28 01:00:00,1379.41154725,1379.65625,XGBoost
2024-10-28 02:00:00,1379.42724775,1381.3138427734375,XGBoost
2024-10-28 03:00:00,1321.4100715,1321.717529296875,XGBoost
2024-10-28 04:00:00,1328.31764615,1326.761474609375,XGBoost
2024-10-28 05:00:00,1498.9164342499998,1499.0435791015625,XGBoost
2024-10-28 06:00:00,1372.01381775,1372.5238037109375,XGBoost
2024-10-28 07:00:00,1543.2410345,1544.1136474609375,XGBoost
2024-10-28 08:00:00,1503.8465285,1503.9766845703125,XGBoost
2024-10-28 09:00:00,1436.72083125,1437.4781494140625,XGBoost
2024-10-28 10:00:00,1479.43980525,1479.6845703125,XGBoost
2024-10-28 11:00:00,1506.1137175,1506.560546875,XGBoost
2024-10-28 12:00:00,1401.75510925,1401.762939453125,XGBoost
2024-10-28 13:00:00,1425.61993625,1425.5830078125,XGBoost
2024-10-28 14:00:00,1511.445722,1511.718017578125,XGBoost
2024-10-28 15:00:00,1440.65188575,1437.9713134765625,XGBoost
2024-10-28 16:00:00,1631.95736525,1630.90771484375,XGBoost
2024-10-28 17:00:00,1416.2968025,1415.646484375,XGBoost
2024-10-28 18:00:00,1458.30657775,1459.300048828125,XGBoost
2024-10-28 19:00:00,1406.044410825,1406.6387939453125,XGBoost
2024-10-28 20:00:00,1533.0687445,1533.0023193359375,XGBoost
2024-10-28 21:00:00,1437.7532845,1438.4180908203125,XGBoost
2024-10-28 22:00:00,1537.35499925,1538.15869140625,XGBoost
2024-10-28 23:00:00,1608.38368125,1604.91943359375,XGBoost
2024-10-29 00:00:00,1470.7262605,1469.765869140625,XGBoost
2024-10-29 01:00:00,1441.164552,1442.4508056640625,XGBoost
2024-10-29 02:00:00,1514.16902025,1514.02587890625,XGBoost
2024-10-29 03:00:00,1548.06019425,1547.7056884765625,XGBoost
2024-10-29 04:00:00,1393.10135525,1393.5338134765625,XGBoost
2024-10-29 05:00:00,1658.416971,1657.89892578125,XGBoost
2024-10-29 06:00:00,1422.243562,1422.2666015625,XGBoost
2024-10-29 07:00:00,1638.05894275,1638.571533203125,XGBoost
2024-10-29 08:00:00,1514.75367925,1514.7132568359375,XGBoost
2024-10-29 09:00:00,1666.73864225,1664.583251953125,XGBoost
2024-10-29 10:00:00,1509.64475,1509.37890625,XGBoost
2024-10-29 11:00:00,1346.69058075,1343.80419921875,XGBoost
2024-10-29 12:00:00,1546.189961,1547.0645751953125,XGBoost
2024-10-29 13:00:00,1527.5890375,1525.7381591796875,XGBoost
2024-10-29 14:00:00,1460.94412675,1461.4547119140625,XGBoost
2024-10-29 15:00:00,1367.80396075,1367.4632568359375,XGBoost
2024-10-29 16:00:00,1554.878404,1555.5301513671875,XGBoost
2024-10-29 17:00:00,1492.2024085,1493.33251953125,XGBoost
2024-10-29 18:00:00,1549.292641,1547.9151611328125,XGBoost
2024-10-29 19:00:00,1509.52751325,1508.7828369140625,XGBoost
2024-10-29 20:00:00,1503.0193654999998,1501.8792724609375,XGBoost
2024-10-29 21:00:00,1419.83309175,1422.155029296875,XGBoost
2024-10-29 22:00:00,1440.83966825,1440.235107421875,XGBoost
2024-10-29 23:00:00,1529.726867,1531.2598876953125,XGBoost
2024-10-30 00:00:00,1430.09430125,1431.0594482421875,XGBoost
2024-10-30 01:00:00,1457.35502975,1457.5989990234375,XGBoost
2024-10-30 02:00:00,1402.703685,1402.1588134765625,XGBoost
2024-10-30 03:00:00,1656.087128,1654.805419921875,XGBoost
2024-10-30 04:00:00,1275.32772975,1284.8160400390625,XGBoost
2024-10-30 05:00:00,1403.99519125,1402.27734375,XGBoost
2024-10-30 06:00:00,1475.0404405,1475.25244140625,XGBoost
2024-10-30 07:00:00,1565.18345925,1565.9462890625,XGBoost
2024-10-30 08:00:00,1498.17644375,1498.6732177734375,XGBoost
2024-10-30 09:00:00,1378.74729,1378.7095947265625,XGBoost
2024-10-30 10:00:00,1448.3696747499998,1449.07373046875,XGBoost
2024-10-30 11:00:00,1350.3719835,1349.791259765625,XGBoost
2024-10-30 12:00:00,1432.7158985,1430.6864013671875,XGBoost
2024-10-30 13:00:00,1406.70201175,1406.6553955078125,XGBoost
2024-10-30 14:00:00,1404.37952425,1404.891357421875,XGBoost
2024-10-30 15:00:00,1314.346754,1312.29833984375,XGBoost
2024-10-30 16:00:00,1360.78494875,1359.7149658203125,XGBoost
2024-10-30 17:00:00,1428.27811825,1428.0400390625,XGBoost
2024-10-30 18:00:00,1499.62929925,1499.6221923828125,XGBoost
2024-10-30 19:00:00,1623.39126425,1621.747802734375,XGBoost
2024-10-30 20:00:00,1560.31825475,1558.6583251953125,XGBoost
2024-10-30 21:00:00,1653.46592,1651.81884765625,XGBoost
2024-10-30 22:00:00,1480.94020025,1482.198974609375,XGBoost
2024-10-30 23:00:00,1607.06166075,1608.9591064453125,XGBoost
2024-10-31 00:00:00,1390.351796,1391.7265625,XGBoost
2024-10-31 01:00:00,1314.63269575,1314.0791015625,XGBoost
2024-10-31 02:00:00,1478.467278,1479.406982421875,XGBoost
2024-10-31 03:00:00,1506.160384,1506.8046875,XGBoost
2024-10-31 04:00:00,1518.8442185,1516.781005859375,XGBoost
2024-10-31 05:00:00,1472.9015035,1472.643310546875,XGBoost
2024-10-31 06:00:00,1500.5441435,1500.1845703125,XGBoost
2024-10-31 07:00:00,1468.072958,1467.0245361328125,XGBoost
2024-10-31 08:00:00,1629.92905925,1630.7867431640625,XGBoost
2024-10-31 09:00:00,1539.09766875,1538.874267578125,XGBoost
2024-10-31 10:00:00,1363.8003975,1364.6912841796875,XGBoost
2024-10-31 11:00:00,1355.28465975,1354.0601806640625,XGBoost
2024-10-31 12:00:00,1469.23408475,1469.32763671875,XGBoost
2024-10-31 13:00:00,1505.61487,1506.23095703125,XGBoost
2024-10-31 14:00:00,1561.7121965,1564.0184326171875,XGBoost
2024-10-31 15:00:00,1581.2650515,1582.2281494140625,XGBoost
2024-10-31 16:00:00,1492.743917,1492.5889892578125,XGBoost
2024-10-31 17:00:00,1623.758963,1624.697265625,XGBoost
2024-10-31 18:00:00,1683.9822195,1683.638916015625,XGBoost
2024-10-31 19:00:00,1412.425171,1411.79443359375,XGBoost
2024-10-31 20:00:00,1599.47374625,1599.6044921875,XGBoost
2024-10-31 21:00:00,1232.10055775,1213.572021484375,XGBoost
2024-10-31 22:00:00,1438.445916,1437.159912109375,XGBoost
2024-10-31 23:00:00,1581.63315575,1580.755615234375,XGBoost
2024-11-01 00:00:00,1522.63997625,1523.45703125,XGBoost
2024-11-01 01:00:00,1636.4896275,1634.20458984375,XGBoost
2024-11-01 02:00:00,1513.35431425,1515.0880126953125,XGBoost
2024-11-01 03:00:00,1470.91815025,1470.5966796875,XGBoost
2024-11-01 04:00:00,1627.58607075,1626.69970703125,XGBoost
2024-11-01 05:00:00,1548.2025045,1547.027587890625,XGBoost
2024-11-01 06:00:00,1646.467382,1647.1405029296875,XGBoost
2024-11-01 07:00:00,1294.0761625,1299.0943603515625,XGBoost
2024-11-01 08:00:00,1690.82775325,1691.1148681640625,XGBoost
2024-11-01 09:00:00,1337.45548475,1339.435302734375,XGBoost
2024-11-01 10:00:00,1591.530952,1593.389892578125,XGBoost
2024-11-01 11:00:00,1473.456324,1473.29150390625,XGBoost
2024-11-01 12:00:00,1596.34814325,1597.4100341796875,XGBoost
2024-11-01 13:00:00,1424.3824155,1424.453125,XGBoost
2024-11-01 14:00:00,1304.539477,1305.072509765625,XGBoost
2024-11-01 15:00:00,1514.79280575,1515.331298828125,XGBoost
2024-11-01 16:00:00,1593.2744360000002,1593.78271484375,XGBoost
2024-11-01 17:00:00,1577.9904875,1577.3192138671875,XGBoost
2024-11-01 18:00:00,1467.4235265,1467.005615234375,XGBoost
2024-11-01 19:00:00,1553.23776825,1553.861572265625,XGBoost
2024-11-01 20:00:00,1513.74725125,1514.66552734375,XGBoost
2024-11-01 21:00:00,1585.29241,1586.8978271484375,XGBoost
2024-11-01 22:00:00,1620.79051525,1620.9180908203125,XGBoost
2024-11-01 23:00:00,1481.6812505,1481.2755126953125,XGBoost
2024-11-02 00:00:00,1467.3723105,1466.9451904296875,XGBoost
2024-11-02 01:00:00,1607.90413675,1609.0244140625,XGBoost
2024-11-02 02:00:00,1556.93780125,1557.8040771484375,XGBoost
2024-11-02 03:00:00,1467.876922,1467.0413818359375,XGBoost
2024-11-02 04:00:00,1390.026,1390.510009765625,XGBoost
2024-11-02 05:00:00,1603.7921095000002,1604.67724609375,XGBoost
2024-11-02 06:00:00,1659.73749925,1659.90478515625,XGBoost
2024-11-02 07:00:00,1508.3175075,1508.0518798828125,XGBoost
2024-11-02 08:00:00,1513.64311725,1512.550048828125,XGBoost
2024-11-02 09:00:00,1647.34401875,1647.4063720703125,XGBoost
2024-11-02 10:00:00,1598.0109265,1597.3524169921875,XGBoost
2024-11-02 11:00:00,1433.680354,1434.0220947265625,XGBoost
2024-11-02 12:00:00,1432.9925322499998,1432.7523193359375,XGBoost
2024-11-02 13:00:00,1478.3635055,1477.5367431640625,XGBoost
2024-11-02 14:00:00,1558.90132825,1559.9530029296875,XGBoost
2024-11-02 15:00:00,1561.96638475,1562.5433349609375,XGBoost
2024-11-02 16:00:00,1516.60001925,1516.4915771484375,XGBoost
2024-11-02 17:00:00,1617.298024,1617.3385009765625,XGBoost
2024-11-02 18:00:00,1464.7710345,1464.3226318359375,XGBoost
2024-11-02 19:00:00,1534.850129,1536.542724609375,XGBoost
2024-11-02 20:00:00,1587.40596125,1587.7474365234375,XGBoost
2024-11-02 21:00:00,1622.6938,1621.325927734375,XGBoost
2024-11-02 22:00:00,1421.86804,1421.7960205078125,XGBoost
2024-11-02 23:00:00,1599.28887,1598.2318115234375,XGBoost
2024-11-03 00:00:00,1572.558911,1571.3629150390625,XGBoost
2024-11-03 01:00:00,1428.0838845,1426.2755126953125,XGBoost
2024-11-03 02:00:00,1537.32980375,1536.3580322265625,XGBoost
2024-11-03 03:00:00,1573.05852575,1571.4005126953125,XGBoost
2024-11-03 04:00:00,1538.68691925,1538.6656494140625,XGBoost
2024-11-03 05:00:00,1459.29260885,1459.998046875,XGBoost
2024-11-03 06:00:00,1456.1821155,1457.0999755859375,XGBoost
2024-11-03 07:00:00,1529.270512,1529.6187744140625,XGBoost
2024-11-03 08:00:00,1535.22736925,1534.2537841796875,XGBoost
2024-11-03 09:00:00,1489.64360875,1489.77734375,XGBoost
2024-11-03 10:00:00,1574.32756325,1575.6246337890625,XGBoost
2024-11-03 11:00:00,1276.0526545,1281.5133056640625,XGBoost
2024-11-03 12:00:00,1564.4237565,1564.709716796875,XGBoost
2024-11-03 13:00:00,1369.94921225,1368.572021484375,XGBoost
2024-11-03 14:00:00,1305.136794,1308.456298828125,XGBoost
2024-11-03 15:00:00,1545.7088075,1545.4307861328125,XGBoost
2024-11-03 16:00:00,1516.24440325,1516.28369140625,XGBoost
2024-11-03 17:00:00,1395.6294465,1394.869384765625,XGBoost
2024-11-03 18:00:00,1402.039276,1402.4468994140625,XGBoost
2024-11-03 19:00:00,1537.3834555,1538.3206787109375,XGBoost
2024-11-03 20:00:00,1342.27740375,1340.4947509765625,XGBoost
2024-11-03 21:00:00,1552.04129725,1552.821044921875,XGBoost
2024-11-03 22:00:00,1787.936087,1794.622802734375,XGBoost
2024-11-03 23:00:00,1522.95510625,1522.49462890625,XGBoost
2024-11-04 00:00:00,1445.410939,1447.1004638671875,XGBoost
2024-11-04 01:00:00,1396.816734,1396.265625,XGBoost
2024-11-04 02:00:00,1693.5742355,1696.5943603515625,XGBoost
2024-11-04 03:00:00,1489.51005825,1490.8331298828125,XGBoost
2024-11-04 04:00:00,1405.71253725,1406.81787109375,XGBoost
2024-11-04 05:00:00,1569.48159425,1566.965087890625,XGBoost
2024-11-04 06:00:00,1455.53873725,1454.561279296875,XGBoost
2024-11-04 07:00:00,1405.59203975,1405.8294677734375,XGBoost
2024-11-04 08:00:00,1625.8659347500002,1625.65673828125,XGBoost
2024-11-04 09:00:00,1513.813308,1512.822265625,XGBoost
2024-11-04 10:00:00,1455.41449425,1454.5374755859375,XGBoost
2024-11-04 11:00:00,1539.15459775,1538.44189453125,XGBoost
2024-11-04 12:00:00,1561.24723825,1562.0135498046875,XGBoost
2024-11-04 13:00:00,1732.864145,1734.232177734375,XGBoost
2024-11-04 14:00:00,1508.075301,1507.8238525390625,XGBoost
2024-11-04 15:00:00,1496.4496,1496.8055419921875,XGBoost
2024-11-04 16:00:00,1483.62262925,1483.942626953125,XGBoost
2024-11-04 17:00:00,1645.08652675,1646.8221435546875,XGBoost
2024-11-04 18:00:00,1522.62032575,1522.9241943359375,XGBoost
2024-11-04 19:00:00,1479.90866475,1480.9276123046875,XGBoost
2024-11-04 20:00:00,1694.793868,1696.9534912109375,XGBoost
2024-11-04 21:00:00,1417.87191275,1417.706787109375,XGBoost
2024-11-04 22:00:00,1472.954395,1474.04931640625,XGBoost
2024-11-04 23:00:00,1575.87238375,1576.89453125,XGBoost
2024-11-05 00:00:00,1405.08746625,1406.041015625,XGBoost
2024-11-05 01:00:00,1455.6738135,1454.7601318359375,XGBoost
2024-11-05 02:00:00,1572.7011115,1571.01318359375,XGBoost
2024-11-05 03:00:00,1453.70940225,1453.8328857421875,XGBoost
2024-11-05 04:00:00,1597.09585875,1597.978271484375,XGBoost
2024-11-05 05:00:00,1530.16464775,1530.4608154296875,XGBoost
2024-11-05 06:00:00,1421.827057,1420.3515625,XGBoost
2024-11-05 07:00:00,1610.615468,1610.33203125,XGBoost
2024-11-05 08:00:00,1272.74213375,1267.532470703125,XGBoost
2024-11-05 09:00:00,1526.72304375,1526.7010498046875,XGBoost
2024-11-05 10:00:00,1471.9084245,1471.43408203125,XGBoost
2024-11-05 11:00:00,1420.91123525,1419.7943115234375,XGBoost
2024-11-05 12:00:00,1663.31992225,1662.32080078125,XGBoost
2024-11-05 13:00:00,1597.43090875,1596.284912109375,XGBoost
2024-11-05 14:00:00,1581.99197975,1581.1451416015625,XGBoost
2024-11-05 15:00:00,1460.87208625,1462.053955078125,XGBoost
2024-11-05 16:00:00,1363.68260155,1365.8023681640625,XGBoost
2024-11-05 17:00:00,1382.58259575,1381.5823974609375,XGBoost
2024-11-05 18:00:00,1680.65235675,1676.3087158203125,XGBoost
2024-11-05 19:00:00,1424.60449975,1423.029052734375,XGBoost
2024-11-05 20:00:00,1433.06892925,1433.144287109375,XGBoost
2024-11-05 21:00:00,1646.20336625,1646.2298583984375,XGBoost
2024-11-05 22:00:00,1571.54534125,1569.28271484375,XGBoost
2024-11-05 23:00:00,1532.2654285,1531.5360107421875,XGBoost
2024-11-06 00:00:00,1651.24608075,1651.673095703125,XGBoost
2024-11-06 01:00:00,1509.35816225,1508.235107421875,XGBoost
2024-11-06 02:00:00,1578.62547425,1578.87451171875,XGBoost
2024-11-06 03:00:00,1533.1348835,1532.4549560546875,XGBoost
2024-11-06 04:00:00,1364.44378575,1366.4000244140625,XGBoost
2024-11-06 05:00:00,1470.151754,1469.6759033203125,XGBoost
2024-11-06 06:00:00,1504.7797725,1504.3883056640625,XGBoost
2024-11-06 07:00:00,1255.46418425,1251.0277099609375,XGBoost
2024-11-06 08:00:00,1344.16510375,1346.2464599609375,XGBoost
2024-11-06 09:00:00,1433.735962,1435.121337890625,XGBoost
2024-11-06 10:00:00,1460.785779,1461.6787109375,XGBoost
2024-11-06 11:00:00,1369.223657725,1369.8568115234375,XGBoost
2024-11-06 12:00:00,1401.11140725,1402.039306640625,XGBoost
2024-11-06 13:00:00,1509.604376,1507.9378662109375,XGBoost
2024-11-06 14:00:00,1455.9613935,1457.593505859375,XGBoost
2024-11-06 15:00:00,1492.5830695,1490.592041015625,XGBoost
2024-11-06 16:00:00,1463.1345717499998,1462.7371826171875,XGBoost
2024-11-06 17:00:00,1588.674082,1589.5621337890625,XGBoost
2024-11-06 18:00:00,1527.2847780000002,1526.908447265625,XGBoost
2024-11-06 19:00:00,1565.08453575,1565.2669677734375,XGBoost
2024-11-06 20:00:00,1547.5532565,1547.4991455078125,XGBoost
2024-11-06 21:00:00,1470.8998865,1471.241455078125,XGBoost
2024-11-06 22:00:00,1596.6007535,1594.4326171875,XGBoost
2024-11-06 23:00:00,1487.816857,1487.4395751953125,XGBoost
2024-11-07 00:00:00,1364.66628725,1365.395751953125,XGBoost
2024-11-07 01:00:00,1549.17942825,1549.5513916015625,XGBoost
2024-11-07 02:00:00,1407.052504,1408.2342529296875,XGBoost
2024-11-07 03:00:00,1385.59874025,1386.800537109375,XGBoost
2024-11-07 04:00:00,1350.6931465,1349.828369140625,XGBoost
2024-11-07 05:00:00,1499.151417625,1499.235595703125,XGBoost
2024-11-07 06:00:00,1489.01761375,1487.691162109375,XGBoost
2024-11-07 07:00:00,1504.83879025,1505.18994140625,XGBoost
2024-11-07 08:00:00,1437.1179535,1436.625,XGBoost
2024-11-07 09:00:00,1522.27202425,1520.580078125,XGBoost
2024-11-07 10:00:00,1286.7694075,1289.68017578125,XGBoost
2024-11-07 11:00:00,1592.1124595,1589.8790283203125,XGBoost
2024-11-07 12:00:00,1463.69840925,1464.886474609375,XGBoost
2024-11-07 13:00:00,1494.59092,1493.823486328125,XGBoost
2024-11-07 14:00:00,1525.544736,1525.3453369140625,XGBoost
2024-11-07 15:00:00,1362.592606,1362.73291015625,XGBoost
2024-11-07 16:00:00,1513.37056375,1512.6121826171875,XGBoost
2024-11-07 17:00:00,1607.500863,1609.6771240234375,XGBoost
2024-11-07 18:00:00,1572.978737,1570.3660888671875,XGBoost
2024-11-07 19:00:00,1505.14037225,1504.3878173828125,XGBoost
2024-11-07 20:00:00,1485.2560945,1485.5023193359375,XGBoost
2024-11-07 21:00:00,1599.89557725,1597.257568359375,XGBoost
2024-11-07 22:00:00,1432.56146825,1432.031494140625,XGBoost
2024-11-07 23:00:00,1648.42890725,1648.604736328125,XGBoost
2024-11-08 00:00:00,1418.49295025,1418.4500732421875,XGBoost
2024-11-08 01:00:00,1591.712627,1591.95166015625,XGBoost
2024-11-08 02:00:00,1586.98993875,1586.7332763671875,XGBoost
2024-11-08 03:00:00,1481.13414025,1482.081787109375,XGBoost
2024-11-08 04:00:00,1409.68979,1411.4647216796875,XGBoost
2024-11-08 05:00:00,1696.9912875,1696.5364990234375,XGBoost
2024-11-08 06:00:00,1434.27185025,1434.16015625,XGBoost
2024-11-08 07:00:00,1462.5967245,1462.4296875,XGBoost
2024-11-08 08:00:00,1521.4402735,1519.8533935546875,XGBoost
2024-11-08 09:00:00,1498.91814025,1497.8868408203125,XGBoost
2024-11-08 10:00:00,1414.18942925,1414.231201171875,XGBoost
2024-11-08 11:00:00,1600.74492825,1601.122314453125,XGBoost
2024-11-08 12:00:00,1525.787481,1525.3343505859375,XGBoost
2024-11-08 13:00:00,1525.70157475,1525.30908203125,XGBoost
2024-11-08 14:00:00,1386.24157225,1385.946533203125,XGBoost
2024-11-08 15:00:00,1313.2206625,1311.5992431640625,XGBoost
2024-11-08 16:00:00,1525.4288345,1524.4373779296875,XGBoost
2024-11-08 17:00:00,1252.448285575,1243.098388671875,XGBoost
2024-11-08 18:00:00,1451.04522625,1449.9105224609375,XGBoost
2024-11-08 19:00:00,1535.12168925,1535.777099609375,XGBoost
2024-11-08 20:00:00,1497.69286375,1497.8560791015625,XGBoost
2024-11-08 21:00:00,1518.85288125,1519.31689453125,XGBoost
2024-11-08 22:00:00,1393.35999025,1392.9302978515625,XGBoost
2024-11-08 23:00:00,1647.7461365,1647.51904296875,XGBoost
2024-11-09 00:00:00,1416.820189,1417.584228515625,XGBoost
2024-11-09 01:00:00,1325.108219,1328.3575439453125,XGBoost
2024-11-09 02:00:00,1475.12987025,1475.16455078125,XGBoost
2024-11-09 03:00:00,1378.6378085,1378.41943359375,XGBoost
2024-11-09 04:00:00,1531.4682745,1531.6090087890625,XGBoost
2024-11-09 05:00:00,1399.3421315,1399.6756591796875,XGBoost
2024-11-09 06:00:00,1387.918331,1386.102783203125,XGBoost
2024-11-09 07:00:00,1622.045436,1621.201904296875,XGBoost
2024-11-09 08:00:00,1389.44904475,1389.662841796875,XGBoost
2024-11-09 09:00:00,1460.49507725,1461.8018798828125,XGBoost
2024-11-09 10:00:00,1557.49762925,1557.512451171875,XGBoost
2024-11-09 11:00:00,1439.41342925,1439.4228515625,XGBoost
2024-11-09 12:00:00,1519.5097635,1520.145751953125,XGBoost
2024-11-09 13:00:00,1435.40361375,1436.114501953125,XGBoost
2024-11-09 14:00:00,1467.56155575,1467.3988037109375,XGBoost
2024-11-09 15:00:00,1583.19618575,1583.7227783203125,XGBoost
2024-11-09 16:00:00,1456.450211,1456.9005126953125,XGBoost
2024-11-09 17:00:00,1652.55147125,1651.8111572265625,XGBoost
2024-11-09 18:00:00,1512.42568975,1513.2159423828125,XGBoost
2024-11-09 19:00:00,1450.63548725,1450.9757080078125,XGBoost
2024-11-09 20:00:00,1575.76658775,1576.5406494140625,XGBoost
2024-11-09 21:00:00,1497.41363675,1492.7425537109375,XGBoost
2024-11-09 22:00:00,1448.2398,1447.9693603515625,XGBoost
2024-11-09 23:00:00,1579.1049695,1578.7574462890625,XGBoost
2024-11-10 00:00:00,1407.569960425,1407.7677001953125,XGBoost
2024-11-10 01:00:00,1557.838372,1559.40576171875,XGBoost
2024-11-10 02:00:00,1518.05120175,1518.288330078125,XGBoost
2024-11-10 03:00:00,1451.6389285,1452.57421875,XGBoost
2024-11-10 04:00:00,1662.30504425,1661.6981201171875,XGBoost
2024-11-10 05:00:00,1644.22014225,1643.7530517578125,XGBoost
2024-11-10 06:00:00,1400.01247005,1398.7579345703125,XGBoost
2024-11-10 07:00:00,1386.084771,1384.0648193359375,XGBoost
2024-11-10 08:00:00,1504.491355,1504.009765625,XGBoost
2024-11-10 09:00:00,1614.5051365,1615.683837890625,XGBoost
2024-11-10 10:00:00,1463.91836125,1465.018798828125,XGBoost
2024-11-10 11:00:00,1556.48369675,1555.7930908203125,XGBoost
2024-11-10 12:00:00,1309.1989125,1312.668212890625,XGBoost
2024-11-10 13:00:00,1527.699787,1529.098388671875,XGBoost
2024-11-10 14:00:00,1523.94357875,1522.9757080078125,XGBoost
2024-11-10 15:00:00,1515.415242,1516.751220703125,XGBoost
2024-11-10 16:00:00,1337.95600175,1340.873046875,XGBoost
2024-11-10 17:00:00,1621.72102825,1623.8355712890625,XGBoost
2024-11-10 18:00:00,1452.64841975,1452.325927734375,XGBoost
2024-11-10 19:00:00,1492.5202495,1491.2828369140625,XGBoost
2024-11-10 20:00:00,1392.4537435,1392.7431640625,XGBoost
2024-11-10 21:00:00,1344.9691475,1344.74853515625,XGBoost
2024-11-10 22:00:00,1544.126605,1543.089599609375,XGBoost
2024-11-10 23:00:00,1349.9211365,1346.7589111328125,XGBoost
2024-11-11 00:00:00,1524.78767,1525.7987060546875,XGBoost
2024-11-11 01:00:00,1534.5113795,1534.654052734375,XGBoost
2024-11-11 02:00:00,1583.5991477500002,1582.9764404296875,XGBoost
2024-11-11 03:00:00,1553.5968205,1554.35400390625,XGBoost
2024-11-11 04:00:00,1558.37516125,1559.8233642578125,XGBoost
2024-11-11 05:00:00,1503.159077,1502.9879150390625,XGBoost
2024-11-11 06:00:00,1585.2169775,1586.2998046875,XGBoost
2024-11-11 07:00:00,1670.5034755,1671.0518798828125,XGBoost
2024-11-11 08:00:00,1481.3583885,1481.26708984375,XGBoost
2024-11-11 09:00:00,1518.949804,1517.20166015625,XGBoost
2024-11-11 10:00:00,1311.96964875,1312.3419189453125,XGBoost
2024-11-11 11:00:00,1297.38221675,1294.587890625,XGBoost
2024-11-11 12:00:00,1505.2407675,1504.9742431640625,XGBoost
2024-11-11 13:00:00,1655.899852,1654.6153564453125,XGBoost
2024-11-11 14:00:00,1487.4827165000002,1486.533935546875,XGBoost
2024-11-11 15:00:00,1380.04429425,1379.6971435546875,XGBoost
2024-11-11 16:00:00,1763.994644,1754.7850341796875,XGBoost
2024-11-11 17:00:00,1442.64235175,1441.9219970703125,XGBoost
2024-11-11 18:00:00,1488.51479225,1487.874267578125,XGBoost
2024-11-11 19:00:00,1427.785085,1428.663330078125,XGBoost
2024-11-11 20:00:00,1524.3100035,1523.928466796875,XGBoost
2024-11-11 21:00:00,1485.80151725,1487.0986328125,XGBoost
2024-11-11 22:00:00,1388.5304355,1390.7763671875,XGBoost
2024-11-11 23:00:00,1503.3577175,1504.0435791015625,XGBoost
2024-11-12 00:00:00,1419.5574785,1420.4892578125,XGBoost
2024-11-12 01:00:00,1456.95408075,1457.7041015625,XGBoost
2024-11-12 02:00:00,1679.949278,1678.9346923828125,XGBoost
2024-11-12 03:00:00,1483.2576315,1484.0543212890625,XGBoost
2024-11-12 04:00:00,1536.17210025,1536.0963134765625,XGBoost
2024-11-12 05:00:00,1294.3425985,1294.67333984375,XGBoost
2024-11-12 06:00:00,1662.23179675,1663.447021484375,XGBoost
2024-11-12 07:00:00,1442.0056285,1442.8856201171875,XGBoost
2024-11-12 08:00:00,1626.8087435,1625.6976318359375,XGBoost
2024-11-12 09:00:00,1587.1652535,1587.681884765625,XGBoost
2024-11-12 10:00:00,1302.336057,1301.2845458984375,XGBoost
2024-11-12 11:00:00,1487.39074625,1486.8638916015625,XGBoost
2024-11-12 12:00:00,1558.87323875,1557.9071044921875,XGBoost
2024-11-12 13:00:00,1496.3515415,1497.4976806640625,XGBoost
2024-11-12 14:00:00,1442.92164575,1443.232421875,XGBoost
2024-11-12 15:00:00,1478.4780985,1478.853759765625,XGBoost
2024-11-12 16:00:00,1330.85865225,1331.37744140625,XGBoost
2024-11-12 17:00:00,1541.04514175,1541.3984375,XGBoost
2024-11-12 18:00:00,1567.46498875,1565.859619140625,XGBoost
2024-11-12 19:00:00,1553.3107115,1553.533203125,XGBoost
2024-11-12 20:00:00,1425.776418,1425.8404541015625,XGBoost
2024-11-12 21:00:00,1670.34222675,1670.177734375,XGBoost
2024-11-12 22:00:00,1420.28381025,1420.6158447265625,XGBoost
2024-11-12 23:00:00,1471.94561675,1471.2879638671875,XGBoost
2024-11-13 00:00:00,1480.730247,1481.5704345703125,XGBoost
2024-11-13 01:00:00,1679.350939,1678.8682861328125,XGBoost
2024-11-13 02:00:00,1412.80071225,1412.9039306640625,XGBoost
2024-11-13 03:00:00,1607.169541,1608.9375,XGBoost
2024-11-13 04:00:00,1508.8942945,1508.3446044921875,XGBoost
2024-11-13 05:00:00,1432.05441975,1431.0791015625,XGBoost
2024-11-13 06:00:00,1472.238348,1472.1451416015625,XGBoost
2024-11-13 07:00:00,1471.87527275,1471.380126953125,XGBoost
2024-11-13 08:00:00,1372.7743105,1373.044921875,XGBoost
2024-11-13 09:00:00,1581.68152725,1582.1259765625,XGBoost
2024-11-13 10:00:00,1545.80586275,1545.1552734375,XGBoost
2024-11-13 11:00:00,1356.2736675,1357.317626953125,XGBoost
2024-11-13 12:00:00,1533.9609015,1534.333740234375,XGBoost
2024-11-13 13:00:00,1606.563639,1607.63720703125,XGBoost
2024-11-13 14:00:00,1439.72760225,1439.6463623046875,XGBoost
2024-11-13 15:00:00,1514.01809775,1513.8875732421875,XGBoost
2024-11-13 16:00:00,1426.16286025,1424.6661376953125,XGBoost
2024-11-13 17:00:00,1536.45106825,1535.5235595703125,XGBoost
2024-11-13 18:00:00,1572.4612085,1572.609375,XGBoost
2024-11-13 19:00:00,1542.63795675,1542.37939453125,XGBoost
2024-11-13 20:00:00,1548.0980065,1548.1427001953125,XGBoost
2024-11-13 21:00:00,1568.757705,1567.5643310546875,XGBoost
2024-11-13 22:00:00,1676.837333,1678.960693359375,XGBoost
2024-11-13 23:00:00,1497.1438135,1495.4400634765625,XGBoost
2024-11-14 00:00:00,1382.06291425,1381.7196044921875,XGBoost
2024-11-14 01:00:00,1513.108466,1512.705078125,XGBoost
2024-11-14 02:00:00,1516.5051065,1518.7110595703125,XGBoost
2024-11-14 03:00:00,1562.20062775,1560.010498046875,XGBoost
2024-11-14 04:00:00,1708.200105,1710.484619140625,XGBoost
2024-11-14 05:00:00,1313.46678625,1314.0528564453125,XGBoost
2024-11-14 06:00:00,1577.8417735,1576.505615234375,XGBoost
2024-11-14 07:00:00,1527.264042,1528.1378173828125,XGBoost
2024-11-14 08:00:00,1593.44825575,1592.192626953125,XGBoost
2024-11-14 09:00:00,1417.78365,1417.269287109375,XGBoost
2024-11-14 10:00:00,1527.365809,1526.315673828125,XGBoost
2024-11-14 11:00:00,1584.588421,1584.446533203125,XGBoost
2024-11-14 12:00:00,1511.9953355,1512.29150390625,XGBoost
2024-11-14 13:00:00,1476.09569375,1476.287841796875,XGBoost
2024-11-14 14:00:00,1536.925047,1536.456787109375,XGBoost
2024-11-14 15:00:00,1409.05727225,1407.804443359375,XGBoost
2024-11-14 16:00:00,1442.332374,1441.3795166015625,XGBoost
2024-11-14 17:00:00,1292.646382,1284.823974609375,XGBoost
2024-11-14 18:00:00,1641.264988,1639.17529296875,XGBoost
2024-11-14 19:00:00,1457.34985675,1457.107421875,XGBoost
2024-11-14 20:00:00,1580.2221235,1579.6068115234375,XGBoost
2024-11-14 21:00:00,1550.0698229999998,1549.094482421875,XGBoost
2024-11-14 22:00:00,1640.276817,1641.6884765625,XGBoost
2024-11-14 23:00:00,1505.1307385,1506.3544921875,XGBoost
2024-11-15 00:00:00,1473.32925025,1474.51416015625,XGBoost
2024-11-15 01:00:00,1475.48686075,1475.7666015625,XGBoost
2024-11-15 02:00:00,1648.9794235,1648.5091552734375,XGBoost
2024-11-15 03:00:00,1533.38563975,1533.5703125,XGBoost
2024-11-15 04:00:00,1458.069357,1457.4154052734375,XGBoost
2024-11-15 05:00:00,1398.967333,1399.951171875,XGBoost
2024-11-15 06:00:00,1617.19408375,1616.85791015625,XGBoost
2024-11-15 07:00:00,1544.62843625,1546.83203125,XGBoost
2024-11-15 08:00:00,1469.94006275,1471.3804931640625,XGBoost
2024-11-15 09:00:00,1497.93143125,1498.223876953125,XGBoost
2024-11-15 10:00:00,1580.29589725,1580.232421875,XGBoost
2024-11-15 11:00:00,1533.685803,1533.4256591796875,XGBoost
2024-11-15 12:00:00,1631.56246725,1631.8226318359375,XGBoost
2024-11-15 13:00:00,1501.62813975,1501.450439453125,XGBoost
2024-11-15 14:00:00,1371.0738865,1370.990966796875,XGBoost
2024-11-15 15:00:00,1459.99921,1459.4581298828125,XGBoost
2024-11-15 16:00:00,1373.78932075,1374.5892333984375,XGBoost
2024-11-15 17:00:00,1436.02898375,1435.6063232421875,XGBoost
2024-11-15 18:00:00,1533.621395,1535.0765380859375,XGBoost
2024-11-15 19:00:00,1468.18028475,1468.295654296875,XGBoost
2024-11-15 20:00:00,1641.55930075,1638.974609375,XGBoost
2024-11-15 21:00:00,1574.11315625,1570.931640625,XGBoost
2024-11-15 22:00:00,1545.45585575,1544.4449462890625,XGBoost
2024-11-15 23:00:00,1551.75146375,1551.9998779296875,XGBoost
2024-11-16 00:00:00,1560.036717,1558.97705078125,XGBoost
2024-11-16 01:00:00,1665.8501765,1666.6669921875,XGBoost
2024-11-16 02:00:00,1457.295554,1456.955322265625,XGBoost
2024-11-16 03:00:00,1513.11862775,1515.395751953125,XGBoost
2024-11-16 04:00:00,1355.44640525,1358.7520751953125,XGBoost
2024-11-16 05:00:00,1424.706371,1424.1829833984375,XGBoost
2024-11-16 06:00:00,1574.5403045,1572.517333984375,XGBoost
2024-11-16 07:00:00,1442.517226,1443.695068359375,XGBoost
2024-11-16 08:00:00,1381.1040155,1383.08642578125,XGBoost
2024-11-16 09:00:00,1613.90205425,1615.1146240234375,XGBoost
2024-11-16 10:00:00,1473.29672475,1473.887939453125,XGBoost
2024-11-16 11:00:00,1523.69068875,1524.19482421875,XGBoost
2024-11-16 12:00:00,1641.7417845,1640.892333984375,XGBoost
2024-11-16 13:00:00,1432.32352825,1431.845703125,XGBoost
2024-11-16 14:00:00,1516.401655775,1515.9544677734375,XGBoost
2024-11-16 15:00:00,1483.95446075,1485.85205078125,XGBoost
2024-11-16 16:00:00,1469.98381675,1470.8798828125,XGBoost
2024-11-16 17:00:00,1447.29588525,1445.1497802734375,XGBoost
2024-11-16 18:00:00,1628.023658,1627.776611328125,XGBoost
2024-11-16 19:00:00,1649.61122825,1650.0137939453125,XGBoost
2024-11-16 20:00:00,1351.102053975,1352.8489990234375,XGBoost
2024-11-16 21:00:00,1478.442299,1478.23095703125,XGBoost
2024-11-16 22:00:00,1536.0748255,1533.6719970703125,XGBoost
2024-11-16 23:00:00,1458.38864575,1458.6605224609375,XGBoost
2024-11-17 00:00:00,1599.25484325,1600.4444580078125,XGBoost
2024-11-17 01:00:00,1635.2801625,1636.8193359375,XGBoost
2024-11-17 02:00:00,1469.8081435,1469.52294921875,XGBoost
2024-11-17 03:00:00,1559.14882475,1559.3873291015625,XGBoost
2024-11-17 04:00:00,1461.3534387,1461.6353759765625,XGBoost
2024-11-17 05:00:00,1406.40600875,1405.9527587890625,XGBoost
2024-11-17 06:00:00,1623.13719,1622.1544189453125,XGBoost
2024-11-17 07:00:00,1432.306322,1430.6961669921875,XGBoost
2024-11-17 08:00:00,1504.5866745,1505.0660400390625,XGBoost
2024-11-17 09:00:00,1469.5880745,1468.8775634765625,XGBoost
2024-11-17 10:00:00,1468.5802055,1468.898193359375,XGBoost
2024-11-17 11:00:00,1498.99046675,1500.3607177734375,XGBoost
2024-11-17 12:00:00,1641.04757775,1642.1341552734375,XGBoost
2024-11-17 13:00:00,1633.21770125,1633.8797607421875,XGBoost
2024-11-17 14:00:00,1587.22038325,1587.7655029296875,XGBoost
2024-11-17 15:00:00,1399.9465535,1398.9754638671875,XGBoost
2024-11-17 16:00:00,1399.84162425,1400.234130859375,XGBoost
2024-11-17 17:00:00,1483.72808075,1483.5474853515625,XGBoost
2024-11-17 18:00:00,1566.6768155,1565.6102294921875,XGBoost
2024-11-17 19:00:00,1583.1442075,1582.913818359375,XGBoost
2024-11-17 20:00:00,1432.4707715,1434.4615478515625,XGBoost
2024-11-17 21:00:00,1463.5488785,1464.1356201171875,XGBoost
2024-11-17 22:00:00,1580.2483205,1580.77197265625,XGBoost
2024-11-17 23:00:00,1568.65355725,1569.0367431640625,XGBoost
2024-11-18 00:00:00,1448.142124,1448.775146484375,XGBoost
2024-11-18 01:00:00,1397.79971555,1397.696533203125,XGBoost
2024-11-18 02:00:00,1496.63949175,1496.943603515625,XGBoost
2024-11-18 03:00:00,1509.3443905,1508.44140625,XGBoost
2024-11-18 04:00:00,1594.6721042499998,1594.4476318359375,XGBoost
2024-11-18 05:00:00,1514.613959,1515.1424560546875,XGBoost
2024-11-18 06:00:00,1492.04178425,1492.420166015625,XGBoost
2024-11-18 07:00:00,1492.01449025,1491.0570068359375,XGBoost
2024-11-18 08:00:00,1592.10560275,1592.13623046875,XGBoost
2024-11-18 09:00:00,1452.3425425,1452.441650390625,XGBoost
2024-11-18 10:00:00,1599.92862525,1599.60205078125,XGBoost
2024-11-18 11:00:00,1433.32806575,1433.04833984375,XGBoost
2024-11-18 12:00:00,1566.17840325,1566.1063232421875,XGBoost
2024-11-18 13:00:00,1564.7597885,1562.975830078125,XGBoost
2024-11-18 14:00:00,1565.33452375,1561.829345703125,XGBoost
2024-11-18 15:00:00,1521.8116135,1522.4947509765625,XGBoost
2024-11-18 16:00:00,1508.32363625,1509.9298095703125,XGBoost
2024-11-18 17:00:00,1608.5254102499998,1608.7333984375,XGBoost
2024-11-18 18:00:00,1549.28088275,1549.7088623046875,XGBoost
2024-11-18 19:00:00,1441.154277,1439.7130126953125,XGBoost
2024-11-18 20:00:00,1560.81735975,1560.552978515625,XGBoost
2024-11-18 21:00:00,1582.03078275,1581.2442626953125,XGBoost
2024-11-18 22:00:00,1391.42683635,1390.0130615234375,XGBoost
2024-11-18 23:00:00,1472.02837075,1471.2215576171875,XGBoost
2024-11-19 00:00:00,1447.05907025,1448.114013671875,XGBoost
2024-11-19 01:00:00,1408.02676125,1406.6348876953125,XGBoost
2024-11-19 02:00:00,1388.0857935,1387.68701171875,XGBoost
2024-11-19 03:00:00,1332.62179865,1329.5430908203125,XGBoost
2024-11-19 04:00:00,1383.96672775,1385.413818359375,XGBoost
2024-11-19 05:00:00,1523.46454325,1523.5438232421875,XGBoost
2024-11-19 06:00:00,1337.598756,1337.6776123046875,XGBoost
2024-11-19 07:00:00,1597.0836842499998,1599.523681640625,XGBoost
2024-11-19 08:00:00,1556.879414,1557.3233642578125,XGBoost
2024-11-19 09:00:00,1422.72738625,1424.093994140625,XGBoost
2024-11-19 10:00:00,1432.97706425,1433.4300537109375,XGBoost
2024-11-19 11:00:00,1607.3494725,1606.907958984375,XGBoost
2024-11-19 12:00:00,1337.2513525,1339.4815673828125,XGBoost
2024-11-19 13:00:00,1420.815634,1420.56591796875,XGBoost
2024-11-19 14:00:00,1545.84533425,1544.96484375,XGBoost
2024-11-19 15:00:00,1478.4210125,1478.127685546875,XGBoost
2024-11-19 16:00:00,1445.82764325,1446.189453125,XGBoost
2024-11-19 17:00:00,1441.347071,1441.801025390625,XGBoost
2024-11-19 18:00:00,1549.797043,1549.2728271484375,XGBoost
2024-11-19 19:00:00,1681.88532675,1683.7039794921875,XGBoost
2024-11-19 20:00:00,1615.11513125,1615.315673828125,XGBoost
2024-11-19 21:00:00,1488.394852,1487.6180419921875,XGBoost
2024-11-19 22:00:00,1485.8649175,1486.1934814453125,XGBoost
2024-11-19 23:00:00,1532.212644,1530.8060302734375,XGBoost
2024-11-20 00:00:00,1462.89153825,1463.275146484375,XGBoost
2024-11-20 01:00:00,1457.48386975,1456.7489013671875,XGBoost
2024-11-20 02:00:00,1636.4344605,1637.658447265625,XGBoost
2024-11-20 03:00:00,1467.626853,1466.9105224609375,XGBoost
2024-11-20 04:00:00,1635.05909275,1637.4161376953125,XGBoost
2024-11-20 05:00:00,1590.592781,1590.103271484375,XGBoost
2024-11-20 06:00:00,1497.42299075,1499.160888671875,XGBoost
2024-11-20 07:00:00,1453.71556625,1453.8721923828125,XGBoost
2024-11-20 08:00:00,1461.278914,1457.965576171875,XGBoost
2024-11-20 09:00:00,1305.76474625,1305.81787109375,XGBoost
2024-11-20 10:00:00,1698.0680585,1696.2109375,XGBoost
2024-11-20 11:00:00,1671.25614425,1671.21875,XGBoost
2024-11-20 12:00:00,1611.9770385,1613.1572265625,XGBoost
2024-11-20 13:00:00,1605.93086425,1606.2037353515625,XGBoost
2024-11-20 14:00:00,1608.046164,1607.596435546875,XGBoost
2024-11-20 15:00:00,1465.4244315,1465.4400634765625,XGBoost
2024-11-20 16:00:00,1588.26496,1589.36328125,XGBoost
2024-11-20 17:00:00,1513.88822775,1515.0794677734375,XGBoost
2024-11-20 18:00:00,1593.8984175,1589.432373046875,XGBoost
2024-11-20 19:00:00,1334.03445825,1335.89208984375,XGBoost
2024-11-20 20:00:00,1626.4114565,1625.4423828125,XGBoost
2024-11-20 21:00:00,1558.3866195,1557.594970703125,XGBoost
2024-11-20 22:00:00,1533.48750025,1526.808349609375,XGBoost
2024-11-20 23:00:00,1538.72509425,1540.11572265625,XGBoost
2024-11-21 00:00:00,1338.210261875,1337.8428955078125,XGBoost
2024-11-21 01:00:00,1316.40796325,1317.6053466796875,XGBoost
2024-11-21 02:00:00,1568.65868025,1568.1368408203125,XGBoost
2024-11-21 03:00:00,1466.65357425,1464.9681396484375,XGBoost
2024-11-21 04:00:00,1269.569459075,1269.1474609375,XGBoost
2024-11-21 05:00:00,1401.6991475,1402.6202392578125,XGBoost
2024-11-21 06:00:00,1452.130986,1452.0499267578125,XGBoost
2024-11-21 07:00:00,1454.898577,1454.978759765625,XGBoost
2024-11-21 08:00:00,1250.51475375,1246.7279052734375,XGBoost
2024-11-21 09:00:00,1378.7941035,1380.1485595703125,XGBoost
2024-11-21 10:00:00,1557.456788,1556.9627685546875,XGBoost
2024-11-21 11:00:00,1565.5573175,1564.237548828125,XGBoost
2024-11-21 12:00:00,1382.1480265,1382.0408935546875,XGBoost
2024-11-21 13:00:00,1464.44125975,1465.3216552734375,XGBoost
2024-11-21 14:00:00,1557.296107,1558.080810546875,XGBoost
2024-11-21 15:00:00,1470.61240575,1470.5435791015625,XGBoost
2024-11-21 16:00:00,1351.610219,1351.4432373046875,XGBoost
2024-11-21 17:00:00,1399.6228042500002,1398.685791015625,XGBoost
2024-11-21 18:00:00,1340.1969865,1339.1920166015625,XGBoost
2024-11-21 19:00:00,1682.7069525,1684.3631591796875,XGBoost
2024-11-21 20:00:00,1611.003692,1611.443359375,XGBoost
2024-11-21 21:00:00,1428.07081775,1431.4371337890625,XGBoost
2024-11-21 22:00:00,1582.19312125,1583.8046875,XGBoost
2024-11-21 23:00:00,1357.23561775,1357.9613037109375,XGBoost
2024-11-22 00:00:00,1327.065832,1326.434814453125,XGBoost
2024-11-22 01:00:00,1504.49007475,1506.039306640625,XGBoost
2024-11-22 02:00:00,1486.77672675,1487.1158447265625,XGBoost
2024-11-22 03:00:00,1466.72017375,1465.5445556640625,XGBoost
2024-11-22 04:00:00,1398.836347,1397.501220703125,XGBoost
2024-11-22 05:00:00,1653.36680475,1652.0224609375,XGBoost
2024-11-22 06:00:00,1500.951586,1501.372314453125,XGBoost
2024-11-22 07:00:00,1403.374661,1403.3115234375,XGBoost
2024-11-22 08:00:00,1525.52454775,1525.1593017578125,XGBoost
2024-11-22 09:00:00,1413.852159,1413.8663330078125,XGBoost
2024-11-22 10:00:00,1502.27656825,1502.773193359375,XGBoost
2024-11-22 11:00:00,1430.6979835,1430.1656494140625,XGBoost
2024-11-22 12:00:00,1668.3085545,1669.2738037109375,XGBoost
2024-11-22 13:00:00,1484.02334875,1484.7513427734375,XGBoost
2024-11-22 14:00:00,1525.36976925,1525.4420166015625,XGBoost
2024-11-22 15:00:00,1481.50204575,1482.0203857421875,XGBoost
2024-11-22 16:00:00,1551.27430925,1550.8955078125,XGBoost
2024-11-22 17:00:00,1496.63417975,1498.007568359375,XGBoost
2024-11-22 18:00:00,1771.768075,1787.166748046875,XGBoost
2024-11-22 19:00:00,1613.373051,1612.206298828125,XGBoost
2024-11-22 20:00:00,1437.9662475,1436.96630859375,XGBoost
2024-11-22 21:00:00,1705.1179975,1702.4637451171875,XGBoost
2024-11-22 22:00:00,1493.39615075,1494.1058349609375,XGBoost
2024-11-22 23:00:00,1655.2915795,1653.931396484375,XGBoost
2024-11-23 00:00:00,1476.1741225,1476.6328125,XGBoost
2024-11-23 01:00:00,1531.11032825,1531.591064453125,XGBoost
2024-11-23 02:00:00,1472.312365,1472.6865234375,XGBoost
2024-11-23 03:00:00,1591.49579675,1592.1011962890625,XGBoost
2024-11-23 04:00:00,1541.01308025,1540.17236328125,XGBoost
2024-11-23 05:00:00,1357.42136625,1357.733154296875,XGBoost
2024-11-23 06:00:00,1527.579298,1527.4072265625,XGBoost
2024-11-23 07:00:00,1483.01946475,1483.983154296875,XGBoost
2024-11-23 08:00:00,1415.16250725,1414.027099609375,XGBoost
2024-11-23 09:00:00,1539.944015,1540.701904296875,XGBoost
2024-11-23 10:00:00,1630.01201275,1631.361572265625,XGBoost
2024-11-23 11:00:00,1629.8070595,1628.399169921875,XGBoost
2024-11-23 12:00:00,1480.50505625,1481.835693359375,XGBoost
2024-11-23 13:00:00,1355.6807045,1355.3177490234375,XGBoost
2024-11-23 14:00:00,1440.93357275,1440.718017578125,XGBoost
2024-11-23 15:00:00,1608.41227,1607.1748046875,XGBoost
2024-11-23 16:00:00,1503.66788975,1502.799072265625,XGBoost
2024-11-23 17:00:00,1381.7772690000002,1381.1602783203125,XGBoost
2024-11-23 18:00:00,1515.127859,1515.1712646484375,XGBoost
2024-11-23 19:00:00,1378.52231875,1377.045654296875,XGBoost
2024-11-23 20:00:00,1499.86303075,1500.1226806640625,XGBoost
2024-11-23 21:00:00,1491.9970775,1491.0958251953125,XGBoost
2024-11-23 22:00:00,1570.46873775,1568.6732177734375,XGBoost
2024-11-23 23:00:00,1460.34163725,1459.482421875,XGBoost
2024-11-24 00:00:00,1433.856428,1433.3743896484375,XGBoost
2024-11-24 01:00:00,1500.82915325,1500.2349853515625,XGBoost
2024-11-24 02:00:00,1485.40482675,1486.31103515625,XGBoost
2024-11-24 03:00:00,1670.4041155,1670.7178955078125,XGBoost
2024-11-24 04:00:00,1339.6092619,1339.247314453125,XGBoost
2024-11-24 05:00:00,1450.6625995,1449.3016357421875,XGBoost
2024-11-24 06:00:00,1376.06816075,1374.8040771484375,XGBoost
2024-11-24 07:00:00,1492.6948562500002,1492.2491455078125,XGBoost
2024-11-24 08:00:00,1584.702038,1580.0281982421875,XGBoost
2024-11-24 09:00:00,1455.2833645,1455.338134765625,XGBoost
2024-11-24 10:00:00,1431.39625575,1431.211669921875,XGBoost
2024-11-24 11:00:00,1608.6288485,1610.3175048828125,XGBoost
2024-11-24 12:00:00,1690.4692635,1690.6494140625,XGBoost
2024-11-24 13:00:00,1589.505155,1591.14306640625,XGBoost
2024-11-24 14:00:00,1500.45866,1495.162353515625,XGBoost
2024-11-24 15:00:00,1646.51791125,1646.166259765625,XGBoost
2024-11-24 16:00:00,1484.11156025,1483.64453125,XGBoost
2024-11-24 17:00:00,1518.30717775,1519.946533203125,XGBoost
2024-11-24 18:00:00,1597.03353975,1596.99072265625,XGBoost
2024-11-24 19:00:00,1462.16154275,1463.537353515625,XGBoost
2024-11-24 20:00:00,1556.2804115,1556.3555908203125,XGBoost
2024-11-24 21:00:00,1645.71523025,1645.967529296875,XGBoost
2024-11-24 22:00:00,1478.241552,1478.458740234375,XGBoost
2024-11-24 23:00:00,1385.68789525,1385.72802734375,XGBoost
2024-11-25 00:00:00,1501.54204225,1502.06689453125,XGBoost
2024-11-25 01:00:00,1554.78653875,1553.891357421875,XGBoost
2024-11-25 02:00:00,1455.22497075,1455.6478271484375,XGBoost
2024-11-25 03:00:00,1447.3164275,1446.9154052734375,XGBoost
2024-11-25 04:00:00,1495.65493425,1496.04541015625,XGBoost
2024-11-25 05:00:00,1498.48198225,1498.4798583984375,XGBoost
2024-11-25 06:00:00,1401.2684813,1401.0224609375,XGBoost
2024-11-25 07:00:00,1412.1582265,1413.509033203125,XGBoost
2024-11-25 08:00:00,1446.06322975,1446.955322265625,XGBoost
2024-11-25 09:00:00,1541.1342925,1541.06982421875,XGBoost
2024-11-25 10:00:00,1545.004519,1545.7918701171875,XGBoost
2024-11-25 11:00:00,1434.7628412499998,1435.289794921875,XGBoost
2024-11-25 12:00:00,1488.59047075,1489.57275390625,XGBoost
2024-11-25 13:00:00,1428.64322725,1427.97021484375,XGBoost
2024-11-25 14:00:00,1587.97755875,1589.92919921875,XGBoost
2024-11-25 15:00:00,1449.334554,1449.872314453125,XGBoost
2024-11-25 16:00:00,1497.24167025,1496.776123046875,XGBoost
2024-11-25 17:00:00,1335.2590375,1334.8514404296875,XGBoost
2024-11-25 18:00:00,1472.336608,1472.747802734375,XGBoost
2024-11-25 19:00:00,1410.83840325,1412.1513671875,XGBoost
2024-11-25 20:00:00,1507.91091225,1508.5692138671875,XGBoost
2024-11-25 21:00:00,1470.89263225,1471.44873046875,XGBoost
2024-11-25 22:00:00,1541.845104,1539.788330078125,XGBoost
2024-11-25 23:00:00,1549.376299,1548.70361328125,XGBoost
2024-11-26 00:00:00,1615.044732,1614.3599853515625,XGBoost
2024-11-26 01:00:00,1754.71335875,1755.0224609375,XGBoost
2024-11-26 02:00:00,1457.25831875,1458.709716796875,XGBoost
2024-11-26 03:00:00,1485.6628557499998,1486.1890869140625,XGBoost
2024-11-26 04:00:00,1496.4577805,1496.3079833984375,XGBoost
2024-11-26 05:00:00,1716.473944,1720.8248291015625,XGBoost
2024-11-26 06:00:00,1497.6633765,1498.496826171875,XGBoost
2024-11-26 07:00:00,1687.51408125,1687.4537353515625,XGBoost
2024-11-26 08:00:00,1607.694691,1606.380126953125,XGBoost
2024-11-26 09:00:00,1514.06533525,1514.0267333984375,XGBoost
2024-11-26 10:00:00,1588.09653175,1588.279296875,XGBoost
2024-11-26 11:00:00,1572.210789,1572.9022216796875,XGBoost
2024-11-26 12:00:00,1538.987579,1540.17724609375,XGBoost
2024-11-26 13:00:00,1604.423049,1604.27197265625,XGBoost
2024-11-26 14:00:00,1424.71185475,1423.9527587890625,XGBoost
2024-11-26 15:00:00,1538.535474,1539.5201416015625,XGBoost
2024-11-26 16:00:00,1508.0785425,1507.9271240234375,XGBoost
2024-11-26 17:00:00,1391.4666542,1392.0380859375,XGBoost
2024-11-26 18:00:00,1284.424841675,1283.515380859375,XGBoost
2024-11-26 19:00:00,1568.1032015,1568.4739990234375,XGBoost
2024-11-26 20:00:00,1438.238468,1437.197509765625,XGBoost
2024-11-26 21:00:00,1526.177149,1526.1348876953125,XGBoost
2024-11-26 22:00:00,1538.917033,1538.988037109375,XGBoost
2024-11-26 23:00:00,1549.21014875,1548.38427734375,XGBoost
2024-11-27 00:00:00,1544.18924125,1544.884765625,XGBoost
2024-11-27 01:00:00,1624.68725875,1625.3399658203125,XGBoost
2024-11-27 02:00:00,1591.9633805,1591.2642822265625,XGBoost
2024-11-27 03:00:00,1533.39769075,1532.8875732421875,XGBoost
2024-11-27 04:00:00,1509.4754175,1509.3343505859375,XGBoost
2024-11-27 05:00:00,1229.13559325,1192.259765625,XGBoost
2024-11-27 06:00:00,1501.8777515,1501.2816162109375,XGBoost
2024-11-27 07:00:00,1597.531748,1596.883056640625,XGBoost
2024-11-27 08:00:00,1316.554264,1316.9844970703125,XGBoost
2024-11-27 09:00:00,1555.7850555,1555.876220703125,XGBoost
2024-11-27 10:00:00,1454.35926525,1453.6727294921875,XGBoost
2024-11-27 11:00:00,1486.507844,1487.2266845703125,XGBoost
2024-11-27 12:00:00,1548.3443115,1547.7762451171875,XGBoost
2024-11-27 13:00:00,1525.0612725,1525.622314453125,XGBoost
2024-11-27 14:00:00,1653.61371575,1652.264892578125,XGBoost
2024-11-27 15:00:00,1548.5449267499998,1550.4254150390625,XGBoost
2024-11-27 16:00:00,1656.05615275,1656.776123046875,XGBoost
2024-11-27 17:00:00,1661.88707775,1660.7938232421875,XGBoost
2024-11-27 18:00:00,1442.2413205,1441.754638671875,XGBoost
2024-11-27 19:00:00,1513.804313,1511.7684326171875,XGBoost
2024-11-27 20:00:00,1570.69434325,1573.3271484375,XGBoost
2024-11-27 21:00:00,1438.7945435,1436.4166259765625,XGBoost
2024-11-27 22:00:00,1334.64850275,1334.0811767578125,XGBoost
2024-11-27 23:00:00,1524.82291675,1524.8109130859375,XGBoost
2024-11-28 00:00:00,1420.9999635,1422.2479248046875,XGBoost
2024-11-28 01:00:00,1566.22873325,1566.022216796875,XGBoost
2024-11-28 02:00:00,1609.65325225,1610.47021484375,XGBoost
2024-11-28 03:00:00,1546.675694,1545.925048828125,XGBoost
2024-11-28 04:00:00,1411.424857,1411.4713134765625,XGBoost
2024-11-28 05:00:00,1547.4727405,1547.4974365234375,XGBoost
2024-11-28 06:00:00,1340.120539,1340.7734375,XGBoost
2024-11-28 07:00:00,1538.61536225,1536.414306640625,XGBoost
2024-11-28 08:00:00,1402.76028975,1400.2645263671875,XGBoost
2024-11-28 09:00:00,1446.34693425,1444.602294921875,XGBoost
2024-11-28 10:00:00,1456.4359825,1457.3291015625,XGBoost
2024-11-28 11:00:00,1584.418421,1583.526611328125,XGBoost
2024-11-28 12:00:00,1470.482728,1471.063720703125,XGBoost
2024-11-28 13:00:00,1533.772897,1534.5069580078125,XGBoost
2024-11-28 14:00:00,1375.6597305,1375.9058837890625,XGBoost
2024-11-28 15:00:00,1547.276171,1548.87890625,XGBoost
2024-11-28 16:00:00,1568.0976885,1570.1693115234375,XGBoost
2024-11-28 17:00:00,1543.52387475,1543.271484375,XGBoost
2024-11-28 18:00:00,1400.6320355,1400.7978515625,XGBoost
2024-11-28 19:00:00,1630.41724075,1630.890625,XGBoost
2024-11-28 20:00:00,1363.8798215,1365.991455078125,XGBoost
2024-11-28 21:00:00,1501.73803125,1502.52099609375,XGBoost
2024-11-28 22:00:00,1401.25976275,1401.2926025390625,XGBoost
2024-11-28 23:00:00,1470.6937225,1470.1781005859375,XGBoost
2024-11-29 00:00:00,1606.9030914999998,1606.6697998046875,XGBoost
2024-11-29 01:00:00,1610.19823225,1610.3946533203125,XGBoost
2024-11-29 02:00:00,1602.9816765,1603.2227783203125,XGBoost
2024-11-29 03:00:00,1354.27210625,1355.638427734375,XGBoost
2024-11-29 04:00:00,1650.2394685,1648.9193115234375,XGBoost
2024-11-29 05:00:00,1558.0706205,1557.5579833984375,XGBoost
2024-11-29 06:00:00,1270.07981655,1267.0931396484375,XGBoost
2024-11-29 07:00:00,1365.28023075,1364.532470703125,XGBoost
2024-11-29 08:00:00,1401.46251325,1401.6319580078125,XGBoost
2024-11-29 09:00:00,1423.09389175,1422.1883544921875,XGBoost
2024-11-29 10:00:00,1393.0157450000002,1393.808837890625,XGBoost
2024-11-29 11:00:00,1328.7056335,1331.2120361328125,XGBoost
2024-11-29 12:00:00,1449.2659295,1449.823974609375,XGBoost
2024-11-29 13:00:00,1405.65726275,1405.1641845703125,XGBoost
2024-11-29 14:00:00,1583.84090425,1583.6859130859375,XGBoost
2024-11-29 15:00:00,1493.610593,1493.152587890625,XGBoost
2024-11-29 16:00:00,1601.13803425,1600.9705810546875,XGBoost
2024-11-29 17:00:00,1523.9685855,1523.526611328125,XGBoost
2024-11-29 18:00:00,1395.788125175,1395.746337890625,XGBoost
2024-11-29 19:00:00,1596.347983,1596.2540283203125,XGBoost
2024-11-29 20:00:00,1488.15507675,1486.5621337890625,XGBoost
2024-11-29 21:00:00,1469.00609325,1468.5360107421875,XGBoost
2024-11-29 22:00:00,1416.00728875,1415.0999755859375,XGBoost
2024-11-29 23:00:00,1536.6772475,1536.0250244140625,XGBoost
2024-11-30 00:00:00,1667.759183,1668.0084228515625,XGBoost
2024-11-30 01:00:00,1562.8205345,1563.218505859375,XGBoost
2024-11-30 02:00:00,1474.7819495,1473.85009765625,XGBoost
2024-11-30 03:00:00,1377.55314075,1377.5067138671875,XGBoost
2024-11-30 04:00:00,1435.555787,1434.313232421875,XGBoost
2024-11-30 05:00:00,1366.4498835,1367.79296875,XGBoost
2024-11-30 06:00:00,1687.3461160000002,1680.9127197265625,XGBoost
2024-11-30 07:00:00,1497.37742025,1496.135986328125,XGBoost
2024-11-30 08:00:00,1537.9653735,1538.60986328125,XGBoost
2024-11-30 09:00:00,1535.400734,1536.1563720703125,XGBoost
2024-11-30 10:00:00,1458.08358825,1457.296875,XGBoost
2024-11-30 11:00:00,1576.94211675,1577.453857421875,XGBoost
2024-11-30 12:00:00,1408.542402,1408.8128662109375,XGBoost
2024-11-30 13:00:00,1595.03064575,1596.353515625,XGBoost
2024-11-30 14:00:00,1455.32029225,1455.1112060546875,XGBoost
2024-11-30 15:00:00,1533.6226255,1533.85205078125,XGBoost
2024-11-30 16:00:00,1550.07803775,1551.40380859375,XGBoost
2024-11-30 17:00:00,1261.0565645,1264.4676513671875,XGBoost
2024-11-30 18:00:00,1473.37543,1474.9814453125,XGBoost
2024-11-30 19:00:00,1485.10395125,1485.6331787109375,XGBoost
2024-11-30 20:00:00,1549.01204125,1549.153076171875,XGBoost
2024-11-30 21:00:00,1495.009027,1495.91943359375,XGBoost
2024-11-30 22:00:00,1675.572811,1674.296630859375,XGBoost
2024-11-30 23:00:00,1459.72318075,1460.9515380859375,XGBoost
2024-12-01 00:00:00,1467.3997182500002,1467.6373291015625,XGBoost
2024-12-01 01:00:00,1514.57287575,1514.791259765625,XGBoost
2024-12-01 02:00:00,1484.06573475,1483.2685546875,XGBoost
2024-12-01 03:00:00,1317.78007125,1317.2677001953125,XGBoost
2024-12-01 04:00:00,1523.235075,1521.7677001953125,XGBoost
2024-12-01 05:00:00,1584.662626,1583.54248046875,XGBoost
2024-12-01 06:00:00,1553.06543625,1554.02099609375,XGBoost
2024-12-01 07:00:00,1494.9248055,1494.0396728515625,XGBoost
2024-12-01 08:00:00,1481.0453595,1479.8890380859375,XGBoost
2024-12-01 09:00:00,1397.76423925,1398.4693603515625,XGBoost
2024-12-01 10:00:00,1573.44896975,1575.5908203125,XGBoost
2024-12-01 11:00:00,1504.2950609999998,1504.540771484375,XGBoost
2024-12-01 12:00:00,1476.31242975,1476.417724609375,XGBoost
2024-12-01 13:00:00,1483.49360175,1483.8580322265625,XGBoost
2024-12-01 14:00:00,1527.117895,1527.605712890625,XGBoost
2024-12-01 15:00:00,1527.95889375,1527.089599609375,XGBoost
2024-12-01 16:00:00,1473.57007875,1472.2659912109375,XGBoost
2024-12-01 17:00:00,1432.5568294999998,1432.535400390625,XGBoost
2024-12-01 18:00:00,1499.7045345,1499.676025390625,XGBoost
2024-12-01 19:00:00,1511.84233225,1510.7645263671875,XGBoost
2024-12-01 20:00:00,1321.07801925,1321.3414306640625,XGBoost
2024-12-01 21:00:00,1306.18253775,1304.0357666015625,XGBoost
2024-12-01 22:00:00,1425.31976725,1426.333251953125,XGBoost
2024-12-01 23:00:00,1329.34728975,1329.7000732421875,XGBoost
2024-12-02 00:00:00,1557.8470525,1558.974853515625,XGBoost
2024-12-02 01:00:00,1447.79899625,1449.2564697265625,XGBoost
2024-12-02 02:00:00,1609.29954825,1608.471435546875,XGBoost
2024-12-02 03:00:00,1249.87050525,1246.4022216796875,XGBoost
2024-12-02 04:00:00,1597.986969,1595.2811279296875,XGBoost
2024-12-02 05:00:00,1440.12769275,1441.1837158203125,XGBoost
2024-12-02 06:00:00,1506.12626225,1504.9615478515625,XGBoost
2024-12-02 07:00:00,1504.4306005,1504.6785888671875,XGBoost
2024-12-02 08:00:00,1573.9887145,1574.2808837890625,XGBoost
2024-12-02 09:00:00,1560.87101475,1560.599365234375,XGBoost
2024-12-02 10:00:00,1686.31583725,1684.6478271484375,XGBoost
2024-12-02 11:00:00,1438.01194115,1440.9425048828125,XGBoost
2024-12-02 12:00:00,1382.94619925,1383.9842529296875,XGBoost
2024-12-02 13:00:00,1434.90557375,1435.029296875,XGBoost
2024-12-02 14:00:00,1519.4506972499998,1520.2835693359375,XGBoost
2024-12-02 15:00:00,1444.60117225,1444.409423828125,XGBoost
2024-12-02 16:00:00,1534.61751975,1534.1087646484375,XGBoost
2024-12-02 17:00:00,1544.0506719999998,1545.7703857421875,XGBoost
2024-12-02 18:00:00,1442.22684025,1442.6143798828125,XGBoost
2024-12-02 19:00:00,1562.159465,1561.140869140625,XGBoost
2024-12-02 20:00:00,1214.7538645,1212.563720703125,XGBoost
2024-12-02 21:00:00,1537.2119655,1536.50927734375,XGBoost
2024-12-02 22:00:00,1697.69129675,1694.04052734375,XGBoost
2024-12-02 23:00:00,1555.8666495,1556.3458251953125,XGBoost
2024-12-03 00:00:00,1404.895066,1402.7386474609375,XGBoost
2024-12-03 01:00:00,1630.450734,1632.1427001953125,XGBoost
2024-12-03 02:00:00,1431.671506,1432.6395263671875,XGBoost
2024-12-03 03:00:00,1462.8383055,1461.857421875,XGBoost
2024-12-03 04:00:00,1275.416588,1281.756591796875,XGBoost
2024-12-03 05:00:00,1441.12469475,1440.6353759765625,XGBoost
2024-12-03 06:00:00,1543.153432,1541.7032470703125,XGBoost
2024-12-03 07:00:00,1477.98905625,1477.4937744140625,XGBoost
2024-12-03 08:00:00,1595.99537375,1595.333251953125,XGBoost
2024-12-03 09:00:00,1566.0308415,1565.174560546875,XGBoost
2024-12-03 10:00:00,1556.35344925,1556.5120849609375,XGBoost
2024-12-03 11:00:00,1463.7318095,1463.835693359375,XGBoost
2024-12-03 12:00:00,1519.0980949999998,1518.80126953125,XGBoost
2024-12-03 13:00:00,1404.4916755,1400.822021484375,XGBoost
2024-12-03 14:00:00,1499.50664775,1499.584716796875,XGBoost
2024-12-03 15:00:00,1615.364224,1614.208984375,XGBoost
2024-12-03 16:00:00,1505.0536605,1505.4654541015625,XGBoost
2024-12-03 17:00:00,1624.1180065,1624.067138671875,XGBoost
2024-12-03 18:00:00,1710.1003862500002,1708.7589111328125,XGBoost
2024-12-03 19:00:00,1555.784183,1556.3944091796875,XGBoost
2024-12-03 20:00:00,1417.09640175,1417.31201171875,XGBoost
2024-12-03 21:00:00,1414.236643,1415.2646484375,XGBoost
2024-12-03 22:00:00,1597.754202,1597.011962890625,XGBoost
2024-12-03 23:00:00,1683.93628575,1685.4385986328125,XGBoost
2024-12-04 00:00:00,1395.20359225,1395.057861328125,XGBoost
2024-12-04 01:00:00,1609.3914815,1611.51806640625,XGBoost
2024-12-04 02:00:00,1360.9089851,1359.890869140625,XGBoost
2024-12-04 03:00:00,1360.7256405,1359.93115234375,XGBoost
2024-12-04 04:00:00,1601.0125135,1600.52490234375,XGBoost
2024-12-04 05:00:00,1467.16775325,1468.6593017578125,XGBoost
2024-12-04 06:00:00,1561.37580775,1560.2442626953125,XGBoost
2024-12-04 07:00:00,1391.151554,1389.7960205078125,XGBoost
2024-12-04 08:00:00,1515.9368185,1516.417724609375,XGBoost
2024-12-04 09:00:00,1429.07922475,1429.1966552734375,XGBoost
2024-12-04 10:00:00,1662.680708,1663.83447265625,XGBoost
2024-12-04 11:00:00,1606.87952575,1606.0899658203125,XGBoost
2024-12-04 12:00:00,1477.72818725,1477.5771484375,XGBoost
2024-12-04 13:00:00,1564.8994965,1563.7230224609375,XGBoost
2024-12-04 14:00:00,1418.23631825,1418.9573974609375,XGBoost
2024-12-04 15:00:00,1458.05514875,1459.1014404296875,XGBoost
2024-12-04 16:00:00,1565.730416,1565.3023681640625,XGBoost
2024-12-04 17:00:00,1494.96901525,1494.871337890625,XGBoost
2024-12-04 18:00:00,1477.55068025,1476.4827880859375,XGBoost
2024-12-04 19:00:00,1580.5393175,1580.4512939453125,XGBoost
2024-12-04 20:00:00,1376.57155475,1374.698974609375,XGBoost
2024-12-04 21:00:00,1478.1682175,1478.5927734375,XGBoost
2024-12-04 22:00:00,1325.0610295,1323.90673828125,XGBoost
2024-12-04 23:00:00,1418.41764075,1418.9879150390625,XGBoost
2024-12-05 00:00:00,1664.12362475,1664.8338623046875,XGBoost
2024-12-05 01:00:00,1553.36372225,1553.3707275390625,XGBoost
2024-12-05 02:00:00,1547.00774675,1546.5430908203125,XGBoost
2024-12-05 03:00:00,1609.7717790000002,1608.68896484375,XGBoost
2024-12-05 04:00:00,1693.0951055,1691.24072265625,XGBoost
2024-12-05 05:00:00,1577.0026235,1576.10400390625,XGBoost
2024-12-05 06:00:00,1354.10744625,1352.4483642578125,XGBoost
2024-12-05 07:00:00,1574.153371,1574.0125732421875,XGBoost
2024-12-05 08:00:00,1568.31493225,1568.4686279296875,XGBoost
2024-12-05 09:00:00,1290.8599445,1291.2835693359375,XGBoost
2024-12-05 10:00:00,1576.939169,1576.876708984375,XGBoost
2024-12-05 11:00:00,1523.93640825,1523.8319091796875,XGBoost
2024-12-05 12:00:00,1632.618705,1635.0804443359375,XGBoost
2024-12-05 13:00:00,1488.650094875,1487.726806640625,XGBoost
2024-12-05 14:00:00,1385.10818475,1386.27783203125,XGBoost
2024-12-05 15:00:00,1479.47408525,1478.7366943359375,XGBoost
2024-12-05 16:00:00,1437.35190275,1437.2490234375,XGBoost
2024-12-05 17:00:00,1449.96613825,1449.4140625,XGBoost
2024-12-05 18:00:00,1716.93044625,1721.360107421875,XGBoost
2024-12-05 19:00:00,1360.5690555,1360.1453857421875,XGBoost
2024-12-05 20:00:00,1532.204543,1531.98828125,XGBoost
2024-12-05 21:00:00,1471.0438047500002,1471.1375732421875,XGBoost
2024-12-05 22:00:00,1663.5634325,1661.71826171875,XGBoost
2024-12-05 23:00:00,1473.2922755,1473.52392578125,XGBoost
2024-12-06 00:00:00,1700.6700115,1703.3333740234375,XGBoost
2024-12-06 01:00:00,1556.63565175,1557.184814453125,XGBoost
2024-12-06 02:00:00,1467.27245175,1468.025634765625,XGBoost
2024-12-06 03:00:00,1517.9622655,1518.8487548828125,XGBoost
2024-12-06 04:00:00,1601.811059,1601.0697021484375,XGBoost
2024-12-06 05:00:00,1484.927088,1484.26708984375,XGBoost
2024-12-06 06:00:00,1611.48175925,1611.2974853515625,XGBoost
2024-12-06 07:00:00,1641.484899,1641.269775390625,XGBoost
2024-12-06 08:00:00,1482.27060425,1482.70166015625,XGBoost
2024-12-06 09:00:00,1482.06988075,1483.3768310546875,XGBoost
2024-12-06 10:00:00,1558.25930225,1556.366455078125,XGBoost
2024-12-06 11:00:00,1465.32218525,1465.027099609375,XGBoost
2024-12-06 12:00:00,1340.08923025,1340.2379150390625,XGBoost
2024-12-06 13:00:00,1334.06404925,1336.27734375,XGBoost
2024-12-06 14:00:00,1472.6264265,1472.3665771484375,XGBoost
2024-12-06 15:00:00,1536.7669135,1536.4041748046875,XGBoost
2024-12-06 16:00:00,1666.2636305,1666.2401123046875,XGBoost
2024-12-06 17:00:00,1330.975034,1329.8583984375,XGBoost
2024-12-06 18:00:00,1651.8879655,1652.4088134765625,XGBoost
2024-12-06 19:00:00,1257.97147875,1267.3092041015625,XGBoost
2024-12-06 20:00:00,1541.165586,1540.4942626953125,XGBoost
2024-12-06 21:00:00,1444.98275125,1445.02734375,XGBoost
2024-12-06 22:00:00,1557.53453875,1559.928466796875,XGBoost
2024-12-06 23:00:00,1498.23122975,1498.847412109375,XGBoost
2024-12-07 00:00:00,1659.833589,1659.734619140625,XGBoost
2024-12-07 01:00:00,1503.3186065,1503.3553466796875,XGBoost
2024-12-07 02:00:00,1440.97473925,1439.721923828125,XGBoost
2024-12-07 03:00:00,1729.3198255,1731.328369140625,XGBoost
2024-12-07 04:00:00,1195.346822375,1204.27880859375,XGBoost
2024-12-07 05:00:00,1488.51524175,1487.279541015625,XGBoost
2024-12-07 06:00:00,1599.69910325,1599.9617919921875,XGBoost
2024-12-07 07:00:00,1559.53286525,1559.308837890625,XGBoost
2024-12-07 08:00:00,1585.7537755,1585.9774169921875,XGBoost
2024-12-07 09:00:00,1406.13083,1408.2041015625,XGBoost
2024-12-07 10:00:00,1371.624986,1371.941162109375,XGBoost
2024-12-07 11:00:00,1664.22834825,1665.12158203125,XGBoost
2024-12-07 12:00:00,1442.37209725,1442.5672607421875,XGBoost
2024-12-07 13:00:00,1418.36905825,1418.84423828125,XGBoost
2024-12-07 14:00:00,1575.41395175,1575.5147705078125,XGBoost
2024-12-07 15:00:00,1491.711945,1491.955078125,XGBoost
2024-12-07 16:00:00,1597.908496,1597.5345458984375,XGBoost
2024-12-07 17:00:00,1522.49369325,1523.287109375,XGBoost
2024-12-07 18:00:00,1665.5864775,1664.31396484375,XGBoost
2024-12-07 19:00:00,1642.62820075,1643.5765380859375,XGBoost
2024-12-07 20:00:00,1549.38418275,1550.6806640625,XGBoost
2024-12-07 21:00:00,1556.23162625,1555.2130126953125,XGBoost
2024-12-07 22:00:00,1404.15591425,1403.4893798828125,XGBoost
2024-12-07 23:00:00,1263.0583285,1266.238037109375,XGBoost
2024-12-08 00:00:00,1425.83360625,1428.0716552734375,XGBoost
2024-12-08 01:00:00,1496.00128475,1496.311767578125,XGBoost
2024-12-08 02:00:00,1423.50061625,1423.22607421875,XGBoost
2024-12-08 03:00:00,1430.16093525,1428.9910888671875,XGBoost
2024-12-08 04:00:00,1381.275808,1382.49853515625,XGBoost
2024-12-08 05:00:00,1603.34453675,1602.8682861328125,XGBoost
2024-12-08 06:00:00,1414.2616725,1414.6094970703125,XGBoost
2024-12-08 07:00:00,1591.06011575,1591.323974609375,XGBoost
2024-12-08 08:00:00,1574.14263725,1573.3741455078125,XGBoost
2024-12-08 09:00:00,1630.6189315,1630.666015625,XGBoost
2024-12-08 10:00:00,1548.213775,1548.05810546875,XGBoost
2024-12-08 11:00:00,1627.180234,1627.1343994140625,XGBoost
2024-12-08 12:00:00,1428.64572475,1428.4068603515625,XGBoost
2024-12-08 13:00:00,1699.42576525,1698.251220703125,XGBoost
2024-12-08 14:00:00,1662.33915375,1660.2060546875,XGBoost
2024-12-08 15:00:00,1697.5463885,1697.6622314453125,XGBoost
2024-12-08 16:00:00,1437.214069,1437.774169921875,XGBoost
2024-12-08 17:00:00,1510.730167,1510.6685791015625,XGBoost
2024-12-08 18:00:00,1563.408399,1563.881103515625,XGBoost
2024-12-08 19:00:00,1369.83549225,1369.2305908203125,XGBoost
2024-12-08 20:00:00,1597.5760275,1598.678955078125,XGBoost
2024-12-08 21:00:00,1484.86261325,1484.9990234375,XGBoost
2024-12-08 22:00:00,1605.1751245,1604.762451171875,XGBoost
2024-12-08 23:00:00,1512.24032125,1513.4608154296875,XGBoost
2024-12-09 00:00:00,1523.24371025,1522.7281494140625,XGBoost
2024-12-09 01:00:00,1568.897914,1567.9608154296875,XGBoost
2024-12-09 02:00:00,1359.55357675,1359.421142578125,XGBoost
2024-12-09 03:00:00,1669.8859675,1671.585693359375,XGBoost
2024-12-09 04:00:00,1585.360297,1586.2041015625,XGBoost
2024-12-09 05:00:00,1587.16730725,1587.639404296875,XGBoost
2024-12-09 06:00:00,1453.5945285,1454.694091796875,XGBoost
2024-12-09 07:00:00,1422.32535125,1420.4881591796875,XGBoost
2024-12-09 08:00:00,1496.27431675,1495.512939453125,XGBoost
2024-12-09 09:00:00,1408.08523225,1408.8685302734375,XGBoost
2024-12-09 10:00:00,1492.1419105,1493.0062255859375,XGBoost
2024-12-09 11:00:00,1405.81799375,1405.85888671875,XGBoost
2024-12-09 12:00:00,1259.980822,1268.2181396484375,XGBoost
2024-12-09 13:00:00,1540.566023,1541.155517578125,XGBoost
2024-12-09 14:00:00,1518.91996775,1517.494140625,XGBoost
2024-12-09 15:00:00,1483.5265184999998,1484.6160888671875,XGBoost
2024-12-09 16:00:00,1493.82997575,1492.8734130859375,XGBoost
2024-12-09 17:00:00,1537.848745,1537.4576416015625,XGBoost
2024-12-09 18:00:00,1521.85650125,1523.40576171875,XGBoost
2024-12-09 19:00:00,1488.60327775,1489.016357421875,XGBoost
2024-12-09 20:00:00,1471.18155625,1470.4427490234375,XGBoost
2024-12-09 21:00:00,1627.89108475,1629.4053955078125,XGBoost
2024-12-09 22:00:00,1475.0797235,1474.635986328125,XGBoost
2024-12-09 23:00:00,1518.27286625,1518.2276611328125,XGBoost
2024-12-10 00:00:00,1405.14768175,1406.5850830078125,XGBoost
2024-12-10 01:00:00,1568.75776325,1568.0743408203125,XGBoost
2024-12-10 02:00:00,1467.07369525,1468.3914794921875,XGBoost
2024-12-10 03:00:00,1618.9724885,1616.930419921875,XGBoost
2024-12-10 04:00:00,1559.77488925,1558.6119384765625,XGBoost
2024-12-10 05:00:00,1643.906324,1643.2957763671875,XGBoost
2024-12-10 06:00:00,1435.692283,1434.37744140625,XGBoost
2024-12-10 07:00:00,1516.085849,1517.8819580078125,XGBoost
2024-12-10 08:00:00,1439.363745,1437.710205078125,XGBoost
2024-12-10 09:00:00,1341.72736125,1341.5164794921875,XGBoost
2024-12-10 10:00:00,1414.45404875,1414.0577392578125,XGBoost
2024-12-10 11:00:00,1646.14644,1646.8472900390625,XGBoost
2024-12-10 12:00:00,1490.6374375,1489.260986328125,XGBoost
2024-12-10 13:00:00,1593.91847225,1594.8580322265625,XGBoost
2024-12-10 14:00:00,1620.20612925,1620.6214599609375,XGBoost
2024-12-10 15:00:00,1448.66805075,1447.7484130859375,XGBoost
2024-12-10 16:00:00,1514.84549075,1515.8238525390625,XGBoost
2024-12-10 17:00:00,1530.83481225,1529.83642578125,XGBoost
2024-12-10 18:00:00,1488.3143675,1487.926513671875,XGBoost
2024-12-10 19:00:00,1560.63456125,1560.7327880859375,XGBoost
2024-12-10 20:00:00,1596.95238175,1597.718505859375,XGBoost
2024-12-10 21:00:00,1298.660434,1298.3436279296875,XGBoost
2024-12-10 22:00:00,1478.3378817500002,1478.126220703125,XGBoost
2024-12-10 23:00:00,1548.43187525,1548.0728759765625,XGBoost
2024-12-11 00:00:00,1448.4176075,1447.1461181640625,XGBoost
2024-12-11 01:00:00,1580.0111057499998,1580.304931640625,XGBoost
2024-12-11 02:00:00,1542.439784,1543.5279541015625,XGBoost
2024-12-11 03:00:00,1516.34755675,1515.7955322265625,XGBoost
2024-12-11 04:00:00,1458.87115325,1458.9195556640625,XGBoost
2024-12-11 05:00:00,1470.1252285,1470.22509765625,XGBoost
2024-12-11 06:00:00,1408.01052775,1405.1395263671875,XGBoost
2024-12-11 07:00:00,1396.393628,1397.097412109375,XGBoost
2024-12-11 08:00:00,1691.133409,1686.9781494140625,XGBoost
2024-12-11 09:00:00,1611.58232675,1612.0067138671875,XGBoost
2024-12-11 10:00:00,1547.441665,1546.296875,XGBoost
2024-12-11 11:00:00,1335.11541025,1334.42138671875,XGBoost
2024-12-11 12:00:00,1518.30356575,1517.295166015625,XGBoost
2024-12-11 13:00:00,1462.17236575,1462.332763671875,XGBoost
2024-12-11 14:00:00,1380.2557755,1378.55224609375,XGBoost
2024-12-11 15:00:00,1539.53505175,1539.0721435546875,XGBoost
2024-12-11 16:00:00,1355.37100775,1355.4703369140625,XGBoost
2024-12-11 17:00:00,1390.8901515,1390.765625,XGBoost
2024-12-11 18:00:00,1493.8539105,1494.082763671875,XGBoost
2024-12-11 19:00:00,1709.4320275,1712.2340087890625,XGBoost
2024-12-11 20:00:00,1558.55114475,1558.5350341796875,XGBoost
2024-12-11 21:00:00,1315.726771825,1317.8935546875,XGBoost
2024-12-11 22:00:00,1559.01656725,1559.1558837890625,XGBoost
2024-12-11 23:00:00,1521.619616,1519.5001220703125,XGBoost
2024-12-12 00:00:00,1564.3996895,1564.2322998046875,XGBoost
2024-12-12 01:00:00,1328.0872545,1327.6539306640625,XGBoost
2024-12-12 02:00:00,1529.0423485,1529.1318359375,XGBoost
2024-12-12 03:00:00,1424.05200275,1424.54638671875,XGBoost
2024-12-12 04:00:00,1594.315125,1594.2974853515625,XGBoost
2024-12-12 05:00:00,1415.99115175,1417.2862548828125,XGBoost
2024-12-12 06:00:00,1680.80309425,1679.6199951171875,XGBoost
2024-12-12 07:00:00,1486.58206325,1486.5771484375,XGBoost
2024-12-12 08:00:00,1668.302886,1669.5401611328125,XGBoost
2024-12-12 09:00:00,1592.33715875,1592.183837890625,XGBoost
2024-12-12 10:00:00,1477.89006075,1476.5135498046875,XGBoost
2024-12-12 11:00:00,1469.20071575,1469.939208984375,XGBoost
2024-12-12 12:00:00,1533.76829975,1534.5821533203125,XGBoost
2024-12-12 13:00:00,1302.03439475,1305.8729248046875,XGBoost
2024-12-12 14:00:00,1540.7836625,1539.75146484375,XGBoost
2024-12-12 15:00:00,1404.12343975,1404.4400634765625,XGBoost
2024-12-12 16:00:00,1360.617634,1360.9090576171875,XGBoost
2024-12-12 17:00:00,1395.06226825,1394.895751953125,XGBoost
2024-12-12 18:00:00,1505.79382875,1505.328369140625,XGBoost
2024-12-12 19:00:00,1533.46384775,1532.9322509765625,XGBoost
2024-12-12 20:00:00,1386.867198,1387.7982177734375,XGBoost
2024-12-12 21:00:00,1657.89701025,1658.189208984375,XGBoost
2024-12-12 22:00:00,1278.697806625,1276.4512939453125,XGBoost
2024-12-12 23:00:00,1626.61389375,1623.4423828125,XGBoost
2024-12-13 00:00:00,1527.049311,1526.92041015625,XGBoost
2024-12-13 01:00:00,1405.20065875,1406.177734375,XGBoost
2024-12-13 02:00:00,1535.16806375,1536.5106201171875,XGBoost
2024-12-13 03:00:00,1401.98807825,1404.4976806640625,XGBoost
2024-12-13 04:00:00,1424.12255275,1426.161376953125,XGBoost
2024-12-13 05:00:00,1575.60649975,1576.885009765625,XGBoost
2024-12-13 06:00:00,1433.44645175,1433.4552001953125,XGBoost
2024-12-13 07:00:00,1461.4128285,1462.2706298828125,XGBoost
2024-12-13 08:00:00,1453.31991425,1452.9439697265625,XGBoost
2024-12-13 09:00:00,1407.42003075,1407.6627197265625,XGBoost
2024-12-13 10:00:00,1376.9362075,1378.68701171875,XGBoost
2024-12-13 11:00:00,1564.7003445,1565.4501953125,XGBoost
2024-12-13 12:00:00,1478.6334185,1478.0933837890625,XGBoost
2024-12-13 13:00:00,1376.77089525,1375.0499267578125,XGBoost
2024-12-13 14:00:00,1549.3969105,1549.5911865234375,XGBoost
2024-12-13 15:00:00,1542.22063175,1543.1383056640625,XGBoost
2024-12-13 16:00:00,1499.90065375,1500.498779296875,XGBoost
2024-12-13 17:00:00,1516.56948125,1517.8756103515625,XGBoost
2024-12-13 18:00:00,1324.5347285,1325.7337646484375,XGBoost
2024-12-13 19:00:00,1465.54308375,1465.829833984375,XGBoost
2024-12-13 20:00:00,1342.40317125,1341.6707763671875,XGBoost
2024-12-13 21:00:00,1637.58947475,1639.663818359375,XGBoost
2024-12-13 22:00:00,1458.054361,1457.69384765625,XGBoost
2024-12-13 23:00:00,1679.87931075,1679.9224853515625,XGBoost
2024-12-14 00:00:00,1495.14319725,1495.688720703125,XGBoost
2024-12-14 01:00:00,1399.460612,1399.5186767578125,XGBoost
2024-12-14 02:00:00,1450.68593525,1450.278076171875,XGBoost
2024-12-14 03:00:00,1420.7468095,1420.2945556640625,XGBoost
2024-12-14 04:00:00,1652.42706375,1651.3587646484375,XGBoost
2024-12-14 05:00:00,1416.729657,1417.364501953125,XGBoost
2024-12-14 06:00:00,1502.539229,1501.158935546875,XGBoost
2024-12-14 07:00:00,1600.77714,1601.7750244140625,XGBoost
2024-12-14 08:00:00,1519.18638225,1518.8931884765625,XGBoost
2024-12-14 09:00:00,1437.4853095,1438.433349609375,XGBoost
2024-12-14 10:00:00,1550.64559125,1549.6700439453125,XGBoost
2024-12-14 11:00:00,1611.54316825,1610.9632568359375,XGBoost
2024-12-14 12:00:00,1469.6217322500002,1470.2086181640625,XGBoost
2024-12-14 13:00:00,1378.35348675,1377.8721923828125,XGBoost
2024-12-14 14:00:00,1200.07080725,1205.5394287109375,XGBoost
2024-12-14 15:00:00,1455.708297,1457.8331298828125,XGBoost
2024-12-14 16:00:00,1509.347432,1508.935302734375,XGBoost
2024-12-14 17:00:00,1507.97351575,1506.998046875,XGBoost
2024-12-14 18:00:00,1588.97482175,1590.1051025390625,XGBoost
2024-12-14 19:00:00,1414.086166,1415.495361328125,XGBoost
2024-12-14 20:00:00,1481.5791455,1481.7418212890625,XGBoost
2024-12-14 21:00:00,1511.1887195,1511.7314453125,XGBoost
2024-12-14 22:00:00,1420.7369755,1421.12060546875,XGBoost
2024-12-14 23:00:00,1459.25027725,1458.45263671875,XGBoost
2024-12-15 00:00:00,1566.27424325,1566.71044921875,XGBoost
2024-12-15 01:00:00,1426.25297125,1426.8841552734375,XGBoost
2024-12-15 02:00:00,1474.03383775,1475.0177001953125,XGBoost
2024-12-15 03:00:00,1546.64153625,1546.37841796875,XGBoost
2024-12-15 04:00:00,1532.663362,1532.7646484375,XGBoost
2024-12-15 05:00:00,1449.49065425,1449.3858642578125,XGBoost
2024-12-15 06:00:00,1540.92019975,1540.9122314453125,XGBoost
2024-12-15 07:00:00,1546.278564,1545.63037109375,XGBoost
2024-12-15 08:00:00,1358.965379,1361.3536376953125,XGBoost
2024-12-15 09:00:00,1610.06168525,1610.4794921875,XGBoost
2024-12-15 10:00:00,1579.70083875,1580.11572265625,XGBoost
2024-12-15 11:00:00,1460.8429580000002,1459.38720703125,XGBoost
2024-12-15 12:00:00,1655.6141125,1655.51220703125,XGBoost
2024-12-15 13:00:00,1454.75009025,1454.4180908203125,XGBoost
2024-12-15 14:00:00,1534.54313775,1535.870361328125,XGBoost
2024-12-15 15:00:00,1607.63683225,1608.3236083984375,XGBoost
2024-12-15 16:00:00,1483.06123275,1483.8656005859375,XGBoost
2024-12-15 17:00:00,1517.87095375,1516.5968017578125,XGBoost
2024-12-15 18:00:00,1429.4844035,1428.6973876953125,XGBoost
2024-12-15 19:00:00,1514.9328165,1514.6226806640625,XGBoost
2024-12-15 20:00:00,1465.68890025,1466.1844482421875,XGBoost
2024-12-15 21:00:00,1567.90230375,1568.4437255859375,XGBoost
2024-12-15 22:00:00,1441.359701,1441.858154296875,XGBoost
2024-12-15 23:00:00,1418.062763,1418.0487060546875,XGBoost
2024-12-16 00:00:00,1604.636454,1604.2347412109375,XGBoost
2024-12-16 01:00:00,1498.38305075,1497.3687744140625,XGBoost
2024-12-16 02:00:00,1704.5217025,1703.3287353515625,XGBoost
2024-12-16 03:00:00,1310.3219805,1313.152099609375,XGBoost
2024-12-16 04:00:00,1653.26690875,1651.6300048828125,XGBoost
2024-12-16 05:00:00,1355.40723125,1355.344970703125,XGBoost
2024-12-16 06:00:00,1272.046173,1265.7882080078125,XGBoost
2024-12-16 07:00:00,1711.78190875,1710.4190673828125,XGBoost
2024-12-16 08:00:00,1448.297971,1449.9232177734375,XGBoost
2024-12-16 09:00:00,1543.521323,1542.9896240234375,XGBoost
2024-12-16 10:00:00,1402.818462,1404.707275390625,XGBoost
2024-12-16 11:00:00,1399.72320275,1400.5513916015625,XGBoost
2024-12-16 12:00:00,1636.6261155,1636.177734375,XGBoost
2024-12-16 13:00:00,1535.4634565,1537.0345458984375,XGBoost
2024-12-16 14:00:00,1349.8665945,1350.410400390625,XGBoost
2024-12-16 15:00:00,1721.10565875,1720.7139892578125,XGBoost
2024-12-16 16:00:00,1391.6218835,1393.312255859375,XGBoost
2024-12-16 17:00:00,1487.79251975,1488.8790283203125,XGBoost
2024-12-16 18:00:00,1587.849143,1587.8809814453125,XGBoost
2024-12-16 19:00:00,1548.60998475,1547.518310546875,XGBoost
2024-12-16 20:00:00,1578.0999485,1579.0250244140625,XGBoost
2024-12-16 21:00:00,1454.1672865,1454.5526123046875,XGBoost
2024-12-16 22:00:00,1524.97045375,1523.85595703125,XGBoost
2024-12-16 23:00:00,1617.648753,1619.6748046875,XGBoost
2024-12-17 00:00:00,1508.550727,1508.4578857421875,XGBoost
2024-12-17 01:00:00,1461.82076175,1462.0042724609375,XGBoost
2024-12-17 02:00:00,1591.5289385,1591.1688232421875,XGBoost
2024-12-17 03:00:00,1624.02803825,1623.7987060546875,XGBoost
2024-12-17 04:00:00,1314.7670675,1316.886474609375,XGBoost
2024-12-17 05:00:00,1573.17973625,1571.689453125,XGBoost
2024-12-17 06:00:00,1495.46300725,1497.024169921875,XGBoost
2024-12-17 07:00:00,1629.411916,1629.5684814453125,XGBoost
2024-12-17 08:00:00,1261.7905735,1264.847412109375,XGBoost
2024-12-17 09:00:00,1558.51008975,1559.2607421875,XGBoost
2024-12-17 10:00:00,1478.42594325,1479.022705078125,XGBoost
2024-12-17 11:00:00,1424.972951775,1424.9794921875,XGBoost
2024-12-17 12:00:00,1460.0539555,1459.230712890625,XGBoost
2024-12-17 13:00:00,1470.6939470000002,1470.45703125,XGBoost
2024-12-17 14:00:00,1526.72735825,1527.12841796875,XGBoost
2024-12-17 15:00:00,1506.41753025,1507.068115234375,XGBoost
2024-12-17 16:00:00,1639.63906425,1640.3682861328125,XGBoost
2024-12-17 17:00:00,1445.65307175,1446.1971435546875,XGBoost
2024-12-17 18:00:00,1409.74762875,1409.57373046875,XGBoost
2024-12-17 19:00:00,1615.60764475,1614.1707763671875,XGBoost
2024-12-17 20:00:00,1574.0187405,1574.03564453125,XGBoost
2024-12-17 21:00:00,1500.9720055,1502.718017578125,XGBoost
2024-12-17 22:00:00,1790.0535965,1794.9891357421875,XGBoost
2024-12-17 23:00:00,1542.58902925,1541.82763671875,XGBoost
2024-12-18 00:00:00,1425.46323675,1425.44775390625,XGBoost
2024-12-18 01:00:00,1401.60414275,1403.5010986328125,XGBoost
2024-12-18 02:00:00,1653.4825345,1651.11572265625,XGBoost
2024-12-18 03:00:00,1436.0674555,1436.9107666015625,XGBoost
2024-12-18 04:00:00,1356.12396025,1355.60205078125,XGBoost
2024-12-18 05:00:00,1467.449121,1466.6505126953125,XGBoost
2024-12-18 06:00:00,1553.02463825,1552.2611083984375,XGBoost
2024-12-18 07:00:00,1431.53555425,1431.8753662109375,XGBoost
2024-12-18 08:00:00,1592.12342675,1591.4385986328125,XGBoost
2024-12-18 09:00:00,1637.519928,1639.48583984375,XGBoost
2024-12-18 10:00:00,1420.2515115,1420.6829833984375,XGBoost
2024-12-18 11:00:00,1487.6874445,1487.8795166015625,XGBoost
2024-12-18 12:00:00,1618.94877025,1617.5245361328125,XGBoost
2024-12-18 13:00:00,1544.474868,1545.53173828125,XGBoost
2024-12-18 14:00:00,1408.3362475,1408.0150146484375,XGBoost
2024-12-18 15:00:00,1370.41952525,1372.0567626953125,XGBoost
2024-12-18 16:00:00,1636.18740675,1635.2841796875,XGBoost
2024-12-18 17:00:00,1529.86105825,1530.7828369140625,XGBoost
2024-12-18 18:00:00,1526.50289275,1527.4237060546875,XGBoost
2024-12-18 19:00:00,1516.000289,1516.05322265625,XGBoost
2024-12-18 20:00:00,1696.0693525,1698.272216796875,XGBoost
2024-12-18 21:00:00,1340.88862825,1339.3995361328125,XGBoost
2024-12-18 22:00:00,1425.766211,1424.0465087890625,XGBoost
2024-12-18 23:00:00,1519.06295325,1518.8402099609375,XGBoost
2024-12-19 00:00:00,1430.08993375,1430.3267822265625,XGBoost
2024-12-19 01:00:00,1472.39253575,1473.1900634765625,XGBoost
2024-12-19 02:00:00,1423.15424575,1425.2054443359375,XGBoost
2024-12-19 03:00:00,1572.85084375,1572.6453857421875,XGBoost
2024-12-19 04:00:00,1607.84440275,1608.435791015625,XGBoost
2024-12-19 05:00:00,1567.60930625,1568.9842529296875,XGBoost
2024-12-19 06:00:00,1485.82776425,1486.0577392578125,XGBoost
2024-12-19 07:00:00,1513.5138555,1512.7227783203125,XGBoost
2024-12-19 08:00:00,1570.63185075,1569.58984375,XGBoost
2024-12-19 09:00:00,1345.36880075,1344.4163818359375,XGBoost
2024-12-19 10:00:00,1417.0956725,1416.4752197265625,XGBoost
2024-12-19 11:00:00,1627.816504,1628.6834716796875,XGBoost
2024-12-19 12:00:00,1265.60103,1268.8253173828125,XGBoost
2024-12-19 13:00:00,1521.4085735,1521.1851806640625,XGBoost
2024-12-19 14:00:00,1567.985373,1568.8358154296875,XGBoost
2024-12-19 15:00:00,1531.384905,1530.006591796875,XGBoost
2024-12-19 16:00:00,1499.41230075,1498.52392578125,XGBoost
2024-12-19 17:00:00,1559.199992,1560.2823486328125,XGBoost
2024-12-19 18:00:00,1634.691475,1635.8734130859375,XGBoost
2024-12-19 19:00:00,1468.916756,1469.2745361328125,XGBoost
2024-12-19 20:00:00,1459.39061775,1459.9971923828125,XGBoost
2024-12-19 21:00:00,1630.2268635,1631.344482421875,XGBoost
2024-12-19 22:00:00,1581.18299475,1581.724853515625,XGBoost
2024-12-19 23:00:00,1469.043009,1468.3212890625,XGBoost
2024-12-20 00:00:00,1534.60950125,1535.6400146484375,XGBoost
2024-12-20 01:00:00,1430.521781475,1429.43701171875,XGBoost
2024-12-20 02:00:00,1427.90798775,1428.2576904296875,XGBoost
2024-12-20 03:00:00,1521.63449125,1521.0584716796875,XGBoost
2024-12-20 04:00:00,1490.987384,1490.4996337890625,XGBoost
2024-12-20 05:00:00,1381.14464675,1381.7818603515625,XGBoost
2024-12-20 06:00:00,1461.90181925,1460.9658203125,XGBoost
2024-12-20 07:00:00,1344.32237075,1345.713134765625,XGBoost
2024-12-20 08:00:00,1578.09410805,1579.233642578125,XGBoost
2024-12-20 09:00:00,1551.36440825,1552.227783203125,XGBoost
2024-12-20 10:00:00,1578.78327475,1580.2763671875,XGBoost
2024-12-20 11:00:00,1430.0680515,1432.08642578125,XGBoost
2024-12-20 12:00:00,1409.1922835,1409.8541259765625,XGBoost
2024-12-20 13:00:00,1540.3952445,1540.934814453125,XGBoost
2024-12-20 14:00:00,1569.82767025,1570.7730712890625,XGBoost
2024-12-20 15:00:00,1449.4707667500002,1450.1910400390625,XGBoost
2024-12-20 16:00:00,1566.774046,1566.56201171875,XGBoost
2024-12-20 17:00:00,1479.68598975,1480.6678466796875,XGBoost
2024-12-20 18:00:00,1403.36627825,1404.914306640625,XGBoost
2024-12-20 19:00:00,1516.8439965,1515.62744140625,XGBoost
2024-12-20 20:00:00,1492.40389025,1492.49072265625,XGBoost
2024-12-20 21:00:00,1521.2749085,1521.5740966796875,XGBoost
2024-12-20 22:00:00,1387.814771,1387.769287109375,XGBoost
2024-12-20 23:00:00,1530.76349575,1530.771728515625,XGBoost
2024-12-21 00:00:00,1495.7086715,1495.8017578125,XGBoost
2024-12-21 01:00:00,1674.830678,1675.15185546875,XGBoost
2024-12-21 02:00:00,1642.95581,1642.734375,XGBoost
2024-12-21 03:00:00,1475.458513,1474.7354736328125,XGBoost
2024-12-21 04:00:00,1487.19737,1486.7371826171875,XGBoost
2024-12-21 05:00:00,1485.17771925,1486.3138427734375,XGBoost
2024-12-21 06:00:00,1460.6658135,1460.228759765625,XGBoost
2024-12-21 07:00:00,1427.76619125,1429.3837890625,XGBoost
2024-12-21 08:00:00,1293.5874285,1288.0386962890625,XGBoost
2024-12-21 09:00:00,1452.856764,1452.97265625,XGBoost
2024-12-21 10:00:00,1615.56213925,1614.01220703125,XGBoost
2024-12-21 11:00:00,1509.597771,1509.618408203125,XGBoost
2024-12-21 12:00:00,1501.02148425,1501.1004638671875,XGBoost
2024-12-21 13:00:00,1463.8314985,1464.3443603515625,XGBoost
2024-12-21 14:00:00,1567.22974025,1566.5635986328125,XGBoost
2024-12-21 15:00:00,1568.4563435,1568.8138427734375,XGBoost
2024-12-21 16:00:00,1483.394947,1483.6572265625,XGBoost
2024-12-21 17:00:00,1548.90435375,1550.12890625,XGBoost
2024-12-21 18:00:00,1433.9838595,1434.7384033203125,XGBoost
2024-12-21 19:00:00,1498.65041,1498.156982421875,XGBoost
2024-12-21 20:00:00,1381.80060475,1381.0386962890625,XGBoost
2024-12-21 21:00:00,1547.24392375,1547.3839111328125,XGBoost
2024-12-21 22:00:00,1511.992565,1510.7476806640625,XGBoost
2024-12-21 23:00:00,1368.1095835,1368.529296875,XGBoost
2024-12-22 00:00:00,1514.5187155,1511.7047119140625,XGBoost
2024-12-22 01:00:00,1443.81523425,1444.8818359375,XGBoost
2024-12-22 02:00:00,1428.0914094999998,1427.0657958984375,XGBoost
2024-12-22 03:00:00,1433.216722,1433.4974365234375,XGBoost
2024-12-22 04:00:00,1554.49436875,1555.2840576171875,XGBoost
2024-12-22 05:00:00,1676.3395795,1677.2789306640625,XGBoost
2024-12-22 06:00:00,1365.97998375,1364.9117431640625,XGBoost
2024-12-22 07:00:00,1580.494668,1580.819580078125,XGBoost
2024-12-22 08:00:00,1343.2223395,1341.402587890625,XGBoost
2024-12-22 09:00:00,1501.5120625,1501.70458984375,XGBoost
2024-12-22 10:00:00,1488.66394025,1489.10400390625,XGBoost
2024-12-22 11:00:00,1498.28759125,1496.855712890625,XGBoost
2024-12-22 12:00:00,1531.50148825,1531.8084716796875,XGBoost
2024-12-22 13:00:00,1338.4817722500002,1339.3160400390625,XGBoost
2024-12-22 14:00:00,1448.634107,1449.123779296875,XGBoost
2024-12-22 15:00:00,1307.03798975,1303.722412109375,XGBoost
2024-12-22 16:00:00,1657.4557102499998,1657.3297119140625,XGBoost
2024-12-22 17:00:00,1655.40634325,1656.9512939453125,XGBoost
2024-12-22 18:00:00,1562.35345825,1561.9620361328125,XGBoost
2024-12-22 19:00:00,1487.9363825,1486.679931640625,XGBoost
2024-12-22 20:00:00,1438.37614725,1438.6766357421875,XGBoost
2024-12-22 21:00:00,1593.80578375,1592.271484375,XGBoost
2024-12-22 22:00:00,1379.358004,1378.9207763671875,XGBoost
2024-12-22 23:00:00,1568.27689625,1566.240234375,XGBoost
2024-12-23 00:00:00,1624.9150105,1625.72900390625,XGBoost
2024-12-23 01:00:00,1311.7046995,1311.8138427734375,XGBoost
2024-12-23 02:00:00,1448.345255,1447.49072265625,XGBoost
2024-12-23 03:00:00,1420.5640455,1420.6094970703125,XGBoost
2024-12-23 04:00:00,1701.91189325,1701.9267578125,XGBoost
2024-12-23 05:00:00,1351.6776538,1353.0748291015625,XGBoost
2024-12-23 06:00:00,1479.870416,1480.6114501953125,XGBoost
2024-12-23 07:00:00,1594.681173,1595.1959228515625,XGBoost
2024-12-23 08:00:00,1576.7327785,1575.3858642578125,XGBoost
2024-12-23 09:00:00,1520.55425475,1520.59033203125,XGBoost
2024-12-23 10:00:00,1483.21934325,1483.8797607421875,XGBoost
2024-12-23 11:00:00,1426.61298,1425.6168212890625,XGBoost
2024-12-23 12:00:00,1582.9005445,1582.8021240234375,XGBoost
2024-12-23 13:00:00,1396.3856015,1393.27734375,XGBoost
2024-12-23 14:00:00,1550.47523625,1550.366455078125,XGBoost
2024-12-23 15:00:00,1537.30996425,1538.420166015625,XGBoost
2024-12-23 16:00:00,1555.32063375,1554.2032470703125,XGBoost
2024-12-23 17:00:00,1528.59334775,1529.5152587890625,XGBoost
2024-12-23 18:00:00,1390.8173365,1390.8399658203125,XGBoost
2024-12-23 19:00:00,1393.49513425,1391.7989501953125,XGBoost
2024-12-23 20:00:00,1568.71025175,1569.6334228515625,XGBoost
2024-12-23 21:00:00,1298.33048675,1300.637939453125,XGBoost
2024-12-23 22:00:00,1471.75099275,1470.810302734375,XGBoost
2024-12-23 23:00:00,1453.25491625,1452.79345703125,XGBoost
2024-12-24 00:00:00,1395.246168,1394.757080078125,XGBoost
2024-12-24 01:00:00,1544.95037625,1544.08544921875,XGBoost
2024-12-24 02:00:00,1527.025063,1528.468994140625,XGBoost
2024-12-24 03:00:00,1522.03714075,1522.5718994140625,XGBoost
2024-12-24 04:00:00,1514.58863025,1513.704833984375,XGBoost
2024-12-24 05:00:00,1534.8066645,1535.0111083984375,XGBoost
2024-12-24 06:00:00,1496.9996565,1496.875732421875,XGBoost
2024-12-24 07:00:00,1497.77008225,1497.75732421875,XGBoost
2024-12-24 08:00:00,1486.40366575,1486.6243896484375,XGBoost
2024-12-24 09:00:00,1596.84240925,1596.1878662109375,XGBoost
2024-12-24 10:00:00,1390.20328175,1389.682373046875,XGBoost
2024-12-24 11:00:00,1469.39935375,1467.8675537109375,XGBoost
2024-12-24 12:00:00,1518.11693975,1513.584716796875,XGBoost
2024-12-24 13:00:00,1507.982146,1506.6112060546875,XGBoost
2024-12-24 14:00:00,1419.783666,1420.6083984375,XGBoost
2024-12-24 15:00:00,1686.10868775,1685.048095703125,XGBoost
2024-12-24 16:00:00,1334.50197825,1334.2562255859375,XGBoost
2024-12-24 17:00:00,1529.800513,1529.82470703125,XGBoost
2024-12-24 18:00:00,1601.644639,1601.1346435546875,XGBoost
2024-12-24 19:00:00,1582.87544225,1584.08154296875,XGBoost
2024-12-24 20:00:00,1543.79029,1542.81396484375,XGBoost
2024-12-24 21:00:00,1432.72555175,1433.6319580078125,XGBoost
2024-12-24 22:00:00,1629.4389275,1629.0517578125,XGBoost
2024-12-24 23:00:00,1478.1514585,1478.87890625,XGBoost
2024-12-25 00:00:00,1579.3841235,1579.6324462890625,XGBoost
2024-12-25 01:00:00,1478.3571244999998,1478.66552734375,XGBoost
2024-12-25 02:00:00,1496.668411,1494.2105712890625,XGBoost
2024-12-25 03:00:00,1480.400588,1479.9783935546875,XGBoost
2024-12-25 04:00:00,1529.1356045,1530.0216064453125,XGBoost
2024-12-25 05:00:00,1502.42337625,1503.466552734375,XGBoost
2024-12-25 06:00:00,1466.71002325,1467.3353271484375,XGBoost
2024-12-25 07:00:00,1515.804007,1518.248291015625,XGBoost
2024-12-25 08:00:00,1487.880284,1488.2188720703125,XGBoost
2024-12-25 09:00:00,1632.56904825,1631.3160400390625,XGBoost
2024-12-25 10:00:00,1543.44621,1544.2679443359375,XGBoost
2024-12-25 11:00:00,1403.34242025,1403.6341552734375,XGBoost
2024-12-25 12:00:00,1654.776949,1653.6856689453125,XGBoost
2024-12-25 13:00:00,1544.34241875,1544.8995361328125,XGBoost
2024-12-25 14:00:00,1524.76707875,1526.5596923828125,XGBoost
2024-12-25 15:00:00,1603.2145839999998,1603.1412353515625,XGBoost
2024-12-25 16:00:00,1531.99207025,1532.8162841796875,XGBoost
2024-12-25 17:00:00,1475.1980815,1476.6771240234375,XGBoost
2024-12-25 18:00:00,1500.14605625,1500.2440185546875,XGBoost
2024-12-25 19:00:00,1468.72429325,1468.957763671875,XGBoost
2024-12-25 20:00:00,1601.9042925,1603.16796875,XGBoost
2024-12-25 21:00:00,1550.67852175,1549.4805908203125,XGBoost
2024-12-25 22:00:00,1290.5579739999998,1290.518310546875,XGBoost
2024-12-25 23:00:00,1546.56076625,1547.3612060546875,XGBoost
2024-12-26 00:00:00,1660.1530897500002,1658.92431640625,XGBoost
2024-12-26 01:00:00,1698.55752175,1697.010009765625,XGBoost
2024-12-26 02:00:00,1427.94260225,1427.5906982421875,XGBoost
2024-12-26 03:00:00,1693.27938,1689.60205078125,XGBoost
2024-12-26 04:00:00,1739.0275695,1735.2545166015625,XGBoost
2024-12-26 05:00:00,1577.125131,1578.57177734375,XGBoost
2024-12-26 06:00:00,1347.897274,1348.881103515625,XGBoost
2024-12-26 07:00:00,1294.722573625,1300.55029296875,XGBoost
2024-12-26 08:00:00,1548.81777075,1549.2237548828125,XGBoost
2024-12-26 09:00:00,1517.9997375,1520.29638671875,XGBoost
2024-12-26 10:00:00,1476.06045225,1474.3255615234375,XGBoost
2024-12-26 11:00:00,1634.66766125,1636.32958984375,XGBoost
2024-12-26 12:00:00,1594.81068125,1594.0335693359375,XGBoost
2024-12-26 13:00:00,1513.65724,1513.4544677734375,XGBoost
2024-12-26 14:00:00,1395.40499925,1395.847412109375,XGBoost
2024-12-26 15:00:00,1390.3350305,1391.205322265625,XGBoost
2024-12-26 16:00:00,1464.480169,1463.9632568359375,XGBoost
2024-12-26 17:00:00,1380.63994875,1380.5570068359375,XGBoost
2024-12-26 18:00:00,1640.6011775,1640.2247314453125,XGBoost
2024-12-26 19:00:00,1505.92513,1506.903076171875,XGBoost
2024-12-26 20:00:00,1475.04410975,1475.5716552734375,XGBoost
2024-12-26 21:00:00,1710.19160875,1710.804443359375,XGBoost
2024-12-26 22:00:00,1431.92330025,1433.6458740234375,XGBoost
2024-12-26 23:00:00,1730.6676985,1736.2366943359375,XGBoost
2024-12-27 00:00:00,1585.147261,1585.8121337890625,XGBoost
2024-12-27 01:00:00,1429.31375225,1431.5712890625,XGBoost
2024-12-27 02:00:00,1417.9499965,1418.273193359375,XGBoost
2024-12-27 03:00:00,1608.19373525,1608.176513671875,XGBoost
2024-12-27 04:00:00,1616.09666325,1616.0257568359375,XGBoost
2024-12-27 05:00:00,1511.325559,1511.4044189453125,XGBoost
2024-12-27 06:00:00,1478.05052575,1478.9425048828125,XGBoost
2024-12-27 07:00:00,1434.32488375,1434.4527587890625,XGBoost
2024-12-27 08:00:00,1521.824907,1523.7537841796875,XGBoost
2024-12-27 09:00:00,1628.98686875,1627.93798828125,XGBoost
2024-12-27 10:00:00,1431.63417,1431.435546875,XGBoost
2024-12-27 11:00:00,1540.22831425,1539.1103515625,XGBoost
2024-12-27 12:00:00,1527.524063,1526.307373046875,XGBoost
2024-12-27 13:00:00,1341.01418625,1342.387939453125,XGBoost
2024-12-27 14:00:00,1445.847783,1445.7509765625,XGBoost
2024-12-27 15:00:00,1496.19383125,1497.1512451171875,XGBoost
2024-12-27 16:00:00,1402.52329475,1404.4610595703125,XGBoost
2024-12-27 17:00:00,1635.39835425,1636.364990234375,XGBoost
2024-12-27 18:00:00,1649.0764285,1650.3829345703125,XGBoost
2024-12-27 19:00:00,1615.06612725,1614.7960205078125,XGBoost
2024-12-27 20:00:00,1468.52937425,1468.4686279296875,XGBoost
2024-12-27 21:00:00,1479.8407645,1480.2706298828125,XGBoost
2024-12-27 22:00:00,1645.71318275,1646.75634765625,XGBoost
2024-12-27 23:00:00,1623.09732075,1622.4114990234375,XGBoost
2024-12-28 00:00:00,1506.10871075,1505.662841796875,XGBoost
2024-12-28 01:00:00,1468.7640765,1468.4947509765625,XGBoost
2024-12-28 02:00:00,1452.45725625,1452.5772705078125,XGBoost
2024-12-28 03:00:00,1458.46250925,1458.6314697265625,XGBoost
2024-12-28 04:00:00,1354.50275975,1354.6876220703125,XGBoost
2024-12-28 05:00:00,1657.56817275,1658.20458984375,XGBoost
2024-12-28 06:00:00,1483.32607925,1485.1195068359375,XGBoost
2024-12-28 07:00:00,1596.37707825,1595.87353515625,XGBoost
2024-12-28 08:00:00,1391.52237125,1390.2440185546875,XGBoost
2024-12-28 09:00:00,1523.678484,1524.3448486328125,XGBoost
2024-12-28 10:00:00,1322.659187575,1322.19287109375,XGBoost
2024-12-28 11:00:00,1535.92585175,1535.9949951171875,XGBoost
2024-12-28 12:00:00,1604.50615175,1604.2877197265625,XGBoost
2024-12-28 13:00:00,1412.130528,1411.66259765625,XGBoost
2024-12-28 14:00:00,1491.63386675,1491.466552734375,XGBoost
2024-12-28 15:00:00,1549.4922445,1548.8690185546875,XGBoost
2024-12-28 16:00:00,1491.31248875,1492.539306640625,XGBoost
2024-12-28 17:00:00,1596.561985,1594.5169677734375,XGBoost
2024-12-28 18:00:00,1350.68097725,1350.5689697265625,XGBoost
2024-12-28 19:00:00,1636.57003375,1636.316162109375,XGBoost
2024-12-28 20:00:00,1294.5251805,1298.88720703125,XGBoost
2024-12-28 21:00:00,1550.16416875,1551.112548828125,XGBoost
2024-12-28 22:00:00,1371.021067,1371.8726806640625,XGBoost
2024-12-28 23:00:00,1516.78682225,1512.697998046875,XGBoost
2024-12-29 00:00:00,1628.340814,1629.1798095703125,XGBoost
2024-12-29 01:00:00,1498.10726,1499.7142333984375,XGBoost
2024-12-29 02:00:00,1570.2437475,1568.82568359375,XGBoost
2024-12-29 03:00:00,1423.79545075,1424.6776123046875,XGBoost
2024-12-29 04:00:00,1450.5730845,1450.5594482421875,XGBoost
2024-12-29 05:00:00,1502.712225,1502.3773193359375,XGBoost
2024-12-29 06:00:00,1440.97630075,1439.5931396484375,XGBoost
2024-12-29 07:00:00,1638.05868175,1638.9813232421875,XGBoost
2024-12-29 08:00:00,1507.9502055,1508.5245361328125,XGBoost
2024-12-29 09:00:00,1527.978975,1528.830078125,XGBoost
2024-12-29 10:00:00,1622.62946,1621.094482421875,XGBoost
2024-12-29 11:00:00,1515.36396175,1516.3992919921875,XGBoost
2024-12-29 12:00:00,1199.890673225,1200.2171630859375,XGBoost
2024-12-29 13:00:00,1501.3930615,1501.552001953125,XGBoost
2024-12-29 14:00:00,1593.54190925,1594.22900390625,XGBoost
2024-12-29 15:00:00,1451.24713625,1450.27001953125,XGBoost
2024-12-29 16:00:00,1596.80335025,1595.6121826171875,XGBoost
2024-12-29 17:00:00,1614.749619,1614.6129150390625,XGBoost
2024-12-29 18:00:00,1665.70490425,1664.6153564453125,XGBoost
2024-12-29 19:00:00,1362.511706175,1363.839599609375,XGBoost
2024-12-29 20:00:00,1529.15740025,1529.453369140625,XGBoost
2024-12-29 21:00:00,1356.765363,1357.0198974609375,XGBoost
2024-12-29 22:00:00,1436.7691875,1434.5091552734375,XGBoost
2024-12-29 23:00:00,1395.2792725,1395.4857177734375,XGBoost
2024-12-30 00:00:00,1349.588122,1349.1048583984375,XGBoost
2024-12-30 01:00:00,1617.0006,1615.830810546875,XGBoost
2024-12-30 02:00:00,1361.994342825,1362.4705810546875,XGBoost
2024-12-30 03:00:00,1477.958263,1478.404052734375,XGBoost
2024-12-30 04:00:00,1451.03750625,1450.9112548828125,XGBoost
2024-12-30 05:00:00,1574.8272415,1574.1595458984375,XGBoost
2024-12-30 06:00:00,1558.26439525,1559.5030517578125,XGBoost
2024-12-30 07:00:00,1540.71523425,1540.93017578125,XGBoost
2024-12-30 08:00:00,1361.57513125,1362.5926513671875,XGBoost
2024-12-30 09:00:00,1380.61288525,1379.54638671875,XGBoost
2024-12-30 10:00:00,1515.02568025,1514.7047119140625,XGBoost
2024-12-30 11:00:00,1425.42325425,1425.71728515625,XGBoost
2024-12-30 12:00:00,1514.1998765,1515.260986328125,XGBoost
2024-12-30 13:00:00,1456.4897615,1454.672119140625,XGBoost
2024-12-30 14:00:00,1431.7114695,1431.2138671875,XGBoost
2024-12-30 15:00:00,1572.47011575,1570.8465576171875,XGBoost
2024-12-30 16:00:00,1384.3246,1383.9837646484375,XGBoost
2024-12-30 17:00:00,1420.99694825,1419.3834228515625,XGBoost
2024-12-30 18:00:00,1647.97785275,1646.180908203125,XGBoost
2024-12-30 19:00:00,1599.62893375,1600.9476318359375,XGBoost
2024-12-30 20:00:00,1526.882904,1527.550537109375,XGBoost
2024-12-30 21:00:00,1648.51062,1647.935302734375,XGBoost
2024-12-30 22:00:00,1492.94820475,1493.212890625,XGBoost
2024-12-30 23:00:00,1333.829302,1336.4149169921875,XGBoost
2024-12-31 00:00:00,1206.89247725,1198.4869384765625,XGBoost
2024-12-31 01:00:00,1488.96557925,1487.16259765625,XGBoost
2024-12-31 02:00:00,1477.893515,1477.66943359375,XGBoost
2024-12-31 03:00:00,1580.46565675,1582.6202392578125,XGBoost
2024-12-31 04:00:00,1490.2201747499998,1490.368896484375,XGBoost
2024-12-31 05:00:00,1551.060488,1552.6458740234375,XGBoost
2024-12-31 06:00:00,1452.3586915,1452.97509765625,XGBoost
2024-12-31 07:00:00,1533.51405125,1532.5218505859375,XGBoost
2024-12-31 08:00:00,1517.0581045,1517.065185546875,XGBoost
2024-12-31 09:00:00,1609.95533025,1610.8101806640625,XGBoost
2024-12-31 10:00:00,1426.9115455,1426.282958984375,XGBoost
2024-12-31 11:00:00,1633.872632,1635.445556640625,XGBoost
2024-12-31 12:00:00,1715.08469575,1709.9091796875,XGBoost
2024-12-31 13:00:00,1616.34168775,1616.289794921875,XGBoost
2024-12-31 14:00:00,1586.321685,1587.7352294921875,XGBoost
2024-12-31 15:00:00,1339.07408275,1338.841064453125,XGBoost
2024-12-31 16:00:00,1713.437518,1709.850341796875,XGBoost
2024-12-31 17:00:00,1333.96327325,1336.486083984375,XGBoost
2024-12-31 18:00:00,1434.365828,1435.07177734375,XGBoost
2024-12-31 19:00:00,1275.18279375,1284.529296875,XGBoost
2024-12-31 20:00:00,1596.531692,1596.0552978515625,XGBoost
2024-12-31 21:00:00,1521.93743375,1522.6077880859375,XGBoost
2024-12-31 22:00:00,1460.591425,1458.57421875,XGBoost
2024-12-31 23:00:00,1490.86274625,1490.42333984375,XGBoost
2025-01-01 00:00:00,1476.949977,1477.151611328125,XGBoost
2025-01-01 01:00:00,1536.8157,1536.137451171875,XGBoost
2025-01-01 02:00:00,1447.41737875,1446.6689453125,XGBoost
2025-01-01 03:00:00,1462.3267085,1464.2955322265625,XGBoost
2025-01-01 04:00:00,1390.623608,1391.4921875,XGBoost
2025-01-01 05:00:00,1488.83143225,1489.6060791015625,XGBoost
2025-01-01 06:00:00,1526.64309275,1527.6053466796875,XGBoost
2025-01-01 07:00:00,1608.871553,1610.2025146484375,XGBoost
2025-01-01 08:00:00,1549.0160265,1550.0384521484375,XGBoost
2025-01-01 09:00:00,1470.18753025,1469.998291015625,XGBoost
2025-01-01 10:00:00,1442.61259625,1443.7139892578125,XGBoost
2025-01-01 11:00:00,1365.0184795,1363.930908203125,XGBoost
2025-01-01 12:00:00,1536.012557,1537.1561279296875,XGBoost
2025-01-01 13:00:00,1771.280083,1795.18212890625,XGBoost
2025-01-01 14:00:00,1484.49590725,1486.673095703125,XGBoost
2025-01-01 15:00:00,1399.59386975,1399.39404296875,XGBoost
2025-01-01 16:00:00,1349.7004035,1349.860107421875,XGBoost
2025-01-01 17:00:00,1433.87702875,1433.9613037109375,XGBoost
2025-01-01 18:00:00,1398.433423,1396.73095703125,XGBoost
2025-01-01 19:00:00,1568.545052,1567.771240234375,XGBoost
2025-01-01 20:00:00,1443.16248575,1443.0970458984375,XGBoost
2025-01-01 21:00:00,1485.1434645,1484.82568359375,XGBoost
2025-01-01 22:00:00,1437.910627325,1437.389404296875,XGBoost
2025-01-01 23:00:00,1628.38759075,1627.0606689453125,XGBoost
2025-01-02 00:00:00,1484.69416625,1486.85888671875,XGBoost
2025-01-02 01:00:00,1550.28938775,1550.45361328125,XGBoost
2025-01-02 02:00:00,1383.78768425,1384.9169921875,XGBoost
2025-01-02 03:00:00,1513.8601595,1512.805908203125,XGBoost
2025-01-02 04:00:00,1540.34153725,1540.9632568359375,XGBoost
2025-01-02 05:00:00,1605.6239735,1605.00634765625,XGBoost
2025-01-02 06:00:00,1522.64678425,1523.3492431640625,XGBoost
2025-01-02 07:00:00,1698.53271,1698.5487060546875,XGBoost
2025-01-02 08:00:00,1413.54781825,1413.6422119140625,XGBoost
2025-01-02 09:00:00,1524.73595425,1524.8170166015625,XGBoost
2025-01-02 10:00:00,1579.91864,1580.31640625,XGBoost
2025-01-02 11:00:00,1389.3618635,1388.947021484375,XGBoost
2025-01-02 12:00:00,1467.4349055,1467.006591796875,XGBoost
2025-01-02 13:00:00,1410.804686,1407.8052978515625,XGBoost
2025-01-02 14:00:00,1491.425351,1490.9554443359375,XGBoost
2025-01-02 15:00:00,1550.6348785,1550.317138671875,XGBoost
2025-01-02 16:00:00,1472.36808725,1472.0396728515625,XGBoost
2025-01-02 17:00:00,1403.760163,1403.921142578125,XGBoost
2025-01-02 18:00:00,1321.27532175,1320.93994140625,XGBoost
2025-01-02 19:00:00,1366.93364275,1367.2376708984375,XGBoost
2025-01-02 20:00:00,1386.693727,1387.4635009765625,XGBoost
2025-01-02 21:00:00,1364.21545975,1366.704833984375,XGBoost
2025-01-02 22:00:00,1742.5455535,1736.847412109375,XGBoost
2025-01-02 23:00:00,1377.18257425,1378.7659912109375,XGBoost
2025-01-03 00:00:00,1555.59078825,1555.267333984375,XGBoost
2025-01-03 01:00:00,1271.72247825,1268.2091064453125,XGBoost
2025-01-03 02:00:00,1342.428732,1340.3057861328125,XGBoost
2025-01-03 03:00:00,1493.273032,1492.8470458984375,XGBoost
2025-01-03 04:00:00,1469.00488825,1468.50048828125,XGBoost
2025-01-03 05:00:00,1630.0873339999998,1630.5809326171875,XGBoost
2025-01-03 06:00:00,1477.902497,1477.152099609375,XGBoost
2025-01-03 07:00:00,1628.8690635,1629.7060546875,XGBoost
2025-01-03 08:00:00,1443.05777475,1442.8385009765625,XGBoost
2025-01-03 09:00:00,1404.1447385,1403.3070068359375,XGBoost
2025-01-03 10:00:00,1554.783591,1556.3731689453125,XGBoost
2025-01-03 11:00:00,1423.91851275,1424.7747802734375,XGBoost
2025-01-03 12:00:00,1471.75032075,1472.45166015625,XGBoost
2025-01-03 13:00:00,1430.214564,1429.908203125,XGBoost
2025-01-03 14:00:00,1427.6025305,1427.6888427734375,XGBoost
2025-01-03 15:00:00,1576.115253,1576.125,XGBoost
2025-01-03 16:00:00,1610.134353,1608.759521484375,XGBoost
2025-01-03 17:00:00,1527.2041245,1526.74560546875,XGBoost
2025-01-03 18:00:00,1598.45117825,1600.0396728515625,XGBoost
2025-01-03 19:00:00,1459.14798925,1458.3658447265625,XGBoost
2025-01-03 20:00:00,1485.6677585,1486.6031494140625,XGBoost
2025-01-03 21:00:00,1563.57775375,1560.525634765625,XGBoost
2025-01-03 22:00:00,1335.72974975,1336.16455078125,XGBoost
2025-01-03 23:00:00,1458.74680475,1458.5452880859375,XGBoost
2025-01-04 00:00:00,1571.0877420000002,1571.7222900390625,XGBoost
2025-01-04 01:00:00,1453.7398395,1455.50537109375,XGBoost
2025-01-04 02:00:00,1525.43197925,1524.4197998046875,XGBoost
2025-01-04 03:00:00,1516.17777525,1515.54638671875,XGBoost
2025-01-04 04:00:00,1400.3896835,1404.2222900390625,XGBoost
2025-01-04 05:00:00,1520.663406,1519.80419921875,XGBoost
2025-01-04 06:00:00,1482.1505535,1482.5416259765625,XGBoost
2025-01-04 07:00:00,1463.932664,1464.173583984375,XGBoost
2025-01-04 08:00:00,1660.50053975,1660.239501953125,XGBoost
2025-01-04 09:00:00,1635.383248,1635.325927734375,XGBoost
2025-01-04 10:00:00,1575.9199865,1575.0709228515625,XGBoost
2025-01-04 11:00:00,1432.59743525,1434.2703857421875,XGBoost
2025-01-04 12:00:00,1495.8514695,1494.475830078125,XGBoost
2025-01-04 13:00:00,1501.959694,1504.262939453125,XGBoost
2025-01-04 14:00:00,1458.96373575,1457.638671875,XGBoost
2025-01-04 15:00:00,1605.073684,1604.12353515625,XGBoost
2025-01-04 16:00:00,1667.7564115,1668.6392822265625,XGBoost
2025-01-04 17:00:00,1385.5243105,1385.4462890625,XGBoost
2025-01-04 18:00:00,1478.58989025,1479.179931640625,XGBoost
2025-01-04 19:00:00,1477.126073,1477.624267578125,XGBoost
2025-01-04 20:00:00,1530.434805,1528.87890625,XGBoost
2025-01-04 21:00:00,1456.62670775,1454.5814208984375,XGBoost
2025-01-04 22:00:00,1403.46828725,1404.493408203125,XGBoost
2025-01-04 23:00:00,1641.61058425,1639.892578125,XGBoost
2025-01-05 00:00:00,1481.58378475,1482.146484375,XGBoost
2025-01-05 01:00:00,1581.76897775,1581.559814453125,XGBoost
2025-01-05 02:00:00,1503.776284,1503.4093017578125,XGBoost
2025-01-05 03:00:00,1583.73275325,1582.47607421875,XGBoost
2025-01-05 04:00:00,1697.28025275,1697.8890380859375,XGBoost
2025-01-05 05:00:00,1490.60331,1489.6787109375,XGBoost
2025-01-05 06:00:00,1522.09921375,1522.6793212890625,XGBoost
2025-01-05 07:00:00,1502.67391225,1503.3778076171875,XGBoost
2025-01-05 08:00:00,1599.7970185,1598.3284912109375,XGBoost
2025-01-05 09:00:00,1286.196406,1288.657470703125,XGBoost
2025-01-05 10:00:00,1512.663073,1511.25634765625,XGBoost
2025-01-05 11:00:00,1596.388685,1595.014404296875,XGBoost
2025-01-05 12:00:00,1513.46702175,1514.05078125,XGBoost
2025-01-05 13:00:00,1567.521716,1567.211669921875,XGBoost
2025-01-05 14:00:00,1510.660015,1511.6756591796875,XGBoost
2025-01-05 15:00:00,1538.90401075,1540.372314453125,XGBoost
2025-01-05 16:00:00,1539.7200665,1538.973876953125,XGBoost
2025-01-05 17:00:00,1558.55465525,1556.225830078125,XGBoost
2025-01-05 18:00:00,1539.081715,1537.634033203125,XGBoost
2025-01-05 19:00:00,1384.226897,1382.73388671875,XGBoost
2025-01-05 20:00:00,1450.491466,1450.6712646484375,XGBoost
2025-01-05 21:00:00,1692.96466475,1689.2012939453125,XGBoost
2025-01-05 22:00:00,1515.6865145,1516.5797119140625,XGBoost
2025-01-05 23:00:00,1475.760546,1475.979248046875,XGBoost
2025-01-06 00:00:00,1658.462373,1656.0758056640625,XGBoost
2025-01-06 01:00:00,1424.66096525,1424.247314453125,XGBoost
2025-01-06 02:00:00,1483.11417575,1483.0570068359375,XGBoost
2025-01-06 03:00:00,1715.67098825,1711.2568359375,XGBoost
2025-01-06 04:00:00,1476.8008455,1477.1678466796875,XGBoost
2025-01-06 05:00:00,1782.4760325,1797.927001953125,XGBoost
2025-01-06 06:00:00,1465.88485825,1466.0428466796875,XGBoost
2025-01-06 07:00:00,1341.84567875,1340.8955078125,XGBoost
2025-01-06 08:00:00,1538.6622475,1538.30419921875,XGBoost
2025-01-06 09:00:00,1480.00589525,1481.702392578125,XGBoost
2025-01-06 10:00:00,1619.24682125,1618.305419921875,XGBoost
2025-01-06 11:00:00,1660.48512,1659.7333984375,XGBoost
2025-01-06 12:00:00,1537.33124725,1534.0927734375,XGBoost
2025-01-06 13:00:00,1438.3605645,1438.9730224609375,XGBoost
2025-01-06 14:00:00,1553.49041925,1552.924072265625,XGBoost
2025-01-06 15:00:00,1363.314242,1362.8856201171875,XGBoost
2025-01-06 16:00:00,1471.4213945,1472.00244140625,XGBoost
2025-01-06 17:00:00,1586.2909365,1585.58154296875,XGBoost
2025-01-06 18:00:00,1576.964814,1577.5697021484375,XGBoost
2025-01-06 19:00:00,1401.06235575,1399.504150390625,XGBoost
2025-01-06 20:00:00,1499.20888075,1499.3433837890625,XGBoost
2025-01-06 21:00:00,1462.91357525,1463.1014404296875,XGBoost
2025-01-06 22:00:00,1569.94920125,1569.5035400390625,XGBoost
2025-01-06 23:00:00,1372.190496,1372.155517578125,XGBoost
2025-01-07 00:00:00,1553.95554025,1553.1656494140625,XGBoost
2025-01-07 01:00:00,1706.2543335,1703.2137451171875,XGBoost
2025-01-07 02:00:00,1510.94244725,1510.1925048828125,XGBoost
2025-01-07 03:00:00,1481.73135,1481.545166015625,XGBoost
2025-01-07 04:00:00,1352.004767,1351.770751953125,XGBoost
2025-01-07 05:00:00,1341.65080975,1341.3358154296875,XGBoost
2025-01-07 06:00:00,1597.96853875,1597.6361083984375,XGBoost
2025-01-07 07:00:00,1537.27863575,1535.7252197265625,XGBoost
2025-01-07 08:00:00,1650.28461775,1649.003173828125,XGBoost
2025-01-07 09:00:00,1453.66737325,1452.790283203125,XGBoost
2025-01-07 10:00:00,1596.52160275,1596.873046875,XGBoost
2025-01-07 11:00:00,1455.69520275,1455.28173828125,XGBoost
2025-01-07 12:00:00,1382.43131475,1381.621826171875,XGBoost
2025-01-07 13:00:00,1454.205942,1454.7601318359375,XGBoost
2025-01-07 14:00:00,1410.6121375,1411.095458984375,XGBoost
2025-01-07 15:00:00,1452.239273,1451.581298828125,XGBoost
2025-01-07 16:00:00,1512.81819475,1512.4254150390625,XGBoost
2025-01-07 17:00:00,1572.376431,1572.128173828125,XGBoost
2025-01-07 18:00:00,1563.49900375,1561.9112548828125,XGBoost
2025-01-07 19:00:00,1651.6675105,1652.111083984375,XGBoost
2025-01-07 20:00:00,1480.313767,1480.471923828125,XGBoost
2025-01-07 21:00:00,1426.603801,1426.324462890625,XGBoost
2025-01-07 22:00:00,1497.812122,1498.8262939453125,XGBoost
2025-01-07 23:00:00,1637.59347625,1638.4786376953125,XGBoost
2025-01-08 00:00:00,1443.46547575,1442.0537109375,XGBoost
2025-01-08 01:00:00,1756.646562,1753.354248046875,XGBoost
2025-01-08 02:00:00,1482.7383935,1482.5504150390625,XGBoost
2025-01-08 03:00:00,1412.58324525,1412.4056396484375,XGBoost
2025-01-08 04:00:00,1441.580171,1441.9840087890625,XGBoost
2025-01-08 05:00:00,1531.734558,1532.06005859375,XGBoost
2025-01-08 06:00:00,1668.744473,1668.4993896484375,XGBoost
2025-01-08 07:00:00,1358.79479525,1356.3934326171875,XGBoost
2025-01-08 08:00:00,1500.2650515,1500.64208984375,XGBoost
2025-01-08 09:00:00,1515.0914555,1512.69482421875,XGBoost
2025-01-08 10:00:00,1358.73964875,1356.15771484375,XGBoost
2025-01-08 11:00:00,1311.48349525,1311.5672607421875,XGBoost
2025-01-08 12:00:00,1814.22445,1788.345458984375,XGBoost
2025-01-08 13:00:00,1485.4678495,1485.4515380859375,XGBoost
2025-01-08 14:00:00,1505.319299,1504.998779296875,XGBoost
2025-01-08 15:00:00,1412.2133445,1411.581787109375,XGBoost
2025-01-08 16:00:00,1380.60686695,1380.362548828125,XGBoost
2025-01-08 17:00:00,1580.81977125,1579.1875,XGBoost
2025-01-08 18:00:00,1449.407677,1451.6412353515625,XGBoost
2025-01-08 19:00:00,1492.96260875,1492.4825439453125,XGBoost
2025-01-08 20:00:00,1374.7120695,1373.86474609375,XGBoost
2025-01-08 21:00:00,1602.0322875,1601.83154296875,XGBoost
2025-01-08 22:00:00,1392.75550175,1395.7945556640625,XGBoost
2025-01-08 23:00:00,1565.2769305,1563.8948974609375,XGBoost
2025-01-09 00:00:00,1655.08114525,1653.823974609375,XGBoost
2025-01-09 01:00:00,1517.011481,1516.7860107421875,XGBoost
2025-01-09 02:00:00,1456.1736125,1455.4561767578125,XGBoost
2025-01-09 03:00:00,1391.02522825,1391.607421875,XGBoost
2025-01-09 04:00:00,1374.110691,1373.7235107421875,XGBoost
2025-01-09 05:00:00,1692.268816,1691.2025146484375,XGBoost
2025-01-09 06:00:00,1600.3565825,1600.57373046875,XGBoost
2025-01-09 07:00:00,1462.81135,1463.8790283203125,XGBoost
2025-01-09 08:00:00,1433.734981,1432.2271728515625,XGBoost
2025-01-09 09:00:00,1347.7875125,1350.5556640625,XGBoost
2025-01-09 10:00:00,1523.23143075,1524.5426025390625,XGBoost
2025-01-09 11:00:00,1699.789184,1695.1593017578125,XGBoost
2025-01-09 12:00:00,1322.172283,1321.7674560546875,XGBoost
2025-01-09 13:00:00,1488.96840625,1488.60107421875,XGBoost
2025-01-09 14:00:00,1538.2861905,1537.79248046875,XGBoost
2025-01-09 15:00:00,1705.682021,1703.90380859375,XGBoost
2025-01-09 16:00:00,1557.8518955,1557.37109375,XGBoost
2025-01-09 17:00:00,1679.04068925,1678.2353515625,XGBoost
2025-01-09 18:00:00,1434.146447,1435.2032470703125,XGBoost
2025-01-09 19:00:00,1473.90189075,1473.678466796875,XGBoost
2025-01-09 20:00:00,1320.79796875,1324.04931640625,XGBoost
2025-01-09 21:00:00,1312.43143575,1311.3968505859375,XGBoost
2025-01-09 22:00:00,1665.3026185,1667.0164794921875,XGBoost
2025-01-09 23:00:00,1434.359162,1434.868408203125,XGBoost
2025-01-10 00:00:00,1464.34132575,1465.45068359375,XGBoost
2025-01-10 01:00:00,1417.0708205,1418.0087890625,XGBoost
2025-01-10 02:00:00,1513.55028675,1515.7744140625,XGBoost
2025-01-10 03:00:00,1541.98263,1542.152099609375,XGBoost
2025-01-10 04:00:00,1585.69218375,1585.2967529296875,XGBoost
2025-01-10 05:00:00,1344.23068175,1346.810302734375,XGBoost
2025-01-10 06:00:00,1495.774098,1495.5367431640625,XGBoost
2025-01-10 07:00:00,1389.3138485,1391.3714599609375,XGBoost
2025-01-10 08:00:00,1529.8577095,1529.710693359375,XGBoost
2025-01-10 09:00:00,1539.19625475,1538.8577880859375,XGBoost
2025-01-10 10:00:00,1341.70254975,1341.6871337890625,XGBoost
2025-01-10 11:00:00,1374.12771575,1374.087646484375,XGBoost
2025-01-10 12:00:00,1661.2385975,1661.660888671875,XGBoost
2025-01-10 13:00:00,1697.99096275,1698.7652587890625,XGBoost
2025-01-10 14:00:00,1435.3803475,1436.1795654296875,XGBoost
2025-01-10 15:00:00,1462.877253,1462.5201416015625,XGBoost
2025-01-10 16:00:00,1540.720851,1540.02001953125,XGBoost
2025-01-10 17:00:00,1648.0602867500002,1649.0845947265625,XGBoost
2025-01-10 18:00:00,1514.4155705,1515.5103759765625,XGBoost
2025-01-10 19:00:00,1515.8815545,1517.191162109375,XGBoost
2025-01-10 20:00:00,1523.20997225,1522.7587890625,XGBoost
2025-01-10 21:00:00,1388.917073,1389.1373291015625,XGBoost
2025-01-10 22:00:00,1422.13586175,1421.8936767578125,XGBoost
2025-01-10 23:00:00,1527.0093925,1529.0325927734375,XGBoost
2025-01-11 00:00:00,1478.05679025,1477.2420654296875,XGBoost
2025-01-11 01:00:00,1564.15926425,1564.388671875,XGBoost
2025-01-11 02:00:00,1527.12141425,1526.5665283203125,XGBoost
2025-01-11 03:00:00,1554.56047875,1554.7105712890625,XGBoost
2025-01-11 04:00:00,1358.979264,1359.9383544921875,XGBoost
2025-01-11 05:00:00,1705.91489425,1700.9708251953125,XGBoost
2025-01-11 06:00:00,1568.1401255,1567.9200439453125,XGBoost
2025-01-11 07:00:00,1697.368097,1696.781982421875,XGBoost
2025-01-11 08:00:00,1662.125756,1661.317626953125,XGBoost
2025-01-11 09:00:00,1576.859257,1576.528076171875,XGBoost
2025-01-11 10:00:00,1548.261558,1547.7872314453125,XGBoost
2025-01-11 11:00:00,1502.09281425,1502.2197265625,XGBoost
2025-01-11 12:00:00,1571.4064985,1570.2091064453125,XGBoost
2025-01-11 13:00:00,1542.71000775,1542.7430419921875,XGBoost
2025-01-11 14:00:00,1437.50485175,1438.1065673828125,XGBoost
2025-01-11 15:00:00,1358.756737,1357.687744140625,XGBoost
2025-01-11 16:00:00,1473.98377525,1474.0748291015625,XGBoost
2025-01-11 17:00:00,1542.814726,1543.1484375,XGBoost
2025-01-11 18:00:00,1540.4477815,1540.7049560546875,XGBoost
2025-01-11 19:00:00,1433.9940837499998,1434.7244873046875,XGBoost
2025-01-11 20:00:00,1602.656831,1602.5863037109375,XGBoost
2025-01-11 21:00:00,1576.98460975,1577.2857666015625,XGBoost
2025-01-11 22:00:00,1436.97901555,1437.6939697265625,XGBoost
2025-01-11 23:00:00,1712.90123125,1711.448974609375,XGBoost
2025-01-12 00:00:00,1408.01705925,1408.6026611328125,XGBoost
2025-01-12 01:00:00,1423.09373375,1423.6988525390625,XGBoost
2025-01-12 02:00:00,1326.46772025,1326.864501953125,XGBoost
2025-01-12 03:00:00,1538.55289975,1537.943115234375,XGBoost
2025-01-12 04:00:00,1409.192364,1409.2847900390625,XGBoost
2025-01-12 05:00:00,1464.95850875,1464.571044921875,XGBoost
2025-01-12 06:00:00,1488.763293,1488.3814697265625,XGBoost
2025-01-12 07:00:00,1599.27532,1598.4451904296875,XGBoost
2025-01-12 08:00:00,1615.37409625,1614.74609375,XGBoost
2025-01-12 09:00:00,1435.5994207499998,1435.04638671875,XGBoost
2025-01-12 10:00:00,1525.2679535,1524.479248046875,XGBoost
2025-01-12 11:00:00,1573.53080375,1574.25341796875,XGBoost
2025-01-12 12:00:00,1505.89432,1506.475830078125,XGBoost
2025-01-12 13:00:00,1502.99844425,1502.412109375,XGBoost
2025-01-12 14:00:00,1442.45100625,1442.7384033203125,XGBoost
2025-01-12 15:00:00,1485.570505,1485.06201171875,XGBoost
2025-01-12 16:00:00,1485.4188835,1486.181640625,XGBoost
2025-01-12 17:00:00,1520.098359,1520.4110107421875,XGBoost
2025-01-12 18:00:00,1425.65012925,1425.397216796875,XGBoost
2025-01-12 19:00:00,1420.22524255,1421.0770263671875,XGBoost
2025-01-12 20:00:00,1475.540701,1474.577392578125,XGBoost
2025-01-12 21:00:00,1484.98838225,1486.00048828125,XGBoost
2025-01-12 22:00:00,1589.9752775,1590.846923828125,XGBoost
2025-01-12 23:00:00,1583.88376,1584.362060546875,XGBoost
2025-01-13 00:00:00,1426.70017675,1429.9337158203125,XGBoost
2025-01-13 01:00:00,1352.341268,1352.533935546875,XGBoost
2025-01-13 02:00:00,1659.576078,1658.4986572265625,XGBoost
2025-01-13 03:00:00,1429.87997975,1430.130859375,XGBoost
2025-01-13 04:00:00,1579.6209210000002,1579.6055908203125,XGBoost
2025-01-13 05:00:00,1638.7491905,1641.427001953125,XGBoost
2025-01-13 06:00:00,1540.79888725,1540.1171875,XGBoost
2025-01-13 07:00:00,1305.6247955,1303.8699951171875,XGBoost
2025-01-13 08:00:00,1563.17300425,1563.642333984375,XGBoost
2025-01-13 09:00:00,1413.429963,1414.8974609375,XGBoost
2025-01-13 10:00:00,1522.20050525,1522.2750244140625,XGBoost
2025-01-13 11:00:00,1617.13686675,1616.4715576171875,XGBoost
2025-01-13 12:00:00,1536.11330825,1536.59326171875,XGBoost
2025-01-13 13:00:00,1388.45397975,1390.313720703125,XGBoost
2025-01-13 14:00:00,1513.39095025,1513.1964111328125,XGBoost
2025-01-13 15:00:00,1464.29891925,1464.3714599609375,XGBoost
2025-01-13 16:00:00,1706.40917725,1703.273193359375,XGBoost
2025-01-13 17:00:00,1659.26030825,1659.5806884765625,XGBoost
2025-01-13 18:00:00,1378.737798,1378.8966064453125,XGBoost
2025-01-13 19:00:00,1413.43166475,1413.173828125,XGBoost
2025-01-13 20:00:00,1561.7988877500002,1562.4571533203125,XGBoost
2025-01-13 21:00:00,1528.78929175,1529.622802734375,XGBoost
2025-01-13 22:00:00,1656.09174475,1651.122802734375,XGBoost
2025-01-13 23:00:00,1620.46926025,1622.4171142578125,XGBoost
2025-01-14 00:00:00,1327.17674375,1327.1959228515625,XGBoost
2025-01-14 01:00:00,1263.237566,1269.470947265625,XGBoost
2025-01-14 02:00:00,1410.941211,1410.36376953125,XGBoost
2025-01-14 03:00:00,1507.643123,1508.2156982421875,XGBoost
2025-01-14 04:00:00,1283.65447975,1280.0838623046875,XGBoost
2025-01-14 05:00:00,1363.4690725,1363.18994140625,XGBoost
2025-01-14 06:00:00,1510.31716225,1510.8358154296875,XGBoost
2025-01-14 07:00:00,1561.511292,1561.6180419921875,XGBoost
2025-01-14 08:00:00,1515.29657775,1514.6273193359375,XGBoost
2025-01-14 09:00:00,1685.2982415,1684.258544921875,XGBoost
2025-01-14 10:00:00,1525.0896945,1525.91943359375,XGBoost
2025-01-14 11:00:00,1504.89875075,1504.2308349609375,XGBoost
2025-01-14 12:00:00,1472.36123425,1471.9200439453125,XGBoost
2025-01-14 13:00:00,1496.72656875,1495.77685546875,XGBoost
2025-01-14 14:00:00,1388.890066,1388.3697509765625,XGBoost
2025-01-14 15:00:00,1475.31344875,1475.78759765625,XGBoost
2025-01-14 16:00:00,1686.784185,1684.90380859375,XGBoost
2025-01-14 17:00:00,1523.179263,1523.2996826171875,XGBoost
2025-01-14 18:00:00,1666.953375,1667.5826416015625,XGBoost
2025-01-14 19:00:00,1380.7830105,1381.0950927734375,XGBoost
2025-01-14 20:00:00,1524.17607075,1523.24853515625,XGBoost
2025-01-14 21:00:00,1495.401559,1497.8074951171875,XGBoost
2025-01-14 22:00:00,1478.9131415,1477.6846923828125,XGBoost
2025-01-14 23:00:00,1652.40380925,1651.89111328125,XGBoost
2025-01-15 00:00:00,1352.49313675,1353.7733154296875,XGBoost
2025-01-15 01:00:00,1436.4413155,1436.5572509765625,XGBoost
2025-01-15 02:00:00,1556.53816225,1555.815185546875,XGBoost
2025-01-15 03:00:00,1485.7945905,1489.410400390625,XGBoost
2025-01-15 04:00:00,1569.361222,1570.19091796875,XGBoost
2025-01-15 05:00:00,1544.9667015,1545.3441162109375,XGBoost
2025-01-15 06:00:00,1508.3095745,1504.61669921875,XGBoost
2025-01-15 07:00:00,1468.66473875,1469.489990234375,XGBoost
2025-01-15 08:00:00,1467.903733,1468.2572021484375,XGBoost
2025-01-15 09:00:00,1305.76350175,1301.2982177734375,XGBoost
2025-01-15 10:00:00,1647.011563,1646.20068359375,XGBoost
2025-01-15 11:00:00,1379.4982485,1380.195556640625,XGBoost
2025-01-15 12:00:00,1523.19416275,1522.685546875,XGBoost
2025-01-15 13:00:00,1455.89004575,1456.7413330078125,XGBoost
2025-01-15 14:00:00,1574.4859865,1576.0615234375,XGBoost
2025-01-15 15:00:00,1478.88350825,1481.0968017578125,XGBoost
2025-01-15 16:00:00,1457.64380875,1458.0504150390625,XGBoost
2025-01-15 17:00:00,1408.72565975,1409.3433837890625,XGBoost
2025-01-15 18:00:00,1451.13981525,1451.592041015625,XGBoost
2025-01-15 19:00:00,1453.195723,1452.7906494140625,XGBoost
2025-01-15 20:00:00,1377.3970785,1378.3594970703125,XGBoost
2025-01-15 21:00:00,1563.8677885,1563.30810546875,XGBoost
2025-01-15 22:00:00,1456.33781275,1457.6219482421875,XGBoost
2025-01-15 23:00:00,1654.56447475,1655.6322021484375,XGBoost
2025-01-16 00:00:00,1569.8384715,1568.459228515625,XGBoost
2025-01-16 01:00:00,1523.172161,1523.711669921875,XGBoost
2025-01-16 02:00:00,1569.03225875,1570.158935546875,XGBoost
2025-01-16 03:00:00,1420.7258485,1420.64013671875,XGBoost
2025-01-16 04:00:00,1252.7806255,1242.453125,XGBoost
2025-01-16 05:00:00,1369.3968465,1369.1907958984375,XGBoost
2025-01-16 06:00:00,1530.12237725,1529.1878662109375,XGBoost
2025-01-16 07:00:00,1248.5269505,1247.912841796875,XGBoost
2025-01-16 08:00:00,1445.54274825,1444.917724609375,XGBoost
2025-01-16 09:00:00,1411.358406,1411.8448486328125,XGBoost
2025-01-16 10:00:00,1511.003862,1509.95556640625,XGBoost
2025-01-16 11:00:00,1400.72427475,1400.646484375,XGBoost
2025-01-16 12:00:00,1387.798825,1386.7625732421875,XGBoost
2025-01-16 13:00:00,1486.87434225,1487.17431640625,XGBoost
2025-01-16 14:00:00,1402.03941,1401.55419921875,XGBoost
2025-01-16 15:00:00,1562.818891,1563.3896484375,XGBoost
2025-01-16 16:00:00,1604.415611,1604.2298583984375,XGBoost
2025-01-16 17:00:00,1526.55094625,1527.55224609375,XGBoost
2025-01-16 18:00:00,1572.1225115,1572.220703125,XGBoost
2025-01-16 19:00:00,1658.864172,1658.5872802734375,XGBoost
2025-01-16 20:00:00,1312.3105335,1311.3629150390625,XGBoost
2025-01-16 21:00:00,1312.2273025,1313.9344482421875,XGBoost
2025-01-16 22:00:00,1444.9373255,1444.6820068359375,XGBoost
2025-01-16 23:00:00,1486.85300675,1485.771240234375,XGBoost
2025-01-17 00:00:00,1573.5448377500002,1573.3646240234375,XGBoost
2025-01-17 01:00:00,1507.04280175,1506.3677978515625,XGBoost
2025-01-17 02:00:00,1616.41138325,1616.822021484375,XGBoost
2025-01-17 03:00:00,1576.26573325,1577.22998046875,XGBoost
2025-01-17 04:00:00,1579.1580775,1579.0396728515625,XGBoost
2025-01-17 05:00:00,1500.54694825,1500.1982421875,XGBoost
2025-01-17 06:00:00,1467.4693045,1467.7576904296875,XGBoost
2025-01-17 07:00:00,1445.8478192500002,1445.4765625,XGBoost
2025-01-17 08:00:00,1346.93959125,1345.642578125,XGBoost
2025-01-17 09:00:00,1289.40670525,1285.224853515625,XGBoost
2025-01-17 10:00:00,1486.53039775,1485.2958984375,XGBoost
2025-01-17 11:00:00,1545.9037065,1546.059814453125,XGBoost
2025-01-17 12:00:00,1607.0403615,1608.09375,XGBoost
2025-01-17 13:00:00,1437.1978245,1437.4886474609375,XGBoost
2025-01-17 14:00:00,1493.08117675,1494.024658203125,XGBoost
2025-01-17 15:00:00,1470.63433675,1470.52294921875,XGBoost
2025-01-17 16:00:00,1549.322465,1550.303466796875,XGBoost
2025-01-17 17:00:00,1452.471051,1453.81201171875,XGBoost
2025-01-17 18:00:00,1538.74330525,1539.0885009765625,XGBoost
2025-01-17 19:00:00,1491.8211295,1492.24853515625,XGBoost
2025-01-17 20:00:00,1547.84676625,1549.2591552734375,XGBoost
2025-01-17 21:00:00,1541.0547455,1540.7628173828125,XGBoost
2025-01-17 22:00:00,1761.531742,1758.1468505859375,XGBoost
2025-01-17 23:00:00,1684.1925705,1685.3895263671875,XGBoost
2025-01-18 00:00:00,1564.47376825,1565.880859375,XGBoost
2025-01-18 01:00:00,1421.46175425,1421.9117431640625,XGBoost
2025-01-18 02:00:00,1369.49136125,1370.646240234375,XGBoost
2025-01-18 03:00:00,1516.02211375,1515.591796875,XGBoost
2025-01-18 04:00:00,1502.3114595,1503.620361328125,XGBoost
2025-01-18 05:00:00,1411.774764,1410.9290771484375,XGBoost
2025-01-18 06:00:00,1415.27954325,1415.501708984375,XGBoost
2025-01-18 07:00:00,1376.2342235,1380.0682373046875,XGBoost
2025-01-18 08:00:00,1472.40888175,1472.5396728515625,XGBoost
2025-01-18 09:00:00,1422.55699975,1422.98974609375,XGBoost
2025-01-18 10:00:00,1631.9835245,1632.3697509765625,XGBoost
2025-01-18 11:00:00,1459.1858705,1460.46923828125,XGBoost
2025-01-18 12:00:00,1656.00570375,1653.8023681640625,XGBoost
2025-01-18 13:00:00,1563.02290225,1563.9285888671875,XGBoost
2025-01-18 14:00:00,1422.38434375,1422.2744140625,XGBoost
2025-01-18 15:00:00,1505.10027625,1505.5748291015625,XGBoost
2025-01-18 16:00:00,1619.0961695,1618.34912109375,XGBoost
2025-01-18 17:00:00,1549.8732585,1549.8624267578125,XGBoost
2025-01-18 18:00:00,1483.26904225,1484.8367919921875,XGBoost
2025-01-18 19:00:00,1488.48741325,1488.8828125,XGBoost
2025-01-18 20:00:00,1370.08285875,1370.710205078125,XGBoost
2025-01-18 21:00:00,1559.00151525,1558.228515625,XGBoost
2025-01-18 22:00:00,1680.2503625,1680.123291015625,XGBoost
2025-01-18 23:00:00,1504.566994,1505.173095703125,XGBoost
2025-01-19 00:00:00,1251.660687,1249.3343505859375,XGBoost
2025-01-19 01:00:00,1573.16070575,1572.812744140625,XGBoost
2025-01-19 02:00:00,1469.04057375,1469.629150390625,XGBoost
2025-01-19 03:00:00,1617.67434575,1617.7847900390625,XGBoost
2025-01-19 04:00:00,1561.6498845,1563.3956298828125,XGBoost
2025-01-19 05:00:00,1493.70585125,1493.7119140625,XGBoost
2025-01-19 06:00:00,1507.860916,1509.996337890625,XGBoost
2025-01-19 07:00:00,1561.678488,1562.7530517578125,XGBoost
2025-01-19 08:00:00,1497.773332,1496.731201171875,XGBoost
2025-01-19 09:00:00,1638.140004,1638.6766357421875,XGBoost
2025-01-19 10:00:00,1415.523203925,1417.0240478515625,XGBoost
2025-01-19 11:00:00,1409.04514275,1406.8046875,XGBoost
2025-01-19 12:00:00,1528.1497775,1528.311767578125,XGBoost
2025-01-19 13:00:00,1449.78005875,1449.4840087890625,XGBoost
2025-01-19 14:00:00,1617.52510775,1617.9429931640625,XGBoost
2025-01-19 15:00:00,1469.04326425,1470.8565673828125,XGBoost
2025-01-19 16:00:00,1610.53279075,1610.9180908203125,XGBoost
2025-01-19 17:00:00,1698.32476375,1697.31689453125,XGBoost
2025-01-19 18:00:00,1637.698616,1639.34912109375,XGBoost
2025-01-19 19:00:00,1563.4182087499998,1569.9947509765625,XGBoost
2025-01-19 20:00:00,1249.7283385,1247.1268310546875,XGBoost
2025-01-19 21:00:00,1555.51287725,1555.960693359375,XGBoost
2025-01-19 22:00:00,1538.450371,1539.87060546875,XGBoost
2025-01-19 23:00:00,1526.0254455,1526.46240234375,XGBoost
2025-01-20 00:00:00,1538.98269,1539.1605224609375,XGBoost
2025-01-20 01:00:00,1552.05136825,1554.1302490234375,XGBoost
2025-01-20 02:00:00,1529.3597405,1529.11669921875,XGBoost
2025-01-20 03:00:00,1482.441816,1480.0958251953125,XGBoost
2025-01-20 04:00:00,1569.6872455,1568.688720703125,XGBoost
2025-01-20 05:00:00,1465.544252,1466.1016845703125,XGBoost
2025-01-20 06:00:00,1409.368365925,1410.22265625,XGBoost
2025-01-20 07:00:00,1479.5170715,1480.025390625,XGBoost
2025-01-20 08:00:00,1360.479624,1360.065185546875,XGBoost
2025-01-20 09:00:00,1475.27887475,1474.5892333984375,XGBoost
2025-01-20 10:00:00,1461.75801575,1461.9801025390625,XGBoost
2025-01-20 11:00:00,1354.5260385,1355.5169677734375,XGBoost
2025-01-20 12:00:00,1538.725908,1539.6978759765625,XGBoost
2025-01-20 13:00:00,1564.17576075,1563.86328125,XGBoost
2025-01-20 14:00:00,1404.97846375,1403.0506591796875,XGBoost
2025-01-20 15:00:00,1495.908225,1496.2696533203125,XGBoost
2025-01-20 16:00:00,1623.88530525,1624.684814453125,XGBoost
2025-01-20 17:00:00,1572.819697,1574.8837890625,XGBoost
2025-01-20 18:00:00,1363.97253525,1364.583251953125,XGBoost
2025-01-20 19:00:00,1439.750004,1439.2454833984375,XGBoost
2025-01-20 20:00:00,1540.1679705,1539.8338623046875,XGBoost
2025-01-20 21:00:00,1364.43618275,1365.516845703125,XGBoost
2025-01-20 22:00:00,1545.764684,1546.20068359375,XGBoost
2025-01-20 23:00:00,1487.63290925,1488.7568359375,XGBoost
2025-01-21 00:00:00,1465.219004,1466.1724853515625,XGBoost
2025-01-21 01:00:00,1570.484104,1569.6611328125,XGBoost
2025-01-21 02:00:00,1328.249871,1327.5125732421875,XGBoost
2025-01-21 03:00:00,1464.45613575,1466.1849365234375,XGBoost
2025-01-21 04:00:00,1388.0098045,1386.0030517578125,XGBoost
2025-01-21 05:00:00,1488.808998,1489.0394287109375,XGBoost
2025-01-21 06:00:00,1452.160542,1451.1212158203125,XGBoost
2025-01-21 07:00:00,1489.62992975,1490.86669921875,XGBoost
2025-01-21 08:00:00,1688.00775375,1690.560791015625,XGBoost
2025-01-21 09:00:00,1477.47735775,1477.2587890625,XGBoost
2025-01-21 10:00:00,1459.7410495,1458.5960693359375,XGBoost
2025-01-21 11:00:00,1640.901587,1640.3812255859375,XGBoost
2025-01-21 12:00:00,1458.91490225,1458.64111328125,XGBoost
2025-01-21 13:00:00,1453.796713,1453.0419921875,XGBoost
2025-01-21 14:00:00,1402.9835155,1400.8740234375,XGBoost
2025-01-21 15:00:00,1528.52841775,1526.663330078125,XGBoost
2025-01-21 16:00:00,1511.831252,1511.5244140625,XGBoost
2025-01-21 17:00:00,1504.829011,1504.9356689453125,XGBoost
2025-01-21 18:00:00,1504.0851642500002,1504.4420166015625,XGBoost
2025-01-21 19:00:00,1584.2841905,1584.273681640625,XGBoost
2025-01-21 20:00:00,1507.64329775,1506.1533203125,XGBoost
2025-01-21 21:00:00,1443.70834425,1445.578369140625,XGBoost
2025-01-21 22:00:00,1518.5067415,1519.1695556640625,XGBoost
2025-01-21 23:00:00,1388.98283375,1387.714599609375,XGBoost
2025-01-22 00:00:00,1446.2923425,1447.44921875,XGBoost
2025-01-22 01:00:00,1284.0357577250002,1279.8203125,XGBoost
2025-01-22 02:00:00,1530.5847845,1531.0355224609375,XGBoost
2025-01-22 03:00:00,1645.512073,1646.501220703125,XGBoost
2025-01-22 04:00:00,1517.71915625,1515.5328369140625,XGBoost
2025-01-22 05:00:00,1392.0538355,1393.7359619140625,XGBoost
2025-01-22 06:00:00,1518.594249,1518.5123291015625,XGBoost
2025-01-22 07:00:00,1366.26484025,1366.364990234375,XGBoost
2025-01-22 08:00:00,1474.91027225,1474.33203125,XGBoost
2025-01-22 09:00:00,1586.25389725,1584.5401611328125,XGBoost
2025-01-22 10:00:00,1638.80780175,1638.6851806640625,XGBoost
2025-01-22 11:00:00,1650.66809525,1651.8026123046875,XGBoost
2025-01-22 12:00:00,1419.59242675,1420.1298828125,XGBoost
2025-01-22 13:00:00,1541.5591015,1541.5234375,XGBoost
2025-01-22 14:00:00,1634.07452725,1634.57373046875,XGBoost
2025-01-22 15:00:00,1330.93239225,1331.1761474609375,XGBoost
2025-01-22 16:00:00,1342.302799,1343.14453125,XGBoost
2025-01-22 17:00:00,1549.109936,1547.8253173828125,XGBoost
2025-01-22 18:00:00,1610.92563525,1611.9276123046875,XGBoost
2025-01-22 19:00:00,1529.94475425,1529.6116943359375,XGBoost
2025-01-22 20:00:00,1587.9525825,1586.88037109375,XGBoost
2025-01-22 21:00:00,1743.339802,1750.1104736328125,XGBoost
2025-01-22 22:00:00,1331.08899375,1329.9710693359375,XGBoost
2025-01-22 23:00:00,1473.0496175,1473.9163818359375,XGBoost
2025-01-23 00:00:00,1447.15792975,1447.6121826171875,XGBoost
2025-01-23 01:00:00,1568.16738525,1567.7125244140625,XGBoost
2025-01-23 02:00:00,1454.61771925,1456.9046630859375,XGBoost
2025-01-23 03:00:00,1575.0585795,1571.17822265625,XGBoost
2025-01-23 04:00:00,1313.7688455,1309.695556640625,XGBoost
2025-01-23 05:00:00,1492.987647,1491.7032470703125,XGBoost
2025-01-23 06:00:00,1572.68133075,1572.539794921875,XGBoost
2025-01-23 07:00:00,1607.35265875,1609.1234130859375,XGBoost
2025-01-23 08:00:00,1455.7014545,1453.973388671875,XGBoost
2025-01-23 09:00:00,1577.76013825,1577.0557861328125,XGBoost
2025-01-23 10:00:00,1538.5238175,1539.23876953125,XGBoost
2025-01-23 11:00:00,1477.08450575,1476.5108642578125,XGBoost
2025-01-23 12:00:00,1472.529629,1472.5865478515625,XGBoost
2025-01-23 13:00:00,1397.71705825,1398.6929931640625,XGBoost
2025-01-23 14:00:00,1538.8348015,1538.718505859375,XGBoost
2025-01-23 15:00:00,1465.7796555,1465.2501220703125,XGBoost
2025-01-23 16:00:00,1518.8203155,1518.301025390625,XGBoost
2025-01-23 17:00:00,1440.92236925,1439.3204345703125,XGBoost
2025-01-23 18:00:00,1526.512785,1526.67919921875,XGBoost
2025-01-23 19:00:00,1525.332418,1524.9063720703125,XGBoost
2025-01-23 20:00:00,1757.8100985,1749.4859619140625,XGBoost
2025-01-23 21:00:00,1434.1619135,1434.6065673828125,XGBoost
2025-01-23 22:00:00,1726.249055,1721.9246826171875,XGBoost
2025-01-23 23:00:00,1541.28879525,1541.32080078125,XGBoost
2025-01-24 00:00:00,1596.89753,1597.3985595703125,XGBoost
2025-01-24 01:00:00,1610.69842075,1610.71435546875,XGBoost
2025-01-24 02:00:00,1602.44224175,1603.138916015625,XGBoost
2025-01-24 03:00:00,1554.07971425,1554.1153564453125,XGBoost
2025-01-24 04:00:00,1610.327032,1609.7314453125,XGBoost
2025-01-24 05:00:00,1574.1581475,1573.8779296875,XGBoost
2025-01-24 06:00:00,1520.96044075,1520.06201171875,XGBoost
2025-01-24 07:00:00,1547.38301325,1547.407958984375,XGBoost
2025-01-24 08:00:00,1488.0870625,1487.689697265625,XGBoost
2025-01-24 09:00:00,1415.263229,1415.7760009765625,XGBoost
2025-01-24 10:00:00,1405.16010275,1406.9266357421875,XGBoost
2025-01-24 11:00:00,1458.05269175,1458.65576171875,XGBoost
2025-01-24 12:00:00,1597.867195,1598.946044921875,XGBoost
2025-01-24 13:00:00,1446.693731,1446.0206298828125,XGBoost
2025-01-24 14:00:00,1542.73700975,1543.0902099609375,XGBoost
2025-01-24 15:00:00,1449.43276525,1449.66748046875,XGBoost
2025-01-24 16:00:00,1471.997905,1471.7935791015625,XGBoost
2025-01-24 17:00:00,1332.7622085,1331.17529296875,XGBoost
2025-01-24 18:00:00,1471.13887375,1471.2408447265625,XGBoost
2025-01-24 19:00:00,1392.2228005,1392.24462890625,XGBoost
2025-01-24 20:00:00,1518.63930525,1518.821044921875,XGBoost
2025-01-24 21:00:00,1525.67165775,1525.3724365234375,XGBoost
2025-01-24 22:00:00,1535.19089675,1536.3685302734375,XGBoost
2025-01-24 23:00:00,1481.43911525,1480.84130859375,XGBoost
2025-01-25 00:00:00,1368.88346825,1369.8822021484375,XGBoost
2025-01-25 01:00:00,1605.41029725,1604.544677734375,XGBoost
2025-01-25 02:00:00,1575.18767675,1574.3021240234375,XGBoost
2025-01-25 03:00:00,1474.9964215,1474.6624755859375,XGBoost
2025-01-25 04:00:00,1253.90093375,1249.9742431640625,XGBoost
2025-01-25 05:00:00,1312.52712225,1314.61279296875,XGBoost
2025-01-25 06:00:00,1488.9343565,1488.4854736328125,XGBoost
2025-01-25 07:00:00,1451.2290515,1451.3671875,XGBoost
2025-01-25 08:00:00,1359.92890575,1360.8856201171875,XGBoost
2025-01-25 09:00:00,1549.68737725,1548.014892578125,XGBoost
2025-01-25 10:00:00,1599.161049,1605.6492919921875,XGBoost
2025-01-25 11:00:00,1368.9095415,1370.90478515625,XGBoost
2025-01-25 12:00:00,1393.87119525,1394.18408203125,XGBoost
2025-01-25 13:00:00,1415.61462025,1416.1776123046875,XGBoost
2025-01-25 14:00:00,1346.95216675,1346.0562744140625,XGBoost
2025-01-25 15:00:00,1512.6741069999998,1512.2977294921875,XGBoost
2025-01-25 16:00:00,1373.760395,1373.8214111328125,XGBoost
2025-01-25 17:00:00,1649.6292635,1648.8262939453125,XGBoost
2025-01-25 18:00:00,1515.05940875,1515.5196533203125,XGBoost
2025-01-25 19:00:00,1589.29149125,1589.8812255859375,XGBoost
2025-01-25 20:00:00,1476.48474275,1475.9058837890625,XGBoost
2025-01-25 21:00:00,1576.55554225,1576.2806396484375,XGBoost
2025-01-25 22:00:00,1587.16339525,1585.44287109375,XGBoost
2025-01-25 23:00:00,1486.86396425,1488.279296875,XGBoost
2025-01-26 00:00:00,1449.9563294,1449.2950439453125,XGBoost
2025-01-26 01:00:00,1483.2266025,1484.10986328125,XGBoost
2025-01-26 02:00:00,1518.3878032500002,1517.431640625,XGBoost
2025-01-26 03:00:00,1519.4088565,1519.1915283203125,XGBoost
2025-01-26 04:00:00,1470.276723,1470.189208984375,XGBoost
2025-01-26 05:00:00,1487.427638,1488.1734619140625,XGBoost
2025-01-26 06:00:00,1607.47397375,1607.901123046875,XGBoost
2025-01-26 07:00:00,1552.103201,1551.9970703125,XGBoost
2025-01-26 08:00:00,1657.08547225,1658.19677734375,XGBoost
2025-01-26 09:00:00,1410.65183375,1410.0537109375,XGBoost
2025-01-26 10:00:00,1595.9580835,1596.8533935546875,XGBoost
2025-01-26 11:00:00,1509.28516,1509.940185546875,XGBoost
2025-01-26 12:00:00,1394.1495289,1395.93701171875,XGBoost
2025-01-26 13:00:00,1381.5768605,1381.7779541015625,XGBoost
2025-01-26 14:00:00,1569.25211925,1568.285400390625,XGBoost
2025-01-26 15:00:00,1360.8952235,1359.7501220703125,XGBoost
2025-01-26 16:00:00,1664.597563,1665.473876953125,XGBoost
2025-01-26 17:00:00,1503.981948,1503.249267578125,XGBoost
2025-01-26 18:00:00,1554.340391,1551.5751953125,XGBoost
2025-01-26 19:00:00,1682.6478535,1684.637939453125,XGBoost
2025-01-26 20:00:00,1346.36100075,1344.8094482421875,XGBoost
2025-01-26 21:00:00,1467.81329065,1468.5220947265625,XGBoost
2025-01-26 22:00:00,1536.11358075,1536.5286865234375,XGBoost
2025-01-26 23:00:00,1467.754807,1467.939453125,XGBoost
2025-01-27 00:00:00,1492.17468475,1491.963623046875,XGBoost
2025-01-27 01:00:00,1389.254699,1389.36083984375,XGBoost
2025-01-27 02:00:00,1403.649707,1404.66748046875,XGBoost
2025-01-27 03:00:00,1580.7317015,1580.0277099609375,XGBoost
2025-01-27 04:00:00,1490.0498775,1490.32373046875,XGBoost
2025-01-27 05:00:00,1514.9207905,1514.9892578125,XGBoost
2025-01-27 06:00:00,1561.35985125,1561.234375,XGBoost
2025-01-27 07:00:00,1646.5974225,1646.5595703125,XGBoost
2025-01-27 08:00:00,1391.65217975,1391.728271484375,XGBoost
2025-01-27 09:00:00,1230.831039,1212.302734375,XGBoost
2025-01-27 10:00:00,1403.8380365,1401.4202880859375,XGBoost
2025-01-27 11:00:00,1433.22980225,1432.920166015625,XGBoost
2025-01-27 12:00:00,1551.64774825,1552.3935546875,XGBoost
2025-01-27 13:00:00,1581.953416,1582.3116455078125,XGBoost
2025-01-27 14:00:00,1501.78324975,1502.4345703125,XGBoost
2025-01-27 15:00:00,1583.2974495,1582.9908447265625,XGBoost
2025-01-27 16:00:00,1543.08186175,1541.9739990234375,XGBoost
2025-01-27 17:00:00,1578.3417685,1579.2142333984375,XGBoost
2025-01-27 18:00:00,1356.5775055,1356.9776611328125,XGBoost
2025-01-27 19:00:00,1433.06354925,1433.661865234375,XGBoost
2025-01-27 20:00:00,1309.662592,1311.3245849609375,XGBoost
2025-01-27 21:00:00,1344.0594982500002,1341.5877685546875,XGBoost
2025-01-27 22:00:00,1521.41042775,1521.74560546875,XGBoost
2025-01-27 23:00:00,1434.063116,1434.0770263671875,XGBoost
2025-01-28 00:00:00,1574.1067815,1575.3961181640625,XGBoost
2025-01-28 01:00:00,1271.79635175,1271.625,XGBoost
2025-01-28 02:00:00,1594.8704337499998,1596.3035888671875,XGBoost
2025-01-28 03:00:00,1360.98980575,1359.5582275390625,XGBoost
2025-01-28 04:00:00,1630.0957495,1631.353515625,XGBoost
2025-01-28 05:00:00,1522.28823675,1521.600830078125,XGBoost
2025-01-28 06:00:00,1444.04233575,1444.6348876953125,XGBoost
2025-01-28 07:00:00,1662.93804075,1663.490478515625,XGBoost
2025-01-28 08:00:00,1492.016638,1493.498046875,XGBoost
2025-01-28 09:00:00,1621.1981775,1621.306884765625,XGBoost
2025-01-28 10:00:00,1506.23335275,1507.3031005859375,XGBoost
2025-01-28 11:00:00,1626.82719125,1625.53466796875,XGBoost
2025-01-28 12:00:00,1426.78352825,1427.7901611328125,XGBoost
2025-01-28 13:00:00,1488.7322235,1489.8541259765625,XGBoost
2025-01-28 14:00:00,1554.639752,1554.958740234375,XGBoost
2025-01-28 15:00:00,1550.42159125,1548.531494140625,XGBoost
2025-01-28 16:00:00,1687.518323,1684.0299072265625,XGBoost
2025-01-28 17:00:00,1334.73472575,1335.8135986328125,XGBoost
2025-01-28 18:00:00,1537.693396,1535.384521484375,XGBoost
2025-01-28 19:00:00,1493.5012275,1492.882080078125,XGBoost
2025-01-28 20:00:00,1734.76158375,1734.98291015625,XGBoost
2025-01-28 21:00:00,1431.3036435,1432.358642578125,XGBoost
2025-01-28 22:00:00,1570.8417365,1571.931396484375,XGBoost
2025-01-28 23:00:00,1371.49744225,1371.343994140625,XGBoost
2025-01-29 00:00:00,1422.832004,1423.891845703125,XGBoost
2025-01-29 01:00:00,1539.93739425,1539.2193603515625,XGBoost
2025-01-29 02:00:00,1595.5646769999998,1593.8792724609375,XGBoost
2025-01-29 03:00:00,1535.6851895,1535.6414794921875,XGBoost
2025-01-29 04:00:00,1609.92096025,1609.8968505859375,XGBoost
2025-01-29 05:00:00,1495.9267485,1494.376220703125,XGBoost
2025-01-29 06:00:00,1671.32394375,1668.50341796875,XGBoost
2025-01-29 07:00:00,1542.15609875,1541.35546875,XGBoost
2025-01-29 08:00:00,1361.68864875,1361.2740478515625,XGBoost
2025-01-29 09:00:00,1432.73417275,1433.7335205078125,XGBoost
2025-01-29 10:00:00,1550.54498875,1549.1571044921875,XGBoost
2025-01-29 11:00:00,1633.83576675,1633.873046875,XGBoost
2025-01-29 12:00:00,1485.364268,1486.134033203125,XGBoost
2025-01-29 13:00:00,1507.998645,1508.7396240234375,XGBoost
2025-01-29 14:00:00,1581.4056225,1581.2576904296875,XGBoost
2025-01-29 15:00:00,1602.26404975,1603.9764404296875,XGBoost
2025-01-29 16:00:00,1528.812342,1528.9552001953125,XGBoost
2025-01-29 17:00:00,1553.424441,1554.2740478515625,XGBoost
2025-01-29 18:00:00,1577.86081225,1576.4371337890625,XGBoost
2025-01-29 19:00:00,1675.96119675,1675.7423095703125,XGBoost
2025-01-29 20:00:00,1231.373834,1203.639404296875,XGBoost
2025-01-29 21:00:00,1709.45148375,1709.133544921875,XGBoost
2025-01-29 22:00:00,1451.2545225,1451.319091796875,XGBoost
2025-01-29 23:00:00,1489.71986825,1489.81201171875,XGBoost
2025-01-30 00:00:00,1656.42720375,1654.73046875,XGBoost
2025-01-30 01:00:00,1785.15112225,1791.58203125,XGBoost
2025-01-30 02:00:00,1378.20805825,1382.2882080078125,XGBoost
2025-01-30 03:00:00,1637.01058525,1633.9713134765625,XGBoost
2025-01-30 04:00:00,1503.0047555,1500.4918212890625,XGBoost
2025-01-30 05:00:00,1542.5742934999998,1540.884521484375,XGBoost
2025-01-30 06:00:00,1367.17372925,1368.4166259765625,XGBoost
2025-01-30 07:00:00,1418.12815025,1418.0609130859375,XGBoost
2025-01-30 08:00:00,1410.39134675,1410.506591796875,XGBoost
2025-01-30 09:00:00,1382.735422775,1381.9107666015625,XGBoost
2025-01-30 10:00:00,1640.50775475,1640.275146484375,XGBoost
2025-01-30 11:00:00,1626.532012,1627.154541015625,XGBoost
2025-01-30 12:00:00,1427.1401970000002,1427.5819091796875,XGBoost
2025-01-30 13:00:00,1415.91541325,1416.2393798828125,XGBoost
2025-01-30 14:00:00,1398.014581,1397.07275390625,XGBoost
2025-01-30 15:00:00,1429.3099775,1429.7276611328125,XGBoost
2025-01-30 16:00:00,1556.9710725,1557.571533203125,XGBoost
2025-01-30 17:00:00,1487.91855125,1489.6138916015625,XGBoost
2025-01-30 18:00:00,1534.27905575,1535.265625,XGBoost
2025-01-30 19:00:00,1534.0303315,1534.093017578125,XGBoost
2025-01-30 20:00:00,1361.0935065,1359.2740478515625,XGBoost
2025-01-30 21:00:00,1561.58069,1561.81103515625,XGBoost
2025-01-30 22:00:00,1530.48084975,1529.5609130859375,XGBoost
2025-01-30 23:00:00,1263.07931105,1264.1051025390625,XGBoost
2025-01-31 00:00:00,1454.49151925,1454.386474609375,XGBoost
2025-01-31 01:00:00,1567.59445725,1567.7596435546875,XGBoost
2025-01-31 02:00:00,1670.6012314999998,1672.7437744140625,XGBoost
2025-01-31 03:00:00,1574.38922525,1574.2769775390625,XGBoost
2025-01-31 04:00:00,1603.6913855,1602.657958984375,XGBoost
2025-01-31 05:00:00,1464.89415375,1465.482421875,XGBoost
2025-01-31 06:00:00,1406.7570855,1407.1695556640625,XGBoost
2025-01-31 07:00:00,1422.4318755,1423.2724609375,XGBoost
2025-01-31 08:00:00,1530.68427175,1531.003173828125,XGBoost
2025-01-31 09:00:00,1395.957861,1395.82470703125,XGBoost
2025-01-31 10:00:00,1655.1886535,1653.9666748046875,XGBoost
2025-01-31 11:00:00,1674.58752025,1673.623046875,XGBoost
2025-01-31 12:00:00,1359.8457435,1360.1832275390625,XGBoost
2025-01-31 13:00:00,1460.326761,1460.0423583984375,XGBoost
2025-01-31 14:00:00,1500.062405,1501.7269287109375,XGBoost
2025-01-31 15:00:00,1478.5784135,1478.331787109375,XGBoost
2025-01-31 16:00:00,1526.367088925,1526.3336181640625,XGBoost
2025-01-31 17:00:00,1455.19086525,1456.011474609375,XGBoost
2025-01-31 18:00:00,1557.525612,1558.5140380859375,XGBoost
2025-01-31 19:00:00,1535.5392355,1536.8106689453125,XGBoost
2025-01-31 20:00:00,1594.97704775,1592.1905517578125,XGBoost
2025-01-31 21:00:00,1538.2093125,1538.3843994140625,XGBoost
2025-01-31 22:00:00,1574.110768,1574.751953125,XGBoost
2025-01-31 23:00:00,1490.637047,1490.7308349609375,XGBoost
2025-02-01 00:00:00,1326.64553,1325.7490234375,XGBoost
2025-02-01 01:00:00,1365.93483875,1365.171142578125,XGBoost
2025-02-01 02:00:00,1508.8810075,1507.5799560546875,XGBoost
2025-02-01 03:00:00,1541.10166075,1540.52001953125,XGBoost
2025-02-01 04:00:00,1484.862621,1485.5775146484375,XGBoost
2025-02-01 05:00:00,1444.4121115,1444.240966796875,XGBoost
2025-02-01 06:00:00,1539.79682,1539.2537841796875,XGBoost
2025-02-01 07:00:00,1597.22185125,1596.44677734375,XGBoost
2025-02-01 08:00:00,1483.5790785,1486.3524169921875,XGBoost
2025-02-01 09:00:00,1566.89209975,1567.0797119140625,XGBoost
2025-02-01 10:00:00,1542.83786625,1542.6212158203125,XGBoost
2025-02-01 11:00:00,1528.656322,1527.2034912109375,XGBoost
2025-02-01 12:00:00,1639.23109625,1638.0673828125,XGBoost
2025-02-01 13:00:00,1584.84910025,1584.2694091796875,XGBoost
2025-02-01 14:00:00,1561.50048775,1561.487548828125,XGBoost
2025-02-01 15:00:00,1653.95826375,1653.7926025390625,XGBoost
2025-02-01 16:00:00,1492.632331,1492.68505859375,XGBoost
2025-02-01 17:00:00,1390.98461,1389.3922119140625,XGBoost
2025-02-01 18:00:00,1460.74442125,1457.498779296875,XGBoost
2025-02-01 19:00:00,1527.63800975,1528.7218017578125,XGBoost
2025-02-01 20:00:00,1484.96025775,1484.7083740234375,XGBoost
2025-02-01 21:00:00,1586.4955515,1587.99072265625,XGBoost
2025-02-01 22:00:00,1513.16250325,1514.4061279296875,XGBoost
2025-02-01 23:00:00,1492.1932995,1492.42529296875,XGBoost
2025-02-02 00:00:00,1592.165663,1591.23095703125,XGBoost
2025-02-02 01:00:00,1696.567991,1696.9520263671875,XGBoost
2025-02-02 02:00:00,1423.952286,1425.0390625,XGBoost
2025-02-02 03:00:00,1429.3096605,1429.317626953125,XGBoost
2025-02-02 04:00:00,1633.157199,1633.6915283203125,XGBoost
2025-02-02 05:00:00,1481.57469625,1480.4788818359375,XGBoost
2025-02-02 06:00:00,1492.037625,1492.169189453125,XGBoost
2025-02-02 07:00:00,1519.4667505,1519.082275390625,XGBoost
2025-02-02 08:00:00,1592.22197275,1589.9486083984375,XGBoost
2025-02-02 09:00:00,1511.32465475,1511.086181640625,XGBoost
2025-02-02 10:00:00,1380.99809025,1379.337890625,XGBoost
2025-02-02 11:00:00,1604.369069,1604.8624267578125,XGBoost
2025-02-02 12:00:00,1599.0514735,1597.6944580078125,XGBoost
2025-02-02 13:00:00,1406.2161135,1406.7822265625,XGBoost
2025-02-02 14:00:00,1469.50255275,1469.4991455078125,XGBoost
2025-02-02 15:00:00,1548.765367,1548.764404296875,XGBoost
2025-02-02 16:00:00,1612.023164,1611.413330078125,XGBoost
2025-02-02 17:00:00,1546.6005625,1543.8580322265625,XGBoost
2025-02-02 18:00:00,1659.37634025,1659.04443359375,XGBoost
2025-02-02 19:00:00,1550.5619755,1550.659423828125,XGBoost
2025-02-02 20:00:00,1523.667413,1523.712158203125,XGBoost
2025-02-02 21:00:00,1435.54000625,1435.350830078125,XGBoost
2025-02-02 22:00:00,1589.46995875,1589.75048828125,XGBoost
2025-02-02 23:00:00,1348.274939,1345.7166748046875,XGBoost
2025-02-03 00:00:00,1527.3702095,1526.7994384765625,XGBoost
2025-02-03 01:00:00,1436.400386975,1437.5921630859375,XGBoost
2025-02-03 02:00:00,1484.77310075,1485.88720703125,XGBoost
2025-02-03 03:00:00,1492.4505515,1492.1427001953125,XGBoost
2025-02-03 04:00:00,1681.39319675,1678.512451171875,XGBoost
2025-02-03 05:00:00,1610.26339275,1608.81103515625,XGBoost
2025-02-03 06:00:00,1373.05278825,1373.07861328125,XGBoost
2025-02-03 07:00:00,1420.21434475,1420.758544921875,XGBoost
2025-02-03 08:00:00,1566.4087045,1565.0421142578125,XGBoost
2025-02-03 09:00:00,1692.36839975,1689.3929443359375,XGBoost
2025-02-03 10:00:00,1353.29798425,1353.078369140625,XGBoost
2025-02-03 11:00:00,1442.0296724999998,1442.2830810546875,XGBoost
2025-02-03 12:00:00,1533.70515725,1533.5234375,XGBoost
2025-02-03 13:00:00,1536.02389975,1535.617431640625,XGBoost
2025-02-03 14:00:00,1585.61335675,1585.2552490234375,XGBoost
2025-02-03 15:00:00,1685.7485375,1683.3182373046875,XGBoost
2025-02-03 16:00:00,1344.563494,1346.4654541015625,XGBoost
2025-02-03 17:00:00,1487.9656925,1488.099365234375,XGBoost
2025-02-03 18:00:00,1513.230503,1512.6324462890625,XGBoost
2025-02-03 19:00:00,1462.094957,1462.21630859375,XGBoost
2025-02-03 20:00:00,1580.632197,1578.859375,XGBoost
2025-02-03 21:00:00,1465.0517885,1462.0228271484375,XGBoost
2025-02-03 22:00:00,1509.06219275,1509.09375,XGBoost
2025-02-03 23:00:00,1669.64132825,1668.9737548828125,XGBoost
2025-02-04 00:00:00,1390.2129452499998,1391.8702392578125,XGBoost
2025-02-04 01:00:00,1463.009272,1462.1868896484375,XGBoost
2025-02-04 02:00:00,1694.90288775,1697.179931640625,XGBoost
2025-02-04 03:00:00,1442.2825465,1441.55810546875,XGBoost
2025-02-04 04:00:00,1439.11085425,1439.4876708984375,XGBoost
2025-02-04 05:00:00,1559.22603175,1560.474609375,XGBoost
2025-02-04 06:00:00,1520.580305,1520.3270263671875,XGBoost
2025-02-04 07:00:00,1481.373215,1481.873046875,XGBoost
2025-02-04 08:00:00,1521.00693675,1521.1854248046875,XGBoost
2025-02-04 09:00:00,1536.08493975,1535.562255859375,XGBoost
2025-02-04 10:00:00,1475.292424,1476.5303955078125,XGBoost
2025-02-04 11:00:00,1308.25573425,1305.2105712890625,XGBoost
2025-02-04 12:00:00,1428.09718075,1429.0653076171875,XGBoost
2025-02-04 13:00:00,1549.6483205,1549.3836669921875,XGBoost
2025-02-04 14:00:00,1465.0136445,1464.9456787109375,XGBoost
2025-02-04 15:00:00,1594.351212,1595.4110107421875,XGBoost
2025-02-04 16:00:00,1427.31504225,1427.080078125,XGBoost
2025-02-04 17:00:00,1381.371186,1381.8599853515625,XGBoost
2025-02-04 18:00:00,1620.92374925,1621.052490234375,XGBoost
2025-02-04 19:00:00,1540.232547,1540.7811279296875,XGBoost
2025-02-04 20:00:00,1642.257928,1642.068115234375,XGBoost
2025-02-04 21:00:00,1523.61608125,1524.6239013671875,XGBoost
2025-02-04 22:00:00,1508.6107,1509.404296875,XGBoost
2025-02-04 23:00:00,1321.5735705,1320.7900390625,XGBoost
2025-02-05 00:00:00,1472.40268775,1473.1422119140625,XGBoost
2025-02-05 01:00:00,1571.48637575,1572.279296875,XGBoost
2025-02-05 02:00:00,1505.7425305000002,1505.239990234375,XGBoost
2025-02-05 03:00:00,1454.24107725,1452.4847412109375,XGBoost
2025-02-05 04:00:00,1419.27374325,1417.013427734375,XGBoost
2025-02-05 05:00:00,1325.92904175,1327.248291015625,XGBoost
2025-02-05 06:00:00,1710.428763,1708.0572509765625,XGBoost
2025-02-05 07:00:00,1631.282642,1630.6671142578125,XGBoost
2025-02-05 08:00:00,1429.107342,1426.90869140625,XGBoost
2025-02-05 09:00:00,1354.34054425,1354.5260009765625,XGBoost
2025-02-05 10:00:00,1566.74829875,1565.001953125,XGBoost
2025-02-05 11:00:00,1426.43460775,1426.038818359375,XGBoost
2025-02-05 12:00:00,1595.067146,1592.1544189453125,XGBoost
2025-02-05 13:00:00,1507.0795495,1504.7265625,XGBoost
2025-02-05 14:00:00,1493.01314,1493.887451171875,XGBoost
2025-02-05 15:00:00,1460.614427,1460.832763671875,XGBoost
2025-02-05 16:00:00,1653.57866975,1651.82568359375,XGBoost
2025-02-05 17:00:00,1429.88879425,1433.077880859375,XGBoost
2025-02-05 18:00:00,1626.84770575,1626.9488525390625,XGBoost
2025-02-05 19:00:00,1641.707437,1642.1077880859375,XGBoost
2025-02-05 20:00:00,1571.91340825,1572.303955078125,XGBoost
2025-02-05 21:00:00,1553.28837675,1554.078125,XGBoost
2025-02-05 22:00:00,1448.5414345,1448.6058349609375,XGBoost
2025-02-05 23:00:00,1446.41482525,1444.2525634765625,XGBoost
2025-02-06 00:00:00,1627.99804675,1629.251708984375,XGBoost
2025-02-06 01:00:00,1533.38858475,1533.4769287109375,XGBoost
2025-02-06 02:00:00,1467.603366,1466.6036376953125,XGBoost
2025-02-06 03:00:00,1405.081751,1403.654296875,XGBoost
2025-02-06 04:00:00,1617.39064175,1619.2158203125,XGBoost
2025-02-06 05:00:00,1655.5284645,1655.5341796875,XGBoost
2025-02-06 06:00:00,1542.779437,1543.544921875,XGBoost
2025-02-06 07:00:00,1434.19965075,1434.6441650390625,XGBoost
2025-02-06 08:00:00,1387.85733375,1387.1756591796875,XGBoost
2025-02-06 09:00:00,1487.57494,1488.2236328125,XGBoost
2025-02-06 10:00:00,1633.5430125,1635.0504150390625,XGBoost
2025-02-06 11:00:00,1340.06976125,1338.2342529296875,XGBoost
2025-02-06 12:00:00,1350.42275085,1347.90087890625,XGBoost
2025-02-06 13:00:00,1451.653783,1451.096923828125,XGBoost
2025-02-06 14:00:00,1702.6784385,1700.8553466796875,XGBoost
2025-02-06 15:00:00,1469.9838065,1470.7978515625,XGBoost
2025-02-06 16:00:00,1640.3891625,1644.186279296875,XGBoost
2025-02-06 17:00:00,1315.737435,1317.0770263671875,XGBoost
2025-02-06 18:00:00,1406.90457275,1407.75390625,XGBoost
2025-02-06 19:00:00,1498.69940425,1500.0872802734375,XGBoost
2025-02-06 20:00:00,1494.497613,1493.08349609375,XGBoost
2025-02-06 21:00:00,1567.52770075,1565.8662109375,XGBoost
2025-02-06 22:00:00,1331.88003775,1331.55419921875,XGBoost
2025-02-06 23:00:00,1344.49883775,1344.8289794921875,XGBoost
2025-02-07 00:00:00,1577.6926065,1576.093505859375,XGBoost
2025-02-07 01:00:00,1636.3920215,1636.96337890625,XGBoost
2025-02-07 02:00:00,1604.65475425,1605.92822265625,XGBoost
2025-02-07 03:00:00,1485.43225375,1485.889892578125,XGBoost
2025-02-07 04:00:00,1488.81898725,1488.8748779296875,XGBoost
2025-02-07 05:00:00,1538.58569475,1538.3856201171875,XGBoost
2025-02-07 06:00:00,1412.49015975,1411.92724609375,XGBoost
2025-02-07 07:00:00,1409.726370175,1409.4776611328125,XGBoost
2025-02-07 08:00:00,1484.262287,1484.2890625,XGBoost
2025-02-07 09:00:00,1534.29294275,1533.5340576171875,XGBoost
2025-02-07 10:00:00,1672.0292325,1675.6533203125,XGBoost
2025-02-07 11:00:00,1509.625564,1509.8902587890625,XGBoost
2025-02-07 12:00:00,1608.8740785,1608.4527587890625,XGBoost
2025-02-07 13:00:00,1559.32741225,1560.4185791015625,XGBoost
2025-02-07 14:00:00,1390.45816125,1391.1192626953125,XGBoost
2025-02-07 15:00:00,1559.02635975,1559.1068115234375,XGBoost
2025-02-07 16:00:00,1625.57899275,1623.576171875,XGBoost
2025-02-07 17:00:00,1491.5715325,1490.275146484375,XGBoost
2025-02-07 18:00:00,1574.61035475,1574.638427734375,XGBoost
2025-02-07 19:00:00,1613.7610155,1613.7823486328125,XGBoost
2025-02-07 20:00:00,1432.77307575,1434.5286865234375,XGBoost
2025-02-07 21:00:00,1432.6950095,1433.655029296875,XGBoost
2025-02-07 22:00:00,1501.2536475,1501.474853515625,XGBoost
2025-02-07 23:00:00,1530.7657235,1531.022216796875,XGBoost
2025-02-08 00:00:00,1558.17586025,1557.7772216796875,XGBoost
2025-02-08 01:00:00,1475.4554785,1475.6319580078125,XGBoost
2025-02-08 02:00:00,1371.76555925,1371.5277099609375,XGBoost
2025-02-08 03:00:00,1392.74530575,1392.90380859375,XGBoost
2025-02-08 04:00:00,1409.442533,1409.037841796875,XGBoost
2025-02-08 05:00:00,1405.953133,1404.1016845703125,XGBoost
2025-02-08 06:00:00,1403.21397675,1403.92626953125,XGBoost
2025-02-08 07:00:00,1534.07117325,1534.5078125,XGBoost
2025-02-08 08:00:00,1472.1256095,1474.1412353515625,XGBoost
2025-02-08 09:00:00,1418.93882775,1419.3304443359375,XGBoost
2025-02-08 10:00:00,1603.07574575,1600.9884033203125,XGBoost
2025-02-08 11:00:00,1524.772647,1525.1805419921875,XGBoost
2025-02-08 12:00:00,1371.63674625,1372.603759765625,XGBoost
2025-02-08 13:00:00,1505.28775175,1504.951904296875,XGBoost
2025-02-08 14:00:00,1696.01182625,1696.9884033203125,XGBoost
2025-02-08 15:00:00,1374.0221125,1372.9866943359375,XGBoost
2025-02-08 16:00:00,1513.28520475,1512.802734375,XGBoost
2025-02-08 17:00:00,1482.8542435,1483.990478515625,XGBoost
2025-02-08 18:00:00,1586.71140525,1587.544921875,XGBoost
2025-02-08 19:00:00,1519.131676,1519.021484375,XGBoost
2025-02-08 20:00:00,1508.91975375,1507.7464599609375,XGBoost
2025-02-08 21:00:00,1495.779199,1495.79345703125,XGBoost
2025-02-08 22:00:00,1538.06620125,1537.3604736328125,XGBoost
2025-02-08 23:00:00,1604.6323895,1605.9171142578125,XGBoost
2025-02-09 00:00:00,1657.68896225,1659.464599609375,XGBoost
2025-02-09 01:00:00,1487.42433925,1486.8306884765625,XGBoost
2025-02-09 02:00:00,1344.04256725,1343.74609375,XGBoost
2025-02-09 03:00:00,1290.33865525,1291.7637939453125,XGBoost
2025-02-09 04:00:00,1546.071943,1545.3233642578125,XGBoost
2025-02-09 05:00:00,1432.40500025,1432.6922607421875,XGBoost
2025-02-09 06:00:00,1647.276699,1646.0166015625,XGBoost
2025-02-09 07:00:00,1429.5388295,1428.2532958984375,XGBoost
2025-02-09 08:00:00,1694.71485625,1695.4207763671875,XGBoost
2025-02-09 09:00:00,1441.80915525,1441.9986572265625,XGBoost
2025-02-09 10:00:00,1385.1792965,1384.2357177734375,XGBoost
2025-02-09 11:00:00,1635.76772475,1636.8043212890625,XGBoost
2025-02-09 12:00:00,1418.777399,1419.201416015625,XGBoost
2025-02-09 13:00:00,1546.19372,1546.0535888671875,XGBoost
2025-02-09 14:00:00,1506.02857675,1506.706298828125,XGBoost
2025-02-09 15:00:00,1422.66555025,1423.38623046875,XGBoost
2025-02-09 16:00:00,1616.34454225,1616.4222412109375,XGBoost
2025-02-09 17:00:00,1458.1059985,1457.1864013671875,XGBoost
2025-02-09 18:00:00,1718.140327,1720.34619140625,XGBoost
2025-02-09 19:00:00,1596.79195175,1596.1517333984375,XGBoost
2025-02-09 20:00:00,1419.92685925,1418.8814697265625,XGBoost
2025-02-09 21:00:00,1495.8140115,1495.6524658203125,XGBoost
2025-02-09 22:00:00,1523.4831735,1523.0059814453125,XGBoost
2025-02-09 23:00:00,1574.08460125,1574.100341796875,XGBoost
2025-02-10 00:00:00,1576.930499,1577.060791015625,XGBoost
2025-02-10 01:00:00,1423.0596245000002,1420.533203125,XGBoost
2025-02-10 02:00:00,1460.80029725,1459.008544921875,XGBoost
2025-02-10 03:00:00,1447.3464535,1447.77978515625,XGBoost
2025-02-10 04:00:00,1509.59314925,1509.7945556640625,XGBoost
2025-02-10 05:00:00,1395.020666,1391.88818359375,XGBoost
2025-02-10 06:00:00,1627.504279,1626.6778564453125,XGBoost
2025-02-10 07:00:00,1496.40119525,1496.52685546875,XGBoost
2025-02-10 08:00:00,1602.325164,1600.622314453125,XGBoost
2025-02-10 09:00:00,1540.01883275,1541.01953125,XGBoost
2025-02-10 10:00:00,1586.8807705,1586.4949951171875,XGBoost
2025-02-10 11:00:00,1279.4128835,1275.049560546875,XGBoost
2025-02-10 12:00:00,1402.58009275,1403.87060546875,XGBoost
2025-02-10 13:00:00,1408.56687975,1409.1146240234375,XGBoost
2025-02-10 14:00:00,1326.044270675,1326.6226806640625,XGBoost
2025-02-10 15:00:00,1541.55077375,1542.1356201171875,XGBoost
2025-02-10 16:00:00,1619.10668225,1619.9454345703125,XGBoost
2025-02-10 17:00:00,1633.772525,1633.94775390625,XGBoost
2025-02-10 18:00:00,1556.97302,1556.4415283203125,XGBoost
2025-02-10 19:00:00,1669.68720375,1670.3707275390625,XGBoost
2025-02-10 20:00:00,1409.028409,1409.30029296875,XGBoost
2025-02-10 21:00:00,1499.24780225,1500.3621826171875,XGBoost
2025-02-10 22:00:00,1561.37871475,1560.331298828125,XGBoost
2025-02-10 23:00:00,1463.416144,1465.529296875,XGBoost
2025-02-11 00:00:00,1499.44275075,1499.11767578125,XGBoost
2025-02-11 01:00:00,1721.30204475,1719.416748046875,XGBoost
2025-02-11 02:00:00,1650.12704725,1649.148193359375,XGBoost
2025-02-11 03:00:00,1581.93318875,1581.9688720703125,XGBoost
2025-02-11 04:00:00,1446.82556175,1447.0777587890625,XGBoost
2025-02-11 05:00:00,1560.08591575,1558.3304443359375,XGBoost
2025-02-11 06:00:00,1593.675004,1593.241943359375,XGBoost
2025-02-11 07:00:00,1743.48000475,1755.53759765625,XGBoost
2025-02-11 08:00:00,1653.8099165,1653.331298828125,XGBoost
2025-02-11 09:00:00,1445.274518,1445.074951171875,XGBoost
2025-02-11 10:00:00,1474.22619425,1475.0579833984375,XGBoost
2025-02-11 11:00:00,1536.25501125,1535.9176025390625,XGBoost
2025-02-11 12:00:00,1434.56467425,1433.544921875,XGBoost
2025-02-11 13:00:00,1373.864692,1375.3125,XGBoost
2025-02-11 14:00:00,1406.8281895,1405.2515869140625,XGBoost
2025-02-11 15:00:00,1572.85519975,1574.446533203125,XGBoost
2025-02-11 16:00:00,1427.5723360000002,1426.8365478515625,XGBoost
2025-02-11 17:00:00,1374.8421065,1374.574462890625,XGBoost
2025-02-11 18:00:00,1536.5347845,1536.3876953125,XGBoost
2025-02-11 19:00:00,1432.724123875,1432.637939453125,XGBoost
2025-02-11 20:00:00,1466.1036965,1465.5748291015625,XGBoost
2025-02-11 21:00:00,1532.9436839999998,1532.654296875,XGBoost
2025-02-11 22:00:00,1440.33656975,1440.022216796875,XGBoost
2025-02-11 23:00:00,1535.8504735,1535.761474609375,XGBoost
2025-02-12 00:00:00,1325.06185525,1325.9212646484375,XGBoost
2025-02-12 01:00:00,1406.8831135,1406.7108154296875,XGBoost
2025-02-12 02:00:00,1621.4229635,1621.2392578125,XGBoost
2025-02-12 03:00:00,1625.09805975,1624.30859375,XGBoost
2025-02-12 04:00:00,1420.386722,1420.2464599609375,XGBoost
2025-02-12 05:00:00,1477.301516,1476.583251953125,XGBoost
2025-02-12 06:00:00,1638.725434,1638.9752197265625,XGBoost
2025-02-12 07:00:00,1537.2278595,1537.8026123046875,XGBoost
2025-02-12 08:00:00,1380.8504245,1379.818115234375,XGBoost
2025-02-12 09:00:00,1327.4156465,1326.36181640625,XGBoost
2025-02-12 10:00:00,1494.88348375,1494.5367431640625,XGBoost
2025-02-12 11:00:00,1711.45667275,1707.8472900390625,XGBoost
2025-02-12 12:00:00,1342.62204825,1344.8690185546875,XGBoost
2025-02-12 13:00:00,1544.90025775,1544.22607421875,XGBoost
2025-02-12 14:00:00,1501.6742815,1502.433349609375,XGBoost
2025-02-12 15:00:00,1557.52526875,1557.4903564453125,XGBoost
2025-02-12 16:00:00,1547.6638575000002,1548.068115234375,XGBoost
2025-02-12 17:00:00,1435.404227,1435.544189453125,XGBoost
2025-02-12 18:00:00,1456.26382025,1457.697021484375,XGBoost
2025-02-12 19:00:00,1629.43984475,1628.507080078125,XGBoost
2025-02-12 20:00:00,1486.415409,1486.6187744140625,XGBoost
2025-02-12 21:00:00,1393.8517675,1394.478759765625,XGBoost
2025-02-12 22:00:00,1241.64250675,1248.2962646484375,XGBoost
2025-02-12 23:00:00,1297.98564875,1299.476806640625,XGBoost
2025-02-13 00:00:00,1746.12178675,1752.9832763671875,XGBoost
2025-02-13 01:00:00,1255.91839425,1240.597412109375,XGBoost
2025-02-13 02:00:00,1366.212023,1366.5230712890625,XGBoost
2025-02-13 03:00:00,1353.01115625,1353.2457275390625,XGBoost
2025-02-13 04:00:00,1481.79054425,1483.0255126953125,XGBoost
2025-02-13 05:00:00,1543.2393225,1544.185791015625,XGBoost
2025-02-13 06:00:00,1667.731903,1669.576171875,XGBoost
2025-02-13 07:00:00,1539.538685,1539.44775390625,XGBoost
2025-02-13 08:00:00,1449.9154255,1449.984375,XGBoost
2025-02-13 09:00:00,1598.17967625,1596.947021484375,XGBoost
2025-02-13 10:00:00,1459.1081495,1459.235107421875,XGBoost
2025-02-13 11:00:00,1526.2610435,1525.6671142578125,XGBoost
2025-02-13 12:00:00,1508.22078325,1508.084228515625,XGBoost
2025-02-13 13:00:00,1559.22806,1558.84326171875,XGBoost
2025-02-13 14:00:00,1632.08114325,1631.05615234375,XGBoost
2025-02-13 15:00:00,1439.54747375,1439.248291015625,XGBoost
2025-02-13 16:00:00,1438.8712375,1440.3480224609375,XGBoost
2025-02-13 17:00:00,1544.10784,1543.718505859375,XGBoost
2025-02-13 18:00:00,1403.1890685,1403.516845703125,XGBoost
2025-02-13 19:00:00,1439.10777375,1440.0986328125,XGBoost
2025-02-13 20:00:00,1503.64220175,1504.7017822265625,XGBoost
2025-02-13 21:00:00,1538.98317825,1540.0809326171875,XGBoost
2025-02-13 22:00:00,1439.492309,1439.51171875,XGBoost
2025-02-13 23:00:00,1449.65964825,1449.9742431640625,XGBoost
2025-02-14 00:00:00,1485.92206875,1486.3201904296875,XGBoost
2025-02-14 01:00:00,1466.1194835,1465.2913818359375,XGBoost
2025-02-14 02:00:00,1465.74962125,1467.28759765625,XGBoost
2025-02-14 03:00:00,1500.49769175,1501.0732421875,XGBoost
2025-02-14 04:00:00,1622.804717,1622.2230224609375,XGBoost
2025-02-14 05:00:00,1457.14365425,1457.265380859375,XGBoost
2025-02-14 06:00:00,1320.87992175,1322.7425537109375,XGBoost
2025-02-14 07:00:00,1566.4787475,1564.784423828125,XGBoost
2025-02-14 08:00:00,1569.74916275,1567.1246337890625,XGBoost
2025-02-14 09:00:00,1423.10339375,1422.726806640625,XGBoost
2025-02-14 10:00:00,1482.9736275,1484.4439697265625,XGBoost
2025-02-14 11:00:00,1403.41410875,1404.1126708984375,XGBoost
2025-02-14 12:00:00,1624.336644,1624.3262939453125,XGBoost
2025-02-14 13:00:00,1493.507582,1493.4501953125,XGBoost
2025-02-14 14:00:00,1613.052973,1612.3470458984375,XGBoost
2025-02-14 15:00:00,1630.18629575,1631.0709228515625,XGBoost
2025-02-14 16:00:00,1454.8173752500002,1454.627685546875,XGBoost
2025-02-14 17:00:00,1559.1282745,1560.158203125,XGBoost
2025-02-14 18:00:00,1553.29785125,1553.16650390625,XGBoost
2025-02-14 19:00:00,1593.5346855,1595.0224609375,XGBoost
2025-02-14 20:00:00,1650.1054135,1647.5115966796875,XGBoost
2025-02-14 21:00:00,1589.09275525,1588.51171875,XGBoost
2025-02-14 22:00:00,1570.69775675,1570.6956787109375,XGBoost
2025-02-14 23:00:00,1503.2361395,1502.3818359375,XGBoost
2025-02-15 00:00:00,1617.50770025,1616.224609375,XGBoost
2025-02-15 01:00:00,1461.822039,1458.8887939453125,XGBoost
2025-02-15 02:00:00,1353.44639025,1351.010009765625,XGBoost
2025-02-15 03:00:00,1545.12126675,1543.8145751953125,XGBoost
2025-02-15 04:00:00,1345.80795325,1343.4427490234375,XGBoost
2025-02-15 05:00:00,1557.7650105,1556.8056640625,XGBoost
2025-02-15 06:00:00,1502.952233,1502.825927734375,XGBoost
2025-02-15 07:00:00,1506.69240075,1507.011474609375,XGBoost
2025-02-15 08:00:00,1481.00561525,1482.59814453125,XGBoost
2025-02-15 09:00:00,1346.803143,1345.4864501953125,XGBoost
2025-02-15 10:00:00,1621.92246725,1622.900634765625,XGBoost
2025-02-15 11:00:00,1542.8591045,1542.15380859375,XGBoost
2025-02-15 12:00:00,1733.06322675,1732.466796875,XGBoost
2025-02-15 13:00:00,1606.9375705,1607.192138671875,XGBoost
2025-02-15 14:00:00,1601.73690975,1600.95849609375,XGBoost
2025-02-15 15:00:00,1638.89339875,1638.012939453125,XGBoost
2025-02-15 16:00:00,1600.264245,1601.7564697265625,XGBoost
2025-02-15 17:00:00,1325.9323575,1325.8284912109375,XGBoost
2025-02-15 18:00:00,1597.170382,1598.07861328125,XGBoost
2025-02-15 19:00:00,1579.19001825,1579.552734375,XGBoost
2025-02-15 20:00:00,1620.6721455,1619.914306640625,XGBoost
2025-02-15 21:00:00,1617.315165,1617.3475341796875,XGBoost
2025-02-15 22:00:00,1444.33204625,1444.0556640625,XGBoost
2025-02-15 23:00:00,1691.8757295,1691.10546875,XGBoost
2025-02-16 00:00:00,1503.47917975,1504.49267578125,XGBoost
2025-02-16 01:00:00,1510.908354,1510.8172607421875,XGBoost
2025-02-16 02:00:00,1567.24436475,1566.5133056640625,XGBoost
2025-02-16 03:00:00,1541.3339145,1538.987060546875,XGBoost
2025-02-16 04:00:00,1511.140484,1511.6357421875,XGBoost
2025-02-16 05:00:00,1489.17791525,1489.6153564453125,XGBoost
2025-02-16 06:00:00,1424.5346685,1424.197021484375,XGBoost
2025-02-16 07:00:00,1423.95129275,1424.368408203125,XGBoost
2025-02-16 08:00:00,1408.93648675,1410.4273681640625,XGBoost
2025-02-16 09:00:00,1562.51652175,1562.82958984375,XGBoost
2025-02-16 10:00:00,1529.42862375,1530.107177734375,XGBoost
2025-02-16 11:00:00,1513.1745055,1511.3638916015625,XGBoost
2025-02-16 12:00:00,1534.7788725,1533.834716796875,XGBoost
2025-02-16 13:00:00,1526.8138675,1527.6708984375,XGBoost
2025-02-16 14:00:00,1685.1366025,1687.005615234375,XGBoost
2025-02-16 15:00:00,1547.539753,1546.527587890625,XGBoost
2025-02-16 16:00:00,1654.507683,1653.0654296875,XGBoost
2025-02-16 17:00:00,1680.00355875,1676.00244140625,XGBoost
2025-02-16 18:00:00,1379.6650225,1379.012451171875,XGBoost
2025-02-16 19:00:00,1397.37051275,1400.7919921875,XGBoost
2025-02-16 20:00:00,1532.3474015,1532.5599365234375,XGBoost
2025-02-16 21:00:00,1460.1712195,1460.55029296875,XGBoost
2025-02-16 22:00:00,1492.89915125,1491.640625,XGBoost
2025-02-16 23:00:00,1328.709703,1330.3929443359375,XGBoost
2025-02-17 00:00:00,1450.284109,1450.3294677734375,XGBoost
2025-02-17 01:00:00,1641.218969,1640.5384521484375,XGBoost
2025-02-17 02:00:00,1728.1856295,1722.7122802734375,XGBoost
2025-02-17 03:00:00,1466.3918025,1467.1170654296875,XGBoost
2025-02-17 04:00:00,1552.65588725,1553.2958984375,XGBoost
2025-02-17 05:00:00,1353.9708565,1355.520751953125,XGBoost
2025-02-17 06:00:00,1292.47095575,1289.5162353515625,XGBoost
2025-02-17 07:00:00,1570.06382225,1572.43701171875,XGBoost
2025-02-17 08:00:00,1418.69690525,1417.6328125,XGBoost
2025-02-17 09:00:00,1451.400613,1452.3126220703125,XGBoost
2025-02-17 10:00:00,1368.2846455,1368.4093017578125,XGBoost
2025-02-17 11:00:00,1482.64257875,1482.22900390625,XGBoost
2025-02-17 12:00:00,1413.5676985,1414.5203857421875,XGBoost
2025-02-17 13:00:00,1617.98889175,1617.5584716796875,XGBoost
2025-02-17 14:00:00,1482.38024275,1482.0421142578125,XGBoost
2025-02-17 15:00:00,1529.9076435,1529.541015625,XGBoost
2025-02-17 16:00:00,1413.908608,1416.0692138671875,XGBoost
2025-02-17 17:00:00,1523.144666,1522.8880615234375,XGBoost
2025-02-17 18:00:00,1681.9014315,1681.1346435546875,XGBoost
2025-02-17 19:00:00,1422.0116815,1421.7431640625,XGBoost
2025-02-17 20:00:00,1643.927714,1642.7386474609375,XGBoost
2025-02-17 21:00:00,1375.09717525,1374.2275390625,XGBoost
2025-02-17 22:00:00,1663.6871395,1661.9273681640625,XGBoost
2025-02-17 23:00:00,1467.10861725,1467.5836181640625,XGBoost
2025-02-18 00:00:00,1523.91159625,1524.462158203125,XGBoost
2025-02-18 01:00:00,1497.96108125,1497.547119140625,XGBoost
2025-02-18 02:00:00,1326.33643675,1325.822509765625,XGBoost
2025-02-18 03:00:00,1659.543655,1658.0806884765625,XGBoost
2025-02-18 04:00:00,1508.8706794999998,1507.5159912109375,XGBoost
2025-02-18 05:00:00,1678.228367,1680.8057861328125,XGBoost
2025-02-18 06:00:00,1444.82556025,1445.5706787109375,XGBoost
2025-02-18 07:00:00,1727.31535075,1720.1600341796875,XGBoost
2025-02-18 08:00:00,1439.41533225,1439.0765380859375,XGBoost
2025-02-18 09:00:00,1214.08437025,1203.8634033203125,XGBoost
2025-02-18 10:00:00,1567.18760925,1566.5943603515625,XGBoost
2025-02-18 11:00:00,1450.068753,1441.4449462890625,XGBoost
2025-02-18 12:00:00,1532.88053025,1532.878173828125,XGBoost
2025-02-18 13:00:00,1563.31229975,1565.7281494140625,XGBoost
2025-02-18 14:00:00,1516.44979175,1515.0213623046875,XGBoost
2025-02-18 15:00:00,1458.77953775,1459.5682373046875,XGBoost
2025-02-18 16:00:00,1405.51275025,1405.5858154296875,XGBoost
2025-02-18 17:00:00,1342.77965925,1343.8304443359375,XGBoost
2025-02-18 18:00:00,1368.81987225,1367.5032958984375,XGBoost
2025-02-18 19:00:00,1471.71829425,1470.7425537109375,XGBoost
2025-02-18 20:00:00,1441.3167865,1442.7320556640625,XGBoost
2025-02-18 21:00:00,1329.85379325,1331.4224853515625,XGBoost
2025-02-18 22:00:00,1464.365445,1464.5360107421875,XGBoost
2025-02-18 23:00:00,1478.02218875,1481.520263671875,XGBoost
2025-02-19 00:00:00,1562.58189525,1561.5020751953125,XGBoost
2025-02-19 01:00:00,1287.803524325,1290.072265625,XGBoost
2025-02-19 02:00:00,1504.78402575,1505.7364501953125,XGBoost
2025-02-19 03:00:00,1567.54523225,1566.784912109375,XGBoost
2025-02-19 04:00:00,1602.789764,1602.8333740234375,XGBoost
2025-02-19 05:00:00,1614.635035,1614.5341796875,XGBoost
2025-02-19 06:00:00,1422.740311,1423.43505859375,XGBoost
2025-02-19 07:00:00,1415.586639,1418.3580322265625,XGBoost
2025-02-19 08:00:00,1380.3613405,1380.8839111328125,XGBoost
2025-02-19 09:00:00,1567.124766,1566.8272705078125,XGBoost
2025-02-19 10:00:00,1438.8177839999998,1441.95947265625,XGBoost
2025-02-19 11:00:00,1445.3398995,1446.0111083984375,XGBoost
2025-02-19 12:00:00,1624.024664,1623.4193115234375,XGBoost
2025-02-19 13:00:00,1424.4087845,1424.5782470703125,XGBoost
2025-02-19 14:00:00,1208.568962,1206.7239990234375,XGBoost
2025-02-19 15:00:00,1741.10455225,1736.1112060546875,XGBoost
2025-02-19 16:00:00,1485.4343415,1485.5673828125,XGBoost
2025-02-19 17:00:00,1486.9183395,1488.41455078125,XGBoost
2025-02-19 18:00:00,1617.6278377499998,1615.6524658203125,XGBoost
2025-02-19 19:00:00,1595.4852905,1595.2374267578125,XGBoost
2025-02-19 20:00:00,1412.9182065,1415.0509033203125,XGBoost
2025-02-19 21:00:00,1500.767176,1507.1549072265625,XGBoost
2025-02-19 22:00:00,1586.98997175,1586.844970703125,XGBoost
2025-02-19 23:00:00,1506.3754435,1506.3895263671875,XGBoost
2025-02-20 00:00:00,1475.217902,1475.2716064453125,XGBoost
2025-02-20 01:00:00,1599.2188025,1597.6328125,XGBoost
2025-02-20 02:00:00,1494.414625,1494.662841796875,XGBoost
2025-02-20 03:00:00,1535.30061075,1535.9368896484375,XGBoost
2025-02-20 04:00:00,1486.596955,1486.625244140625,XGBoost
2025-02-20 05:00:00,1490.136796,1490.673828125,XGBoost
2025-02-20 06:00:00,1442.52846625,1441.110107421875,XGBoost
2025-02-20 07:00:00,1459.849342,1459.1365966796875,XGBoost
2025-02-20 08:00:00,1413.16762525,1413.15771484375,XGBoost
2025-02-20 09:00:00,1533.84483775,1531.8956298828125,XGBoost
2025-02-20 10:00:00,1542.08612775,1541.6368408203125,XGBoost
2025-02-20 11:00:00,1634.610985,1633.9571533203125,XGBoost
2025-02-20 12:00:00,1560.4506085,1561.947998046875,XGBoost
2025-02-20 13:00:00,1564.3003835,1564.941162109375,XGBoost
2025-02-20 14:00:00,1364.2566955,1363.663330078125,XGBoost
2025-02-20 15:00:00,1626.5082905,1625.16357421875,XGBoost
2025-02-20 16:00:00,1469.15904425,1468.8455810546875,XGBoost
2025-02-20 17:00:00,1523.01017125,1521.3697509765625,XGBoost
2025-02-20 18:00:00,1486.939006,1487.77294921875,XGBoost
2025-02-20 19:00:00,1460.87627925,1460.662109375,XGBoost
2025-02-20 20:00:00,1529.7301435,1530.21240234375,XGBoost
2025-02-20 21:00:00,1498.4473225,1499.211669921875,XGBoost
2025-02-20 22:00:00,1630.89459675,1630.4775390625,XGBoost
2025-02-20 23:00:00,1578.33157,1579.2459716796875,XGBoost
2025-02-21 00:00:00,1453.49419075,1453.13623046875,XGBoost
2025-02-21 01:00:00,1488.295526,1488.292724609375,XGBoost
2025-02-21 02:00:00,1509.1821645,1508.3565673828125,XGBoost
2025-02-21 03:00:00,1464.780524,1464.6871337890625,XGBoost
2025-02-21 04:00:00,1553.0362455,1551.57421875,XGBoost
2025-02-21 05:00:00,1495.667236,1495.684814453125,XGBoost
2025-02-21 06:00:00,1624.58274775,1623.4327392578125,XGBoost
2025-02-21 07:00:00,1393.5178515,1393.6719970703125,XGBoost
2025-02-21 08:00:00,1601.0835065,1599.7454833984375,XGBoost
2025-02-21 09:00:00,1672.92493,1672.545166015625,XGBoost
2025-02-21 10:00:00,1550.34623725,1550.1561279296875,XGBoost
2025-02-21 11:00:00,1589.363944,1587.440185546875,XGBoost
2025-02-21 12:00:00,1586.31072675,1586.1900634765625,XGBoost
2025-02-21 13:00:00,1506.5204795,1507.5101318359375,XGBoost
2025-02-21 14:00:00,1595.5381615,1592.4852294921875,XGBoost
2025-02-21 15:00:00,1647.253753,1645.52490234375,XGBoost
2025-02-21 16:00:00,1553.82717825,1553.3692626953125,XGBoost
2025-02-21 17:00:00,1330.317705,1332.7943115234375,XGBoost
2025-02-21 18:00:00,1555.748373,1554.6663818359375,XGBoost
2025-02-21 19:00:00,1531.06486025,1532.1807861328125,XGBoost
2025-02-21 20:00:00,1415.083918,1415.905029296875,XGBoost
2025-02-21 21:00:00,1408.7811556,1410.3177490234375,XGBoost
2025-02-21 22:00:00,1491.43856845,1490.04052734375,XGBoost
2025-02-21 23:00:00,1536.9073275,1536.90283203125,XGBoost
2025-02-22 00:00:00,1416.5159965,1415.71240234375,XGBoost
2025-02-22 01:00:00,1465.8437655,1466.6441650390625,XGBoost
2025-02-22 02:00:00,1383.92309875,1383.812255859375,XGBoost
2025-02-22 03:00:00,1620.22431675,1619.3350830078125,XGBoost
2025-02-22 04:00:00,1426.868361,1425.8887939453125,XGBoost
2025-02-22 05:00:00,1598.10566275,1599.218017578125,XGBoost
2025-02-22 06:00:00,1579.8617205,1580.46533203125,XGBoost
2025-02-22 07:00:00,1574.372684,1572.70166015625,XGBoost
2025-02-22 08:00:00,1456.51811025,1456.1192626953125,XGBoost
2025-02-22 09:00:00,1413.64136675,1412.023193359375,XGBoost
2025-02-22 10:00:00,1422.62053375,1422.790771484375,XGBoost
2025-02-22 11:00:00,1603.329863,1604.4898681640625,XGBoost
2025-02-22 12:00:00,1505.6296715,1508.8277587890625,XGBoost
2025-02-22 13:00:00,1557.6182815,1557.734375,XGBoost
2025-02-22 14:00:00,1446.108245,1446.0208740234375,XGBoost
2025-02-22 15:00:00,1514.75565275,1517.9718017578125,XGBoost
2025-02-22 16:00:00,1391.10891725,1390.4427490234375,XGBoost
2025-02-22 17:00:00,1500.31828225,1501.021728515625,XGBoost
2025-02-22 18:00:00,1636.260163,1635.28466796875,XGBoost
2025-02-22 19:00:00,1492.4747125,1492.3541259765625,XGBoost
2025-02-22 20:00:00,1505.79877125,1505.8592529296875,XGBoost
2025-02-22 21:00:00,1473.51481875,1473.5699462890625,XGBoost
2025-02-22 22:00:00,1391.234374875,1392.3438720703125,XGBoost
2025-02-22 23:00:00,1366.755583,1365.4910888671875,XGBoost
2025-02-23 00:00:00,1490.6327632500002,1490.2945556640625,XGBoost
2025-02-23 01:00:00,1492.17109325,1492.018310546875,XGBoost
2025-02-23 02:00:00,1386.4428205,1385.568115234375,XGBoost
2025-02-23 03:00:00,1409.309499,1409.197021484375,XGBoost
2025-02-23 04:00:00,1451.48644175,1451.7391357421875,XGBoost
2025-02-23 05:00:00,1566.5876665,1566.595947265625,XGBoost
2025-02-23 06:00:00,1663.81244925,1663.1656494140625,XGBoost
2025-02-23 07:00:00,1461.88401825,1460.988525390625,XGBoost
2025-02-23 08:00:00,1407.95138925,1406.6802978515625,XGBoost
2025-02-23 09:00:00,1495.96246625,1496.339599609375,XGBoost
2025-02-23 10:00:00,1562.837487,1561.8031005859375,XGBoost
2025-02-23 11:00:00,1477.86776275,1478.6234130859375,XGBoost
2025-02-23 12:00:00,1533.42847175,1532.47509765625,XGBoost
2025-02-23 13:00:00,1477.28562925,1478.5323486328125,XGBoost
2025-02-23 14:00:00,1535.52757575,1534.6278076171875,XGBoost
2025-02-23 15:00:00,1466.28155825,1466.525634765625,XGBoost
2025-02-23 16:00:00,1604.6923235,1604.2652587890625,XGBoost
2025-02-23 17:00:00,1516.9854725,1517.304443359375,XGBoost
2025-02-23 18:00:00,1419.1831185,1419.9658203125,XGBoost
2025-02-23 19:00:00,1468.62765425,1467.9508056640625,XGBoost
2025-02-23 20:00:00,1498.5194225,1498.019775390625,XGBoost
2025-02-23 21:00:00,1444.2311875,1444.8880615234375,XGBoost
2025-02-23 22:00:00,1469.74711775,1470.115966796875,XGBoost
2025-02-23 23:00:00,1406.4181655,1405.205810546875,XGBoost
2025-02-24 00:00:00,1410.250095,1406.6378173828125,XGBoost
2025-02-24 01:00:00,1482.4484165,1481.6171875,XGBoost
2025-02-24 02:00:00,1474.3563935,1474.8173828125,XGBoost
2025-02-24 03:00:00,1586.2880235,1586.85400390625,XGBoost
2025-02-24 04:00:00,1456.2058415,1456.5909423828125,XGBoost
2025-02-24 05:00:00,1441.27200525,1440.8614501953125,XGBoost
2025-02-24 06:00:00,1456.6188305,1457.5213623046875,XGBoost
2025-02-24 07:00:00,1355.37853545,1356.106689453125,XGBoost
2025-02-24 08:00:00,1597.75597675,1597.5936279296875,XGBoost
2025-02-24 09:00:00,1597.266438,1595.339599609375,XGBoost
2025-02-24 10:00:00,1337.85701925,1337.5623779296875,XGBoost
2025-02-24 11:00:00,1528.693261,1529.96923828125,XGBoost
2025-02-24 12:00:00,1512.45651875,1513.1458740234375,XGBoost
2025-02-24 13:00:00,1415.1465145,1414.33349609375,XGBoost
2025-02-24 14:00:00,1443.63109925,1443.33447265625,XGBoost
2025-02-24 15:00:00,1551.19715275,1551.8419189453125,XGBoost
2025-02-24 16:00:00,1491.0801115,1490.451171875,XGBoost
2025-02-24 17:00:00,1440.7498047499998,1440.426025390625,XGBoost
2025-02-24 18:00:00,1527.360721,1527.798828125,XGBoost
2025-02-24 19:00:00,1494.26840225,1493.994140625,XGBoost
2025-02-24 20:00:00,1565.449071,1566.5927734375,XGBoost
2025-02-24 21:00:00,1504.1119505,1504.1524658203125,XGBoost
2025-02-24 22:00:00,1689.912213,1690.512451171875,XGBoost
2025-02-24 23:00:00,1610.42941125,1610.40380859375,XGBoost
2025-02-25 00:00:00,1415.140654,1416.8365478515625,XGBoost
2025-02-25 01:00:00,1469.55305925,1471.4864501953125,XGBoost
2025-02-25 02:00:00,1340.1244797,1336.6005859375,XGBoost
2025-02-25 03:00:00,1601.37310275,1600.6722412109375,XGBoost
2025-02-25 04:00:00,1575.62404425,1577.48828125,XGBoost
2025-02-25 05:00:00,1728.593728,1732.4964599609375,XGBoost
2025-02-25 06:00:00,1427.4380195,1427.8094482421875,XGBoost
2025-02-25 07:00:00,1476.338762,1476.5621337890625,XGBoost
2025-02-25 08:00:00,1549.880948,1548.9132080078125,XGBoost
2025-02-25 09:00:00,1516.045642,1516.24072265625,XGBoost
2025-02-25 10:00:00,1518.16276025,1518.7164306640625,XGBoost
2025-02-25 11:00:00,1500.62655075,1501.4180908203125,XGBoost
2025-02-25 12:00:00,1439.8931575,1441.120849609375,XGBoost
2025-02-25 13:00:00,1412.75457725,1413.89453125,XGBoost
2025-02-25 14:00:00,1379.4434395,1380.2213134765625,XGBoost
2025-02-25 15:00:00,1416.58619,1415.40087890625,XGBoost
2025-02-25 16:00:00,1721.09900625,1717.796875,XGBoost
2025-02-25 17:00:00,1415.9286775,1415.6302490234375,XGBoost
2025-02-25 18:00:00,1416.70490425,1417.7677001953125,XGBoost
2025-02-25 19:00:00,1757.9981195,1753.485107421875,XGBoost
2025-02-25 20:00:00,1489.82001875,1490.52783203125,XGBoost
2025-02-25 21:00:00,1315.38000125,1317.355224609375,XGBoost
2025-02-25 22:00:00,1438.25983025,1436.6622314453125,XGBoost
2025-02-25 23:00:00,1353.6128665,1353.436279296875,XGBoost
2025-02-26 00:00:00,1500.63480075,1500.1717529296875,XGBoost
2025-02-26 01:00:00,1454.6908995,1454.233642578125,XGBoost
2025-02-26 02:00:00,1342.1392935,1342.4129638671875,XGBoost
2025-02-26 03:00:00,1460.109039,1460.7333984375,XGBoost
2025-02-26 04:00:00,1416.2664775,1414.4937744140625,XGBoost
2025-02-26 05:00:00,1417.726244,1417.4761962890625,XGBoost
2025-02-26 06:00:00,1428.43206925,1429.46337890625,XGBoost
2025-02-26 07:00:00,1411.46493275,1414.0601806640625,XGBoost
2025-02-26 08:00:00,1549.07215125,1550.642822265625,XGBoost
2025-02-26 09:00:00,1444.74311125,1444.514404296875,XGBoost
2025-02-26 10:00:00,1714.99835225,1710.2015380859375,XGBoost
2025-02-26 11:00:00,1241.507627,1248.26708984375,XGBoost
2025-02-26 12:00:00,1476.8527695,1477.3536376953125,XGBoost
2025-02-26 13:00:00,1634.051872,1635.1640625,XGBoost
2025-02-26 14:00:00,1649.3193205,1648.9678955078125,XGBoost
2025-02-26 15:00:00,1489.37271925,1489.30908203125,XGBoost
2025-02-26 16:00:00,1533.97426125,1532.97705078125,XGBoost
2025-02-26 17:00:00,1482.54691325,1481.4459228515625,XGBoost
2025-02-26 18:00:00,1589.842084,1589.53369140625,XGBoost
2025-02-26 19:00:00,1692.069734,1690.3460693359375,XGBoost
2025-02-26 20:00:00,1552.398958,1551.2098388671875,XGBoost
2025-02-26 21:00:00,1702.54700225,1702.27392578125,XGBoost
2025-02-26 22:00:00,1368.80220325,1368.6363525390625,XGBoost
2025-02-26 23:00:00,1641.6181915,1641.1749267578125,XGBoost
2025-02-27 00:00:00,1344.09283325,1345.3458251953125,XGBoost
2025-02-27 01:00:00,1427.5901857499998,1428.43212890625,XGBoost
2025-02-27 02:00:00,1322.4848075,1320.41162109375,XGBoost
2025-02-27 03:00:00,1703.731342,1701.1634521484375,XGBoost
2025-02-27 04:00:00,1525.1163205,1524.1231689453125,XGBoost
2025-02-27 05:00:00,1572.3710175,1574.8680419921875,XGBoost
2025-02-27 06:00:00,1647.492031,1645.6007080078125,XGBoost
2025-02-27 07:00:00,1330.862215,1332.2373046875,XGBoost
2025-02-27 08:00:00,1479.97314075,1479.120361328125,XGBoost
2025-02-27 09:00:00,1503.330083,1503.0736083984375,XGBoost
2025-02-27 10:00:00,1455.3529962500002,1455.8116455078125,XGBoost
2025-02-27 11:00:00,1516.576842,1517.549560546875,XGBoost
2025-02-27 12:00:00,1396.806064,1397.6795654296875,XGBoost
2025-02-27 13:00:00,1615.4088305,1613.767822265625,XGBoost
2025-02-27 14:00:00,1529.993721,1531.7080078125,XGBoost
2025-02-27 15:00:00,1618.03042425,1618.6884765625,XGBoost
2025-02-27 16:00:00,1507.29756925,1507.2403564453125,XGBoost
2025-02-27 17:00:00,1505.6487865,1504.2904052734375,XGBoost
2025-02-27 18:00:00,1553.46364875,1553.1190185546875,XGBoost
2025-02-27 19:00:00,1326.6660495,1326.1614990234375,XGBoost
2025-02-27 20:00:00,1517.379593925,1516.326904296875,XGBoost
2025-02-27 21:00:00,1382.0785015,1381.6729736328125,XGBoost
2025-02-27 22:00:00,1510.5339585,1510.4385986328125,XGBoost
2025-02-27 23:00:00,1565.42200375,1566.16259765625,XGBoost
2025-02-28 00:00:00,1394.63342475,1395.8843994140625,XGBoost
2025-02-28 01:00:00,1563.33093975,1563.566162109375,XGBoost
2025-02-28 02:00:00,1621.752113,1622.8629150390625,XGBoost
2025-02-28 03:00:00,1506.75127175,1506.7135009765625,XGBoost
2025-02-28 04:00:00,1365.332059,1364.5867919921875,XGBoost
2025-02-28 05:00:00,1553.15219,1554.042724609375,XGBoost
2025-02-28 06:00:00,1473.84606825,1473.781982421875,XGBoost
2025-02-28 07:00:00,1604.0909465,1605.47607421875,XGBoost
2025-02-28 08:00:00,1540.31633175,1542.31103515625,XGBoost
2025-02-28 09:00:00,1580.54081675,1579.7503662109375,XGBoost
2025-02-28 10:00:00,1705.85912525,1703.852783203125,XGBoost
2025-02-28 11:00:00,1438.896643,1439.37890625,XGBoost
2025-02-28 12:00:00,1458.45140225,1458.16162109375,XGBoost
2025-02-28 13:00:00,1412.1427045,1411.5303955078125,XGBoost
2025-02-28 14:00:00,1491.7343905,1491.9967041015625,XGBoost
2025-02-28 15:00:00,1486.77368925,1487.10986328125,XGBoost
2025-02-28 16:00:00,1290.3594697,1287.87890625,XGBoost
2025-02-28 17:00:00,1587.79282925,1587.2957763671875,XGBoost
2025-02-28 18:00:00,1380.8057345,1380.9495849609375,XGBoost
2025-02-28 19:00:00,1671.83500325,1672.927734375,XGBoost
2025-02-28 20:00:00,1599.3597975,1599.1871337890625,XGBoost
2025-02-28 21:00:00,1456.6052965,1455.427978515625,XGBoost
2025-02-28 22:00:00,1555.448732,1555.48193359375,XGBoost
2025-02-28 23:00:00,1579.63663675,1576.4591064453125,XGBoost
2025-03-01 00:00:00,1536.76761775,1537.259033203125,XGBoost
2025-03-01 01:00:00,1487.49471225,1486.884765625,XGBoost
2025-03-01 02:00:00,1468.8928597499998,1469.0509033203125,XGBoost
2025-03-01 03:00:00,1359.11084825,1359.86083984375,XGBoost
2025-03-01 04:00:00,1643.1134685000002,1642.1380615234375,XGBoost
2025-03-01 05:00:00,1543.14703125,1542.984619140625,XGBoost
2025-03-01 06:00:00,1526.09951075,1525.669189453125,XGBoost
2025-03-01 07:00:00,1434.31028725,1434.8553466796875,XGBoost
2025-03-01 08:00:00,1483.7991125,1484.8028564453125,XGBoost
2025-03-01 09:00:00,1604.01732575,1605.5965576171875,XGBoost
2025-03-01 10:00:00,1617.48612325,1613.450927734375,XGBoost
2025-03-01 11:00:00,1482.556714,1482.2467041015625,XGBoost
2025-03-01 12:00:00,1375.790913,1374.442138671875,XGBoost
2025-03-01 13:00:00,1517.93913225,1517.3172607421875,XGBoost
2025-03-01 14:00:00,1535.58176225,1534.82763671875,XGBoost
2025-03-01 15:00:00,1515.86906675,1515.4844970703125,XGBoost
2025-03-01 16:00:00,1604.2503265,1606.0257568359375,XGBoost
2025-03-01 17:00:00,1447.56017975,1446.2685546875,XGBoost
2025-03-01 18:00:00,1540.802986,1541.2767333984375,XGBoost
2025-03-01 19:00:00,1446.79296475,1447.5184326171875,XGBoost
2025-03-01 20:00:00,1540.4474335,1540.9854736328125,XGBoost
2025-03-01 21:00:00,1553.15558625,1553.1002197265625,XGBoost
2025-03-01 22:00:00,1601.97418675,1603.1710205078125,XGBoost
2025-03-01 23:00:00,1596.428504,1597.343017578125,XGBoost
2025-03-02 00:00:00,1516.732208,1515.417724609375,XGBoost
2025-03-02 01:00:00,1641.84464525,1641.6868896484375,XGBoost
2025-03-02 02:00:00,1491.236319,1489.6424560546875,XGBoost
2025-03-02 03:00:00,1705.38794425,1703.018310546875,XGBoost
2025-03-02 04:00:00,1595.46402525,1596.7578125,XGBoost
2025-03-02 05:00:00,1511.6743745,1511.0576171875,XGBoost
2025-03-02 06:00:00,1532.76290675,1531.3193359375,XGBoost
2025-03-02 07:00:00,1544.9987155,1543.663330078125,XGBoost
2025-03-02 08:00:00,1510.33432725,1510.2728271484375,XGBoost
2025-03-02 09:00:00,1428.693459,1428.1829833984375,XGBoost
2025-03-02 10:00:00,1574.4840225,1574.1365966796875,XGBoost
2025-03-02 11:00:00,1524.856018,1526.4503173828125,XGBoost
2025-03-02 12:00:00,1487.130144,1486.95458984375,XGBoost
2025-03-02 13:00:00,1340.42947125,1340.6380615234375,XGBoost
2025-03-02 14:00:00,1654.15023475,1655.413330078125,XGBoost
2025-03-02 15:00:00,1494.68632875,1493.9232177734375,XGBoost
2025-03-02 16:00:00,1575.09271,1575.9967041015625,XGBoost
2025-03-02 17:00:00,1558.62595375,1560.9744873046875,XGBoost
2025-03-02 18:00:00,1633.54512275,1635.8912353515625,XGBoost
2025-03-02 19:00:00,1522.593773,1523.071044921875,XGBoost
2025-03-02 20:00:00,1428.48225175,1427.409423828125,XGBoost
2025-03-02 21:00:00,1551.72950125,1551.0194091796875,XGBoost
2025-03-02 22:00:00,1493.9661895,1494.7257080078125,XGBoost
2025-03-02 23:00:00,1606.32133575,1606.3997802734375,XGBoost
2025-03-03 00:00:00,1550.7307935,1551.08349609375,XGBoost
2025-03-03 01:00:00,1550.682706,1549.921142578125,XGBoost
2025-03-03 02:00:00,1384.842871,1384.76806640625,XGBoost
2025-03-03 03:00:00,1481.44690225,1481.3187255859375,XGBoost
2025-03-03 04:00:00,1655.449001,1656.4176025390625,XGBoost
2025-03-03 05:00:00,1565.34071625,1561.3609619140625,XGBoost
2025-03-03 06:00:00,1493.797946,1493.14990234375,XGBoost
2025-03-03 07:00:00,1605.19414,1604.931640625,XGBoost
2025-03-03 08:00:00,1418.100627,1419.0660400390625,XGBoost
2025-03-03 09:00:00,1392.5573575,1390.3922119140625,XGBoost
2025-03-03 10:00:00,1478.02859575,1478.7301025390625,XGBoost
2025-03-03 11:00:00,1377.239627,1380.028076171875,XGBoost
2025-03-03 12:00:00,1537.971805,1538.685546875,XGBoost
2025-03-03 13:00:00,1443.160503,1443.156005859375,XGBoost
2025-03-03 14:00:00,1540.491742,1540.0159912109375,XGBoost
2025-03-03 15:00:00,1332.057857,1332.7137451171875,XGBoost
2025-03-03 16:00:00,1739.2497905,1735.7095947265625,XGBoost
2025-03-03 17:00:00,1332.31725675,1330.5904541015625,XGBoost
2025-03-03 18:00:00,1644.89918025,1646.006103515625,XGBoost
2025-03-03 19:00:00,1429.80026375,1431.4791259765625,XGBoost
2025-03-03 20:00:00,1446.5668255,1445.7171630859375,XGBoost
2025-03-03 21:00:00,1413.819686,1413.0838623046875,XGBoost
2025-03-03 22:00:00,1715.62216175,1712.2886962890625,XGBoost
2025-03-03 23:00:00,1492.56221375,1492.2666015625,XGBoost
2025-03-04 00:00:00,1534.7959115,1535.9674072265625,XGBoost
2025-03-04 01:00:00,1476.728034,1475.7236328125,XGBoost
2025-03-04 02:00:00,1454.38333135,1453.534912109375,XGBoost
2025-03-04 03:00:00,1521.383755,1521.5718994140625,XGBoost
2025-03-04 04:00:00,1558.2644272500002,1558.27294921875,XGBoost
2025-03-04 05:00:00,1474.5364045,1473.474609375,XGBoost
2025-03-04 06:00:00,1312.01359625,1313.3287353515625,XGBoost
2025-03-04 07:00:00,1311.1323005,1315.369873046875,XGBoost
2025-03-04 08:00:00,1369.446602,1369.8397216796875,XGBoost
2025-03-04 09:00:00,1620.32584625,1619.65234375,XGBoost
2025-03-04 10:00:00,1576.9656705,1576.2628173828125,XGBoost
2025-03-04 11:00:00,1507.463497,1507.46875,XGBoost
2025-03-04 12:00:00,1423.63091525,1422.466064453125,XGBoost
2025-03-04 13:00:00,1451.0817097499998,1451.204833984375,XGBoost
2025-03-04 14:00:00,1485.21692975,1485.8372802734375,XGBoost
2025-03-04 15:00:00,1404.81091075,1402.813720703125,XGBoost
2025-03-04 16:00:00,1531.329858,1529.607177734375,XGBoost
2025-03-04 17:00:00,1503.29624,1504.4368896484375,XGBoost
2025-03-04 18:00:00,1463.16746875,1463.0572509765625,XGBoost
2025-03-04 19:00:00,1550.5221825,1550.9849853515625,XGBoost
2025-03-04 20:00:00,1479.593209,1480.0439453125,XGBoost
2025-03-04 21:00:00,1557.37180525,1558.2020263671875,XGBoost
2025-03-04 22:00:00,1519.5001045,1520.12646484375,XGBoost
2025-03-04 23:00:00,1477.90639225,1477.59326171875,XGBoost
2025-03-05 00:00:00,1580.7080115,1581.3563232421875,XGBoost
2025-03-05 01:00:00,1589.4680325,1590.63037109375,XGBoost
2025-03-05 02:00:00,1462.968976,1465.84765625,XGBoost
2025-03-05 03:00:00,1429.43410125,1430.5982666015625,XGBoost
2025-03-05 04:00:00,1380.88167225,1381.2711181640625,XGBoost
2025-03-05 05:00:00,1429.701113,1428.95068359375,XGBoost
2025-03-05 06:00:00,1441.544389,1442.1282958984375,XGBoost
2025-03-05 07:00:00,1563.53093275,1562.7176513671875,XGBoost
2025-03-05 08:00:00,1458.1200415,1459.3992919921875,XGBoost
2025-03-05 09:00:00,1740.188806,1734.9813232421875,XGBoost
2025-03-05 10:00:00,1551.27149375,1550.86962890625,XGBoost
2025-03-05 11:00:00,1612.28482425,1613.6163330078125,XGBoost
2025-03-05 12:00:00,1251.34222425,1245.48779296875,XGBoost
2025-03-05 13:00:00,1589.3983595,1589.560791015625,XGBoost
2025-03-05 14:00:00,1492.5579255,1493.6875,XGBoost
2025-03-05 15:00:00,1471.83746325,1471.07958984375,XGBoost
2025-03-05 16:00:00,1425.02102425,1423.959228515625,XGBoost
2025-03-05 17:00:00,1491.751469,1492.2708740234375,XGBoost
2025-03-05 18:00:00,1537.5338365,1537.075927734375,XGBoost
2025-03-05 19:00:00,1468.279332,1468.2005615234375,XGBoost
2025-03-05 20:00:00,1624.72504825,1622.875,XGBoost
2025-03-05 21:00:00,1602.061415,1603.756103515625,XGBoost
2025-03-05 22:00:00,1455.81261275,1453.2398681640625,XGBoost
2025-03-05 23:00:00,1603.029919,1603.687744140625,XGBoost
2025-03-06 00:00:00,1545.16517775,1545.1490478515625,XGBoost
2025-03-06 01:00:00,1544.24396025,1546.595947265625,XGBoost
2025-03-06 02:00:00,1484.01921625,1484.7333984375,XGBoost
2025-03-06 03:00:00,1356.13809725,1355.5291748046875,XGBoost
2025-03-06 04:00:00,1526.38564175,1525.596923828125,XGBoost
2025-03-06 05:00:00,1519.03121,1516.26318359375,XGBoost
2025-03-06 06:00:00,1659.09469325,1659.4388427734375,XGBoost
2025-03-06 07:00:00,1514.046384,1513.2086181640625,XGBoost
2025-03-06 08:00:00,1365.198425,1366.5972900390625,XGBoost
2025-03-06 09:00:00,1474.83553175,1476.33642578125,XGBoost
2025-03-06 10:00:00,1426.9576442500002,1425.73681640625,XGBoost
2025-03-06 11:00:00,1371.529431,1372.3365478515625,XGBoost
2025-03-06 12:00:00,1370.77112275,1372.8660888671875,XGBoost
2025-03-06 13:00:00,1625.85143125,1625.1353759765625,XGBoost
2025-03-06 14:00:00,1404.01015925,1403.767822265625,XGBoost
2025-03-06 15:00:00,1339.1746275,1338.06640625,XGBoost
2025-03-06 16:00:00,1442.97424075,1440.8297119140625,XGBoost
2025-03-06 17:00:00,1376.46462875,1376.210205078125,XGBoost
2025-03-06 18:00:00,1458.7821855,1458.7777099609375,XGBoost
2025-03-06 19:00:00,1373.70078525,1375.9168701171875,XGBoost
2025-03-06 20:00:00,1513.164678,1514.8043212890625,XGBoost
2025-03-06 21:00:00,1362.19332975,1362.9013671875,XGBoost
2025-03-06 22:00:00,1464.6434427499998,1465.16015625,XGBoost
2025-03-06 23:00:00,1478.6761,1479.492919921875,XGBoost
2025-03-07 00:00:00,1453.02274125,1452.3006591796875,XGBoost
2025-03-07 01:00:00,1434.88831,1437.094970703125,XGBoost
2025-03-07 02:00:00,1518.62628625,1517.70654296875,XGBoost
2025-03-07 03:00:00,1437.92819775,1438.2877197265625,XGBoost
2025-03-07 04:00:00,1468.3985465,1467.9705810546875,XGBoost
2025-03-07 05:00:00,1402.180306,1401.1259765625,XGBoost
2025-03-07 06:00:00,1456.9265205000002,1458.1746826171875,XGBoost
2025-03-07 07:00:00,1556.738399,1557.2275390625,XGBoost
2025-03-07 08:00:00,1587.0051675,1586.8243408203125,XGBoost
2025-03-07 09:00:00,1693.95817075,1695.6092529296875,XGBoost
2025-03-07 10:00:00,1510.61358,1511.9053955078125,XGBoost
2025-03-07 11:00:00,1532.63645025,1532.604248046875,XGBoost
2025-03-07 12:00:00,1615.1265825,1614.4134521484375,XGBoost
2025-03-07 13:00:00,1488.186573,1488.3780517578125,XGBoost
2025-03-07 14:00:00,1448.55028775,1448.531982421875,XGBoost
2025-03-07 15:00:00,1518.268364,1517.8529052734375,XGBoost
2025-03-07 16:00:00,1605.8656915,1606.5325927734375,XGBoost
2025-03-07 17:00:00,1610.25024275,1609.5394287109375,XGBoost
2025-03-07 18:00:00,1519.54828075,1518.664306640625,XGBoost
2025-03-07 19:00:00,1346.447267,1345.9039306640625,XGBoost
2025-03-07 20:00:00,1592.1907065,1591.5328369140625,XGBoost
2025-03-07 21:00:00,1629.436813,1630.4713134765625,XGBoost
2025-03-07 22:00:00,1568.14034025,1567.148681640625,XGBoost
2025-03-07 23:00:00,1437.30086575,1436.34765625,XGBoost
2025-03-08 00:00:00,1547.178738,1546.8841552734375,XGBoost
2025-03-08 01:00:00,1500.44574675,1501.2647705078125,XGBoost
2025-03-08 02:00:00,1554.33045375,1554.1849365234375,XGBoost
2025-03-08 03:00:00,1554.05781425,1552.71484375,XGBoost
2025-03-08 04:00:00,1468.47533775,1469.285400390625,XGBoost
2025-03-08 05:00:00,1516.647749,1515.8555908203125,XGBoost
2025-03-08 06:00:00,1595.2951305,1595.2109375,XGBoost
2025-03-08 07:00:00,1604.1845745,1603.304931640625,XGBoost
2025-03-08 08:00:00,1411.1224905,1410.8094482421875,XGBoost
2025-03-08 09:00:00,1207.256444,1211.02490234375,XGBoost
2025-03-08 10:00:00,1516.167866,1516.8082275390625,XGBoost
2025-03-08 11:00:00,1554.35673675,1553.0848388671875,XGBoost
2025-03-08 12:00:00,1598.430948,1599.8802490234375,XGBoost
2025-03-08 13:00:00,1465.776782,1466.397705078125,XGBoost
2025-03-08 14:00:00,1306.036155,1305.5169677734375,XGBoost
2025-03-08 15:00:00,1612.16990125,1612.72119140625,XGBoost
2025-03-08 16:00:00,1417.29681575,1417.900634765625,XGBoost
2025-03-08 17:00:00,1520.075754,1518.2159423828125,XGBoost
2025-03-08 18:00:00,1698.22381375,1695.663818359375,XGBoost
2025-03-08 19:00:00,1550.79922925,1551.11474609375,XGBoost
2025-03-08 20:00:00,1469.322774,1469.2071533203125,XGBoost
2025-03-08 21:00:00,1416.74462275,1417.698974609375,XGBoost
2025-03-08 22:00:00,1526.712492,1528.03271484375,XGBoost
2025-03-08 23:00:00,1488.8422635,1489.1248779296875,XGBoost
2025-03-09 00:00:00,1399.682104725,1399.676513671875,XGBoost
2025-03-09 01:00:00,1683.6802475,1686.0574951171875,XGBoost
2025-03-09 02:00:00,1473.6730385,1472.4884033203125,XGBoost
2025-03-09 03:00:00,1630.43986575,1630.122802734375,XGBoost
2025-03-09 04:00:00,1302.6790345,1305.19140625,XGBoost
2025-03-09 05:00:00,1460.8948612499998,1461.173583984375,XGBoost
2025-03-09 06:00:00,1495.67538725,1495.48828125,XGBoost
2025-03-09 07:00:00,1484.125091,1483.4754638671875,XGBoost
2025-03-09 08:00:00,1354.9611285,1355.3017578125,XGBoost
2025-03-09 09:00:00,1451.6622225,1450.949462890625,XGBoost
2025-03-09 10:00:00,1511.2340557500002,1512.295166015625,XGBoost
2025-03-09 11:00:00,1459.547508,1459.1552734375,XGBoost
2025-03-09 12:00:00,1524.96011825,1526.173583984375,XGBoost
2025-03-09 13:00:00,1547.8511975,1548.63818359375,XGBoost
2025-03-09 14:00:00,1498.646469,1498.6888427734375,XGBoost
2025-03-09 15:00:00,1456.7250285,1457.3218994140625,XGBoost
2025-03-09 16:00:00,1375.40518725,1375.7120361328125,XGBoost
2025-03-09 17:00:00,1506.329419,1506.8897705078125,XGBoost
2025-03-09 18:00:00,1524.3389265,1523.200439453125,XGBoost
2025-03-09 19:00:00,1521.320742,1521.18505859375,XGBoost
2025-03-09 20:00:00,1387.5198245,1389.0101318359375,XGBoost
2025-03-09 21:00:00,1412.78089325,1413.46240234375,XGBoost
2025-03-09 22:00:00,1503.57055,1503.39892578125,XGBoost
2025-03-09 23:00:00,1329.0681247500002,1329.466796875,XGBoost
2025-03-10 00:00:00,1586.33133025,1586.1632080078125,XGBoost
2025-03-10 01:00:00,1443.46462425,1444.401123046875,XGBoost
2025-03-10 02:00:00,1588.209376,1588.744384765625,XGBoost
2025-03-10 03:00:00,1481.91969175,1483.1728515625,XGBoost
2025-03-10 04:00:00,1487.161089,1487.48388671875,XGBoost
2025-03-10 05:00:00,1515.3735765,1513.7254638671875,XGBoost
2025-03-10 06:00:00,1493.9977645,1493.6783447265625,XGBoost
2025-03-10 07:00:00,1416.224678,1415.8524169921875,XGBoost
2025-03-10 08:00:00,1151.05468975,1182.9073486328125,XGBoost
2025-03-10 09:00:00,1539.6023397499998,1541.074462890625,XGBoost
2025-03-10 10:00:00,1577.8436662499998,1576.962158203125,XGBoost
2025-03-10 11:00:00,1573.1735385,1574.064208984375,XGBoost
2025-03-10 12:00:00,1467.360412,1465.893798828125,XGBoost
2025-03-10 13:00:00,1656.4950985,1655.8096923828125,XGBoost
2025-03-10 14:00:00,1380.2695267499998,1381.17333984375,XGBoost
2025-03-10 15:00:00,1608.634174,1610.5579833984375,XGBoost
2025-03-10 16:00:00,1589.6411117500002,1590.65380859375,XGBoost
2025-03-10 17:00:00,1451.00323675,1450.8148193359375,XGBoost
2025-03-10 18:00:00,1535.9612145,1536.133544921875,XGBoost
2025-03-10 19:00:00,1675.60911375,1675.52734375,XGBoost
2025-03-10 20:00:00,1514.88504125,1514.9019775390625,XGBoost
2025-03-10 21:00:00,1443.20630525,1441.7633056640625,XGBoost
2025-03-10 22:00:00,1566.1514735,1565.7022705078125,XGBoost
2025-03-10 23:00:00,1352.15868475,1354.03076171875,XGBoost
2025-03-11 00:00:00,1453.48789475,1453.5831298828125,XGBoost
2025-03-11 01:00:00,1420.8896615,1421.0997314453125,XGBoost
2025-03-11 02:00:00,1584.544356,1584.5772705078125,XGBoost
2025-03-11 03:00:00,1536.78830125,1536.2799072265625,XGBoost
2025-03-11 04:00:00,1410.6995945,1408.6781005859375,XGBoost
2025-03-11 05:00:00,1435.73379825,1435.969482421875,XGBoost
2025-03-11 06:00:00,1359.68493475,1361.9681396484375,XGBoost
2025-03-11 07:00:00,1539.88713275,1538.583251953125,XGBoost
2025-03-11 08:00:00,1433.0929745,1430.529541015625,XGBoost
2025-03-11 09:00:00,1586.71797475,1589.8431396484375,XGBoost
2025-03-11 10:00:00,1486.615769,1486.5576171875,XGBoost
2025-03-11 11:00:00,1626.48618425,1627.75390625,XGBoost
2025-03-11 12:00:00,1487.071748,1485.1461181640625,XGBoost
2025-03-11 13:00:00,1685.54271325,1683.3355712890625,XGBoost
2025-03-11 14:00:00,1457.72948525,1457.6171875,XGBoost
2025-03-11 15:00:00,1569.5650785,1567.76318359375,XGBoost
2025-03-11 16:00:00,1659.08744875,1658.604248046875,XGBoost
2025-03-11 17:00:00,1439.9325685,1438.492919921875,XGBoost
2025-03-11 18:00:00,1560.47404525,1560.374755859375,XGBoost
2025-03-11 19:00:00,1450.3461425,1451.328369140625,XGBoost
2025-03-11 20:00:00,1215.19543425,1215.654052734375,XGBoost
2025-03-11 21:00:00,1470.3232625,1470.363037109375,XGBoost
2025-03-11 22:00:00,1384.82110125,1383.811279296875,XGBoost
2025-03-11 23:00:00,1521.82932775,1522.673583984375,XGBoost
2025-03-12 00:00:00,1528.20729675,1528.7613525390625,XGBoost
2025-03-12 01:00:00,1614.0447545000002,1614.3448486328125,XGBoost
2025-03-12 02:00:00,1559.5544695,1559.3319091796875,XGBoost
2025-03-12 03:00:00,1314.218431,1313.346923828125,XGBoost
2025-03-12 04:00:00,1346.8246295,1347.143798828125,XGBoost
2025-03-12 05:00:00,1599.98533925,1599.3828125,XGBoost
2025-03-12 06:00:00,1556.83817625,1557.1669921875,XGBoost
2025-03-12 07:00:00,1578.42027975,1578.8941650390625,XGBoost
2025-03-12 08:00:00,1405.613096,1410.1077880859375,XGBoost
2025-03-12 09:00:00,1436.79206925,1437.199462890625,XGBoost
2025-03-12 10:00:00,1261.35698725,1267.4573974609375,XGBoost
2025-03-12 11:00:00,1727.75737075,1720.9935302734375,XGBoost
2025-03-12 12:00:00,1519.7470665,1519.4134521484375,XGBoost
2025-03-12 13:00:00,1568.2410395,1568.6798095703125,XGBoost
2025-03-12 14:00:00,1408.18260125,1407.8187255859375,XGBoost
2025-03-12 15:00:00,1602.158372,1602.09912109375,XGBoost
2025-03-12 16:00:00,1632.32767725,1633.0972900390625,XGBoost
2025-03-12 17:00:00,1450.41143275,1452.4171142578125,XGBoost
2025-03-12 18:00:00,1355.8854235,1353.6121826171875,XGBoost
2025-03-12 19:00:00,1671.3764345,1669.1937255859375,XGBoost
2025-03-12 20:00:00,1475.92609425,1475.859375,XGBoost
2025-03-12 21:00:00,1505.8932455,1507.0340576171875,XGBoost
2025-03-12 22:00:00,1468.6732405,1467.6380615234375,XGBoost
2025-03-12 23:00:00,1321.664495,1321.490966796875,XGBoost
2025-03-13 00:00:00,1417.151646,1418.2095947265625,XGBoost
2025-03-13 01:00:00,1448.7492195,1449.3837890625,XGBoost
2025-03-13 02:00:00,1582.35480075,1581.8341064453125,XGBoost
2025-03-13 03:00:00,1663.26322675,1662.328125,XGBoost
2025-03-13 04:00:00,1271.30074925,1265.63427734375,XGBoost
2025-03-13 05:00:00,1444.86493,1443.957275390625,XGBoost
2025-03-13 06:00:00,1573.4115695,1573.3128662109375,XGBoost
2025-03-13 07:00:00,1486.37419175,1485.72265625,XGBoost
2025-03-13 08:00:00,1610.74347575,1612.543212890625,XGBoost
2025-03-13 09:00:00,1470.837107,1471.563720703125,XGBoost
2025-03-13 10:00:00,1533.8450395,1534.402099609375,XGBoost
2025-03-13 11:00:00,1488.0010025,1486.2781982421875,XGBoost
2025-03-13 12:00:00,1623.00846775,1623.269775390625,XGBoost
2025-03-13 13:00:00,1694.6713485,1698.0482177734375,XGBoost
2025-03-13 14:00:00,1494.61221425,1494.0919189453125,XGBoost
2025-03-13 15:00:00,1537.43851425,1537.5804443359375,XGBoost
2025-03-13 16:00:00,1463.6174718,1464.6422119140625,XGBoost
2025-03-13 17:00:00,1566.752574025,1567.8023681640625,XGBoost
2025-03-13 18:00:00,1475.08910525,1475.32421875,XGBoost
2025-03-13 19:00:00,1570.20932625,1568.998046875,XGBoost
2025-03-13 20:00:00,1432.71623525,1434.1597900390625,XGBoost
2025-03-13 21:00:00,1571.22655725,1571.438232421875,XGBoost
2025-03-13 22:00:00,1320.4894635,1322.09423828125,XGBoost
2025-03-13 23:00:00,1529.09729575,1528.661865234375,XGBoost
2025-03-14 00:00:00,1484.1814285,1484.75537109375,XGBoost
2025-03-14 01:00:00,1714.80854925,1710.6578369140625,XGBoost
2025-03-14 02:00:00,1554.21449775,1555.4083251953125,XGBoost
2025-03-14 03:00:00,1359.611516,1361.38232421875,XGBoost
2025-03-14 04:00:00,1547.3803045,1548.6517333984375,XGBoost
2025-03-14 05:00:00,1529.56118275,1529.48095703125,XGBoost
2025-03-14 06:00:00,1408.63266,1408.1474609375,XGBoost
2025-03-14 07:00:00,1488.9267185,1489.4080810546875,XGBoost
2025-03-14 08:00:00,1591.5942295,1591.833984375,XGBoost
2025-03-14 09:00:00,1591.1123395,1592.20458984375,XGBoost
2025-03-14 10:00:00,1349.0334675,1348.861083984375,XGBoost
2025-03-14 11:00:00,1405.371811,1405.69921875,XGBoost
2025-03-14 12:00:00,1490.772772,1489.9666748046875,XGBoost
2025-03-14 13:00:00,1643.98564075,1643.727783203125,XGBoost
2025-03-14 14:00:00,1514.32918475,1514.35498046875,XGBoost
2025-03-14 15:00:00,1406.89252675,1407.221923828125,XGBoost
2025-03-14 16:00:00,1392.47076675,1392.8062744140625,XGBoost
2025-03-14 17:00:00,1409.68062275,1409.5150146484375,XGBoost
2025-03-14 18:00:00,1534.65336075,1533.7938232421875,XGBoost
2025-03-14 19:00:00,1470.86431825,1470.89501953125,XGBoost
2025-03-14 20:00:00,1452.44026625,1452.9068603515625,XGBoost
2025-03-14 21:00:00,1456.94070675,1456.58349609375,XGBoost
2025-03-14 22:00:00,1433.4378275,1431.7103271484375,XGBoost
2025-03-14 23:00:00,1505.39916875,1505.571533203125,XGBoost
2025-03-15 00:00:00,1369.49832825,1371.6982421875,XGBoost
2025-03-15 01:00:00,1517.80560525,1517.472412109375,XGBoost
2025-03-15 02:00:00,1429.38918075,1428.9097900390625,XGBoost
2025-03-15 03:00:00,1369.34714,1370.5313720703125,XGBoost
2025-03-15 04:00:00,1544.6629155,1544.30078125,XGBoost
2025-03-15 05:00:00,1525.59090375,1524.4144287109375,XGBoost
2025-03-15 06:00:00,1463.90055375,1463.93359375,XGBoost
2025-03-15 07:00:00,1582.0130675,1582.3411865234375,XGBoost
2025-03-15 08:00:00,1507.42368175,1506.698974609375,XGBoost
2025-03-15 09:00:00,1383.77899025,1384.50732421875,XGBoost
2025-03-15 10:00:00,1377.62487625,1377.1087646484375,XGBoost
2025-03-15 11:00:00,1508.75907725,1508.3414306640625,XGBoost
2025-03-15 12:00:00,1580.113624,1580.0645751953125,XGBoost
2025-03-15 13:00:00,1414.8232835,1414.2366943359375,XGBoost
2025-03-15 14:00:00,1663.0502925,1660.7596435546875,XGBoost
2025-03-15 15:00:00,1619.348778,1619.28125,XGBoost
2025-03-15 16:00:00,1299.45600875,1296.1663818359375,XGBoost
2025-03-15 17:00:00,1483.17794475,1482.6405029296875,XGBoost
2025-03-15 18:00:00,1792.40414,1799.1158447265625,XGBoost
2025-03-15 19:00:00,1371.1466895,1370.3096923828125,XGBoost
2025-03-15 20:00:00,1448.162644,1449.457763671875,XGBoost
2025-03-15 21:00:00,1501.4843445,1501.25634765625,XGBoost
2025-03-15 22:00:00,1470.00546375,1470.5172119140625,XGBoost
2025-03-15 23:00:00,1482.12897425,1482.1920166015625,XGBoost
2025-03-16 00:00:00,1445.43948275,1442.5491943359375,XGBoost
2025-03-16 01:00:00,1497.995018,1498.4449462890625,XGBoost
2025-03-16 02:00:00,1457.6602585,1458.184814453125,XGBoost
2025-03-16 03:00:00,1453.39839825,1451.3255615234375,XGBoost
2025-03-16 04:00:00,1478.284691,1478.0355224609375,XGBoost
2025-03-16 05:00:00,1423.3963195,1422.49755859375,XGBoost
2025-03-16 06:00:00,1444.008158,1440.617431640625,XGBoost
2025-03-16 07:00:00,1658.4385925,1660.0386962890625,XGBoost
2025-03-16 08:00:00,1403.9098655,1403.4083251953125,XGBoost
2025-03-16 09:00:00,1510.5490220000002,1510.0770263671875,XGBoost
2025-03-16 10:00:00,1379.06698775,1380.754150390625,XGBoost
2025-03-16 11:00:00,1494.745364,1494.68115234375,XGBoost
2025-03-16 12:00:00,1187.832105075,1212.472412109375,XGBoost
2025-03-16 13:00:00,1473.3645115,1473.2784423828125,XGBoost
2025-03-16 14:00:00,1523.23509525,1522.3662109375,XGBoost
2025-03-16 15:00:00,1408.8574205,1409.2232666015625,XGBoost
2025-03-16 16:00:00,1411.5071225000002,1411.560546875,XGBoost
2025-03-16 17:00:00,1530.86243025,1530.17578125,XGBoost
2025-03-16 18:00:00,1670.1602385,1667.7060546875,XGBoost
2025-03-16 19:00:00,1508.403325,1507.58251953125,XGBoost
2025-03-16 20:00:00,1439.53100625,1438.6795654296875,XGBoost
2025-03-16 21:00:00,1644.35148175,1643.0628662109375,XGBoost
2025-03-16 22:00:00,1416.7259895,1417.108642578125,XGBoost
2025-03-16 23:00:00,1489.9912955,1490.090087890625,XGBoost
2025-03-17 00:00:00,1435.215449,1435.44921875,XGBoost
2025-03-17 01:00:00,1467.48784175,1467.2083740234375,XGBoost
2025-03-17 02:00:00,1213.7578488,1206.40576171875,XGBoost
2025-03-17 03:00:00,1410.7495525,1410.8939208984375,XGBoost
2025-03-17 04:00:00,1433.66043025,1435.034423828125,XGBoost
2025-03-17 05:00:00,1427.7470935,1427.910888671875,XGBoost
2025-03-17 06:00:00,1429.813794,1430.9193115234375,XGBoost
2025-03-17 07:00:00,1607.86088875,1610.887451171875,XGBoost
2025-03-17 08:00:00,1511.8072625,1511.3304443359375,XGBoost
2025-03-17 09:00:00,1393.21422475,1394.3138427734375,XGBoost
2025-03-17 10:00:00,1481.09497375,1482.1644287109375,XGBoost
2025-03-17 11:00:00,1392.63033325,1393.7178955078125,XGBoost
2025-03-17 12:00:00,1582.6802595,1582.4627685546875,XGBoost
2025-03-17 13:00:00,1432.35644675,1431.6160888671875,XGBoost
2025-03-17 14:00:00,1444.8595335,1444.1802978515625,XGBoost
2025-03-17 15:00:00,1610.98178875,1612.2584228515625,XGBoost
2025-03-17 16:00:00,1558.0178185,1557.3577880859375,XGBoost
2025-03-17 17:00:00,1572.182825,1573.29638671875,XGBoost
2025-03-17 18:00:00,1696.79189725,1695.201171875,XGBoost
2025-03-17 19:00:00,1456.2787355,1456.6275634765625,XGBoost
2025-03-17 20:00:00,1529.2542555,1529.4716796875,XGBoost
2025-03-17 21:00:00,1451.15199375,1451.364501953125,XGBoost
2025-03-17 22:00:00,1464.97347525,1465.2763671875,XGBoost
2025-03-17 23:00:00,1551.12414425,1551.5760498046875,XGBoost
2025-03-18 00:00:00,1327.56252575,1326.5379638671875,XGBoost
2025-03-18 01:00:00,1538.1493375,1538.6256103515625,XGBoost
2025-03-18 02:00:00,1446.80004175,1448.2757568359375,XGBoost
2025-03-18 03:00:00,1584.11956375,1584.67041015625,XGBoost
2025-03-18 04:00:00,1465.07772325,1465.79736328125,XGBoost
2025-03-18 05:00:00,1557.12590025,1557.55810546875,XGBoost
2025-03-18 06:00:00,1348.86496925,1350.48583984375,XGBoost
2025-03-18 07:00:00,1338.6407945,1340.2867431640625,XGBoost
2025-03-18 08:00:00,1728.83607025,1735.7373046875,XGBoost
2025-03-18 09:00:00,1534.3521505,1533.0318603515625,XGBoost
2025-03-18 10:00:00,1494.7021845,1494.2210693359375,XGBoost
2025-03-18 11:00:00,1598.82071375,1598.686767578125,XGBoost
2025-03-18 12:00:00,1421.36162125,1427.082275390625,XGBoost
2025-03-18 13:00:00,1480.082225,1480.622314453125,XGBoost
2025-03-18 14:00:00,1782.954672,1788.85546875,XGBoost
2025-03-18 15:00:00,1539.05955425,1539.63134765625,XGBoost
2025-03-18 16:00:00,1457.22552575,1457.8563232421875,XGBoost
2025-03-18 17:00:00,1465.5339305,1464.8935546875,XGBoost
2025-03-18 18:00:00,1507.5475445,1508.309326171875,XGBoost
2025-03-18 19:00:00,1579.813245,1580.562744140625,XGBoost
2025-03-18 20:00:00,1457.892348,1455.246826171875,XGBoost
2025-03-18 21:00:00,1369.7914065,1369.475341796875,XGBoost
2025-03-18 22:00:00,1525.14276725,1525.258544921875,XGBoost
2025-03-18 23:00:00,1489.2572145,1489.993408203125,XGBoost
2025-03-19 00:00:00,1576.93552375,1577.840576171875,XGBoost
2025-03-19 01:00:00,1565.662905,1564.136474609375,XGBoost
2025-03-19 02:00:00,1595.55805,1601.2108154296875,XGBoost
2025-03-19 03:00:00,1477.987856,1478.279541015625,XGBoost
2025-03-19 04:00:00,1361.717976,1362.37353515625,XGBoost
2025-03-19 05:00:00,1432.0193517500002,1431.3662109375,XGBoost
2025-03-19 06:00:00,1551.44629125,1552.132080078125,XGBoost
2025-03-19 07:00:00,1545.48736075,1545.9805908203125,XGBoost
2025-03-19 08:00:00,1610.67289425,1609.9942626953125,XGBoost
2025-03-19 09:00:00,1498.017662,1498.3197021484375,XGBoost
2025-03-19 10:00:00,1627.1250305,1627.115478515625,XGBoost
2025-03-19 11:00:00,1543.22090625,1542.998779296875,XGBoost
2025-03-19 12:00:00,1513.33162075,1512.443359375,XGBoost
2025-03-19 13:00:00,1533.684636,1533.8482666015625,XGBoost
2025-03-19 14:00:00,1359.85313375,1361.36474609375,XGBoost
2025-03-19 15:00:00,1562.66765425,1561.9591064453125,XGBoost
2025-03-19 16:00:00,1647.32422975,1647.164794921875,XGBoost
2025-03-19 17:00:00,1503.13393425,1502.2088623046875,XGBoost
2025-03-19 18:00:00,1326.3654995,1325.5225830078125,XGBoost
2025-03-19 19:00:00,1466.990973,1467.7000732421875,XGBoost
2025-03-19 20:00:00,1690.954491,1690.9755859375,XGBoost
2025-03-19 21:00:00,1306.0088595,1305.3319091796875,XGBoost
2025-03-19 22:00:00,1505.98445175,1508.0518798828125,XGBoost
2025-03-19 23:00:00,1458.63047425,1458.9400634765625,XGBoost
2025-03-20 00:00:00,1379.9846105,1379.7503662109375,XGBoost
2025-03-20 01:00:00,1704.51152125,1702.880859375,XGBoost
2025-03-20 02:00:00,1482.4752575,1483.2725830078125,XGBoost
2025-03-20 03:00:00,1541.0844485,1540.9072265625,XGBoost
2025-03-20 04:00:00,1388.02547775,1387.675048828125,XGBoost
2025-03-20 05:00:00,1521.91730075,1523.482666015625,XGBoost
2025-03-20 06:00:00,1450.24237075,1450.8253173828125,XGBoost
2025-03-20 07:00:00,1391.7172275,1391.10791015625,XGBoost
2025-03-20 08:00:00,1444.83993525,1446.2138671875,XGBoost
2025-03-20 09:00:00,1695.29967,1696.8155517578125,XGBoost
2025-03-20 10:00:00,1575.65272575,1577.4691162109375,XGBoost
2025-03-20 11:00:00,1492.06054625,1492.275390625,XGBoost
2025-03-20 12:00:00,1534.88902375,1534.845458984375,XGBoost
2025-03-20 13:00:00,1382.1346125,1382.0889892578125,XGBoost
2025-03-20 14:00:00,1379.818606,1379.685546875,XGBoost
2025-03-20 15:00:00,1465.47515775,1466.1356201171875,XGBoost
2025-03-20 16:00:00,1232.31826215,1218.1771240234375,XGBoost
2025-03-20 17:00:00,1314.15848175,1311.8743896484375,XGBoost
2025-03-20 18:00:00,1581.722822,1581.800537109375,XGBoost
2025-03-20 19:00:00,1608.6366605,1610.001953125,XGBoost
2025-03-20 20:00:00,1234.57371775,1247.837646484375,XGBoost
2025-03-20 21:00:00,1426.08016175,1424.8880615234375,XGBoost
2025-03-20 22:00:00,1551.2707685,1549.7283935546875,XGBoost
2025-03-20 23:00:00,1667.377355,1664.648681640625,XGBoost
2025-03-21 00:00:00,1445.01905625,1446.3411865234375,XGBoost
2025-03-21 01:00:00,1538.5008445,1537.3233642578125,XGBoost
2025-03-21 02:00:00,1442.97150975,1442.435546875,XGBoost
2025-03-21 03:00:00,1411.186341,1408.87255859375,XGBoost
2025-03-21 04:00:00,1598.537793,1599.641357421875,XGBoost
2025-03-21 05:00:00,1534.5332175,1535.232177734375,XGBoost
2025-03-21 06:00:00,1551.91827075,1552.71728515625,XGBoost
2025-03-21 07:00:00,1544.20262825,1545.655029296875,XGBoost
2025-03-21 08:00:00,1420.76371325,1420.947509765625,XGBoost
2025-03-21 09:00:00,1670.43474125,1668.698486328125,XGBoost
2025-03-21 10:00:00,1531.487329,1531.4276123046875,XGBoost
2025-03-21 11:00:00,1463.88629275,1464.42138671875,XGBoost
2025-03-21 12:00:00,1425.81028525,1427.731201171875,XGBoost
2025-03-21 13:00:00,1458.6852365,1458.2833251953125,XGBoost
2025-03-21 14:00:00,1335.6959832500002,1336.521728515625,XGBoost
2025-03-21 15:00:00,1330.60346625,1332.4671630859375,XGBoost
2025-03-21 16:00:00,1629.324064,1630.3948974609375,XGBoost
2025-03-21 17:00:00,1426.811914,1425.7132568359375,XGBoost
2025-03-21 18:00:00,1376.78490525,1378.768798828125,XGBoost
2025-03-21 19:00:00,1350.240783075,1349.567626953125,XGBoost
2025-03-21 20:00:00,1500.89621675,1501.6124267578125,XGBoost
2025-03-21 21:00:00,1470.57993235,1473.011962890625,XGBoost
2025-03-21 22:00:00,1538.5007735,1539.1826171875,XGBoost
2025-03-21 23:00:00,1599.5572405,1599.56396484375,XGBoost
2025-03-22 00:00:00,1770.1219549999998,1791.1519775390625,XGBoost
2025-03-22 01:00:00,1465.307526125,1464.9010009765625,XGBoost
2025-03-22 02:00:00,1340.985468,1341.708251953125,XGBoost
2025-03-22 03:00:00,1543.8713435,1544.23974609375,XGBoost
2025-03-22 04:00:00,1515.535011,1515.11767578125,XGBoost
2025-03-22 05:00:00,1627.8019335,1630.9088134765625,XGBoost
2025-03-22 06:00:00,1495.8702675,1495.8172607421875,XGBoost
2025-03-22 07:00:00,1437.75572875,1438.43994140625,XGBoost
2025-03-22 08:00:00,1465.4698285,1474.8192138671875,XGBoost
2025-03-22 09:00:00,1495.73234175,1494.1785888671875,XGBoost
2025-03-22 10:00:00,1588.521743,1586.87255859375,XGBoost
2025-03-22 11:00:00,1518.238341,1517.9324951171875,XGBoost
2025-03-22 12:00:00,1560.8991665,1561.1339111328125,XGBoost
2025-03-22 13:00:00,1582.78712725,1583.256103515625,XGBoost
2025-03-22 14:00:00,1440.52315825,1441.4364013671875,XGBoost
2025-03-22 15:00:00,1464.98405025,1464.8819580078125,XGBoost
2025-03-22 16:00:00,1746.08030825,1752.1253662109375,XGBoost
2025-03-22 17:00:00,1577.1544235,1577.7742919921875,XGBoost
2025-03-22 18:00:00,1539.38045525,1538.4423828125,XGBoost
2025-03-22 19:00:00,1548.34445975,1548.0169677734375,XGBoost
2025-03-22 20:00:00,1320.062481,1324.1923828125,XGBoost
2025-03-22 21:00:00,1450.242158,1450.3543701171875,XGBoost
2025-03-22 22:00:00,1405.80607725,1406.13916015625,XGBoost
2025-03-22 23:00:00,1555.34707825,1555.0306396484375,XGBoost
2025-03-23 00:00:00,1275.52035175,1275.832763671875,XGBoost
2025-03-23 01:00:00,1504.31660825,1505.3785400390625,XGBoost
2025-03-23 02:00:00,1493.24877175,1493.557373046875,XGBoost
2025-03-23 03:00:00,1395.15361675,1393.474853515625,XGBoost
2025-03-23 04:00:00,1547.54501425,1548.2369384765625,XGBoost
2025-03-23 05:00:00,1429.94193225,1428.7186279296875,XGBoost
2025-03-23 06:00:00,1528.73988875,1528.4415283203125,XGBoost
2025-03-23 07:00:00,1400.8652155,1400.570556640625,XGBoost
2025-03-23 08:00:00,1433.47861225,1433.22021484375,XGBoost
2025-03-23 09:00:00,1730.985511,1731.9532470703125,XGBoost
2025-03-23 10:00:00,1519.430227,1519.736083984375,XGBoost
2025-03-23 11:00:00,1541.92420125,1541.43310546875,XGBoost
2025-03-23 12:00:00,1395.294979,1395.2464599609375,XGBoost
2025-03-23 13:00:00,1501.1416415,1501.3721923828125,XGBoost
2025-03-23 14:00:00,1597.8797165,1597.619140625,XGBoost
2025-03-23 15:00:00,1359.84630575,1360.0224609375,XGBoost
2025-03-23 16:00:00,1721.95302075,1717.364013671875,XGBoost
2025-03-23 17:00:00,1433.0783135,1433.500244140625,XGBoost
2025-03-23 18:00:00,1535.557701,1535.0028076171875,XGBoost
2025-03-23 19:00:00,1477.50056325,1476.90478515625,XGBoost
2025-03-23 20:00:00,1666.7328115,1664.4354248046875,XGBoost
2025-03-23 21:00:00,1483.980366,1484.7540283203125,XGBoost
2025-03-23 22:00:00,1498.04173,1499.0928955078125,XGBoost
2025-03-23 23:00:00,1349.266980275,1348.4058837890625,XGBoost
2025-03-24 00:00:00,1654.2608837500002,1655.7659912109375,XGBoost
2025-03-24 01:00:00,1488.97446875,1487.641845703125,XGBoost
2025-03-24 02:00:00,1264.4650235,1267.9443359375,XGBoost
2025-03-24 03:00:00,1444.2150255,1443.9390869140625,XGBoost
2025-03-24 04:00:00,1480.734584,1481.116455078125,XGBoost
2025-03-24 05:00:00,1606.49576225,1606.1312255859375,XGBoost
2025-03-24 06:00:00,1414.806747,1416.376708984375,XGBoost
2025-03-24 07:00:00,1453.63993625,1453.4044189453125,XGBoost
2025-03-24 08:00:00,1471.97639925,1472.85302734375,XGBoost
2025-03-24 09:00:00,1574.402829,1571.9700927734375,XGBoost
2025-03-24 10:00:00,1265.7226927,1268.619140625,XGBoost
2025-03-24 11:00:00,1425.74845325,1427.0838623046875,XGBoost
2025-03-24 12:00:00,1317.686314,1320.902099609375,XGBoost
2025-03-24 13:00:00,1396.51524825,1397.271240234375,XGBoost
2025-03-24 14:00:00,1691.0367025,1690.82666015625,XGBoost
2025-03-24 15:00:00,1468.174408,1469.2476806640625,XGBoost
2025-03-24 16:00:00,1631.836389,1631.3714599609375,XGBoost
2025-03-24 17:00:00,1533.1203527500002,1534.021484375,XGBoost
2025-03-24 18:00:00,1525.73093225,1525.7491455078125,XGBoost
2025-03-24 19:00:00,1528.21877375,1528.14111328125,XGBoost
2025-03-24 20:00:00,1421.0052925,1422.7191162109375,XGBoost
2025-03-24 21:00:00,1443.55967775,1443.878662109375,XGBoost
2025-03-24 22:00:00,1488.03530625,1488.8975830078125,XGBoost
2025-03-24 23:00:00,1802.57117275,1802.3507080078125,XGBoost
2025-03-25 00:00:00,1419.2616425,1419.1353759765625,XGBoost
2025-03-25 01:00:00,1482.92910175,1483.230224609375,XGBoost
2025-03-25 02:00:00,1620.508873,1619.6485595703125,XGBoost
2025-03-25 03:00:00,1517.1485175,1518.7392578125,XGBoost
2025-03-25 04:00:00,1395.522797,1396.6256103515625,XGBoost
2025-03-25 05:00:00,1603.41783275,1602.8905029296875,XGBoost
2025-03-25 06:00:00,1464.1945735,1463.5374755859375,XGBoost
2025-03-25 07:00:00,1553.00274,1553.0279541015625,XGBoost
2025-03-25 08:00:00,1557.16656125,1557.451416015625,XGBoost
2025-03-25 09:00:00,1553.33988575,1553.7874755859375,XGBoost
2025-03-25 10:00:00,1437.45705975,1440.740966796875,XGBoost
2025-03-25 11:00:00,1511.732502,1511.4423828125,XGBoost
2025-03-25 12:00:00,1527.03804275,1528.114501953125,XGBoost
2025-03-25 13:00:00,1424.32857125,1424.119873046875,XGBoost
2025-03-25 14:00:00,1563.56916225,1563.906982421875,XGBoost
2025-03-25 15:00:00,1567.96012825,1567.5865478515625,XGBoost
2025-03-25 16:00:00,1433.79654325,1435.6199951171875,XGBoost
2025-03-25 17:00:00,1372.8468847499998,1371.0572509765625,XGBoost
2025-03-25 18:00:00,1653.47995975,1651.979248046875,XGBoost
2025-03-25 19:00:00,1564.359098,1565.77587890625,XGBoost
2025-03-25 20:00:00,1340.2595325,1337.1866455078125,XGBoost
2025-03-25 21:00:00,1506.20559775,1507.193115234375,XGBoost
2025-03-25 22:00:00,1613.20347725,1613.0330810546875,XGBoost
2025-03-25 23:00:00,1322.12423025,1321.48583984375,XGBoost
2025-03-26 00:00:00,1444.20193775,1444.5751953125,XGBoost
2025-03-26 01:00:00,1470.8870875,1470.0198974609375,XGBoost
2025-03-26 02:00:00,1567.82460125,1568.3243408203125,XGBoost
2025-03-26 03:00:00,1420.495151,1420.70458984375,XGBoost
2025-03-26 04:00:00,1362.42194675,1360.4874267578125,XGBoost
2025-03-26 05:00:00,1391.3041965,1388.853271484375,XGBoost
2025-03-26 06:00:00,1416.67715525,1417.566162109375,XGBoost
2025-03-26 07:00:00,1560.7036585,1561.3187255859375,XGBoost
2025-03-26 08:00:00,1454.127591,1453.4239501953125,XGBoost
2025-03-26 09:00:00,1538.12285925,1537.349853515625,XGBoost
2025-03-26 10:00:00,1335.4020845,1337.1448974609375,XGBoost
2025-03-26 11:00:00,1450.5491135,1450.8016357421875,XGBoost
2025-03-26 12:00:00,1567.83978275,1567.5146484375,XGBoost
2025-03-26 13:00:00,1371.28026625,1372.753662109375,XGBoost
2025-03-26 14:00:00,1555.46152425,1553.8524169921875,XGBoost
2025-03-26 15:00:00,1550.85156075,1551.2845458984375,XGBoost
2025-03-26 16:00:00,1548.31339725,1547.75,XGBoost
2025-03-26 17:00:00,1311.559268,1312.2142333984375,XGBoost
2025-03-26 18:00:00,1612.64777475,1613.8231201171875,XGBoost
2025-03-26 19:00:00,1466.1524585,1465.048095703125,XGBoost
2025-03-26 20:00:00,1419.089147,1418.7027587890625,XGBoost
2025-03-26 21:00:00,1371.16558925,1369.1246337890625,XGBoost
2025-03-26 22:00:00,1449.46583375,1448.9359130859375,XGBoost
2025-03-26 23:00:00,1243.7693412,1252.450439453125,XGBoost
2025-03-27 00:00:00,1543.82143875,1543.583740234375,XGBoost
2025-03-27 01:00:00,1423.28839625,1423.77197265625,XGBoost
2025-03-27 02:00:00,1606.36663475,1606.88037109375,XGBoost
2025-03-27 03:00:00,1341.05469525,1342.5452880859375,XGBoost
2025-03-27 04:00:00,1703.85971375,1703.2816162109375,XGBoost
2025-03-27 05:00:00,1472.531225,1475.0936279296875,XGBoost
2025-03-27 06:00:00,1625.1610500000002,1625.61767578125,XGBoost
2025-03-27 07:00:00,1519.79707225,1519.6473388671875,XGBoost
2025-03-27 08:00:00,1526.94020875,1526.4215087890625,XGBoost
2025-03-27 09:00:00,1304.17630675,1306.213623046875,XGBoost
2025-03-27 10:00:00,1364.92217175,1366.106689453125,XGBoost
2025-03-27 11:00:00,1559.0851915,1558.15283203125,XGBoost
2025-03-27 12:00:00,1463.27834375,1463.2957763671875,XGBoost
2025-03-27 13:00:00,1448.891971,1451.0135498046875,XGBoost
2025-03-27 14:00:00,1456.07573825,1456.0360107421875,XGBoost
2025-03-27 15:00:00,1596.539582,1596.780517578125,XGBoost
2025-03-27 16:00:00,1608.84544275,1609.48193359375,XGBoost
2025-03-27 17:00:00,1480.52447275,1479.27587890625,XGBoost
2025-03-27 18:00:00,1500.847623,1500.608642578125,XGBoost
2025-03-27 19:00:00,1385.1343804,1384.8570556640625,XGBoost
2025-03-27 20:00:00,1509.6929255,1509.181396484375,XGBoost
2025-03-27 21:00:00,1481.14113125,1479.3447265625,XGBoost
2025-03-27 22:00:00,1411.0930735,1412.6156005859375,XGBoost
2025-03-27 23:00:00,1534.5172295,1535.3282470703125,XGBoost
2025-03-28 00:00:00,1422.416578,1424.2874755859375,XGBoost
2025-03-28 01:00:00,1486.63378925,1486.619140625,XGBoost
2025-03-28 02:00:00,1393.91372375,1395.3731689453125,XGBoost
2025-03-28 03:00:00,1559.5369535,1559.0999755859375,XGBoost
2025-03-28 04:00:00,1566.5876605,1567.184326171875,XGBoost
2025-03-28 05:00:00,1696.3824392499998,1696.4942626953125,XGBoost
2025-03-28 06:00:00,1432.1539134999998,1432.3760986328125,XGBoost
2025-03-28 07:00:00,1428.327687,1428.0740966796875,XGBoost
2025-03-28 08:00:00,1319.8164705,1321.5577392578125,XGBoost
2025-03-28 09:00:00,1560.52882725,1560.2288818359375,XGBoost
2025-03-28 10:00:00,1346.0115505,1345.389892578125,XGBoost
2025-03-28 11:00:00,1455.9579515,1456.73583984375,XGBoost
2025-03-28 12:00:00,1629.75535175,1629.9149169921875,XGBoost
2025-03-28 13:00:00,1380.549553,1379.8663330078125,XGBoost
2025-03-28 14:00:00,1621.16971125,1620.3919677734375,XGBoost
2025-03-28 15:00:00,1385.94126325,1386.91357421875,XGBoost
2025-03-28 16:00:00,1539.346201,1538.699462890625,XGBoost
2025-03-28 17:00:00,1565.9749945,1566.3309326171875,XGBoost
2025-03-28 18:00:00,1339.50607025,1339.6492919921875,XGBoost
2025-03-28 19:00:00,1408.9822789999998,1409.674560546875,XGBoost
2025-03-28 20:00:00,1660.99086925,1663.054443359375,XGBoost
2025-03-28 21:00:00,1535.0651205,1533.553466796875,XGBoost
2025-03-28 22:00:00,1516.78469875,1517.0634765625,XGBoost
2025-03-28 23:00:00,1698.190161,1698.257080078125,XGBoost
2025-03-29 00:00:00,1565.44448075,1567.0633544921875,XGBoost
2025-03-29 01:00:00,1520.769695,1519.8858642578125,XGBoost
2025-03-29 02:00:00,1414.1128245,1415.52294921875,XGBoost
2025-03-29 03:00:00,1583.281517,1583.301513671875,XGBoost
2025-03-29 04:00:00,1543.2314675,1543.6431884765625,XGBoost
2025-03-29 05:00:00,1592.600165,1593.3050537109375,XGBoost
2025-03-29 06:00:00,1546.70482925,1545.9512939453125,XGBoost
2025-03-29 07:00:00,1485.52227775,1485.8348388671875,XGBoost
2025-03-29 08:00:00,1626.7011715,1626.7642822265625,XGBoost
2025-03-29 09:00:00,1632.7542435,1633.552001953125,XGBoost
2025-03-29 10:00:00,1464.3161085000002,1464.0250244140625,XGBoost
2025-03-29 11:00:00,1392.522402,1391.6590576171875,XGBoost
2025-03-29 12:00:00,1448.05678475,1448.114990234375,XGBoost
2025-03-29 13:00:00,1466.8943095,1466.103515625,XGBoost
2025-03-29 14:00:00,1545.2435785,1544.796142578125,XGBoost
2025-03-29 15:00:00,1440.8689825,1440.390380859375,XGBoost
2025-03-29 16:00:00,1397.657852,1396.19921875,XGBoost
2025-03-29 17:00:00,1389.01974325,1389.3701171875,XGBoost
2025-03-29 18:00:00,1485.31156225,1485.7779541015625,XGBoost
2025-03-29 19:00:00,1363.82555275,1364.42041015625,XGBoost
2025-03-29 20:00:00,1478.6968225,1479.65869140625,XGBoost
2025-03-29 21:00:00,1617.3721765,1616.9163818359375,XGBoost
2025-03-29 22:00:00,1348.961385,1348.3033447265625,XGBoost
2025-03-29 23:00:00,1431.365245,1430.9241943359375,XGBoost
2025-03-30 00:00:00,1426.95113,1428.0975341796875,XGBoost
2025-03-30 01:00:00,1378.7198707500002,1378.697509765625,XGBoost
2025-03-30 02:00:00,1659.77416225,1658.4859619140625,XGBoost
2025-03-30 03:00:00,1600.18881025,1602.2957763671875,XGBoost
2025-03-30 04:00:00,1492.62675575,1493.908935546875,XGBoost
2025-03-30 05:00:00,1584.66083375,1583.705078125,XGBoost
2025-03-30 06:00:00,1555.17806425,1554.9056396484375,XGBoost
2025-03-30 07:00:00,1579.2446135,1578.0291748046875,XGBoost
2025-03-30 08:00:00,1414.88281425,1414.2664794921875,XGBoost
2025-03-30 09:00:00,1519.091798,1520.665283203125,XGBoost
2025-03-30 10:00:00,1421.56697875,1421.771728515625,XGBoost
2025-03-30 11:00:00,1452.27881475,1451.8660888671875,XGBoost
2025-03-30 12:00:00,1463.0009335,1462.6295166015625,XGBoost
2025-03-30 13:00:00,1579.91925075,1579.00927734375,XGBoost
2025-03-30 14:00:00,1522.69545675,1523.4334716796875,XGBoost
2025-03-30 15:00:00,1587.10943225,1586.83544921875,XGBoost
2025-03-30 16:00:00,1572.010855,1572.67724609375,XGBoost
2025-03-30 17:00:00,1543.318895,1543.333984375,XGBoost
2025-03-30 18:00:00,1569.06984675,1568.7718505859375,XGBoost
2025-03-30 19:00:00,1508.21118575,1506.1064453125,XGBoost
2025-03-30 20:00:00,1507.620308,1507.261962890625,XGBoost
2025-03-30 21:00:00,1698.50120925,1695.5928955078125,XGBoost
2025-03-30 22:00:00,1496.8111795,1495.61328125,XGBoost
2025-03-30 23:00:00,1674.8715555,1673.467041015625,XGBoost
2025-03-31 00:00:00,1465.2308015,1465.0828857421875,XGBoost
2025-03-31 01:00:00,1229.53191775,1207.6875,XGBoost
2025-03-31 02:00:00,1686.46777925,1684.7835693359375,XGBoost
2025-03-31 03:00:00,1508.85802725,1508.7327880859375,XGBoost
2025-03-31 04:00:00,1409.0386865,1409.234619140625,XGBoost
2025-03-31 05:00:00,1338.52690025,1339.7847900390625,XGBoost
2025-03-31 06:00:00,1593.2162405,1593.53076171875,XGBoost
2025-03-31 07:00:00,1415.61503275,1414.1007080078125,XGBoost
2025-03-31 08:00:00,1380.1349595,1380.501708984375,XGBoost
2025-03-31 09:00:00,1305.63027325,1306.0863037109375,XGBoost
2025-03-31 10:00:00,1726.75918325,1721.466552734375,XGBoost
2025-03-31 11:00:00,1435.64011425,1435.0323486328125,XGBoost
2025-03-31 12:00:00,1326.084663825,1326.885986328125,XGBoost
2025-03-31 13:00:00,1349.673993,1350.2833251953125,XGBoost
2025-03-31 14:00:00,1595.15512725,1594.6922607421875,XGBoost
2025-03-31 15:00:00,1355.242759225,1355.9434814453125,XGBoost
2025-03-31 16:00:00,1483.890823,1484.459716796875,XGBoost
2025-03-31 17:00:00,1628.477257,1629.7071533203125,XGBoost
2025-03-31 18:00:00,1556.1288439999998,1556.83984375,XGBoost
2025-03-31 19:00:00,1540.59299175,1541.2049560546875,XGBoost
2025-03-31 20:00:00,1587.323768,1588.79248046875,XGBoost
2025-03-31 21:00:00,1573.936257,1574.064453125,XGBoost
2025-03-31 22:00:00,1504.965948,1504.119140625,XGBoost
2025-03-31 23:00:00,1633.4813885,1632.0635986328125,XGBoost
2025-04-01 00:00:00,1419.36417775,1417.9027099609375,XGBoost
2025-04-01 01:00:00,1608.94608625,1609.8564453125,XGBoost
2025-04-01 02:00:00,1510.025541,1509.9613037109375,XGBoost
2025-04-01 03:00:00,1581.6088425,1581.3118896484375,XGBoost
2025-04-01 04:00:00,1468.3167575,1468.56103515625,XGBoost
2025-04-01 05:00:00,1453.3391944999998,1451.3946533203125,XGBoost
2025-04-01 06:00:00,1365.610947,1366.522705078125,XGBoost
2025-04-01 07:00:00,1577.54750025,1577.107666015625,XGBoost
2025-04-01 08:00:00,1659.81991025,1658.5169677734375,XGBoost
2025-04-01 09:00:00,1275.86112075,1281.318603515625,XGBoost
2025-04-01 10:00:00,1584.40947325,1584.7454833984375,XGBoost
2025-04-01 11:00:00,1486.610614,1488.497802734375,XGBoost
2025-04-01 12:00:00,1502.2348005,1503.63134765625,XGBoost
2025-04-01 13:00:00,1593.27962425,1593.3465576171875,XGBoost
2025-04-01 14:00:00,1388.58122325,1389.3250732421875,XGBoost
2025-04-01 15:00:00,1178.2676175,1203.3388671875,XGBoost
2025-04-01 16:00:00,1366.9044135,1366.3984375,XGBoost
2025-04-01 17:00:00,1461.034562,1460.5081787109375,XGBoost
2025-04-01 18:00:00,1480.9363695,1480.55859375,XGBoost
2025-04-01 19:00:00,1584.4889535,1583.8447265625,XGBoost
2025-04-01 20:00:00,1395.369024,1395.1131591796875,XGBoost
2025-04-01 21:00:00,1403.2606002500002,1403.682861328125,XGBoost
2025-04-01 22:00:00,1617.3527175,1615.7760009765625,XGBoost
2025-04-01 23:00:00,1362.66027175,1362.47265625,XGBoost
2025-04-02 00:00:00,1564.18713775,1564.908203125,XGBoost
2025-04-02 01:00:00,1517.80542775,1520.262451171875,XGBoost
2025-04-02 02:00:00,1615.9592935,1615.7685546875,XGBoost
2025-04-02 03:00:00,1579.47806025,1578.004150390625,XGBoost
2025-04-02 04:00:00,1591.681976,1590.07373046875,XGBoost
2025-04-02 05:00:00,1420.92313875,1419.9737548828125,XGBoost
2025-04-02 06:00:00,1678.9317375,1678.3896484375,XGBoost
2025-04-02 07:00:00,1540.58667475,1540.8416748046875,XGBoost
2025-04-02 08:00:00,1453.25887625,1453.7452392578125,XGBoost
2025-04-02 09:00:00,1618.14801975,1619.8797607421875,XGBoost
2025-04-02 10:00:00,1604.98276325,1603.920654296875,XGBoost
2025-04-02 11:00:00,1612.88849675,1613.2611083984375,XGBoost
2025-04-02 12:00:00,1572.92073425,1572.068359375,XGBoost
2025-04-02 13:00:00,1558.80342175,1557.8756103515625,XGBoost
2025-04-02 14:00:00,1477.23544375,1477.017333984375,XGBoost
2025-04-02 15:00:00,1457.69193025,1456.385009765625,XGBoost
2025-04-02 16:00:00,1447.3290875,1447.46533203125,XGBoost
2025-04-02 17:00:00,1615.3655885,1614.7052001953125,XGBoost
2025-04-02 18:00:00,1519.9662765,1520.15625,XGBoost
2025-04-02 19:00:00,1361.64626475,1362.541748046875,XGBoost
2025-04-02 20:00:00,1401.36983875,1402.82177734375,XGBoost
2025-04-02 21:00:00,1419.081835,1418.9649658203125,XGBoost
2025-04-02 22:00:00,1643.801687,1644.8721923828125,XGBoost
2025-04-02 23:00:00,1477.116431,1477.909912109375,XGBoost
2025-04-03 00:00:00,1342.7963685,1340.26611328125,XGBoost
2025-04-03 01:00:00,1651.80904975,1649.859375,XGBoost
2025-04-03 02:00:00,1653.01881625,1651.631591796875,XGBoost
2025-04-03 03:00:00,1602.8033145,1602.0799560546875,XGBoost
2025-04-03 04:00:00,1424.34481775,1425.0328369140625,XGBoost
2025-04-03 05:00:00,1526.2276405,1525.1409912109375,XGBoost
2025-04-03 06:00:00,1565.88673425,1566.6234130859375,XGBoost
2025-04-03 07:00:00,1413.488327,1413.3843994140625,XGBoost
2025-04-03 08:00:00,1583.98264725,1584.58935546875,XGBoost
2025-04-03 09:00:00,1444.39100775,1444.024169921875,XGBoost
2025-04-03 10:00:00,1509.422177,1509.2041015625,XGBoost
2025-04-03 11:00:00,1381.3452495,1380.98974609375,XGBoost
2025-04-03 12:00:00,1503.62230125,1503.9227294921875,XGBoost
2025-04-03 13:00:00,1472.90637975,1472.9774169921875,XGBoost
2025-04-03 14:00:00,1430.14328275,1429.222412109375,XGBoost
2025-04-03 15:00:00,1513.42035775,1508.080078125,XGBoost
2025-04-03 16:00:00,1536.314834,1536.453369140625,XGBoost
2025-04-03 17:00:00,1348.38042875,1349.19091796875,XGBoost
2025-04-03 18:00:00,1485.39780425,1485.452880859375,XGBoost
2025-04-03 19:00:00,1450.95698075,1451.3280029296875,XGBoost
2025-04-03 20:00:00,1532.3342385,1531.8839111328125,XGBoost
2025-04-03 21:00:00,1629.81920275,1629.1365966796875,XGBoost
2025-04-03 22:00:00,1449.7166445,1449.3636474609375,XGBoost
2025-04-03 23:00:00,1564.7347185,1564.263671875,XGBoost
2025-04-04 00:00:00,1600.24237075,1602.068603515625,XGBoost
2025-04-04 01:00:00,1456.98658025,1456.8565673828125,XGBoost
2025-04-04 02:00:00,1463.33041425,1463.100830078125,XGBoost
2025-04-04 03:00:00,1622.9810115,1621.9859619140625,XGBoost
2025-04-04 04:00:00,1340.85439075,1343.59423828125,XGBoost
2025-04-04 05:00:00,1356.00866675,1355.5546875,XGBoost
2025-04-04 06:00:00,1506.5480245,1506.312744140625,XGBoost
2025-04-04 07:00:00,1561.20736625,1561.21435546875,XGBoost
2025-04-04 08:00:00,1537.3573345,1538.358642578125,XGBoost
2025-04-04 09:00:00,1407.4171295,1406.4769287109375,XGBoost
2025-04-04 10:00:00,1498.86241375,1498.5096435546875,XGBoost
2025-04-04 11:00:00,1333.65410975,1334.911865234375,XGBoost
2025-04-04 12:00:00,1568.90875425,1567.4530029296875,XGBoost
2025-04-04 13:00:00,1420.046571,1420.1622314453125,XGBoost
2025-04-04 14:00:00,1502.337402,1502.3282470703125,XGBoost
2025-04-04 15:00:00,1417.42435025,1417.5635986328125,XGBoost
2025-04-04 16:00:00,1605.82939875,1606.477294921875,XGBoost
2025-04-04 17:00:00,1432.23492275,1431.584228515625,XGBoost
2025-04-04 18:00:00,1441.99883575,1443.533935546875,XGBoost
2025-04-04 19:00:00,1520.69688225,1519.4522705078125,XGBoost
2025-04-04 20:00:00,1496.41113925,1495.8316650390625,XGBoost
2025-04-04 21:00:00,1561.06856675,1561.403076171875,XGBoost
2025-04-04 22:00:00,1520.5554225,1520.833740234375,XGBoost
2025-04-04 23:00:00,1550.61929625,1550.898193359375,XGBoost
2025-04-05 00:00:00,1403.59702325,1404.117431640625,XGBoost
2025-04-05 01:00:00,1468.563455,1466.343994140625,XGBoost
2025-04-05 02:00:00,1566.95386775,1565.9368896484375,XGBoost
2025-04-05 03:00:00,1587.00726525,1589.781982421875,XGBoost
2025-04-05 04:00:00,1437.06132045,1437.8804931640625,XGBoost
2025-04-05 05:00:00,1613.899836,1612.900146484375,XGBoost
2025-04-05 06:00:00,1271.299080475,1269.8204345703125,XGBoost
2025-04-05 07:00:00,1355.08662775,1354.275634765625,XGBoost
2025-04-05 08:00:00,1454.00086325,1453.1475830078125,XGBoost
2025-04-05 09:00:00,1651.81848475,1653.331787109375,XGBoost
2025-04-05 10:00:00,1689.74689575,1687.24609375,XGBoost
2025-04-05 11:00:00,1509.38660975,1509.447021484375,XGBoost
2025-04-05 12:00:00,1494.69247475,1495.415771484375,XGBoost
2025-04-05 13:00:00,1651.6641605,1651.1002197265625,XGBoost
2025-04-05 14:00:00,1565.8075185,1564.2540283203125,XGBoost
2025-04-05 15:00:00,1489.93048375,1487.6268310546875,XGBoost
2025-04-05 16:00:00,1571.80447025,1570.6058349609375,XGBoost
2025-04-05 17:00:00,1532.478244,1532.5909423828125,XGBoost
2025-04-05 18:00:00,1460.2371925,1459.6539306640625,XGBoost
2025-04-05 19:00:00,1498.03605925,1495.447265625,XGBoost
2025-04-05 20:00:00,1588.94496875,1588.9791259765625,XGBoost
2025-04-05 21:00:00,1064.324425325,1155.392822265625,XGBoost
2025-04-05 22:00:00,1687.99654675,1689.7196044921875,XGBoost
2025-04-05 23:00:00,1485.873002,1484.68017578125,XGBoost
2025-04-06 00:00:00,1383.412336,1384.361572265625,XGBoost
2025-04-06 01:00:00,1563.95412725,1563.0511474609375,XGBoost
2025-04-06 02:00:00,1503.74591325,1503.6234130859375,XGBoost
2025-04-06 03:00:00,1413.3789055,1414.6612548828125,XGBoost
2025-04-06 04:00:00,1569.2702735,1569.4661865234375,XGBoost
2025-04-06 05:00:00,1689.90426825,1687.583984375,XGBoost
2025-04-06 06:00:00,1393.90919675,1393.7474365234375,XGBoost
2025-04-06 07:00:00,1633.9969395,1636.23046875,XGBoost
2025-04-06 08:00:00,1432.5708925,1432.5970458984375,XGBoost
2025-04-06 09:00:00,1581.90548475,1581.59228515625,XGBoost
2025-04-06 10:00:00,1590.5825735,1589.3211669921875,XGBoost
2025-04-06 11:00:00,1712.854762,1710.329345703125,XGBoost
2025-04-06 12:00:00,1529.7594315,1530.29345703125,XGBoost
2025-04-06 13:00:00,1411.2921415,1412.77978515625,XGBoost
2025-04-06 14:00:00,1424.08495875,1423.6778564453125,XGBoost
2025-04-06 15:00:00,1519.97822775,1520.6826171875,XGBoost
2025-04-06 16:00:00,1596.09343225,1594.2174072265625,XGBoost
2025-04-06 17:00:00,1418.43882675,1417.848388671875,XGBoost
2025-04-06 18:00:00,1483.698375,1483.9599609375,XGBoost
2025-04-06 19:00:00,1480.0128,1480.4727783203125,XGBoost
2025-04-06 20:00:00,1485.77215325,1485.9468994140625,XGBoost
2025-04-06 21:00:00,1386.07578575,1386.9189453125,XGBoost
2025-04-06 22:00:00,1443.415275,1442.8095703125,XGBoost
2025-04-06 23:00:00,1549.53934575,1548.69384765625,XGBoost
2025-04-07 00:00:00,1481.64592625,1481.2899169921875,XGBoost
2025-04-07 01:00:00,1372.4199805,1372.4254150390625,XGBoost
2025-04-07 02:00:00,1395.1242925,1395.0616455078125,XGBoost
2025-04-07 03:00:00,1431.0398875,1430.8314208984375,XGBoost
2025-04-07 04:00:00,1296.6915385,1299.643798828125,XGBoost
2025-04-07 05:00:00,1410.9776362500002,1410.3721923828125,XGBoost
2025-04-07 06:00:00,1394.5045395,1394.594970703125,XGBoost
2025-04-07 07:00:00,1488.030128,1489.4288330078125,XGBoost
2025-04-07 08:00:00,1405.0190855,1405.89990234375,XGBoost
2025-04-07 09:00:00,1492.901628,1491.6171875,XGBoost
2025-04-07 10:00:00,1509.53429775,1509.3258056640625,XGBoost
2025-04-07 11:00:00,1394.270183,1394.2125244140625,XGBoost
2025-04-07 12:00:00,1508.987695,1509.12548828125,XGBoost
2025-04-07 13:00:00,1388.38620275,1389.588134765625,XGBoost
2025-04-07 14:00:00,1352.50723325,1350.208251953125,XGBoost
2025-04-07 15:00:00,1618.65458125,1616.483154296875,XGBoost
2025-04-07 16:00:00,1729.86536575,1737.89892578125,XGBoost
2025-04-07 17:00:00,1523.09303375,1523.9073486328125,XGBoost
2025-04-07 18:00:00,1655.52323725,1654.93994140625,XGBoost
2025-04-07 19:00:00,1441.824492,1442.376708984375,XGBoost
2025-04-07 20:00:00,1495.16638025,1494.6427001953125,XGBoost
2025-04-07 21:00:00,1412.1362475,1412.583251953125,XGBoost
2025-04-07 22:00:00,1563.19280625,1563.61328125,XGBoost
2025-04-07 23:00:00,1163.4572485,1213.2255859375,XGBoost
2025-04-08 00:00:00,1544.382908,1543.625732421875,XGBoost
2025-04-08 01:00:00,1662.1948515,1663.547607421875,XGBoost
2025-04-08 02:00:00,1549.24263725,1549.08984375,XGBoost
2025-04-08 03:00:00,1600.09191875,1601.6298828125,XGBoost
2025-04-08 04:00:00,1421.6456565,1422.01806640625,XGBoost
2025-04-08 05:00:00,1685.16432575,1682.7586669921875,XGBoost
2025-04-08 06:00:00,1599.7282645,1600.0445556640625,XGBoost
2025-04-08 07:00:00,1354.04254,1355.517822265625,XGBoost
2025-04-08 08:00:00,1614.46025525,1614.5792236328125,XGBoost
2025-04-08 09:00:00,1451.38324225,1452.9608154296875,XGBoost
2025-04-08 10:00:00,1521.46974975,1520.7803955078125,XGBoost
2025-04-08 11:00:00,1541.59022225,1543.6956787109375,XGBoost
2025-04-08 12:00:00,1490.93287725,1490.4544677734375,XGBoost
2025-04-08 13:00:00,1499.3333755,1499.6993408203125,XGBoost
2025-04-08 14:00:00,1474.4119895,1474.97509765625,XGBoost
2025-04-08 15:00:00,1549.905675,1549.2149658203125,XGBoost
2025-04-08 16:00:00,1477.23363725,1477.98388671875,XGBoost
2025-04-08 17:00:00,1322.2865308,1320.3160400390625,XGBoost
2025-04-08 18:00:00,1210.69150755,1206.474365234375,XGBoost
2025-04-08 19:00:00,1453.99774725,1453.4720458984375,XGBoost
2025-04-08 20:00:00,1567.30433375,1567.166259765625,XGBoost
2025-04-08 21:00:00,1498.07715325,1497.945556640625,XGBoost
2025-04-08 22:00:00,1527.374995,1525.9500732421875,XGBoost
2025-04-08 23:00:00,1377.39894825,1377.833984375,XGBoost
2025-04-09 00:00:00,1505.916942,1505.529541015625,XGBoost
2025-04-09 01:00:00,1565.8704305,1564.8240966796875,XGBoost
2025-04-09 02:00:00,1569.1214175,1570.3167724609375,XGBoost
2025-04-09 03:00:00,1565.07108375,1564.82080078125,XGBoost
2025-04-09 04:00:00,1695.759184,1698.3582763671875,XGBoost
2025-04-09 05:00:00,1536.3551195,1535.51708984375,XGBoost
2025-04-09 06:00:00,1565.95569225,1565.6044921875,XGBoost
2025-04-09 07:00:00,1378.123057,1376.1922607421875,XGBoost
2025-04-09 08:00:00,1765.54891025,1745.3624267578125,XGBoost
2025-04-09 09:00:00,1383.38399975,1384.588134765625,XGBoost
2025-04-09 10:00:00,1611.21002825,1610.0892333984375,XGBoost
2025-04-09 11:00:00,1475.12109375,1475.8438720703125,XGBoost
2025-04-09 12:00:00,1401.363806,1401.675048828125,XGBoost
2025-04-09 13:00:00,1470.751133,1470.9666748046875,XGBoost
2025-04-09 14:00:00,1696.84011175,1695.009765625,XGBoost
2025-04-09 15:00:00,1530.8342605,1531.404052734375,XGBoost
2025-04-09 16:00:00,1416.354653,1416.26318359375,XGBoost
2025-04-09 17:00:00,1525.16422175,1525.2896728515625,XGBoost
2025-04-09 18:00:00,1428.35082075,1428.476806640625,XGBoost
2025-04-09 19:00:00,1548.43369875,1547.9833984375,XGBoost
2025-04-09 20:00:00,1520.537458,1519.7120361328125,XGBoost
2025-04-09 21:00:00,1585.5001015,1585.0689697265625,XGBoost
2025-04-09 22:00:00,1540.42575025,1540.2808837890625,XGBoost
2025-04-09 23:00:00,1498.971633,1501.4295654296875,XGBoost
2025-04-10 00:00:00,1458.050219,1458.8096923828125,XGBoost
2025-04-10 01:00:00,1406.8568605,1406.1322021484375,XGBoost
2025-04-10 02:00:00,1390.6137455,1389.80908203125,XGBoost
2025-04-10 03:00:00,1531.51209675,1531.34375,XGBoost
2025-04-10 04:00:00,1531.2866545,1533.0904541015625,XGBoost
2025-04-10 05:00:00,1561.091809,1560.7020263671875,XGBoost
2025-04-10 06:00:00,1522.939255,1522.171875,XGBoost
2025-04-10 07:00:00,1324.693760575,1325.25146484375,XGBoost
2025-04-10 08:00:00,1381.553562,1379.5792236328125,XGBoost
2025-04-10 09:00:00,1573.03225975,1572.9232177734375,XGBoost
2025-04-10 10:00:00,1426.76813225,1428.23779296875,XGBoost
2025-04-10 11:00:00,1410.43161035,1410.5162353515625,XGBoost
2025-04-10 12:00:00,1511.0304725,1510.5362548828125,XGBoost
2025-04-10 13:00:00,1565.28729375,1565.4107666015625,XGBoost
2025-04-10 14:00:00,1373.4243625,1373.9058837890625,XGBoost
2025-04-10 15:00:00,1198.0298384,1214.796875,XGBoost
2025-04-10 16:00:00,1536.477057,1535.9483642578125,XGBoost
2025-04-10 17:00:00,1379.757621,1380.4244384765625,XGBoost
2025-04-10 18:00:00,1359.14622075,1360.8798828125,XGBoost
2025-04-10 19:00:00,1697.743146,1697.5618896484375,XGBoost
2025-04-10 20:00:00,1397.98567275,1397.9896240234375,XGBoost
2025-04-10 21:00:00,1385.3809965,1385.5179443359375,XGBoost
2025-04-10 22:00:00,1405.1863795,1405.65771484375,XGBoost
2025-04-10 23:00:00,1555.490134,1555.99560546875,XGBoost
2025-04-11 00:00:00,1586.025805,1585.9517822265625,XGBoost
2025-04-11 01:00:00,1573.93073675,1573.68505859375,XGBoost
2025-04-11 02:00:00,1490.71712475,1491.5584716796875,XGBoost
2025-04-11 03:00:00,1576.94905325,1577.7314453125,XGBoost
2025-04-11 04:00:00,1378.0636949999998,1378.613037109375,XGBoost
2025-04-11 05:00:00,1593.00653375,1593.020263671875,XGBoost
2025-04-11 06:00:00,1392.06426775,1393.1492919921875,XGBoost
2025-04-11 07:00:00,1355.059770275,1354.63427734375,XGBoost
2025-04-11 08:00:00,1544.46931125,1543.9239501953125,XGBoost
2025-04-11 09:00:00,1359.54986275,1359.93359375,XGBoost
2025-04-11 10:00:00,1444.01424125,1442.1983642578125,XGBoost
2025-04-11 11:00:00,1431.829767,1432.6827392578125,XGBoost
2025-04-11 12:00:00,1657.90788,1659.3056640625,XGBoost
2025-04-11 13:00:00,1493.82129325,1494.386474609375,XGBoost
2025-04-11 14:00:00,1501.18997475,1499.7713623046875,XGBoost
2025-04-11 15:00:00,1568.72124125,1568.2545166015625,XGBoost
2025-04-11 16:00:00,1543.61484875,1542.696044921875,XGBoost
2025-04-11 17:00:00,1485.6208875,1486.3570556640625,XGBoost
2025-04-11 18:00:00,1534.28406775,1533.83984375,XGBoost
2025-04-11 19:00:00,1517.6831465,1518.600341796875,XGBoost
2025-04-11 20:00:00,1468.43017975,1468.69580078125,XGBoost
2025-04-11 21:00:00,1658.528683,1659.73681640625,XGBoost
2025-04-11 22:00:00,1657.243948,1657.033447265625,XGBoost
2025-04-11 23:00:00,1574.50053225,1574.482666015625,XGBoost
2025-04-12 00:00:00,1379.2615135,1378.6236572265625,XGBoost
2025-04-12 01:00:00,1479.0840469999998,1477.5867919921875,XGBoost
2025-04-12 02:00:00,1666.68880525,1662.5721435546875,XGBoost
2025-04-12 03:00:00,1403.44450075,1403.7489013671875,XGBoost
2025-04-12 04:00:00,1439.88851825,1437.5250244140625,XGBoost
2025-04-12 05:00:00,1737.43986875,1736.852783203125,XGBoost
2025-04-12 06:00:00,1550.51063,1550.571044921875,XGBoost
2025-04-12 07:00:00,1533.77302475,1533.3975830078125,XGBoost
2025-04-12 08:00:00,1479.41875325,1479.340087890625,XGBoost
2025-04-12 09:00:00,1459.43264475,1460.2548828125,XGBoost
2025-04-12 10:00:00,1442.35193525,1443.736083984375,XGBoost
2025-04-12 11:00:00,1380.219231,1378.1895751953125,XGBoost
2025-04-12 12:00:00,1484.568698,1484.45263671875,XGBoost
2025-04-12 13:00:00,1582.9238945,1584.0098876953125,XGBoost
2025-04-12 14:00:00,1375.97922625,1376.253662109375,XGBoost
2025-04-12 15:00:00,1530.62820925,1534.5286865234375,XGBoost
2025-04-12 16:00:00,1688.76477525,1689.83544921875,XGBoost
2025-04-12 17:00:00,1387.26520425,1385.80859375,XGBoost
2025-04-12 18:00:00,1517.17688125,1518.527587890625,XGBoost
2025-04-12 19:00:00,1463.3689705,1463.016845703125,XGBoost
2025-04-12 20:00:00,1522.83607075,1523.284912109375,XGBoost
2025-04-12 21:00:00,1506.31531725,1505.468505859375,XGBoost
2025-04-12 22:00:00,1460.4466035,1460.7510986328125,XGBoost
2025-04-12 23:00:00,1457.64312125,1456.9151611328125,XGBoost
2025-04-13 00:00:00,1309.980163,1312.9759521484375,XGBoost
2025-04-13 01:00:00,1472.294218,1473.005859375,XGBoost
2025-04-13 02:00:00,1583.636818,1582.8515625,XGBoost
2025-04-13 03:00:00,1416.47279575,1416.0596923828125,XGBoost
2025-04-13 04:00:00,1606.07395825,1606.159912109375,XGBoost
2025-04-13 05:00:00,1505.75103575,1504.96923828125,XGBoost
2025-04-13 06:00:00,1486.543609,1487.118896484375,XGBoost
2025-04-13 07:00:00,1454.94246325,1454.2274169921875,XGBoost
2025-04-13 08:00:00,1460.12422425,1460.104736328125,XGBoost
2025-04-13 09:00:00,1439.639562,1439.702392578125,XGBoost
2025-04-13 10:00:00,1508.8540245,1509.7176513671875,XGBoost
2025-04-13 11:00:00,1410.1310075,1409.768310546875,XGBoost
2025-04-13 12:00:00,1440.025395,1440.0355224609375,XGBoost
2025-04-13 13:00:00,1537.49310225,1537.43798828125,XGBoost
2025-04-13 14:00:00,1393.5206045,1392.32421875,XGBoost
2025-04-13 15:00:00,1321.3418135,1322.5955810546875,XGBoost
2025-04-13 16:00:00,1550.77144125,1549.5084228515625,XGBoost
2025-04-13 17:00:00,1629.1835285,1628.5662841796875,XGBoost
2025-04-13 18:00:00,1491.49994625,1491.484375,XGBoost
2025-04-13 19:00:00,1421.36219975,1422.043212890625,XGBoost
2025-04-13 20:00:00,1691.6347735,1690.8262939453125,XGBoost
2025-04-13 21:00:00,1705.183662,1703.129638671875,XGBoost
2025-04-13 22:00:00,1484.18982975,1484.32568359375,XGBoost
2025-04-13 23:00:00,1448.58105075,1448.220703125,XGBoost
2025-04-14 00:00:00,1465.7692025,1464.8509521484375,XGBoost
2025-04-14 01:00:00,1612.562237,1613.37060546875,XGBoost
2025-04-14 02:00:00,1553.9973245,1553.70166015625,XGBoost
2025-04-14 03:00:00,1422.31130925,1421.8299560546875,XGBoost
2025-04-14 04:00:00,1683.57925925,1685.045654296875,XGBoost
2025-04-14 05:00:00,1382.632599,1382.1483154296875,XGBoost
2025-04-14 06:00:00,1486.12118125,1486.2841796875,XGBoost
2025-04-14 07:00:00,1517.083226,1516.1937255859375,XGBoost
2025-04-14 08:00:00,1512.80663125,1513.272705078125,XGBoost
2025-04-14 09:00:00,1512.33019075,1511.138916015625,XGBoost
2025-04-14 10:00:00,1508.3529735,1505.7061767578125,XGBoost
2025-04-14 11:00:00,1340.7713885,1341.36767578125,XGBoost
2025-04-14 12:00:00,1519.5273435,1521.41943359375,XGBoost
2025-04-14 13:00:00,1619.02155775,1619.4190673828125,XGBoost
2025-04-14 14:00:00,1590.58795125,1589.7607421875,XGBoost
2025-04-14 15:00:00,1462.45824475,1463.6556396484375,XGBoost
2025-04-14 16:00:00,1523.3111235,1522.3363037109375,XGBoost
2025-04-14 17:00:00,1285.78064385,1290.36181640625,XGBoost
2025-04-14 18:00:00,1343.84963725,1343.2423095703125,XGBoost
2025-04-14 19:00:00,1427.3821355,1427.5140380859375,XGBoost
2025-04-14 20:00:00,1581.530722,1582.459228515625,XGBoost
2025-04-14 21:00:00,1364.061206,1364.9573974609375,XGBoost
2025-04-14 22:00:00,1319.331068625,1318.9749755859375,XGBoost
2025-04-14 23:00:00,1482.1691655,1481.0447998046875,XGBoost
2025-04-15 00:00:00,1557.1081785,1558.6082763671875,XGBoost
2025-04-15 01:00:00,1631.3895425,1632.2587890625,XGBoost
2025-04-15 02:00:00,1585.4021595,1582.9388427734375,XGBoost
2025-04-15 03:00:00,1566.1046310000002,1569.228271484375,XGBoost
2025-04-15 04:00:00,1489.2923785,1490.2841796875,XGBoost
2025-04-15 05:00:00,1398.548458,1401.0277099609375,XGBoost
2025-04-15 06:00:00,1441.12018725,1441.8505859375,XGBoost
2025-04-15 07:00:00,1534.06036075,1533.1534423828125,XGBoost
2025-04-15 08:00:00,1567.32959375,1567.736083984375,XGBoost
2025-04-15 09:00:00,1623.3325825,1622.0030517578125,XGBoost
2025-04-15 10:00:00,1567.8327465,1567.6923828125,XGBoost
2025-04-15 11:00:00,1502.995042,1502.2164306640625,XGBoost
2025-04-15 12:00:00,1431.8743654999998,1431.2835693359375,XGBoost
2025-04-15 13:00:00,1526.1368175,1527.818603515625,XGBoost
2025-04-15 14:00:00,1496.188493,1497.03173828125,XGBoost
2025-04-15 15:00:00,1364.1515399999998,1366.634521484375,XGBoost
2025-04-15 16:00:00,1370.164309,1369.6888427734375,XGBoost
2025-04-15 17:00:00,1628.45507225,1627.7152099609375,XGBoost
2025-04-15 18:00:00,1513.4675745,1513.2479248046875,XGBoost
2025-04-15 19:00:00,1507.8318065,1506.7156982421875,XGBoost
2025-04-15 20:00:00,1408.51637625,1408.97900390625,XGBoost
2025-04-15 21:00:00,1532.1036825,1531.32080078125,XGBoost
2025-04-15 22:00:00,1590.222009,1589.5966796875,XGBoost
2025-04-15 23:00:00,1260.81590225,1264.7607421875,XGBoost
2025-04-16 00:00:00,1380.6116675,1379.6492919921875,XGBoost
2025-04-16 01:00:00,1611.38078425,1611.1270751953125,XGBoost
2025-04-16 02:00:00,1475.1594135,1475.2275390625,XGBoost
2025-04-16 03:00:00,1561.55632525,1560.339599609375,XGBoost
2025-04-16 04:00:00,1591.13859675,1590.1734619140625,XGBoost
2025-04-16 05:00:00,1226.9230085,1217.967529296875,XGBoost
2025-04-16 06:00:00,1589.4227335,1589.6502685546875,XGBoost
2025-04-16 07:00:00,1451.96809075,1451.9329833984375,XGBoost
2025-04-16 08:00:00,1578.52536975,1577.709228515625,XGBoost
2025-04-16 09:00:00,1365.5144745,1364.92138671875,XGBoost
2025-04-16 10:00:00,1526.20286275,1525.7073974609375,XGBoost
2025-04-16 11:00:00,1735.8698635,1732.9390869140625,XGBoost
2025-04-16 12:00:00,1377.287444,1378.094970703125,XGBoost
2025-04-16 13:00:00,1517.23581575,1516.1212158203125,XGBoost
2025-04-16 14:00:00,1245.35224515,1249.3929443359375,XGBoost
2025-04-16 15:00:00,1483.9016695,1483.1705322265625,XGBoost
2025-04-16 16:00:00,1626.72517025,1627.2288818359375,XGBoost
2025-04-16 17:00:00,1738.354564,1736.54443359375,XGBoost
2025-04-16 18:00:00,1450.4183935,1448.968017578125,XGBoost
2025-04-16 19:00:00,1732.3406925,1734.91357421875,XGBoost
2025-04-16 20:00:00,1395.63370825,1395.3668212890625,XGBoost
2025-04-16 21:00:00,1291.551042,1284.9715576171875,XGBoost
2025-04-16 22:00:00,1601.74224975,1600.9580078125,XGBoost
2025-04-16 23:00:00,1441.3518395,1439.7645263671875,XGBoost
2025-04-17 00:00:00,1427.5223892499998,1426.7314453125,XGBoost
2025-04-17 01:00:00,1572.46262475,1571.8128662109375,XGBoost
2025-04-17 02:00:00,1463.5152255,1464.478759765625,XGBoost
2025-04-17 03:00:00,1594.3886065,1594.452880859375,XGBoost
2025-04-17 04:00:00,1472.97196775,1473.6759033203125,XGBoost
2025-04-17 05:00:00,1647.40003075,1644.9298095703125,XGBoost
2025-04-17 06:00:00,1534.4683485,1533.834228515625,XGBoost
2025-04-17 07:00:00,1462.4571885,1463.471435546875,XGBoost
2025-04-17 08:00:00,1403.36339825,1403.71630859375,XGBoost
2025-04-17 09:00:00,1374.58929275,1374.70849609375,XGBoost
2025-04-17 10:00:00,1484.3190745,1485.24609375,XGBoost
2025-04-17 11:00:00,1527.55207375,1527.880615234375,XGBoost
2025-04-17 12:00:00,1478.309574,1478.6036376953125,XGBoost
2025-04-17 13:00:00,1429.58562,1428.7236328125,XGBoost
2025-04-17 14:00:00,1480.56295175,1481.2904052734375,XGBoost
2025-04-17 15:00:00,1362.33971575,1362.2325439453125,XGBoost
2025-04-17 16:00:00,1714.40394725,1710.0921630859375,XGBoost
2025-04-17 17:00:00,1473.903731,1474.21630859375,XGBoost
2025-04-17 18:00:00,1606.688584,1604.0557861328125,XGBoost
2025-04-17 19:00:00,1431.51828275,1430.556884765625,XGBoost
2025-04-17 20:00:00,1535.593668,1535.9501953125,XGBoost
2025-04-17 21:00:00,1543.3134895,1543.619140625,XGBoost
2025-04-17 22:00:00,1497.370817,1498.2774658203125,XGBoost
2025-04-17 23:00:00,1601.05122875,1602.516357421875,XGBoost
2025-04-18 00:00:00,1479.96264925,1479.0723876953125,XGBoost
2025-04-18 01:00:00,1558.47724225,1557.745849609375,XGBoost
2025-04-18 02:00:00,1407.22357925,1407.59912109375,XGBoost
2025-04-18 03:00:00,1272.70514675,1269.6993408203125,XGBoost
2025-04-18 04:00:00,1485.64689075,1486.8594970703125,XGBoost
2025-04-18 05:00:00,1469.050649,1472.0556640625,XGBoost
2025-04-18 06:00:00,1506.90111525,1506.0609130859375,XGBoost
2025-04-18 07:00:00,1372.7394935,1372.5870361328125,XGBoost
2025-04-18 08:00:00,1558.9085169999998,1556.55908203125,XGBoost
2025-04-18 09:00:00,1563.984484,1564.5054931640625,XGBoost
2025-04-18 10:00:00,1343.29741475,1342.9173583984375,XGBoost
2025-04-18 11:00:00,1415.5636734999998,1415.067138671875,XGBoost
2025-04-18 12:00:00,1368.82545825,1369.9393310546875,XGBoost
2025-04-18 13:00:00,1516.05157525,1515.796142578125,XGBoost
2025-04-18 14:00:00,1517.764854,1517.176513671875,XGBoost
2025-04-18 15:00:00,1503.04871725,1502.64404296875,XGBoost
2025-04-18 16:00:00,1416.667901,1416.838134765625,XGBoost
2025-04-18 17:00:00,1366.2075335,1367.8448486328125,XGBoost
2025-04-18 18:00:00,1557.86960025,1557.3214111328125,XGBoost
2025-04-18 19:00:00,1487.13191375,1486.7152099609375,XGBoost
2025-04-18 20:00:00,1473.5941185,1474.6177978515625,XGBoost
2025-04-18 21:00:00,1546.10573175,1544.6365966796875,XGBoost
2025-04-18 22:00:00,1693.09656675,1691.5880126953125,XGBoost
2025-04-18 23:00:00,1413.84483375,1413.1719970703125,XGBoost
2025-04-19 00:00:00,1509.1075075,1509.651123046875,XGBoost
2025-04-19 01:00:00,1631.5899405,1631.366455078125,XGBoost
2025-04-19 02:00:00,1475.5282035,1475.05126953125,XGBoost
2025-04-19 03:00:00,1646.6934455,1646.8309326171875,XGBoost
2025-04-19 04:00:00,1525.544243,1522.922607421875,XGBoost
2025-04-19 05:00:00,1600.11986025,1600.481689453125,XGBoost
2025-04-19 06:00:00,1608.7543405,1610.716552734375,XGBoost
2025-04-19 07:00:00,1425.3073095,1425.263916015625,XGBoost
2025-04-19 08:00:00,1576.83325025,1576.3914794921875,XGBoost
2025-04-19 09:00:00,1590.29504475,1590.1768798828125,XGBoost
2025-04-19 10:00:00,1389.5717245,1389.287353515625,XGBoost
2025-04-19 11:00:00,1678.875884,1679.416748046875,XGBoost
2025-04-19 12:00:00,1458.976378,1457.6630859375,XGBoost
2025-04-19 13:00:00,1474.619211,1474.797607421875,XGBoost
2025-04-19 14:00:00,1570.42509775,1571.3033447265625,XGBoost
2025-04-19 15:00:00,1559.6248165,1561.205078125,XGBoost
2025-04-19 16:00:00,1460.68583075,1460.3892822265625,XGBoost
2025-04-19 17:00:00,1459.6529285,1458.767333984375,XGBoost
2025-04-19 18:00:00,1496.90186075,1496.2078857421875,XGBoost
2025-04-19 19:00:00,1570.21227275,1569.7109375,XGBoost
2025-04-19 20:00:00,1456.853713,1458.205810546875,XGBoost
2025-04-19 21:00:00,1580.3476175,1581.1351318359375,XGBoost
2025-04-19 22:00:00,1500.15909225,1500.793701171875,XGBoost
2025-04-19 23:00:00,1427.326668,1426.527587890625,XGBoost
2025-04-20 00:00:00,1643.56796975,1643.2987060546875,XGBoost
2025-04-20 01:00:00,1481.903444,1481.9752197265625,XGBoost
2025-04-20 02:00:00,1556.26700675,1555.888916015625,XGBoost
2025-04-20 03:00:00,1683.44929375,1685.043701171875,XGBoost
2025-04-20 04:00:00,1424.16826925,1426.30810546875,XGBoost
2025-04-20 05:00:00,1371.6002039999998,1372.8140869140625,XGBoost
2025-04-20 06:00:00,1573.98010975,1570.669921875,XGBoost
2025-04-20 07:00:00,1447.70858175,1447.4156494140625,XGBoost
2025-04-20 08:00:00,1605.23243225,1603.70703125,XGBoost
2025-04-20 09:00:00,1596.7656965,1596.166259765625,XGBoost
2025-04-20 10:00:00,1335.900551,1336.1500244140625,XGBoost
2025-04-20 11:00:00,1589.75995525,1589.4852294921875,XGBoost
2025-04-20 12:00:00,1539.6612015,1539.6654052734375,XGBoost
2025-04-20 13:00:00,1433.44243975,1433.216796875,XGBoost
2025-04-20 14:00:00,1469.2850825,1469.189697265625,XGBoost
2025-04-20 15:00:00,1573.626354,1574.792724609375,XGBoost
2025-04-20 16:00:00,1557.6104105,1556.2730712890625,XGBoost
2025-04-20 17:00:00,1542.19010975,1541.294921875,XGBoost
2025-04-20 18:00:00,1414.734937,1414.3011474609375,XGBoost
2025-04-20 19:00:00,1518.79475775,1519.1708984375,XGBoost
2025-04-20 20:00:00,1402.7916165,1402.618896484375,XGBoost
2025-04-20 21:00:00,1550.7001487500002,1551.28125,XGBoost
2025-04-20 22:00:00,1521.060743,1518.754638671875,XGBoost
2025-04-20 23:00:00,1588.299875,1590.08935546875,XGBoost
2025-04-21 00:00:00,1477.284003,1476.2125244140625,XGBoost
2025-04-21 01:00:00,1423.2730877499998,1423.0311279296875,XGBoost
2025-04-21 02:00:00,1514.490005,1515.1507568359375,XGBoost
2025-04-21 03:00:00,1480.468924,1479.134765625,XGBoost
2025-04-21 04:00:00,1532.40634775,1531.9024658203125,XGBoost
2025-04-21 05:00:00,1312.215414,1312.899658203125,XGBoost
2025-04-21 06:00:00,1559.08742225,1557.575439453125,XGBoost
2025-04-21 07:00:00,1423.2948582499998,1422.4425048828125,XGBoost
2025-04-21 08:00:00,1574.316532,1574.465087890625,XGBoost
2025-04-21 09:00:00,1352.9907085,1352.59521484375,XGBoost
2025-04-21 10:00:00,1531.328767,1530.94580078125,XGBoost
2025-04-21 11:00:00,1465.846379,1467.5732421875,XGBoost
2025-04-21 12:00:00,1367.39693375,1366.928955078125,XGBoost
2025-04-21 13:00:00,1550.3847105,1550.2464599609375,XGBoost
2025-04-21 14:00:00,1455.13154575,1455.1539306640625,XGBoost
2025-04-21 15:00:00,1427.057811,1427.8778076171875,XGBoost
2025-04-21 16:00:00,1683.9628665,1685.33837890625,XGBoost
2025-04-21 17:00:00,1470.080386,1469.129150390625,XGBoost
2025-04-21 18:00:00,1420.9857125,1420.9058837890625,XGBoost
2025-04-21 19:00:00,1602.0286082500002,1603.5277099609375,XGBoost
2025-04-21 20:00:00,1454.144446,1454.954833984375,XGBoost
2025-04-21 21:00:00,1580.0543425,1580.477783203125,XGBoost
2025-04-21 22:00:00,1517.1148815,1517.06005859375,XGBoost
2025-04-21 23:00:00,1533.9359255,1534.443115234375,XGBoost
2025-04-22 00:00:00,1517.413734,1517.643310546875,XGBoost
2025-04-22 01:00:00,1599.94841075,1599.024658203125,XGBoost
2025-04-22 02:00:00,1575.66771825,1576.6644287109375,XGBoost
2025-04-22 03:00:00,1476.6239805,1475.44970703125,XGBoost
2025-04-22 04:00:00,1385.07056625,1385.4102783203125,XGBoost
2025-04-22 05:00:00,1523.88964,1523.4007568359375,XGBoost
2025-04-22 06:00:00,1521.43341375,1521.849853515625,XGBoost
2025-04-22 07:00:00,1702.159219,1699.86572265625,XGBoost
2025-04-22 08:00:00,1389.845116,1389.4755859375,XGBoost
2025-04-22 09:00:00,1480.04424725,1479.747314453125,XGBoost
2025-04-22 10:00:00,1442.7735025,1443.9815673828125,XGBoost
2025-04-22 11:00:00,1494.3042425,1493.638671875,XGBoost
2025-04-22 12:00:00,1586.13451725,1585.6162109375,XGBoost
2025-04-22 13:00:00,1525.38027525,1527.010498046875,XGBoost
2025-04-22 14:00:00,1492.2097680000002,1493.0992431640625,XGBoost
2025-04-22 15:00:00,1439.4103125,1439.6473388671875,XGBoost
2025-04-22 16:00:00,1551.659825,1550.9681396484375,XGBoost
2025-04-22 17:00:00,1617.49304975,1615.9317626953125,XGBoost
2025-04-22 18:00:00,1564.947758,1565.35107421875,XGBoost
2025-04-22 19:00:00,1562.17459375,1563.3133544921875,XGBoost
2025-04-22 20:00:00,1519.78013525,1517.5430908203125,XGBoost
2025-04-22 21:00:00,1583.969661,1584.868408203125,XGBoost
2025-04-22 22:00:00,1510.254443,1511.2298583984375,XGBoost
2025-04-22 23:00:00,1540.229605,1540.6671142578125,XGBoost
2025-04-23 00:00:00,1603.1513865,1600.04296875,XGBoost
2025-04-23 01:00:00,1483.60973275,1484.2000732421875,XGBoost
2025-04-23 02:00:00,1492.76280675,1492.8212890625,XGBoost
2025-04-23 03:00:00,1556.846489,1559.5325927734375,XGBoost
2025-04-23 04:00:00,1474.84336025,1474.83935546875,XGBoost
2025-04-23 05:00:00,1557.96306525,1558.5889892578125,XGBoost
2025-04-23 06:00:00,1358.9683545,1360.0384521484375,XGBoost
2025-04-23 07:00:00,1471.09744075,1471.33837890625,XGBoost
2025-04-23 08:00:00,1406.65949825,1404.863037109375,XGBoost
2025-04-23 09:00:00,1576.42391825,1574.031982421875,XGBoost
2025-04-23 10:00:00,1576.87625875,1575.301025390625,XGBoost
2025-04-23 11:00:00,1509.32323,1507.4739990234375,XGBoost
2025-04-23 12:00:00,1542.19651225,1543.04541015625,XGBoost
2025-04-23 13:00:00,1737.2282345,1741.835205078125,XGBoost
2025-04-23 14:00:00,1516.21360825,1515.2725830078125,XGBoost
2025-04-23 15:00:00,1403.6548847499998,1404.0150146484375,XGBoost
2025-04-23 16:00:00,1662.37696625,1663.6763916015625,XGBoost
2025-04-23 17:00:00,1225.740877,1210.18896484375,XGBoost
2025-04-23 18:00:00,1423.3529565,1421.8175048828125,XGBoost
2025-04-23 19:00:00,1316.93444025,1314.896728515625,XGBoost
2025-04-23 20:00:00,1595.251743,1597.0982666015625,XGBoost
2025-04-23 21:00:00,1422.50287675,1423.0325927734375,XGBoost
2025-04-23 22:00:00,1499.14039825,1500.46142578125,XGBoost
2025-04-23 23:00:00,1399.62185525,1400.9276123046875,XGBoost
2025-04-24 00:00:00,1555.371962,1555.5411376953125,XGBoost
2025-04-24 01:00:00,1478.06464225,1478.7257080078125,XGBoost
2025-04-24 02:00:00,1579.65833525,1576.9190673828125,XGBoost
2025-04-24 03:00:00,1479.1802525,1478.9749755859375,XGBoost
2025-04-24 04:00:00,1567.64578,1568.845458984375,XGBoost
2025-04-24 05:00:00,1487.1846302499998,1486.9537353515625,XGBoost
2025-04-24 06:00:00,1608.30112675,1607.2919921875,XGBoost
2025-04-24 07:00:00,1391.0006475,1391.4403076171875,XGBoost
2025-04-24 08:00:00,1684.295515,1683.52587890625,XGBoost
2025-04-24 09:00:00,1508.1256707500002,1508.71533203125,XGBoost
2025-04-24 10:00:00,1621.50837825,1622.272705078125,XGBoost
2025-04-24 11:00:00,1703.39926375,1705.9923095703125,XGBoost
2025-04-24 12:00:00,1372.645071,1373.1397705078125,XGBoost
2025-04-24 13:00:00,1457.61645425,1457.76123046875,XGBoost
2025-04-24 14:00:00,1421.87284075,1422.56591796875,XGBoost
2025-04-24 15:00:00,1516.836891,1517.623046875,XGBoost
2025-04-24 16:00:00,1690.36721425,1691.363037109375,XGBoost
2025-04-24 17:00:00,1612.677674,1610.8448486328125,XGBoost
2025-04-24 18:00:00,1578.2709275,1577.98095703125,XGBoost
2025-04-24 19:00:00,1513.6457915,1514.36181640625,XGBoost
2025-04-24 20:00:00,1269.175097975,1269.53759765625,XGBoost
2025-04-24 21:00:00,1367.07145,1367.5438232421875,XGBoost
2025-04-24 22:00:00,1499.82964225,1500.148681640625,XGBoost
2025-04-24 23:00:00,1456.7794115,1455.59521484375,XGBoost
2025-04-25 00:00:00,1507.62797375,1508.3975830078125,XGBoost
2025-04-25 01:00:00,1558.57726125,1557.865478515625,XGBoost
2025-04-25 02:00:00,1582.49108825,1583.752197265625,XGBoost
2025-04-25 03:00:00,1495.6020435,1496.890625,XGBoost
2025-04-25 04:00:00,1346.39498275,1345.6376953125,XGBoost
2025-04-25 05:00:00,1433.7520925,1434.4822998046875,XGBoost
2025-04-25 06:00:00,1393.530223,1393.4739990234375,XGBoost
2025-04-25 07:00:00,1533.9413395,1533.59228515625,XGBoost
2025-04-25 08:00:00,1529.28290725,1527.64697265625,XGBoost
2025-04-25 09:00:00,1372.8093045,1370.716064453125,XGBoost
2025-04-25 10:00:00,1590.404855,1591.3388671875,XGBoost
2025-04-25 11:00:00,1391.3105245,1390.8155517578125,XGBoost
2025-04-25 12:00:00,1416.22936975,1416.3154296875,XGBoost
2025-04-25 13:00:00,1729.4022775,1733.6533203125,XGBoost
2025-04-25 14:00:00,1309.21021875,1313.846435546875,XGBoost
2025-04-25 15:00:00,1711.0231015,1708.3651123046875,XGBoost
2025-04-25 16:00:00,1314.52528225,1311.0621337890625,XGBoost
2025-04-25 17:00:00,1639.32526175,1636.6995849609375,XGBoost
2025-04-25 18:00:00,1549.2810115,1547.34814453125,XGBoost
2025-04-25 19:00:00,1510.3717955,1511.1739501953125,XGBoost
2025-04-25 20:00:00,1575.334444,1574.385986328125,XGBoost
2025-04-25 21:00:00,1684.8694595,1684.1339111328125,XGBoost
2025-04-25 22:00:00,1360.016193,1361.4605712890625,XGBoost
2025-04-25 23:00:00,1216.4392560249998,1214.5440673828125,XGBoost
2025-04-26 00:00:00,1578.6603905,1579.2685546875,XGBoost
2025-04-26 01:00:00,1420.46559375,1421.659423828125,XGBoost
2025-04-26 02:00:00,1609.66583425,1605.71240234375,XGBoost
2025-04-26 03:00:00,1361.2447385,1361.3712158203125,XGBoost
2025-04-26 04:00:00,1410.44216625,1410.3707275390625,XGBoost
2025-04-26 05:00:00,1282.753942,1279.611572265625,XGBoost
2025-04-26 06:00:00,1509.710107,1509.544189453125,XGBoost
2025-04-26 07:00:00,1529.89252525,1529.3653564453125,XGBoost
2025-04-26 08:00:00,1573.23808725,1572.9072265625,XGBoost
2025-04-26 09:00:00,1561.07796725,1560.15234375,XGBoost
2025-04-26 10:00:00,1446.3838355,1446.90380859375,XGBoost
2025-04-26 11:00:00,1556.937552,1555.7020263671875,XGBoost
2025-04-26 12:00:00,1543.89010225,1544.804443359375,XGBoost
2025-04-26 13:00:00,1486.47901825,1485.88818359375,XGBoost
2025-04-26 14:00:00,1235.6900868,1246.5643310546875,XGBoost
2025-04-26 15:00:00,1579.34497025,1578.9957275390625,XGBoost
2025-04-26 16:00:00,1568.64977025,1568.3707275390625,XGBoost
2025-04-26 17:00:00,1462.643378,1461.3016357421875,XGBoost
2025-04-26 18:00:00,1396.322821,1396.8428955078125,XGBoost
2025-04-26 19:00:00,1378.3004105,1378.25146484375,XGBoost
2025-04-26 20:00:00,1411.051862,1410.5916748046875,XGBoost
2025-04-26 21:00:00,1543.35917125,1544.3165283203125,XGBoost
2025-04-26 22:00:00,1378.16311425,1376.5733642578125,XGBoost
2025-04-26 23:00:00,1532.1302385,1532.610107421875,XGBoost
2025-04-27 00:00:00,1384.3529565,1384.3858642578125,XGBoost
2025-04-27 01:00:00,1509.66306,1509.612548828125,XGBoost
2025-04-27 02:00:00,1590.227927,1590.2667236328125,XGBoost
2025-04-27 03:00:00,1615.46670025,1615.3966064453125,XGBoost
2025-04-27 04:00:00,1444.19013525,1443.214599609375,XGBoost
2025-04-27 05:00:00,1493.8256735,1494.4049072265625,XGBoost
2025-04-27 06:00:00,1320.53054225,1323.5172119140625,XGBoost
2025-04-27 07:00:00,1517.28834425,1516.6129150390625,XGBoost
2025-04-27 08:00:00,1411.735611,1412.130126953125,XGBoost
2025-04-27 09:00:00,1286.860628225,1290.6240234375,XGBoost
2025-04-27 10:00:00,1518.7159285,1518.5032958984375,XGBoost
2025-04-27 11:00:00,1595.19533675,1594.1954345703125,XGBoost
2025-04-27 12:00:00,1414.020166,1414.64013671875,XGBoost
2025-04-27 13:00:00,1420.50967925,1419.9559326171875,XGBoost
2025-04-27 14:00:00,1667.6831834999998,1671.389892578125,XGBoost
2025-04-27 15:00:00,1579.4020015,1579.335205078125,XGBoost
2025-04-27 16:00:00,1481.45302425,1480.68212890625,XGBoost
2025-04-27 17:00:00,1467.26432525,1467.2105712890625,XGBoost
2025-04-27 18:00:00,1610.877908,1612.4779052734375,XGBoost
2025-04-27 19:00:00,1421.5983065,1421.6685791015625,XGBoost
2025-04-27 20:00:00,1585.881643,1586.3343505859375,XGBoost
2025-04-27 21:00:00,1590.7313445,1586.84326171875,XGBoost
2025-04-27 22:00:00,1537.256511,1537.906982421875,XGBoost
2025-04-27 23:00:00,1580.6162565,1580.365966796875,XGBoost
2025-04-28 00:00:00,1359.6233714999998,1361.6041259765625,XGBoost
2025-04-28 01:00:00,1303.13559975,1306.7216796875,XGBoost
2025-04-28 02:00:00,1486.116819,1484.21826171875,XGBoost
2025-04-28 03:00:00,1580.222764,1579.9615478515625,XGBoost
2025-04-28 04:00:00,1424.21067575,1424.8604736328125,XGBoost
2025-04-28 05:00:00,1434.221992,1435.381103515625,XGBoost
2025-04-28 06:00:00,1527.78849775,1527.180419921875,XGBoost
2025-04-28 07:00:00,1469.129794,1469.8323974609375,XGBoost
2025-04-28 08:00:00,1540.44486925,1541.427001953125,XGBoost
2025-04-28 09:00:00,1427.50337525,1428.1588134765625,XGBoost
2025-04-28 10:00:00,1648.1089965,1648.4150390625,XGBoost
2025-04-28 11:00:00,1466.4578605,1467.05517578125,XGBoost
2025-04-28 12:00:00,1392.15338025,1392.2230224609375,XGBoost
2025-04-28 13:00:00,1544.913278,1545.63232421875,XGBoost
2025-04-28 14:00:00,1604.02087025,1604.4921875,XGBoost
2025-04-28 15:00:00,1565.71820425,1564.401123046875,XGBoost
2025-04-28 16:00:00,1320.175503,1321.426513671875,XGBoost
2025-04-28 17:00:00,1531.97993525,1531.7850341796875,XGBoost
2025-04-28 18:00:00,1498.08231275,1498.77587890625,XGBoost
2025-04-28 19:00:00,1466.161788,1465.8721923828125,XGBoost
2025-04-28 20:00:00,1564.1231223,1563.007568359375,XGBoost
2025-04-28 21:00:00,1490.2108765,1493.342041015625,XGBoost
2025-04-28 22:00:00,1394.5115025,1393.7677001953125,XGBoost
2025-04-28 23:00:00,1537.030208,1538.6871337890625,XGBoost
2025-04-29 00:00:00,1597.585474,1599.13330078125,XGBoost
2025-04-29 01:00:00,1424.7652625,1423.98291015625,XGBoost
2025-04-29 02:00:00,1423.15003475,1421.950439453125,XGBoost
2025-04-29 03:00:00,1418.105519,1419.8433837890625,XGBoost
2025-04-29 04:00:00,1421.81210225,1421.9241943359375,XGBoost
2025-04-29 05:00:00,1574.20177825,1574.01025390625,XGBoost
2025-04-29 06:00:00,1634.57459525,1632.80078125,XGBoost
2025-04-29 07:00:00,1503.590364,1502.8446044921875,XGBoost
2025-04-29 08:00:00,1619.611725,1620.187744140625,XGBoost
2025-04-29 09:00:00,1509.35475775,1508.6097412109375,XGBoost
2025-04-29 10:00:00,1443.30475475,1443.8345947265625,XGBoost
2025-04-29 11:00:00,1410.90336625,1410.9764404296875,XGBoost
2025-04-29 12:00:00,1469.45322525,1469.348388671875,XGBoost
2025-04-29 13:00:00,1570.3268945,1568.6563720703125,XGBoost
2025-04-29 14:00:00,1525.61514025,1527.094482421875,XGBoost
2025-04-29 15:00:00,1485.448364,1485.6163330078125,XGBoost
2025-04-29 16:00:00,1608.02373475,1608.18994140625,XGBoost
2025-04-29 17:00:00,1518.7934725,1519.051513671875,XGBoost
2025-04-29 18:00:00,1504.15088625,1505.316650390625,XGBoost
2025-04-29 19:00:00,1426.8794165,1426.3577880859375,XGBoost
2025-04-29 20:00:00,1448.48218275,1448.3924560546875,XGBoost
2025-04-29 21:00:00,1552.7552635,1553.256591796875,XGBoost
2025-04-29 22:00:00,1255.45170825,1250.484130859375,XGBoost
2025-04-29 23:00:00,1436.216965,1436.3582763671875,XGBoost
2025-04-30 00:00:00,1322.4582729,1323.364501953125,XGBoost
2025-04-30 01:00:00,1497.705594,1498.785888671875,XGBoost
2025-04-30 02:00:00,1608.63546825,1608.3173828125,XGBoost
2025-04-30 03:00:00,1424.60624275,1425.0732421875,XGBoost
2025-04-30 04:00:00,1568.075437,1568.98779296875,XGBoost
2025-04-30 05:00:00,1596.60121575,1595.9447021484375,XGBoost
2025-04-30 06:00:00,1419.980612725,1419.4539794921875,XGBoost
2025-04-30 07:00:00,1467.17620975,1467.243896484375,XGBoost
2025-04-30 08:00:00,1619.88920075,1619.890625,XGBoost
2025-04-30 09:00:00,1394.9392855,1394.075439453125,XGBoost
2025-04-30 10:00:00,1467.519901,1466.47607421875,XGBoost
2025-04-30 11:00:00,1597.8428955,1597.1717529296875,XGBoost
2025-04-30 12:00:00,1550.454747,1551.3740234375,XGBoost
2025-04-30 13:00:00,1430.8405255,1430.2529296875,XGBoost
2025-04-30 14:00:00,1556.416166,1556.4405517578125,XGBoost
2025-04-30 15:00:00,1488.83171275,1489.231201171875,XGBoost
2025-04-30 16:00:00,1414.69351025,1414.048828125,XGBoost
2025-04-30 17:00:00,1563.17988125,1563.235107421875,XGBoost
2025-04-30 18:00:00,1581.0814605,1580.779296875,XGBoost
2025-04-30 19:00:00,1587.17813275,1587.1650390625,XGBoost
2025-04-30 20:00:00,1512.6006385,1515.0423583984375,XGBoost
2025-04-30 21:00:00,1644.27730875,1643.44873046875,XGBoost
2025-04-30 22:00:00,1487.623192,1486.498291015625,XGBoost
2025-04-30 23:00:00,1650.54173775,1649.389892578125,XGBoost
2025-05-01 00:00:00,1351.03585475,1348.2635498046875,XGBoost
2025-05-01 01:00:00,1471.741677,1471.9935302734375,XGBoost
2025-05-01 02:00:00,1727.76943575,1722.119140625,XGBoost
2025-05-01 03:00:00,1463.9885995,1463.788330078125,XGBoost
2025-05-01 04:00:00,1500.41611775,1500.1790771484375,XGBoost
2025-05-01 05:00:00,1297.475812,1298.3206787109375,XGBoost
2025-05-01 06:00:00,1658.0305055,1658.3321533203125,XGBoost
2025-05-01 07:00:00,1584.83260075,1584.7176513671875,XGBoost
2025-05-01 08:00:00,1481.99896775,1482.90283203125,XGBoost
2025-05-01 09:00:00,1398.40382875,1398.476318359375,XGBoost
2025-05-01 10:00:00,1678.3796925,1678.349853515625,XGBoost
2025-05-01 11:00:00,1582.24600975,1582.3857421875,XGBoost
2025-05-01 12:00:00,1620.1128275,1618.314208984375,XGBoost
2025-05-01 13:00:00,1549.63601975,1550.2459716796875,XGBoost
2025-05-01 14:00:00,1524.79014225,1524.469482421875,XGBoost
2025-05-01 15:00:00,1434.8576475,1434.9207763671875,XGBoost
2025-05-01 16:00:00,1374.631709,1373.7237548828125,XGBoost
2025-05-01 17:00:00,1369.05931475,1370.0479736328125,XGBoost
2025-05-01 18:00:00,1477.717343,1478.21484375,XGBoost
2025-05-01 19:00:00,1482.5873385,1483.322998046875,XGBoost
2025-05-01 20:00:00,1682.07628275,1683.1038818359375,XGBoost
2025-05-01 21:00:00,1604.67834,1605.2808837890625,XGBoost
2025-05-01 22:00:00,1393.1207507499998,1393.070068359375,XGBoost
2025-05-01 23:00:00,1393.1518468,1389.8563232421875,XGBoost
2025-05-02 00:00:00,1576.2244995,1576.318603515625,XGBoost
2025-05-02 01:00:00,1410.38964225,1411.0355224609375,XGBoost
2025-05-02 02:00:00,1508.39785875,1509.0267333984375,XGBoost
2025-05-02 03:00:00,1393.333766,1393.3233642578125,XGBoost
2025-05-02 04:00:00,1543.1377675,1541.9378662109375,XGBoost
2025-05-02 05:00:00,1594.46858525,1597.02978515625,XGBoost
2025-05-02 06:00:00,1524.867498,1525.36181640625,XGBoost
2025-05-02 07:00:00,1510.15267475,1510.6990966796875,XGBoost
2025-05-02 08:00:00,1332.5136555,1329.70703125,XGBoost
2025-05-02 09:00:00,1606.1509595,1607.34716796875,XGBoost
2025-05-02 10:00:00,1265.1984455,1270.9046630859375,XGBoost
2025-05-02 11:00:00,1497.10608875,1496.864013671875,XGBoost
2025-05-02 12:00:00,1480.8121525,1481.2545166015625,XGBoost
2025-05-02 13:00:00,1594.95850025,1593.551025390625,XGBoost
2025-05-02 14:00:00,1589.30974625,1587.6617431640625,XGBoost
2025-05-02 15:00:00,1359.94313975,1359.4124755859375,XGBoost
2025-05-02 16:00:00,1516.6926915,1517.1781005859375,XGBoost
2025-05-02 17:00:00,1617.690381,1618.5162353515625,XGBoost
2025-05-02 18:00:00,1470.91944825,1470.8272705078125,XGBoost
2025-05-02 19:00:00,1365.13521325,1363.85302734375,XGBoost
2025-05-02 20:00:00,1539.12916675,1539.3187255859375,XGBoost
2025-05-02 21:00:00,1644.40089075,1642.9041748046875,XGBoost
2025-05-02 22:00:00,1497.702079,1498.005859375,XGBoost
2025-05-02 23:00:00,1406.1092505,1404.39501953125,XGBoost
2025-05-03 00:00:00,1511.647156,1511.220947265625,XGBoost
2025-05-03 01:00:00,1532.05360675,1532.789306640625,XGBoost
2025-05-03 02:00:00,1497.206998,1497.66162109375,XGBoost
2025-05-03 03:00:00,1466.16485,1466.3736572265625,XGBoost
2025-05-03 04:00:00,1349.86487925,1345.3585205078125,XGBoost
2025-05-03 05:00:00,1566.47717825,1566.62841796875,XGBoost
2025-05-03 06:00:00,1558.08236925,1557.302978515625,XGBoost
2025-05-03 07:00:00,1379.180123,1380.5946044921875,XGBoost
2025-05-03 08:00:00,1593.109628,1592.837158203125,XGBoost
2025-05-03 09:00:00,1416.4892115,1416.66064453125,XGBoost
2025-05-03 10:00:00,1354.24580425,1355.4910888671875,XGBoost
2025-05-03 11:00:00,1424.4008865,1424.2813720703125,XGBoost
2025-05-03 12:00:00,1539.59198275,1540.943359375,XGBoost
2025-05-03 13:00:00,1675.032524,1673.1348876953125,XGBoost
2025-05-03 14:00:00,1529.451365,1529.884521484375,XGBoost
2025-05-03 15:00:00,1537.5642535,1536.9906005859375,XGBoost
2025-05-03 16:00:00,1650.87631375,1653.0494384765625,XGBoost
2025-05-03 17:00:00,1391.8667225,1392.2025146484375,XGBoost
2025-05-03 18:00:00,1557.82045125,1558.4700927734375,XGBoost
2025-05-03 19:00:00,1585.66838925,1582.062744140625,XGBoost
2025-05-03 20:00:00,1365.51981275,1365.721923828125,XGBoost
2025-05-03 21:00:00,1411.14907,1411.392578125,XGBoost
2025-05-03 22:00:00,1477.04576075,1476.23193359375,XGBoost
2025-05-03 23:00:00,1415.446541,1415.7490234375,XGBoost
2025-05-04 00:00:00,1280.5345252,1282.7108154296875,XGBoost
2025-05-04 01:00:00,1443.9544135,1444.468505859375,XGBoost
2025-05-04 02:00:00,1564.61325775,1562.2113037109375,XGBoost
2025-05-04 03:00:00,1428.408185,1428.4603271484375,XGBoost
2025-05-04 04:00:00,1511.97233825,1513.038330078125,XGBoost
2025-05-04 05:00:00,1719.122639,1720.1842041015625,XGBoost
2025-05-04 06:00:00,1584.94035725,1584.0567626953125,XGBoost
2025-05-04 07:00:00,1611.14196275,1611.10205078125,XGBoost
2025-05-04 08:00:00,1443.48894525,1444.2833251953125,XGBoost
2025-05-04 09:00:00,1459.6329315,1459.1671142578125,XGBoost
2025-05-04 10:00:00,1412.2647455,1411.9295654296875,XGBoost
2025-05-04 11:00:00,1413.960155,1412.272216796875,XGBoost
2025-05-04 12:00:00,1512.59018975,1512.457763671875,XGBoost
2025-05-04 13:00:00,1524.829883,1524.6177978515625,XGBoost
2025-05-04 14:00:00,1523.21849675,1522.4993896484375,XGBoost
2025-05-04 15:00:00,1418.49635475,1418.4052734375,XGBoost
2025-05-04 16:00:00,1370.754002,1372.4852294921875,XGBoost
2025-05-04 17:00:00,1359.19674475,1359.427490234375,XGBoost
2025-05-04 18:00:00,1532.046292,1531.8682861328125,XGBoost
2025-05-04 19:00:00,1668.136674,1670.38525390625,XGBoost
2025-05-04 20:00:00,1434.51360725,1434.4383544921875,XGBoost
2025-05-04 21:00:00,1562.10214125,1563.38427734375,XGBoost
2025-05-04 22:00:00,1588.0176495,1587.102294921875,XGBoost
2025-05-04 23:00:00,1526.0639635,1527.60107421875,XGBoost
2025-05-05 00:00:00,1484.63930225,1484.943603515625,XGBoost
2025-05-05 01:00:00,1361.0628085,1359.65771484375,XGBoost
2025-05-05 02:00:00,1610.287204,1609.774658203125,XGBoost
2025-05-05 03:00:00,1459.24436,1458.1998291015625,XGBoost
2025-05-05 04:00:00,1427.69262975,1427.8734130859375,XGBoost
2025-05-05 05:00:00,1444.507856,1445.8184814453125,XGBoost
2025-05-05 06:00:00,1521.161483,1522.000244140625,XGBoost
2025-05-05 07:00:00,1461.04465025,1461.42919921875,XGBoost
2025-05-05 08:00:00,1461.6874,1460.407470703125,XGBoost
2025-05-05 09:00:00,1541.9586415,1540.797607421875,XGBoost
2025-05-05 10:00:00,1567.33129825,1565.3397216796875,XGBoost
2025-05-05 11:00:00,1442.06507225,1442.0186767578125,XGBoost
2025-05-05 12:00:00,1518.781966,1519.501953125,XGBoost
2025-05-05 13:00:00,1608.7210045,1610.111572265625,XGBoost
2025-05-05 14:00:00,1432.4884145,1433.553466796875,XGBoost
2025-05-05 15:00:00,1484.05956225,1484.4180908203125,XGBoost
2025-05-05 16:00:00,1436.46248725,1435.9522705078125,XGBoost
2025-05-05 17:00:00,1606.285569,1606.85205078125,XGBoost
2025-05-05 18:00:00,1453.2978645,1454.4019775390625,XGBoost
2025-05-05 19:00:00,1332.74107725,1330.8997802734375,XGBoost
2025-05-05 20:00:00,1445.9101815,1444.8492431640625,XGBoost
2025-05-05 21:00:00,1588.7892645,1588.779541015625,XGBoost
2025-05-05 22:00:00,1397.0479867,1397.9468994140625,XGBoost
2025-05-05 23:00:00,1424.58626225,1424.4036865234375,XGBoost
2025-05-06 00:00:00,1406.637311,1407.934326171875,XGBoost
2025-05-06 01:00:00,1526.2073555,1525.468017578125,XGBoost
2025-05-06 02:00:00,1558.7722595,1558.08740234375,XGBoost
2025-05-06 03:00:00,1550.240454,1549.6524658203125,XGBoost
2025-05-06 04:00:00,1415.46164475,1415.59130859375,XGBoost
2025-05-06 05:00:00,1387.814672,1388.0274658203125,XGBoost
2025-05-06 06:00:00,1313.57949525,1312.4293212890625,XGBoost
2025-05-06 07:00:00,1481.156637,1480.0377197265625,XGBoost
2025-05-06 08:00:00,1515.410684,1514.8021240234375,XGBoost
2025-05-06 09:00:00,1676.314772,1676.193115234375,XGBoost
2025-05-06 10:00:00,1412.0626925,1412.14501953125,XGBoost
2025-05-06 11:00:00,1583.1753922500002,1582.967529296875,XGBoost
2025-05-06 12:00:00,1591.60778625,1591.89892578125,XGBoost
2025-05-06 13:00:00,1322.30702425,1323.533447265625,XGBoost
2025-05-06 14:00:00,1333.18140675,1336.962646484375,XGBoost
2025-05-06 15:00:00,1569.030856,1569.6019287109375,XGBoost
2025-05-06 16:00:00,1610.80191575,1611.762939453125,XGBoost
2025-05-06 17:00:00,1391.096426,1389.9383544921875,XGBoost
2025-05-06 18:00:00,1600.95257425,1599.80908203125,XGBoost
2025-05-06 19:00:00,1411.85508925,1411.1124267578125,XGBoost
2025-05-06 20:00:00,1538.645754,1537.0950927734375,XGBoost
2025-05-06 21:00:00,1506.902287,1507.145263671875,XGBoost
2025-05-06 22:00:00,1386.02710475,1383.1561279296875,XGBoost
2025-05-06 23:00:00,1538.54888525,1537.746826171875,XGBoost
2025-05-07 00:00:00,1427.922738,1427.8526611328125,XGBoost
2025-05-07 01:00:00,1527.9891395,1527.25732421875,XGBoost
2025-05-07 02:00:00,1535.15206675,1535.6654052734375,XGBoost
2025-05-07 03:00:00,1634.87235725,1634.9970703125,XGBoost
2025-05-07 04:00:00,1391.97568825,1392.7415771484375,XGBoost
2025-05-07 05:00:00,1518.2806735,1517.9227294921875,XGBoost
2025-05-07 06:00:00,1394.1878419999998,1393.4384765625,XGBoost
2025-05-07 07:00:00,1346.7797445,1344.8536376953125,XGBoost
2025-05-07 08:00:00,1742.13302875,1736.7532958984375,XGBoost
2025-05-07 09:00:00,1418.13759925,1418.6385498046875,XGBoost
2025-05-07 10:00:00,1429.24793525,1429.00537109375,XGBoost
2025-05-07 11:00:00,1677.80002475,1678.892578125,XGBoost
2025-05-07 12:00:00,1521.898497,1521.899169921875,XGBoost
2025-05-07 13:00:00,1559.20247125,1559.4365234375,XGBoost
2025-05-07 14:00:00,1562.80214,1561.6187744140625,XGBoost
2025-05-07 15:00:00,1583.2835795,1582.8111572265625,XGBoost
2025-05-07 16:00:00,1406.90596825,1406.3626708984375,XGBoost
2025-05-07 17:00:00,1444.20223875,1444.171875,XGBoost
2025-05-07 18:00:00,1450.021873,1448.5517578125,XGBoost
2025-05-07 19:00:00,1356.64217495,1356.971435546875,XGBoost
2025-05-07 20:00:00,1403.45289775,1403.8834228515625,XGBoost
2025-05-07 21:00:00,1551.78666025,1550.4525146484375,XGBoost
2025-05-07 22:00:00,1437.6133304999998,1437.145263671875,XGBoost
2025-05-07 23:00:00,1686.5210825,1685.587890625,XGBoost
2025-05-08 00:00:00,1486.03897475,1482.76220703125,XGBoost
2025-05-08 01:00:00,1453.46228225,1453.0057373046875,XGBoost
2025-05-08 02:00:00,1370.78867125,1372.257568359375,XGBoost
2025-05-08 03:00:00,1432.291126,1432.1881103515625,XGBoost
2025-05-08 04:00:00,1657.10454025,1658.5897216796875,XGBoost
2025-05-08 05:00:00,1521.2360555,1520.0465087890625,XGBoost
2025-05-08 06:00:00,1278.49567225,1278.88134765625,XGBoost
2025-05-08 07:00:00,1376.5303605,1376.0169677734375,XGBoost
2025-05-08 08:00:00,1630.8406237499998,1631.84423828125,XGBoost
2025-05-08 09:00:00,1567.1780675,1566.321044921875,XGBoost
2025-05-08 10:00:00,1615.177454,1614.8397216796875,XGBoost
2025-05-08 11:00:00,1531.1055405,1530.913330078125,XGBoost
2025-05-08 12:00:00,1265.42832975,1263.3675537109375,XGBoost
2025-05-08 13:00:00,1541.66757125,1540.8143310546875,XGBoost
2025-05-08 14:00:00,1470.02132225,1470.2239990234375,XGBoost
2025-05-08 15:00:00,1469.07684225,1468.9254150390625,XGBoost
2025-05-08 16:00:00,1644.0942315,1642.262939453125,XGBoost
2025-05-08 17:00:00,1488.34083775,1487.44091796875,XGBoost
2025-05-08 18:00:00,1551.29364525,1552.7464599609375,XGBoost
2025-05-08 19:00:00,1371.93303475,1371.6617431640625,XGBoost
2025-05-08 20:00:00,1433.55114575,1432.8436279296875,XGBoost
2025-05-08 21:00:00,1681.76827625,1684.58544921875,XGBoost
2025-05-08 22:00:00,1658.50036975,1657.29248046875,XGBoost
2025-05-08 23:00:00,1504.490359,1504.8818359375,XGBoost
2025-05-09 00:00:00,1503.58878925,1503.3494873046875,XGBoost
2025-05-09 01:00:00,1416.14458325,1416.0911865234375,XGBoost
2025-05-09 02:00:00,1524.62690675,1523.1036376953125,XGBoost
2025-05-09 03:00:00,1664.0037885000002,1661.400634765625,XGBoost
2025-05-09 04:00:00,1518.064183,1515.7091064453125,XGBoost
2025-05-09 05:00:00,1492.47654925,1492.5367431640625,XGBoost
2025-05-09 06:00:00,1545.605036,1546.664794921875,XGBoost
2025-05-09 07:00:00,1436.47960875,1436.2799072265625,XGBoost
2025-05-09 08:00:00,1803.50747175,1800.5989990234375,XGBoost
2025-05-09 09:00:00,1593.87912825,1593.2012939453125,XGBoost
2025-05-09 10:00:00,1552.9856925,1554.2156982421875,XGBoost
2025-05-09 11:00:00,1572.17868825,1572.2315673828125,XGBoost
2025-05-09 12:00:00,1369.23442375,1369.5750732421875,XGBoost
2025-05-09 13:00:00,1444.34150825,1443.6978759765625,XGBoost
2025-05-09 14:00:00,1553.59962775,1552.767333984375,XGBoost
2025-05-09 15:00:00,1619.4240955,1618.594970703125,XGBoost
2025-05-09 16:00:00,1301.60893225,1306.3818359375,XGBoost
2025-05-09 17:00:00,1567.71725575,1566.8153076171875,XGBoost
2025-05-09 18:00:00,1611.8418605,1611.73291015625,XGBoost
2025-05-09 19:00:00,1664.47511875,1667.4744873046875,XGBoost
2025-05-09 20:00:00,1526.956488,1527.6717529296875,XGBoost
2025-05-09 21:00:00,1615.46714975,1613.529541015625,XGBoost
2025-05-09 22:00:00,1499.75934875,1500.8114013671875,XGBoost
2025-05-09 23:00:00,1577.974802,1577.3204345703125,XGBoost
2025-05-10 00:00:00,1517.228283,1518.489501953125,XGBoost
2025-05-10 01:00:00,1516.164732,1515.856689453125,XGBoost
2025-05-10 02:00:00,1446.75686975,1447.354248046875,XGBoost
2025-05-10 03:00:00,1421.20757975,1422.5330810546875,XGBoost
2025-05-10 04:00:00,1443.6355455,1444.32763671875,XGBoost
2025-05-10 05:00:00,1604.94956225,1605.0423583984375,XGBoost
2025-05-10 06:00:00,1419.48674325,1419.8270263671875,XGBoost
2025-05-10 07:00:00,1536.49209725,1536.7928466796875,XGBoost
2025-05-10 08:00:00,1560.2861485,1560.452880859375,XGBoost
2025-05-10 09:00:00,1712.633775,1709.6251220703125,XGBoost
2025-05-10 10:00:00,1567.72138275,1567.6534423828125,XGBoost
2025-05-10 11:00:00,1494.030544,1494.6534423828125,XGBoost
2025-05-10 12:00:00,1510.916156,1510.6309814453125,XGBoost
2025-05-10 13:00:00,1347.0275799,1346.6802978515625,XGBoost
2025-05-10 14:00:00,1498.532901,1498.697509765625,XGBoost
2025-05-10 15:00:00,1580.38417275,1580.2156982421875,XGBoost
2025-05-10 16:00:00,1360.539693475,1358.5914306640625,XGBoost
2025-05-10 17:00:00,1313.0191845,1312.469970703125,XGBoost
2025-05-10 18:00:00,1392.39865275,1392.2359619140625,XGBoost
2025-05-10 19:00:00,1475.6313485,1475.113037109375,XGBoost
2025-05-10 20:00:00,1505.5487855,1505.85693359375,XGBoost
2025-05-10 21:00:00,1543.21309325,1543.1827392578125,XGBoost
2025-05-10 22:00:00,1565.94862075,1566.69580078125,XGBoost
2025-05-10 23:00:00,1720.80697425,1720.197509765625,XGBoost
2025-05-11 00:00:00,1495.850062,1495.6083984375,XGBoost
2025-05-11 01:00:00,1483.49483575,1483.9630126953125,XGBoost
2025-05-11 02:00:00,1641.8818135,1640.5802001953125,XGBoost
2025-05-11 03:00:00,1534.7822645,1535.80126953125,XGBoost
2025-05-11 04:00:00,1429.35374575,1429.2314453125,XGBoost
2025-05-11 05:00:00,1563.95365975,1562.54248046875,XGBoost
2025-05-11 06:00:00,1567.57594825,1567.5968017578125,XGBoost
2025-05-11 07:00:00,1514.40811675,1511.93603515625,XGBoost
2025-05-11 08:00:00,1458.98071075,1458.2396240234375,XGBoost
2025-05-11 09:00:00,1396.68282375,1396.5989990234375,XGBoost
2025-05-11 10:00:00,1334.73633575,1334.102783203125,XGBoost
2025-05-11 11:00:00,1502.777981,1502.4610595703125,XGBoost
2025-05-11 12:00:00,1273.4263625,1267.8546142578125,XGBoost
2025-05-11 13:00:00,1489.55460275,1488.99560546875,XGBoost
2025-05-11 14:00:00,1433.8883535,1434.3831787109375,XGBoost
2025-05-11 15:00:00,1439.82721225,1439.535400390625,XGBoost
2025-05-11 16:00:00,1518.73258075,1519.5272216796875,XGBoost
2025-05-11 17:00:00,1481.0571344999998,1479.9324951171875,XGBoost
2025-05-11 18:00:00,1473.9664285,1473.1072998046875,XGBoost
2025-05-11 19:00:00,1303.40604475,1305.4150390625,XGBoost
2025-05-11 20:00:00,1556.9744795,1557.22509765625,XGBoost
2025-05-11 21:00:00,1457.29362725,1456.5052490234375,XGBoost
2025-05-11 22:00:00,1437.17526375,1437.0745849609375,XGBoost
2025-05-11 23:00:00,1402.3175635,1401.8502197265625,XGBoost
2025-05-12 00:00:00,1501.23682225,1501.502685546875,XGBoost
2025-05-12 01:00:00,1536.982972,1537.1971435546875,XGBoost
2025-05-12 02:00:00,1392.560121,1392.99951171875,XGBoost
2025-05-12 03:00:00,1621.01850225,1619.3594970703125,XGBoost
2025-05-12 04:00:00,1244.3053331,1246.8116455078125,XGBoost
2025-05-12 05:00:00,1539.3148765,1539.5489501953125,XGBoost
2025-05-12 06:00:00,1569.87628,1568.1302490234375,XGBoost
2025-05-12 07:00:00,1362.75104025,1362.0777587890625,XGBoost
2025-05-12 08:00:00,1432.33466375,1431.8426513671875,XGBoost
2025-05-12 09:00:00,1441.5472922499998,1443.4281005859375,XGBoost
2025-05-12 10:00:00,1362.78884125,1362.99658203125,XGBoost
2025-05-12 11:00:00,1467.70398475,1467.7252197265625,XGBoost
2025-05-12 12:00:00,1473.82755125,1474.0806884765625,XGBoost
2025-05-12 13:00:00,1470.91158875,1471.4119873046875,XGBoost
2025-05-12 14:00:00,1379.744743,1379.480712890625,XGBoost
2025-05-12 15:00:00,1376.63990025,1376.6824951171875,XGBoost
2025-05-12 16:00:00,1692.4678865,1691.3609619140625,XGBoost
2025-05-12 17:00:00,1522.351547,1523.460693359375,XGBoost
2025-05-12 18:00:00,1488.701529,1489.645263671875,XGBoost
2025-05-12 19:00:00,1283.92563075,1279.949462890625,XGBoost
2025-05-12 20:00:00,1638.331771,1638.238525390625,XGBoost
2025-05-12 21:00:00,1371.0208835,1373.448486328125,XGBoost
2025-05-12 22:00:00,1492.51431825,1492.99658203125,XGBoost
2025-05-12 23:00:00,1357.12075925,1356.8017578125,XGBoost
2025-05-13 00:00:00,1485.5756875,1485.3502197265625,XGBoost
2025-05-13 01:00:00,1291.9038055,1291.394287109375,XGBoost
2025-05-13 02:00:00,1567.81143725,1567.7806396484375,XGBoost
2025-05-13 03:00:00,1503.6766795,1503.6031494140625,XGBoost
2025-05-13 04:00:00,1511.636549,1511.2440185546875,XGBoost
2025-05-13 05:00:00,1454.67686675,1454.99169921875,XGBoost
2025-05-13 06:00:00,1522.689034,1522.016845703125,XGBoost
2025-05-13 07:00:00,1494.51259075,1494.903076171875,XGBoost
2025-05-13 08:00:00,1692.80655925,1692.0855712890625,XGBoost
2025-05-13 09:00:00,1492.16299325,1491.3048095703125,XGBoost
2025-05-13 10:00:00,1343.50745235,1340.4835205078125,XGBoost
2025-05-13 11:00:00,1373.9942297500002,1374.095947265625,XGBoost
2025-05-13 12:00:00,1486.64491025,1487.4674072265625,XGBoost
2025-05-13 13:00:00,1434.48180575,1432.42138671875,XGBoost
2025-05-13 14:00:00,1546.40893625,1545.478515625,XGBoost
2025-05-13 15:00:00,1469.62167225,1470.0458984375,XGBoost
2025-05-13 16:00:00,1407.4511425,1407.599853515625,XGBoost
2025-05-13 17:00:00,1546.33259525,1546.9300537109375,XGBoost
2025-05-13 18:00:00,1737.5458515,1736.39892578125,XGBoost
2025-05-13 19:00:00,1403.6686505,1402.2601318359375,XGBoost
2025-05-13 20:00:00,1215.22541475,1204.186279296875,XGBoost
2025-05-13 21:00:00,1464.459998,1464.6749267578125,XGBoost
2025-05-13 22:00:00,1486.99281725,1487.63818359375,XGBoost
2025-05-13 23:00:00,1511.4354235,1511.8944091796875,XGBoost
2025-05-14 00:00:00,1558.645739,1553.555419921875,XGBoost
2025-05-14 01:00:00,1801.77103075,1776.7916259765625,XGBoost
2025-05-14 02:00:00,1497.76664275,1498.39306640625,XGBoost
2025-05-14 03:00:00,1226.9557595,1211.09912109375,XGBoost
2025-05-14 04:00:00,1562.23020175,1562.752685546875,XGBoost
2025-05-14 05:00:00,1544.857917,1543.600341796875,XGBoost
2025-05-14 06:00:00,1463.884298,1464.1478271484375,XGBoost
2025-05-14 07:00:00,1449.05044125,1445.9730224609375,XGBoost
2025-05-14 08:00:00,1364.09042425,1366.02587890625,XGBoost
2025-05-14 09:00:00,1420.768212,1418.8751220703125,XGBoost
2025-05-14 10:00:00,1609.6889345,1609.900390625,XGBoost
2025-05-14 11:00:00,1510.323237,1509.4520263671875,XGBoost
2025-05-14 12:00:00,1419.6833435,1420.4483642578125,XGBoost
2025-05-14 13:00:00,1483.04091025,1483.525390625,XGBoost
2025-05-14 14:00:00,1553.997335,1553.45068359375,XGBoost
2025-05-14 15:00:00,1376.4193345,1376.170654296875,XGBoost
2025-05-14 16:00:00,1586.43938075,1586.1185302734375,XGBoost
2025-05-14 17:00:00,1460.24138675,1461.19140625,XGBoost
2025-05-14 18:00:00,1554.394871,1553.7359619140625,XGBoost
2025-05-14 19:00:00,1572.7835145,1572.7698974609375,XGBoost
2025-05-14 20:00:00,1380.23366025,1379.2952880859375,XGBoost
2025-05-14 21:00:00,1315.360646,1317.4610595703125,XGBoost
2025-05-14 22:00:00,1343.83207125,1344.0355224609375,XGBoost
2025-05-14 23:00:00,1490.227233,1490.4029541015625,XGBoost
2025-05-15 00:00:00,1403.93100125,1402.0924072265625,XGBoost
2025-05-15 01:00:00,1522.6980505,1522.876708984375,XGBoost
2025-05-15 02:00:00,1290.76399125,1291.32763671875,XGBoost
2025-05-15 03:00:00,1453.3719005,1453.55712890625,XGBoost
2025-05-15 04:00:00,1398.71018275,1397.1807861328125,XGBoost
2025-05-15 05:00:00,1462.53477775,1461.8885498046875,XGBoost
2025-05-15 06:00:00,1449.58147225,1450.2523193359375,XGBoost
2025-05-15 07:00:00,1444.9214855,1444.8275146484375,XGBoost
2025-05-15 08:00:00,1454.602344,1454.476318359375,XGBoost
2025-05-15 09:00:00,1418.989268,1418.5443115234375,XGBoost
2025-05-15 10:00:00,1343.3586055,1342.9658203125,XGBoost
2025-05-15 11:00:00,1379.896918,1380.35888671875,XGBoost
2025-05-15 12:00:00,1449.668155,1450.020751953125,XGBoost
2025-05-15 13:00:00,1624.761674,1625.6490478515625,XGBoost
2025-05-15 14:00:00,1474.974397,1476.445068359375,XGBoost
2025-05-15 15:00:00,1439.23746175,1438.2489013671875,XGBoost
2025-05-15 16:00:00,1385.32772775,1384.2994384765625,XGBoost
2025-05-15 17:00:00,1551.9458905,1551.6256103515625,XGBoost
2025-05-15 18:00:00,1506.20499,1506.331787109375,XGBoost
2025-05-15 19:00:00,1380.26288475,1380.0174560546875,XGBoost
2025-05-15 20:00:00,1490.8163655,1491.524169921875,XGBoost
2025-05-15 21:00:00,1399.07065425,1399.5316162109375,XGBoost
2025-05-15 22:00:00,1456.14789175,1456.9027099609375,XGBoost
2025-05-15 23:00:00,1632.63902875,1633.8914794921875,XGBoost
2025-05-16 00:00:00,1432.6323935,1433.6661376953125,XGBoost
2025-05-16 01:00:00,1724.7221955,1722.740966796875,XGBoost
2025-05-16 02:00:00,1351.2565694999998,1351.8648681640625,XGBoost
2025-05-16 03:00:00,1520.22506625,1519.0111083984375,XGBoost
2025-05-16 04:00:00,1431.3564855,1432.2520751953125,XGBoost
2025-05-16 05:00:00,1586.504342,1585.6429443359375,XGBoost
2025-05-16 06:00:00,1659.101246,1658.9947509765625,XGBoost
2025-05-16 07:00:00,1575.473747,1573.0469970703125,XGBoost
2025-05-16 08:00:00,1560.831045,1560.479736328125,XGBoost
2025-05-16 09:00:00,1607.4148465,1608.4573974609375,XGBoost
2025-05-16 10:00:00,1315.08248575,1317.8848876953125,XGBoost
2025-05-16 11:00:00,1499.7577625,1500.31494140625,XGBoost
2025-05-16 12:00:00,1467.9184895,1467.7034912109375,XGBoost
2025-05-16 13:00:00,1323.88743075,1323.7274169921875,XGBoost
2025-05-16 14:00:00,1640.59497925,1641.9969482421875,XGBoost
2025-05-16 15:00:00,1413.93291725,1413.9398193359375,XGBoost
2025-05-16 16:00:00,1422.96927725,1422.5645751953125,XGBoost
2025-05-16 17:00:00,1357.824981,1358.359619140625,XGBoost
2025-05-16 18:00:00,1347.9977495,1349.66796875,XGBoost
2025-05-16 19:00:00,1637.44523825,1638.308349609375,XGBoost
2025-05-16 20:00:00,1563.41000725,1562.9351806640625,XGBoost
2025-05-16 21:00:00,1661.56728625,1661.54443359375,XGBoost
2025-05-16 22:00:00,1378.82736375,1378.1527099609375,XGBoost
2025-05-16 23:00:00,1475.155565,1474.9603271484375,XGBoost
2025-05-17 00:00:00,1381.922412,1382.67724609375,XGBoost
2025-05-17 01:00:00,1382.01266625,1382.2247314453125,XGBoost
2025-05-17 02:00:00,1589.02759225,1590.0509033203125,XGBoost
2025-05-17 03:00:00,1461.67299275,1461.2203369140625,XGBoost
2025-05-17 04:00:00,1689.36692625,1689.570556640625,XGBoost
2025-05-17 05:00:00,1565.4083235,1565.3250732421875,XGBoost
2025-05-17 06:00:00,1507.041172,1506.525146484375,XGBoost
2025-05-17 07:00:00,1580.3363255,1581.9967041015625,XGBoost
2025-05-17 08:00:00,1461.613763,1461.3907470703125,XGBoost
2025-05-17 09:00:00,1416.8566745,1416.03369140625,XGBoost
2025-05-17 10:00:00,1441.13004725,1442.0328369140625,XGBoost
2025-05-17 11:00:00,1427.7899737500002,1428.6988525390625,XGBoost
2025-05-17 12:00:00,1486.300529,1486.8499755859375,XGBoost
2025-05-17 13:00:00,1430.85091425,1429.592529296875,XGBoost
2025-05-17 14:00:00,1499.099618,1497.8316650390625,XGBoost
2025-05-17 15:00:00,1718.688945,1723.2724609375,XGBoost
2025-05-17 16:00:00,1460.09812,1459.8492431640625,XGBoost
2025-05-17 17:00:00,1410.00675075,1410.101806640625,XGBoost
2025-05-17 18:00:00,1392.132584,1393.8701171875,XGBoost
2025-05-17 19:00:00,1664.41884375,1665.9635009765625,XGBoost
2025-05-17 20:00:00,1355.02319205,1355.633056640625,XGBoost
2025-05-17 21:00:00,1509.00286725,1509.2554931640625,XGBoost
2025-05-17 22:00:00,1550.960732,1550.2213134765625,XGBoost
2025-05-17 23:00:00,1550.03233575,1549.8367919921875,XGBoost
2025-05-18 00:00:00,1488.30005375,1488.962158203125,XGBoost
2025-05-18 01:00:00,1392.65122675,1392.922119140625,XGBoost
2025-05-18 02:00:00,1426.188194,1425.5372314453125,XGBoost
2025-05-18 03:00:00,1462.43018575,1464.2977294921875,XGBoost
2025-05-18 04:00:00,1372.60124975,1373.225830078125,XGBoost
2025-05-18 05:00:00,1448.55786725,1448.2740478515625,XGBoost
2025-05-18 06:00:00,1426.76414825,1426.2677001953125,XGBoost
2025-05-18 07:00:00,1536.439364,1536.747314453125,XGBoost
2025-05-18 08:00:00,1561.97140925,1561.480712890625,XGBoost
2025-05-18 09:00:00,1373.94551875,1373.0595703125,XGBoost
2025-05-18 10:00:00,1362.307956,1363.2320556640625,XGBoost
2025-05-18 11:00:00,1392.08247465,1392.535400390625,XGBoost
2025-05-18 12:00:00,1578.9104865,1579.848876953125,XGBoost
2025-05-18 13:00:00,1615.3374365,1615.093017578125,XGBoost
2025-05-18 14:00:00,1340.75370125,1343.154541015625,XGBoost
2025-05-18 15:00:00,1504.0211415,1504.5594482421875,XGBoost
2025-05-18 16:00:00,1386.9298155,1387.6787109375,XGBoost
2025-05-18 17:00:00,1529.3816165,1530.897216796875,XGBoost
2025-05-18 18:00:00,1430.1697695,1431.003662109375,XGBoost
2025-05-18 19:00:00,1586.96892025,1588.2054443359375,XGBoost
2025-05-18 20:00:00,1549.520084,1549.863037109375,XGBoost
2025-05-18 21:00:00,1448.76436925,1449.7462158203125,XGBoost
2025-05-18 22:00:00,1505.15875775,1505.001708984375,XGBoost
2025-05-18 23:00:00,1393.26099925,1392.138916015625,XGBoost
2025-05-19 00:00:00,1630.5630295,1629.9833984375,XGBoost
2025-05-19 01:00:00,1513.1683832499998,1512.9384765625,XGBoost
2025-05-19 02:00:00,1483.799178,1485.1253662109375,XGBoost
2025-05-19 03:00:00,1502.384068,1503.176025390625,XGBoost
2025-05-19 04:00:00,1392.717542,1393.064697265625,XGBoost
2025-05-19 05:00:00,1440.209778,1439.0191650390625,XGBoost
2025-05-19 06:00:00,1231.189157,1203.61083984375,XGBoost
2025-05-19 07:00:00,1431.3381605,1432.301513671875,XGBoost
2025-05-19 08:00:00,1545.6469935,1545.5325927734375,XGBoost
2025-05-19 09:00:00,1404.7723465,1402.9422607421875,XGBoost
2025-05-19 10:00:00,1382.50946725,1382.3665771484375,XGBoost
2025-05-19 11:00:00,1569.01248725,1568.5439453125,XGBoost
2025-05-19 12:00:00,1554.776248,1555.02099609375,XGBoost
2025-05-19 13:00:00,1512.66452075,1512.5709228515625,XGBoost
2025-05-19 14:00:00,1379.21269275,1379.5826416015625,XGBoost
2025-05-19 15:00:00,1529.28861575,1528.73828125,XGBoost
2025-05-19 16:00:00,1742.5051085,1732.1221923828125,XGBoost
2025-05-19 17:00:00,1495.89622525,1496.742431640625,XGBoost
2025-05-19 18:00:00,1621.34155525,1619.7431640625,XGBoost
2025-05-19 19:00:00,1587.001555,1586.552490234375,XGBoost
2025-05-19 20:00:00,1597.16734775,1595.916015625,XGBoost
2025-05-19 21:00:00,1296.96323275,1299.78564453125,XGBoost
2025-05-19 22:00:00,1566.01640075,1564.54296875,XGBoost
2025-05-19 23:00:00,1585.207057,1586.9420166015625,XGBoost
2025-05-20 00:00:00,1359.3381755,1363.32861328125,XGBoost
2025-05-20 01:00:00,1618.77846975,1618.378662109375,XGBoost
2025-05-20 02:00:00,1522.27060075,1521.421142578125,XGBoost
2025-05-20 03:00:00,1690.919413,1690.504638671875,XGBoost
2025-05-20 04:00:00,1588.30549325,1588.5518798828125,XGBoost
2025-05-20 05:00:00,1502.33713625,1501.7705078125,XGBoost
2025-05-20 06:00:00,1493.420449,1493.3040771484375,XGBoost
2025-05-20 07:00:00,1434.5685306,1436.552490234375,XGBoost
2025-05-20 08:00:00,1389.50925825,1390.4306640625,XGBoost
2025-05-20 09:00:00,1503.7203825,1503.6995849609375,XGBoost
2025-05-20 10:00:00,1548.55167375,1549.293701171875,XGBoost
2025-05-20 11:00:00,1634.9990545,1636.8558349609375,XGBoost
2025-05-20 12:00:00,1580.32684425,1579.8343505859375,XGBoost
2025-05-20 13:00:00,1498.94891875,1501.34033203125,XGBoost
2025-05-20 14:00:00,1693.5727555,1695.899169921875,XGBoost
2025-05-20 15:00:00,1351.7308285,1351.070068359375,XGBoost
2025-05-20 16:00:00,1448.78625575,1447.86962890625,XGBoost
2025-05-20 17:00:00,1409.57218575,1409.0567626953125,XGBoost
2025-05-20 18:00:00,1484.43114475,1484.8248291015625,XGBoost
2025-05-20 19:00:00,1509.96895,1510.2081298828125,XGBoost
2025-05-20 20:00:00,1546.98118825,1545.932861328125,XGBoost
2025-05-20 21:00:00,1485.069046,1484.1514892578125,XGBoost
2025-05-20 22:00:00,1510.767903,1510.55078125,XGBoost
2025-05-20 23:00:00,1505.99193525,1505.969482421875,XGBoost
2025-05-21 00:00:00,1481.83442825,1482.7452392578125,XGBoost
2025-05-21 01:00:00,1519.757958,1518.359130859375,XGBoost
2025-05-21 02:00:00,1567.98004025,1567.449951171875,XGBoost
2025-05-21 03:00:00,1651.22236175,1650.8311767578125,XGBoost
2025-05-21 04:00:00,1418.28910525,1418.5125732421875,XGBoost
2025-05-21 05:00:00,1637.3685785,1639.7213134765625,XGBoost
2025-05-21 06:00:00,1565.794607,1564.879638671875,XGBoost
2025-05-21 07:00:00,1447.0175855,1445.29638671875,XGBoost
2025-05-21 08:00:00,1683.4475505,1684.1964111328125,XGBoost
2025-05-21 09:00:00,1487.40774875,1484.5772705078125,XGBoost
2025-05-21 10:00:00,1489.121049,1489.3280029296875,XGBoost
2025-05-21 11:00:00,1465.6252595,1466.6878662109375,XGBoost
2025-05-21 12:00:00,1556.8534645,1556.45068359375,XGBoost
2025-05-21 13:00:00,1333.07324265,1334.9154052734375,XGBoost
2025-05-21 14:00:00,1453.536585,1452.9864501953125,XGBoost
2025-05-21 15:00:00,1540.90991975,1540.6859130859375,XGBoost
2025-05-21 16:00:00,1282.007423,1280.9791259765625,XGBoost
2025-05-21 17:00:00,1347.71738325,1348.248046875,XGBoost
2025-05-21 18:00:00,1531.126338,1531.7105712890625,XGBoost
2025-05-21 19:00:00,1598.55428375,1599.1717529296875,XGBoost
2025-05-21 20:00:00,1547.38235825,1548.317626953125,XGBoost
2025-05-21 21:00:00,1534.13268925,1533.751953125,XGBoost
2025-05-21 22:00:00,1624.32242225,1625.5692138671875,XGBoost
2025-05-21 23:00:00,1555.4883225,1555.14208984375,XGBoost
2025-05-22 00:00:00,1463.63422675,1464.717529296875,XGBoost
2025-05-22 01:00:00,1514.400340225,1513.8641357421875,XGBoost
2025-05-22 02:00:00,1482.64059075,1481.97705078125,XGBoost
2025-05-22 03:00:00,1271.2149695,1267.6944580078125,XGBoost
2025-05-22 04:00:00,1591.836693,1591.5545654296875,XGBoost
2025-05-22 05:00:00,1450.56747825,1450.3751220703125,XGBoost
2025-05-22 06:00:00,1698.6868795,1697.58349609375,XGBoost
2025-05-22 07:00:00,1582.3770515,1581.8743896484375,XGBoost
2025-05-22 08:00:00,1528.69422525,1530.3319091796875,XGBoost
2025-05-22 09:00:00,1530.663366,1531.1163330078125,XGBoost
2025-05-22 10:00:00,1720.23826175,1718.791259765625,XGBoost
2025-05-22 11:00:00,1470.6425615,1470.505126953125,XGBoost
2025-05-22 12:00:00,1515.06152275,1515.54638671875,XGBoost
2025-05-22 13:00:00,1361.600436325,1361.4171142578125,XGBoost
2025-05-22 14:00:00,1275.739942,1277.74609375,XGBoost
2025-05-22 15:00:00,1519.2164515,1519.4420166015625,XGBoost
2025-05-22 16:00:00,1669.3633545,1668.2891845703125,XGBoost
2025-05-22 17:00:00,1474.7780265,1475.5496826171875,XGBoost
2025-05-22 18:00:00,1610.46438575,1609.0941162109375,XGBoost
2025-05-22 19:00:00,1613.6967165,1616.053466796875,XGBoost
2025-05-22 20:00:00,1412.73362325,1414.0203857421875,XGBoost
2025-05-22 21:00:00,1585.66985,1586.4241943359375,XGBoost
2025-05-22 22:00:00,1574.15013925,1574.1630859375,XGBoost
2025-05-22 23:00:00,1486.9421,1487.2261962890625,XGBoost
2025-05-23 00:00:00,1511.654917,1510.572021484375,XGBoost
2025-05-23 01:00:00,1404.23789025,1404.0218505859375,XGBoost
2025-05-23 02:00:00,1407.0440175,1408.5994873046875,XGBoost
2025-05-23 03:00:00,1632.717456,1634.2369384765625,XGBoost
2025-05-23 04:00:00,1559.5190475,1559.6260986328125,XGBoost
2025-05-23 05:00:00,1515.96044625,1516.5552978515625,XGBoost
2025-05-23 06:00:00,1212.83616725,1186.1051025390625,XGBoost
2025-05-23 07:00:00,1275.2976442499998,1279.409423828125,XGBoost
2025-05-23 08:00:00,1575.67949975,1575.6510009765625,XGBoost
2025-05-23 09:00:00,1475.309188,1475.46435546875,XGBoost
2025-05-23 10:00:00,1587.27052825,1587.875732421875,XGBoost
2025-05-23 11:00:00,1516.68172925,1517.70751953125,XGBoost
2025-05-23 12:00:00,1493.43152175,1492.66552734375,XGBoost
2025-05-23 13:00:00,1446.724191,1447.1318359375,XGBoost
2025-05-23 14:00:00,1695.13500275,1696.4129638671875,XGBoost
2025-05-23 15:00:00,1462.84175825,1463.4066162109375,XGBoost
2025-05-23 16:00:00,1700.64308875,1703.767822265625,XGBoost
2025-05-23 17:00:00,1531.25883775,1530.956298828125,XGBoost
2025-05-23 18:00:00,1483.56424275,1484.3173828125,XGBoost
2025-05-23 19:00:00,1353.46595345,1352.786865234375,XGBoost
2025-05-23 20:00:00,1432.408107,1433.7662353515625,XGBoost
2025-05-23 21:00:00,1463.29991825,1462.1365966796875,XGBoost
2025-05-23 22:00:00,1341.995970375,1341.4833984375,XGBoost
2025-05-23 23:00:00,1504.38659175,1504.159423828125,XGBoost
2025-05-24 00:00:00,1591.0863925,1591.5914306640625,XGBoost
2025-05-24 01:00:00,1439.284775,1439.63427734375,XGBoost
2025-05-24 02:00:00,1418.425344,1418.58642578125,XGBoost
2025-05-24 03:00:00,1588.37691425,1588.63134765625,XGBoost
2025-05-24 04:00:00,1557.57272675,1554.9678955078125,XGBoost
2025-05-24 05:00:00,1480.37234375,1479.9697265625,XGBoost
2025-05-24 06:00:00,1429.721799,1429.9443359375,XGBoost
2025-05-24 07:00:00,1515.8821005,1515.896484375,XGBoost
2025-05-24 08:00:00,1337.88815625,1338.90966796875,XGBoost
2025-05-24 09:00:00,1434.79626925,1433.83349609375,XGBoost
2025-05-24 10:00:00,1654.04277625,1655.3455810546875,XGBoost
2025-05-24 11:00:00,1632.71248925,1632.3895263671875,XGBoost
2025-05-24 12:00:00,1610.55215075,1610.89599609375,XGBoost
2025-05-24 13:00:00,1647.00972225,1646.2308349609375,XGBoost
2025-05-24 14:00:00,1402.504113,1402.833984375,XGBoost
2025-05-24 15:00:00,1537.32017375,1537.112060546875,XGBoost
2025-05-24 16:00:00,1648.10441125,1648.7454833984375,XGBoost
2025-05-24 17:00:00,1451.97734725,1451.234130859375,XGBoost
2025-05-24 18:00:00,1427.22619175,1426.7835693359375,XGBoost
2025-05-24 19:00:00,1349.89436275,1349.55224609375,XGBoost
2025-05-24 20:00:00,1543.0996185,1541.9892578125,XGBoost
2025-05-24 21:00:00,1648.97857,1650.2486572265625,XGBoost
2025-05-24 22:00:00,1403.88452975,1404.491455078125,XGBoost
2025-05-24 23:00:00,1589.42223425,1589.09521484375,XGBoost
2025-05-25 00:00:00,1552.4510135,1553.0267333984375,XGBoost
2025-05-25 01:00:00,1423.252008,1422.1649169921875,XGBoost
2025-05-25 02:00:00,1429.4723375,1430.258544921875,XGBoost
2025-05-25 03:00:00,1661.6386695,1661.3209228515625,XGBoost
2025-05-25 04:00:00,1525.95037925,1526.2884521484375,XGBoost
2025-05-25 05:00:00,1568.20468275,1568.513916015625,XGBoost
2025-05-25 06:00:00,1661.79179275,1659.1182861328125,XGBoost
2025-05-25 07:00:00,1413.7609,1413.9271240234375,XGBoost
2025-05-25 08:00:00,1209.053260025,1212.176513671875,XGBoost
2025-05-25 09:00:00,1573.534604,1576.624267578125,XGBoost
2025-05-25 10:00:00,1463.5912425,1462.7723388671875,XGBoost
2025-05-25 11:00:00,1519.9333795,1521.2158203125,XGBoost
2025-05-25 12:00:00,1362.5328365,1364.871826171875,XGBoost
2025-05-25 13:00:00,1447.614333,1445.9229736328125,XGBoost
2025-05-25 14:00:00,1319.090233,1317.36279296875,XGBoost
2025-05-25 15:00:00,1406.47821325,1405.80615234375,XGBoost
2025-05-25 16:00:00,1444.89513275,1445.5897216796875,XGBoost
2025-05-25 17:00:00,1393.45094075,1393.6318359375,XGBoost
2025-05-25 18:00:00,1530.89522675,1529.949462890625,XGBoost
2025-05-25 19:00:00,1596.62699525,1597.281494140625,XGBoost
2025-05-25 20:00:00,1677.56809375,1677.5902099609375,XGBoost
2025-05-25 21:00:00,1542.5589582500002,1541.50927734375,XGBoost
2025-05-25 22:00:00,1461.49801675,1461.3936767578125,XGBoost
2025-05-25 23:00:00,1361.2445965000002,1362.97314453125,XGBoost
2025-05-26 00:00:00,1421.326837,1421.66357421875,XGBoost
2025-05-26 01:00:00,1676.493718,1677.9534912109375,XGBoost
2025-05-26 02:00:00,1382.03589675,1383.5418701171875,XGBoost
2025-05-26 03:00:00,1470.903438,1471.307861328125,XGBoost
2025-05-26 04:00:00,1606.766824,1605.7435302734375,XGBoost
2025-05-26 05:00:00,1505.4374215,1510.94091796875,XGBoost
2025-05-26 06:00:00,1480.79046425,1481.41357421875,XGBoost
2025-05-26 07:00:00,1812.70752625,1794.20947265625,XGBoost
2025-05-26 08:00:00,1549.629987,1549.8336181640625,XGBoost
2025-05-26 09:00:00,1709.85104375,1710.5804443359375,XGBoost
2025-05-26 10:00:00,1523.97487625,1523.90478515625,XGBoost
2025-05-26 11:00:00,1444.6280435,1444.7821044921875,XGBoost
2025-05-26 12:00:00,1682.22232175,1683.0001220703125,XGBoost
2025-05-26 13:00:00,1458.111797,1458.199951171875,XGBoost
2025-05-26 14:00:00,1692.78076,1691.4044189453125,XGBoost
2025-05-26 15:00:00,1524.536376,1524.578369140625,XGBoost
2025-05-26 16:00:00,1536.88874875,1536.4053955078125,XGBoost
2025-05-26 17:00:00,1532.42435575,1532.373046875,XGBoost
2025-05-26 18:00:00,1452.918217,1452.988037109375,XGBoost
2025-05-26 19:00:00,1484.48459075,1482.694580078125,XGBoost
2025-05-26 20:00:00,1321.98012525,1322.0972900390625,XGBoost
2025-05-26 21:00:00,1416.64083,1415.51513671875,XGBoost
2025-05-26 22:00:00,1372.83910625,1372.7459716796875,XGBoost
2025-05-26 23:00:00,1456.76081525,1456.0234375,XGBoost
2025-05-27 00:00:00,1471.40632175,1471.107666015625,XGBoost
2025-05-27 01:00:00,1623.73576675,1624.989013671875,XGBoost
2025-05-27 02:00:00,1555.0338565,1556.39697265625,XGBoost
2025-05-27 03:00:00,1502.97593275,1501.85205078125,XGBoost
2025-05-27 04:00:00,1564.7534415,1566.1236572265625,XGBoost
2025-05-27 05:00:00,1566.9803245,1565.654052734375,XGBoost
2025-05-27 06:00:00,1445.3040855,1443.96044921875,XGBoost
2025-05-27 07:00:00,1342.26780325,1340.20458984375,XGBoost
2025-05-27 08:00:00,1663.24896275,1662.7335205078125,XGBoost
2025-05-27 09:00:00,1512.0756015000002,1513.8701171875,XGBoost
2025-05-27 10:00:00,1405.55848775,1405.5504150390625,XGBoost
2025-05-27 11:00:00,1573.653392,1574.744873046875,XGBoost
2025-05-27 12:00:00,1489.9623,1489.53125,XGBoost
2025-05-27 13:00:00,1503.43011075,1504.5577392578125,XGBoost
2025-05-27 14:00:00,1386.30915725,1385.491943359375,XGBoost
2025-05-27 15:00:00,1545.44768525,1544.95166015625,XGBoost
2025-05-27 16:00:00,1620.13008825,1621.531982421875,XGBoost
2025-05-27 17:00:00,1476.664274,1476.6837158203125,XGBoost
2025-05-27 18:00:00,1633.4238775,1635.2884521484375,XGBoost
2025-05-27 19:00:00,1612.23421875,1612.817138671875,XGBoost
2025-05-27 20:00:00,1527.08653825,1525.884521484375,XGBoost
2025-05-27 21:00:00,1492.793959,1494.228515625,XGBoost
2025-05-27 22:00:00,1755.778702,1749.6156005859375,XGBoost
2025-05-27 23:00:00,1415.62301025,1416.82861328125,XGBoost
2025-05-28 00:00:00,1430.4278909999998,1432.5755615234375,XGBoost
2025-05-28 01:00:00,1417.31866075,1417.1409912109375,XGBoost
2025-05-28 02:00:00,1610.64661775,1609.9735107421875,XGBoost
2025-05-28 03:00:00,1547.5234595,1547.3043212890625,XGBoost
2025-05-28 04:00:00,1524.1144525,1524.3477783203125,XGBoost
2025-05-28 05:00:00,1431.4962315,1432.8048095703125,XGBoost
2025-05-28 06:00:00,1502.42299525,1502.7574462890625,XGBoost
2025-05-28 07:00:00,1407.5700965,1407.395751953125,XGBoost
2025-05-28 08:00:00,1368.46103725,1368.3687744140625,XGBoost
2025-05-28 09:00:00,1463.00340125,1462.1646728515625,XGBoost
2025-05-28 10:00:00,1420.37181075,1420.0340576171875,XGBoost
2025-05-28 11:00:00,1492.433641,1493.8505859375,XGBoost
2025-05-28 12:00:00,1327.19581925,1328.413818359375,XGBoost
2025-05-28 13:00:00,1362.4657185,1363.309326171875,XGBoost
2025-05-28 14:00:00,1413.4739845,1413.462158203125,XGBoost
2025-05-28 15:00:00,1335.39106925,1336.0047607421875,XGBoost
2025-05-28 16:00:00,1585.92824675,1586.8330078125,XGBoost
2025-05-28 17:00:00,1396.87052725,1396.9000244140625,XGBoost
2025-05-28 18:00:00,1534.1773115,1533.0601806640625,XGBoost
2025-05-28 19:00:00,1427.17691475,1426.521484375,XGBoost
2025-05-28 20:00:00,1381.50954625,1381.749267578125,XGBoost
2025-05-28 21:00:00,1453.30067575,1453.3271484375,XGBoost
2025-05-28 22:00:00,1463.43611175,1463.065673828125,XGBoost
2025-05-28 23:00:00,1453.38646425,1452.550048828125,XGBoost
2025-05-29 00:00:00,1525.91197125,1526.5118408203125,XGBoost
2025-05-29 01:00:00,1550.2695345,1550.135009765625,XGBoost
2025-05-29 02:00:00,1613.57907675,1615.0919189453125,XGBoost
2025-05-29 03:00:00,1423.0484875,1423.836181640625,XGBoost
2025-05-29 04:00:00,1333.54619375,1336.751953125,XGBoost
2025-05-29 05:00:00,1471.421794,1469.60107421875,XGBoost
2025-05-29 06:00:00,1592.705912,1592.812255859375,XGBoost
2025-05-29 07:00:00,1594.00505525,1596.8033447265625,XGBoost
2025-05-29 08:00:00,1576.35170525,1575.898193359375,XGBoost
2025-05-29 09:00:00,1409.8365955,1410.249755859375,XGBoost
2025-05-29 10:00:00,1503.27716275,1503.9873046875,XGBoost
2025-05-29 11:00:00,1556.46787775,1554.6087646484375,XGBoost
2025-05-29 12:00:00,1626.408967,1628.1676025390625,XGBoost
2025-05-29 13:00:00,1443.74905975,1443.5384521484375,XGBoost
2025-05-29 14:00:00,1380.5805525,1379.6878662109375,XGBoost
2025-05-29 15:00:00,1516.50595525,1516.726806640625,XGBoost
2025-05-29 16:00:00,1513.09602075,1513.05322265625,XGBoost
2025-05-29 17:00:00,1543.1186485,1540.857421875,XGBoost
2025-05-29 18:00:00,1354.9155715,1356.6494140625,XGBoost
2025-05-29 19:00:00,1473.9336435,1474.33984375,XGBoost
2025-05-29 20:00:00,1374.717012,1373.74609375,XGBoost
2025-05-29 21:00:00,1723.65296475,1719.673583984375,XGBoost
2025-05-29 22:00:00,1569.3310335,1569.9349365234375,XGBoost
2025-05-29 23:00:00,1412.09297025,1413.4384765625,XGBoost
2025-05-30 00:00:00,1551.35542425,1551.39892578125,XGBoost
2025-05-30 01:00:00,1414.51404075,1415.3792724609375,XGBoost
2025-05-30 02:00:00,1589.135491,1588.766845703125,XGBoost
2025-05-30 03:00:00,1452.963206,1453.5469970703125,XGBoost
2025-05-30 04:00:00,1407.52129825,1408.0538330078125,XGBoost
2025-05-30 05:00:00,1438.26047675,1438.2584228515625,XGBoost
2025-05-30 06:00:00,1425.01381675,1425.3851318359375,XGBoost
2025-05-30 07:00:00,1736.74546025,1734.2747802734375,XGBoost
2025-05-30 08:00:00,1434.482208,1433.3509521484375,XGBoost
2025-05-30 09:00:00,1547.812523,1547.073486328125,XGBoost
2025-05-30 10:00:00,1528.282202,1528.9698486328125,XGBoost
2025-05-30 11:00:00,1403.16985525,1403.0775146484375,XGBoost
2025-05-30 12:00:00,1535.96068475,1535.80615234375,XGBoost
2025-05-30 13:00:00,1481.883286,1482.8922119140625,XGBoost
2025-05-30 14:00:00,1583.0810995000002,1583.20556640625,XGBoost
2025-05-30 15:00:00,1585.4567120000002,1584.9173583984375,XGBoost
2025-05-30 16:00:00,1523.15398475,1522.694580078125,XGBoost
2025-05-30 17:00:00,1378.60891175,1378.4462890625,XGBoost
2025-05-30 18:00:00,1386.77152195,1387.8367919921875,XGBoost
2025-05-30 19:00:00,1550.47597675,1551.4866943359375,XGBoost
2025-05-30 20:00:00,1726.27065175,1722.727294921875,XGBoost
2025-05-30 21:00:00,1346.48079025,1346.87255859375,XGBoost
2025-05-30 22:00:00,1421.132802,1421.1966552734375,XGBoost
2025-05-30 23:00:00,1553.95246975,1552.12890625,XGBoost
2025-05-31 00:00:00,1400.37671025,1399.3455810546875,XGBoost
2025-05-31 01:00:00,1483.05181175,1485.3077392578125,XGBoost
2025-05-31 02:00:00,1383.32934325,1385.4520263671875,XGBoost
2025-05-31 03:00:00,1595.867039,1596.1103515625,XGBoost
2025-05-31 04:00:00,1485.084551075,1485.1431884765625,XGBoost
2025-05-31 05:00:00,1537.81570575,1537.05126953125,XGBoost
2025-05-31 06:00:00,1371.435495,1371.44580078125,XGBoost
2025-05-31 07:00:00,1672.7600565,1672.718505859375,XGBoost
2025-05-31 08:00:00,1437.4860062500002,1437.17578125,XGBoost
2025-05-31 09:00:00,1448.55099875,1448.07275390625,XGBoost
2025-05-31 10:00:00,1585.43073125,1585.5169677734375,XGBoost
2025-05-31 11:00:00,1589.5389485,1589.0128173828125,XGBoost
2025-05-31 12:00:00,1678.38448925,1677.8863525390625,XGBoost
2025-05-31 13:00:00,1593.30028525,1594.563232421875,XGBoost
2025-05-31 14:00:00,1571.229902,1575.5289306640625,XGBoost
2025-05-31 15:00:00,1531.19091625,1530.522216796875,XGBoost
2025-05-31 16:00:00,1415.13143625,1414.179931640625,XGBoost
2025-05-31 17:00:00,1271.372617,1263.92529296875,XGBoost
2025-05-31 18:00:00,1463.52591875,1463.3128662109375,XGBoost
2025-05-31 19:00:00,1417.0805265,1417.21826171875,XGBoost
2025-05-31 20:00:00,1414.8543295,1414.68701171875,XGBoost
2025-05-31 21:00:00,1362.55223475,1363.323974609375,XGBoost
2025-05-31 22:00:00,1455.7497255,1455.9420166015625,XGBoost
2025-05-31 23:00:00,1620.5205185,1621.925048828125,XGBoost
